"","City","PC1","PC2"
"1","Aalborg",-2.19204370979684,-2.37049624321218
"2","Aarhus",-2.33215599695277,-2.34960376450018
"3","Aba",4.72717878332568,-1.01315126469467
"4","Abadan",-0.340920033205065,4.60754465099763
"5","Abaetetuba",5.52918432302472,-1.72093966856301
"6","Abai",1.81968482861678,-1.53939163687876
"7","Abakan",-4.73374322839785,0.217729739409292
"8","Abancay",-0.540253298531304,0.836878364114509
"9","Abau",4.81569353778461,-3.93586872151386
"10","Abaza",-4.54488063118664,-0.104687229650825
"11","Abbottabad",0.535560115498734,0.335346419212845
"12","Abeche",1.97413278047052,4.39624168807738
"13","Abengourou",3.07660657434193,0.831192750263105
"14","Abeokuta",3.32514212914872,0.936143341356004
"15","Aberdeen1",-3.86835051413404,0.405952964069983
"16","Aberdeen2",1.04009578411547,-2.91024993831714
"17","Aberdeen3",-1.62855434220394,-3.23719239483115
"18","Abha",-0.78416967472951,2.13941096283171
"19","Abidjan",5.02413218722203,-1.00449610864226
"20","Abilene",-1.10159293745785,1.48500446361229
"21","Abohar",0.18619255005645,3.99729505776316
"22","Abomey",3.13328800465053,1.11770742083517
"23","Abong Mbang",2.96615740904548,-0.246088207641192
"24","Abra Pampa",-2.78816366925643,1.09132361604437
"25","Abu Dhabi",0.730880463560543,4.26110466076422
"26","Abu Kamal",-1.10464842600128,3.84860587631981
"27","Abuja",3.31076981475281,1.15888515971114
"28","Acapulco",3.6866638712689,1.89867813891017
"29","Acarau",4.66658267055851,1.12279022070709
"30","Acarigua",4.28509418060118,0.0369074582621784
"31","Acatlan",1.17757383679159,2.54350724560441
"32","Accra",3.08714497524617,0.76247786964642
"33","Achinsk",-4.87870517508635,-0.811334792159311
"34","Acu",3.23478703444957,3.0859061777132
"35","Ad Dakhla",0.500844099349038,2.44821975030835
"36","Ad Damman",0.107956812031553,3.60693556588985
"37","Ad Diwaniyah",-0.667247118314188,4.62857470483994
"38","Ad Nabk",-2.17733055069791,2.21746731753736
"39","Adana",-0.36125949246267,1.84679061313479
"40","Adapazari",-0.970115914586393,-0.470222647216338
"41","Addis Ababa",1.11676214985604,0.899706887210945
"42","Adelaide",-0.387331731826092,-0.172803443456434
"43","Aden",1.74712892918912,2.93524824351772
"44","Adi Ugri",0.853079156594799,2.16495492528038
"45","Adigrat",-0.155450968702107,1.61861931737977
"46","Adiyaman",-1.53075300981525,2.37362655043606
"47","Ado Ekiti",2.85607003194333,0.7546229277449
"48","Adrar",-0.549700306705595,4.83459145809171
"49","Afyon",-2.17032098503228,1.09996054871835
"50","Agadez",1.1381130852516,5.28430532536105
"51","Agadir",0.0967512192871386,2.67396938165852
"52","Agartala",3.50400097568508,-0.438517915739317
"53","Agboville",3.60234376146557,0.217907517606931
"54","Agen",-0.998177724064327,-0.924139804782817
"55","Agordat",1.93656796608123,4.53378805387066
"56","Agra",1.31675456552659,3.64822037894348
"57","Agri",-3.11375054855195,0.65715628893812
"58","Agrinio",-0.268347148148228,0.922010577042342
"59","Agua Prieta",-0.69423880084296,2.97214541903836
"60","Aguascalientes",-0.0610169853837207,2.55309329588631
"61","Ahar",-2.70306319272654,1.41686868419183
"62","Ahmadabad",2.19546315325099,3.9596909835203
"63","Ahmednagar",1.30466131325501,3.32390301220846
"64","Ahwaz",-0.412759166438592,4.89119498258316
"65","Aigua",0.271005771598116,-2.13310045828781
"66","Aiken",0.0617125265971488,-1.31719552539823
"67","Aiquile",-0.236018501670436,0.986845298038562
"68","Aix-en-Provence",-1.1015789714373,0.248874781191785
"69","Aizawl",4.30324359580939,-3.01449851290977
"70","Ajaccio",-0.288316950378032,0.114607537697312
"71","Ajdabiya",-0.235493211042614,3.23118507541827
"72","Ajmer",0.676225795479331,4.17858131694944
"73","Aketi",3.27989985916694,-0.655749291585755
"74","Akhtubinsk",-3.87905485231035,0.106429342256435
"75","Akita",-0.327810133660965,-3.6434002475818
"76","Akola",2.19076200294185,3.70630456616568
"77","Akron",-2.10330319878807,-1.76905647447883
"78","Aksu",-3.60157599179814,2.0134627447016
"79","Aksum",0.939853824222106,1.88280619007382
"80","Akureyi",-3.35275304027317,-2.55422955955785
"81","Al Ahmadi",-0.363985509472389,4.45348301150478
"82","Al Amarah",-0.38357558596686,4.83933191579537
"83","Al Ayn",0.493771976958049,5.12388898283418
"84","Al Bayda",-0.178424624814701,1.08687924790667
"85","Al Fallujah",-0.635525625731129,4.53861100040355
"86","Al Fujayrah",1.03203710282952,4.5407619326572
"87","Al Hasakah",-1.23354289771491,3.45256223461376
"88","Al Hillah",-0.708899877419407,4.57539255338079
"89","Al Hudaydah",2.1731813681562,3.322108990735
"90","Al Hufuf",-0.117889158673388,5.05222553104367
"91","Al Jaghbub",-0.593373841306929,3.8969699410813
"92","Al Jahra",-0.471099715166432,4.92650548032825
"93","Al Jubayl",0.113204631035658,4.04190199382549
"94","Al Karak",-1.62955322251212,2.70156882213283
"95","Al Khalil",-0.95141080538505,1.89607446705204
"96","Al Kharj",0.02666825697119,5.1344042910185
"97","Al Khums",-0.0827577618211553,2.06406165440928
"98","Al Kut",-0.527748397310439,4.66009980693201
"99","Al Ladhiqiyah",0.550639879268294,1.13594129776534
"100","Al Marj",-0.336031338858584,1.61973187532869
"101","Al Mubarraz",-0.0944381445138326,5.0415056247779
"102","Al Mukalla",1.42986537457019,3.58469761546062
"103","Al Musayyib",-0.720890716732307,4.53054720498886
"104","Al Qamishli",-1.23923952849844,3.14820988406664
"105","Al Qunaytirah",-1.05531263243788,1.52988218811792
"106","Al Quwayiyah",0.116366700108624,4.92815155018398
"107","Al Wajh",0.673863098938867,4.06763737001334
"108","Al-Qatif",0.220414205947883,3.69789778738806
"109","Alagoinhas",3.19206011468719,-1.01967724158351
"110","Alajuela",3.95392816447867,-1.51788665756975
"111","Alamogordo",-1.22762375408364,2.33059182055731
"112","Alapayevsk",-4.33865360261151,-0.964221849234016
"113","Alatyr",-3.78752589524607,-0.972206455299045
"114","Alayat Samail",0.752828459594244,4.22952257296537
"115","Albacete",-1.44817553476987,1.54693610619548
"116","Albany1",0.400750328263249,-1.02076772810185
"117","Albany2",-2.34913225934969,-1.74582998544871
"118","Albany3",-0.473982930754535,-0.392438459283423
"119","Albany4",0.415614193829839,-1.02065639297986
"120","Albert Lea",-3.30688411953609,-0.363988648633404
"121","Albuquerque",-2.36658999394108,1.93100116723339
"122","Albury",-0.891935872870973,-0.16134603943087
"123","Aldama",1.90970293363676,0.952457050555081
"124","Aldan",-6.83227582069586,-1.95479338645108
"125","Aleksandrovsk",-4.67860676608925,-2.44943132325877
"126","Alekseyevka",-3.21491706641119,-0.733567424286419
"127","Aleksin",-3.41743498257431,-1.33941816540332
"128","Aleppo",-1.2687944624345,2.59367891704612
"129","Alexandria1",0.630202757456224,-2.08849285866309
"130","Alexandria2",-1.27457061126307,-1.54147448349248
"131","Alexandria3",-0.08426262946985,2.06601006430693
"132","Alexandroupoli",-1.2285660123477,0.710497183933902
"133","Aleysk",-4.68382884001467,-0.608674310571275
"134","Algeciras",0.0942523912903325,1.14727229374352
"135","Algha",-4.50429980841608,-0.130232048517789
"136","Algiers",0.0499214665177979,1.24852922084901
"137","Ali Bayramli",-1.60411240670156,1.62903897637878
"138","Ali Sabih",1.24451271358305,3.27118448831423
"139","Alicante",-0.447129016800735,1.28481564105569
"140","Alice",0.564716875591689,1.12105359051589
"141","Alice Springs",-0.31430807921276,2.75459312119364
"142","Aligarh",1.24846913331499,3.50668039664863
"143","Alipur Duar",5.69525894899832,-2.11952655879927
"144","Aliwal North",-1.24420193472119,1.53106999144268
"145","Allahabad",2.09847131041578,3.12999979102762
"146","Allanmyo",2.32998373333244,2.11820119139518
"147","Allappey",6.856644553842,-2.00111658986556
"148","Allende",-0.193521129503363,1.95352754312907
"149","Allentown",-1.51294489113765,-2.0477651423187
"150","Alliance",-3.06927333071774,1.40311316352677
"151","Almaty",-2.98608354631536,0.0262370154385144
"152","Almenara",2.18614429157257,1.14371704606532
"153","Almeria",-0.67443288779478,1.64470316581751
"154","Almetyevsk",-4.17190390582746,-0.808889415114836
"155","Almirante",5.51287223457726,-4.39525797429778
"156","Alor Setar",4.99790357946049,-1.33777736956388
"157","Alotau",5.54442534631099,-5.08294496958955
"158","Alpena",-3.00047428226442,-1.80157029780363
"159","Alpine",-1.37104337702607,2.28048535569284
"160","Alta Gracia",-0.294387310078686,0.65985071945096
"161","Altagracia de Orituco",2.952266774129,1.0535069284858
"162","Altamira",4.51231275171347,-0.794931310074237
"163","Altay",-5.07908989797397,0.570998158067394
"164","Alton",-1.7920848878007,-1.09070893281516
"165","Altoona",-2.21790748977308,-1.50429100619028
"166","Alvorada",3.94541805504719,1.09020001484468
"167","Alwar",1.15176753792247,3.92008505998858
"168","Alxa Zuoqi",-4.29093293746723,1.84818596076538
"169","Am Timan",2.39929015561337,3.27927029192215
"170","Amahai",5.67055273246092,-4.13754800068002
"171","Amapa",6.53689574008556,-2.26272550137693
"172","Amarillo",-2.07422556261495,1.58393629750996
"173","Amasya",-1.99008510625821,1.06788910009207
"174","Ambala",1.20573978038951,2.63957299979274
"175","Ambanja",4.78216064845418,-0.23912940527043
"176","Ambato",-0.0786631597804007,-1.71059714227579
"177","Ambatondrazaka",2.76676995182887,-2.03707993114066
"178","Ambon",5.5230041870448,-3.38502832580631
"179","Americana",2.15086938715897,-0.411145196032573
"180","Ames",-2.91064563085543,-0.227448161755837
"181","Amherst",-2.63076782231355,-3.71718855806614
"182","Amiens",-1.821557778003,-1.71697573552596
"183","Amman",-1.39613374179311,2.62108526742753
"184","Ammochostos",0.11424798590516,1.26976051737556
"185","Amol",-0.0199928980066941,0.240927506307845
"186","Amos",-4.61370240321453,-2.13686143892225
"187","Amravati",2.33619510862478,3.42196015313875
"188","Amritsar",1.04319863604445,3.00396595160413
"189","Amsterdam",-1.66765259145494,-2.4828524642368
"190","Amursk",-5.3038438965566,-0.807683460013109
"191","An Najaf",-0.692850837437508,4.67372057954577
"192","An Nasiriyah",-0.538356754785891,4.76526645342305
"193","Anaco",2.67144391087801,1.98044191952908
"194","Anapolis",2.50273229854593,0.467181395231959
"195","Anatuya",0.553626597552439,1.17796629643324
"196","Anbyon",-0.744886376336247,-1.93793541777766
"197","Anchorage",-3.66442984201045,-1.4815416866758
"198","Ancona",-0.762471150986506,-0.94214718699793
"199","Ancud",2.27838180374225,-5.82886207500089
"200","Anda",-4.8161893596181,0.568425589319663
"201","Anderson",-0.365241023390302,-2.07229369982508
"202","Andijon",-2.06356894423724,1.83472125414059
"203","Andkhvoy",-1.43011832281171,3.47204891192802
"204","Andoany",5.30586923002731,-1.40985410376504
"205","Andong",-1.12491046445846,-0.194012968700931
"206","Andorra",-2.631453767339,-1.53176649765122
"207","Andradina",2.43467161992278,0.550732819456263
"208","Androka",1.92733328716,1.10560047927768
"209","Angangxi",-4.6732970864571,0.569815897851441
"210","Angarsk",-5.08578966742241,-0.141148368509052
"211","Angeles",4.8170675921262,0.506628063071965
"212","Angers",-1.45445837179757,-1.21062352425771
"213","Angoche",2.93429001611104,0.756944671633197
"214","Angol",-0.207672194505968,-0.136193645131686
"215","Angren",-2.23057119549587,1.37682524782316
"216","Ankang",-0.897725003402518,0.940172327593238
"217","Ankara",-2.49904565053408,0.983447681485784
"218","Anlu",-0.596930874507247,0.222033903442394
"219","Ann Arbor",-2.68389652713637,-1.39182647438343
"220","Annaba",-0.218878480060807,1.63836293433881
"221","Annapolis",-1.04682435563794,-1.75582942366
"222","Annecy",-1.56832454035913,-2.38962665958393
"223","Anqing",0.156493181159109,-0.379808973586973
"224","Ansan",-0.638274465555098,-1.02154901925925
"225","Anshan",-2.87572032815705,0.275059963768772
"226","Anshun",-0.0501030820700516,-0.524021517142228
"227","Antalaha",4.57386465047392,-3.80519894604621
"228","Antalya",0.373053259734179,1.66553175669244
"229","Antananarivo",1.76522608895031,-0.255976692334824
"230","Antigonish",-2.18437471483407,-3.61059105640372
"231","Antofagasta",0.524230000794762,3.88475373686965
"232","Antsirabe",1.09839938681944,-0.19585978177909
"233","Antsiranana",3.62168564755356,0.688694873310471
"234","Antsohihy",4.17580326709136,1.18549244148207
"235","Antwerpen",-1.71164612936884,-2.13671319807425
"236","Anuradhapura",3.91610000591435,0.498094646388814
"237","Anxi",-3.74494536865801,2.62902862753013
"238","Anyang",-1.5969954008591,1.46406998044972
"239","Anzhero Sudzhensk",-4.86878635128086,-1.3022257937624
"240","Aomori",-1.24686881792319,-2.70417541485515
"241","Apalachicola",1.85621559868509,-2.07884277622311
"242","Apatity",-4.50551798426892,-2.30070708335953
"243","Apatzingan",2.18189748104643,3.07099453700387
"244","Apia",7.29445060837763,-5.83684339562833
"245","Apodi",3.51389219267155,3.14312879861919
"246","Apolo",1.37866134750694,-0.326523864092562
"247","Appleton",-3.22367026935808,-0.766293668210125
"248","Apsheronsk",-1.45938490462871,-1.6152047722297
"249","Apucarana",2.06852894616403,-2.15114926339811
"250","Aqadyr",-4.91100307807528,0.103655042456055
"251","Aqsay",-4.25847781078323,0.151765946620576
"252","Aqtau",-2.40157040546668,0.933387904666884
"253","Aqtobe",-4.46481780093875,-0.130526271403151
"254","Aquidauana",2.28581067370006,0.760965453143775
"255","Ar Ramadi",-0.706394471111318,4.47657151781919
"256","Ar Raqqah",-1.21846871492528,3.51289545027014
"257","Ar Rutbah",-1.29528779581829,3.67524045913064
"258","Aracaju",3.76367297527571,-0.51002174369943
"259","Aracati",3.8731658950569,1.9243857490495
"260","Aracatuba",2.34680835612405,0.471249066748282
"261","Aracuai",2.07683134941364,1.95373417619799
"262","Arad",-2.15331264776896,-0.497995943416217
"263","Araguaina",4.0348752292159,0.500370520919204
"264","Araguari",2.36549378147814,0.446191182087247
"265","Arak",-2.81939543745685,2.6680383987653
"266","Aral",-4.17224573995976,1.28734599578389
"267","Aranyaprathet",3.29500537925631,1.30096292605408
"268","Arapiraca",2.66865105620787,0.693085477015009
"269","Arapongas",2.18332274667779,-2.10654981387254
"270","Arar",-1.45260627604469,4.00805855266962
"271","Ararangua",2.25607445648821,-3.03078503891668
"272","Ararat",-1.18757480372024,-0.668320554699263
"273","Arauca",4.35143025456994,-0.0182017093881834
"274","Araxa",2.49973248538576,-0.350607340732268
"275","Arba Minch",1.8584501276298,0.900928470109303
"276","Arcata",0.392406891507166,-0.56732041904945
"277","Archangel",-4.31677985001255,-1.97782950486123
"278","Arcoverde",1.7133585570228,1.83533011077194
"279","Arctic Bay",-8.6304616509477,-3.28150226537495
"280","Ardabil",-2.680981894323,0.605162495046638
"281","Ardmore",-0.808798325407966,0.119016137881059
"282","Arecibo",3.79979842641053,-2.62397373763927
"283","Arequipa",-1.22382373547659,1.88495613268021
"284","Arezzo",-1.26491531443381,-0.0978033256514492
"285","Argentia",-2.00592407604728,-4.56932526254257
"286","Arica",1.12025180578803,2.38529101928424
"287","Arjona",4.01871148912283,0.321371784294001
"288","Armavir",-2.28315627689617,-0.245723563833007
"289","Armenia",3.5305621840857,-3.03778377139859
"290","Armidale",-0.929121096567051,-0.936944116325262
"291","Arqalyq",-5.00763209613829,-0.3542207390562
"292","Arras",-1.87359716764623,-1.90809695728603
"293","Arrecife",0.0692913350006571,0.796100618936145
"294","Arroyos y Esteros",2.11303207134298,-0.997595289048896
"295","Arsenyev",-4.27427967736499,-0.744654582162451
"296","Artemisa",3.21379105448199,-0.966039621195758
"297","Artemovsk",-4.80954430888318,-1.39552844760176
"298","Artemovskiy",-4.33962458345576,-0.898671421168394
"299","Artigas",0.928585184715844,-1.37801522662027
"300","Arua",2.42467770705452,0.0143263968305689
"301","Arusha",1.75776021131226,1.40880503881125
"302","Arvayheer",-5.70260942169215,0.709736300785871
"303","Arviat",-7.01485718515347,-2.65873367937045
"304","Arxan",-5.77968854969874,-0.199594784229175
"305","Arys",-2.29619324760995,2.51258857535313
"306","Arzamas",-3.70773931332037,-1.04297943452606
"307","As Salt",-1.22590173746693,2.10424452950656
"308","As Samawah",-0.570630117755398,4.70349081544839
"309","As Sulaymaniyah",-1.13820577946929,2.98138774071518
"310","As Sulayyil",0.799448522376803,6.17957229269054
"311","As Suwayda",-1.8643950019697,2.61423887852101
"312","Asahikawa",-2.24266359313959,-2.25801155967884
"313","Asbest",-4.30913344811294,-0.973265704474311
"314","Ascension",-0.831278538294304,3.11548654712637
"315","Asela",0.853354549284218,0.0953937111218751
"316","Ash Shatrah",-0.518474366790639,4.76523694362176
"317","Ash Shihr",1.60319859423388,3.66677951560932
"318","Asha",-4.15271211442365,-1.44738345994964
"319","Ashburton1",-1.18635125126464,-2.44185527828756
"320","Ashburton2",-1.20897041653939,-2.50142254544672
"321","Asheville",-0.973311231212876,-2.20947533860157
"322","Ashgabat",-1.71669010870058,2.97870227460066
"323","Asino",-4.99930950770705,-0.935917586389986
"324","Asmara",0.247179392340587,1.1301490775401
"325","Asosa",1.99058579919967,0.68005868298561
"326","Assab",2.00569709670805,3.52125646784278
"327","Assis",2.23017753923314,-0.76911092738725
"328","Astana",-5.00160994446959,-0.141910046101856
"329","Asti",-1.70161065531124,-0.0879121027391408
"330","Astoria",1.23784866529359,-2.89780175757394
"331","Astrakhan",-3.3832692070622,0.738149629442806
"332","Asuncion",1.70418917160544,-0.720037694234798
"333","Aswan",0.275864535042677,6.91786284307199
"334","Asyut",-0.444914124562117,4.8187389247478
"335","At Bashy",-4.55465979198191,0.231138195144092
"336","At Taif",-0.468587904203231,3.30118691344134
"337","Atakpame",3.2790145590566,0.693074268055752
"338","Atamyrat",-1.55084653630354,3.60455115478251
"339","Atar",1.11700497432648,5.10469472899323
"340","Atasu",-4.6142239549186,0.0420874274770744
"341","Atbara",1.43182004276652,5.53646274703788
"342","Atbasar",-4.96761976403261,-0.212914211344644
"343","Athabasca",-4.2831367235813,-0.6371655848464
"344","Athens1",-0.318121101693947,-1.71937245583566
"345","Athens2",-0.968129132826164,0.695012856274572
"346","Atherton",2.80771491132809,-1.38077001732883
"347","Ati",1.9018614045253,4.54444935818054
"348","Atikokan",-4.50409747841201,-1.16642483519313
"349","Atkarsk",-3.76646144882363,-0.736351681945687
"350","Atlanta",-0.296337479305512,-1.9823460366102
"351","Atlantic City",-0.740128521005815,-2.33897975516946
"352","Atlixco",0.617959941777861,1.76775712880012
"353","Atoyac",3.2527065773313,2.37230504112802
"354","Atyrau",-4.11600275128905,0.508786838418956
"355","Auburn",0.136924068839363,-1.74257297831429
"356","Auckland",0.528688502440764,-3.31357765988653
"357","Augsburg",-2.02762053593024,-1.58423938975207
"358","Augusta1",-0.156130902629032,-1.0499855330649
"359","Augusta2",-2.93566401661848,-3.00715209946455
"360","Aurangabad1",1.96239907511151,2.82936781663951
"361","Aurangabad2",1.6332181515588,3.36548514307038
"362","Aurora1",-3.48379719707683,1.07557252938544
"363","Aurora2",-2.55705957761695,-1.04655738725561
"364","Austin",-0.0655682025722362,0.474511902204979
"365","Autlan",1.80403663595084,1.78802499933587
"366","Auxerre",-1.81106828302395,-1.67028335749847
"367","Avare",1.73228148064237,-0.821169383059134
"368","Aweil",2.98436485896191,2.51986345429838
"369","Awka",4.03600165572329,0.127793016707283
"370","Ayacucho",-0.619745829253308,0.132247932389203
"371","Ayakoz",-4.46142920802359,0.249441565965481
"372","Ayapel",5.07572561140421,-1.05091389425363
"373","Ayaviri",-1.99406076835716,-0.294811160818832
"374","Aydin",-0.445543484717651,2.06065246524758
"375","Ayorou",1.94505572621892,4.8626993662136
"376","Ayounel el Atrous",1.69467408128795,4.92162097036028
"377","Ayr1",-0.949855044192427,-3.10447946391582
"378","Ayr2",2.67355958927807,0.661935305791462
"379","Ayutthaya",3.48005102709541,1.59521276114314
"380","Az Aubayr",-0.511807474131043,4.9081249079887
"381","Az Zahran",0.107065315779124,3.5752230029286
"382","Az Zarqa",-1.30692386077879,2.94913360697995
"383","Az Zawiyah",-0.173567340735043,2.33115941703586
"384","Azare",2.41173279169182,3.55458886546881
"385","Azogues",-0.287132063115254,-0.956405649018849
"386","Azul",-0.657598743900746,-0.886874883865401
"387","Babahoyo",4.44484829630372,0.390092785045402
"388","Babanusa",1.9276423471486,3.7850949720502
"389","Babati",1.21469289176589,2.10969915568711
"390","Babruysk",-3.01579845946999,-1.39283577862829
"391","Bac Giang",2.50357239065424,-0.146324261711515
"392","Bac Lieu",4.00480876469569,0.39361710638855
"393","Bacabal",4.78861568576282,0.269802282200054
"394","Bacau",-2.49145392694338,-0.195974867685414
"395","Bacolod",4.76784930531972,-1.08885222877724
"396","Badajoz",-0.790570770547585,1.64174562442244
"397","Baddeck",-1.9297625079008,-4.39201905507945
"398","Badulla",3.14094683703543,-3.04119147478876
"399","Bafang",3.48062682643162,-1.00388337655314
"400","Bafata",4.59610962450609,1.83089686626625
"401","Bafia",3.48168598087079,0.213150963463622
"402","Bafoussam",2.6824388350077,-0.44706739781292
"403","Bafra",-1.09065162608357,-0.546380038200153
"404","Bagamoyo",3.13978812572694,0.506957989197137
"405","Bage",1.0531319491307,-2.87486066278311
"406","Baghdad",-0.85051225648196,4.49094434657395
"407","Baghlan",-1.37221930150597,2.91416131115691
"408","Bago",5.23570132336991,0.757695241454883
"409","Baguio City",4.26132227407568,-1.65543855100632
"410","Bahawalpur",0.131727657153591,4.43273623247738
"411","Bahia Blanca",-1.04549309138363,0.152804328657816
"412","Bahir Dar",2.17942370991104,1.00676207500806
"413","Bahraich",1.99026596147682,2.28200190963628
"414","Baia Mare",-2.18739316010125,-1.6134361018163
"415","Baicheng",-4.2198462244254,0.878133315789162
"416","Baie-Comeau",-3.95074943069419,-3.07167441024229
"417","Baiquan",-4.96587141301941,0.114191845928263
"418","Bairnsdale",-0.275022506543764,-1.28267264533528
"419","Bakal",-4.48373685016963,-1.41817241035241
"420","Baker Lake",-8.0236652332743,-2.07861825462656
"421","Bakersfield",-0.872362689212507,3.40433761787349
"422","Baku",-1.67007347915636,0.6730694569035
"423","Balakhna",-3.63896111738978,-1.34306963590447
"424","Balakovo",-4.2313640550918,-1.22586003248987
"425","Balancan",3.77645999084672,-0.217545113305697
"426","Balashov",-3.54808674011236,-0.888099620466727
"427","Balboa",4.73297823563772,-0.621143737905888
"428","Balcarce",-0.624711296829072,-1.523991743653
"429","Baleshwar",2.94447669627557,1.26468282095891
"430","Balikesir",-1.0343078807762,1.30448890597182
"431","Balikpapan",6.18997327219987,-6.35570818136495
"432","Balkanabat",-1.99656171909995,2.88011347276171
"433","Balkh",-1.32796691965052,3.38245552284736
"434","Ballarat",-1.02173444453,-1.20971062464164
"435","Ballina",2.23776714799517,-2.74950837955067
"436","Balqash",-4.81983439232826,0.567898894606586
"437","Balsas",3.46780984522596,1.59752272999218
"438","Baltasar Brum",0.958330734949023,-1.45935344514472
"439","Balti",-2.48728994649624,-0.415315333150552
"440","Baltimore",-1.21897986342691,-1.8736895315627
"441","Balykchy",-4.35812393911792,0.523432510175722
"442","Balyqshy",-4.27601914832719,0.365423227486701
"443","Bama",2.1908787225033,3.80532109290686
"444","Bamako",2.81977443566643,3.4080434895374
"445","Bambari",3.17297435005147,0.909089184037516
"446","Bamenda",3.86665188098299,-1.55697364582891
"447","Bamian",-4.57381049773017,1.19733014943128
"448","Banamba",2.37018834084533,3.87624585058664
"449","Banda Aceh",4.94024835612069,-2.42142800268488
"450","Bandar Lampung",4.82469503289512,-2.15840592255611
"451","Bandar Seri Begawan",6.77926928623915,-5.89997507906361
"452","Bandar-e Bushehr",0.749819991242517,3.63182799616583
"453","Bandar-e-Abbas",1.10155572307351,4.22607825979223
"454","Bandjarmasin",5.84581200663213,-3.13673955758424
"455","Bandundu",3.6070582730361,-0.297074277763066
"456","Bandung",5.42953153323091,-2.1535585384063
"457","Banes",2.77737615937517,-0.0980920876780412
"458","Banff",-4.31097716168476,-0.908817448976767
"459","Banfora",3.42532242101534,2.03943405583144
"460","Bangalore",1.73643725799631,2.24388411301172
"461","Bangassou",3.13714278763134,0.139324693442304
"462","Banghazi",-0.144059761936219,2.08535156867704
"463","Bangkok",3.59653414191357,1.20626665758423
"464","Bangor",-2.7063480244178,-3.13486197754544
"465","Banguela",1.84997360618477,2.58332443604409
"466","Bangui",3.23040475984198,0.303352935778052
"467","Bani Walid",-0.908279838006048,3.10581638838256
"468","Banja Luka",-1.64927301316331,-1.27439181351842
"469","Banjul",3.43124400586568,2.31511149013745
"470","Bannu",-0.0543040282003854,2.9684174570647
"471","Bansang",2.76452506218256,3.91902100424669
"472","Banska Bystrica",-2.61552212911243,-1.48862029476401
"473","Banyuwangi",4.13361242999867,-1.63894757989328
"474","Baoding",-1.91090689014978,1.66830190724852
"475","Baoji",-1.67068399562958,1.0460151746218
"476","Baoshan",-0.36378969669584,0.370549411078696
"477","Baotou",-3.97554216773726,1.721815197131
"478","Baqubah",-0.691048939080936,4.47747380971561
"479","Bar Harbor",-2.09806926038135,-3.3247279174307
"480","Barabinsk",-5.04319056934356,-0.654467438263925
"481","Barahona",2.9483154783512,0.467702452446637
"482","Baramula",-1.99839934914878,-0.188633917085735
"483","Baranavichy",-2.88870013917979,-1.60436372794348
"484","Barbacena",1.80187209740332,-0.272646699741412
"485","Barcaldine",0.568839370411361,2.26697879133915
"486","Barcelona1",-0.744622380753785,-0.310421359704397
"487","Barcelona2",2.87212081468208,1.92332813727298
"488","Barcelos",5.5190056925494,-4.52959011015258
"489","Barddhaman",2.14936156429213,1.99938541278944
"490","Bareilly",1.75930365996236,2.81104050119391
"491","Bari",-0.664105501563826,-0.133128489563969
"492","Barinas",4.15946807906149,0.088967161740659
"493","Barisal",3.68068220671889,-0.00421457885052918
"494","Barlett",-0.355670686647814,-1.6611991519478
"495","Barletta",-0.803763809290947,0.0541902842008864
"496","Barnaul",-4.78488740323704,-0.78224989961719
"497","Barquisimeto",2.22866904019912,0.996881472092662
"498","Barra do Bugres",3.01758000047341,1.16712936417234
"499","Barra do Garcas",2.78610622221824,1.51741956147499
"500","Barra Mansa",2.40338349780758,-0.24445552548233
"501","Barrancabermeja",5.79730507998748,-2.39927817556817
"502","Barranquilla",3.49191742518575,1.11323555444553
"503","Barras",4.90142112539646,1.17843626799993
"504","Barreiras",2.43779286684565,2.29310951863404
"505","Barreiros",4.4951274809821,-1.50690450610333
"506","Barretos",2.51442571452892,0.386005218902177
"507","Barrie",-3.07058814619835,-2.02597565294953
"508","Barrow",-7.33801949326863,-3.20701795084209
"509","Bartica",4.80647548049949,-3.11365339569332
"510","Bartlesville",-1.38587519071776,0.35961549505875
"511","Barysaw",-3.04407237231707,-1.69337490182605
"512","Basankusu",3.90531631883345,-2.10498209938503
"513","Basel",-1.56858079692114,-1.80038779813968
"514","Basoko",3.96516083033854,-2.39042838270472
"515","Basra",-0.407438526348959,4.92207195605348
"516","Basse-terre",3.74995086313114,-2.12794123502243
"517","Basseterre",3.25075440946825,-1.59492087903087
"518","Bastia",-0.453943519941052,-0.122969596528734
"519","Bata",5.85201166563472,-2.77713021067783
"520","Batangas",4.38568418784316,-0.22040472407263
"521","Batatais",2.75965049309554,-0.767855874946483
"522","Bataysk",-2.78809844719081,-0.547517393870179
"523","Batemans Bay",0.267722956970509,-1.51728363860438
"524","Bath",-1.24774381715973,-2.54621398242803
"525","Bathurst1",-2.27896870782302,-2.11086826939259
"526","Bathurst2",-2.27896870782302,-2.11086826939259
"527","Bati",1.77756265633035,1.30125578910409
"528","Batman",-1.52627683273593,2.96650196127398
"529","Batna",-2.0016110115332,1.67852259475175
"530","Baton Rouge",1.14380075510595,-2.45773686578864
"531","Batouri",2.99792846817245,0.0456156333180321
"532","Battambang",3.45292080802128,1.28950569274861
"533","Batticaloa",5.05540285778657,-0.181317698636142
"534","Battle Creek",-2.64869404870265,-1.13138748112225
"535","Batu Pahat",5.19582378090493,-3.77884619872848
"536","Batumi",1.0122435059864,-3.33217072799861
"537","Baturite",3.93915699600051,1.37810122284719
"538","Baubau",4.10699732355928,-0.477911909063674
"539","Bauchi",2.27022162260223,2.77970327093135
"540","Bauru",2.13104884562877,-0.259425723648679
"541","Bavaro",3.1627275952284,-1.06816130199862
"542","Bawku",3.17180470758022,2.62001703159754
"543","Bay City",1.03725834752432,-1.03328408626617
"544","Bayamo",2.77264482736807,0.603246880434012
"545","Bayan Obo",-4.80382138622447,1.28080383720911
"546","Baydhabo",2.44040212046403,3.04100248651074
"547","Bayghanin",-4.3429413558153,0.563982426555747
"548","Baytown",0.847287131692687,-1.55318403759249
"549","Beaufort",0.996780344537633,-1.58611018850773
"550","Beaufort West",-1.1442476016265,2.13641645982151
"551","Beaumont",1.11421630958855,-2.11798762455651
"552","Beaver Falls",-2.02800254697601,-1.59173477320097
"553","Bechar",-1.03733653597615,3.77043036935345
"554","Beckley",-1.40964270903144,-2.11492706565985
"555","Beer Sheva",-0.677596069358483,2.71387641954124
"556","Beeville",0.48963388328058,0.547580303896646
"557","Behbehan",-0.0591596902229041,4.17294707673009
"558","Beian",-5.0079897565882,-0.0698821138976971
"559","Beihai",2.80854885033923,-0.866520248536858
"560","Beijing",-1.0446554269311,2.12245969097937
"561","Beipiao",-3.2284582769496,1.06678492638201
"562","Beira",3.21172258511383,-0.179291682564899
"563","Beirut",0.132127656321448,0.907873193714864
"564","Beitbridge",0.384418790909097,2.70025199367746
"565","Beja",-0.529767261420538,1.48838179517767
"566","Bejaia",-0.121044346287804,1.11689381651862
"567","Bekasi",5.69855719557597,-2.41919510192505
"568","Bekiy",1.5895860865364,1.83422074099416
"569","Belabo",2.87612174508703,0.423877756537332
"570","Belaya Kalitva",-3.06176094011061,-0.270198861284123
"571","Belebey",-4.40556556830175,-0.974506317136725
"572","Beledweyne",2.59155600845284,3.84039717591826
"573","Belem",6.07560022368074,-3.25719361935253
"574","Belen",-0.989205926837616,2.14884091695559
"575","Belfast",-1.11133800683361,-3.37777409163647
"576","Belgaum",3.09362521337326,1.62626269390303
"577","Belgorod",-3.11785025063146,-1.11035061640037
"578","Belgrade",-1.92993081879381,-0.678391080520029
"579","Belize City",4.17583627392491,-1.5159691819881
"580","Bell Ville",0.00323157634322436,0.302250076649749
"581","Bella Union",0.864120352658772,-0.834834772714943
"582","Bella Vista",2.40661980574057,-0.464720818174602
"583","Bellary",1.91312070363491,3.31503784452042
"584","Belleville1",-1.66161885672116,-1.08785879046985
"585","Belleville2",-3.02557434369774,-2.40124542514093
"586","Bellingham",-1.12539679494977,-1.38275350694922
"587","Bello",2.40172566020466,-1.8533423685977
"588","Belmopan",3.90763317693178,-1.27499587329424
"589","Belo Horizonte",2.38501332518216,0.131336677273704
"590","Belogorsk",-5.66905610209297,-0.288418730740656
"591","Bemidji",-4.12512253940245,-0.468463766254055
"592","Ben Gardane",-0.318383789638968,2.69535106325145
"593","Bend",-2.91605100973171,0.564718418827367
"594","Bendigo",-1.06646341997961,-0.184363797788553
"595","Benevento",-0.814813682097238,0.245590405016845
"596","Bengbu",-0.800682688936106,0.269393517665822
"597","Bengkulu",7.19056079697484,-6.51330292298601
"598","Beni",2.79411902507564,-1.53069254478362
"599","Beni Mazar",-0.677223147333521,4.25001513558837
"600","Beni Ounif",-1.19309150535304,3.62118368602588
"601","Beni Suef",-0.635161851036535,3.91765399831522
"602","Benin City",4.55110158711303,-0.612664170666481
"603","Benoni",-0.943066982112798,1.30922329601303
"604","Bento Goncalves",1.52013596463633,-4.07516077357467
"605","Benton Harbor",-2.29132060950224,-1.77386646999749
"606","Benxi",-3.03419994612634,-0.0026356047946268
"607","Berber",1.39274336109343,5.69035916305071
"608","Berbera",1.81375081050579,3.47748254328032
"609","Berberati",3.11481833377601,-0.0850196053101001
"610","Berdyansk",-2.63912044457576,-0.955449832840069
"611","Berekum",2.87082485876236,1.16793960072321
"612","Berezniki",-4.30891247971433,-1.73328990212914
"613","Bergamo",-1.31465505394665,-1.28311131679912
"614","Bergen",-0.159921561743813,-5.61071630006609
"615","Berkeley",-0.490517517486395,0.788545151386087
"616","Berlin",-2.26399291938196,-1.36591783436073
"617","Bermejo",1.41773151791206,1.16199704423432
"618","Bern",-1.56841491350891,-2.32411132644677
"619","Berri",-0.919501384431258,1.22115203509896
"620","Bertoua",3.05936839649168,-0.114088535241417
"621","Besalampy",4.15277630848756,1.19303906001821
"622","Besancon",-1.40261126318027,-2.84943523375346
"623","Betanzos",-1.99465384934295,0.916129697351046
"624","Bethal",-0.866677621105313,1.15605456111061
"625","Bethanie",-0.672907710730913,3.74489679689053
"626","Bethel",-4.54095493246027,-1.88806323531597
"627","Bethlehem",-1.23581502485363,1.1182040285774
"628","Bezhetsk",-3.55371867101899,-1.40854424498442
"629","Beziers",-0.607914245226545,-0.123545082846511
"630","Bhagalpur",1.96356498062702,2.04971222847419
"631","Bharatpur",1.20202384028297,3.9114659562653
"632","Bhatpara",2.30771334691791,1.54576730568985
"633","Bhavnagar",2.08147158474018,3.69054887564667
"634","Bhilwara",1.09948944283438,3.83291267161659
"635","Bhisho",0.0685283396864435,0.309522694139405
"636","Bhiwandi",6.64061166000398,0.589735027467118
"637","Bhiwani",0.522293363270112,3.90602271430842
"638","Bhopal",2.43264704657879,3.29682162253056
"639","Bhubaneshwar",3.00052446222679,1.75331641382557
"640","Bhusawal",2.11782354654226,3.7837974162696
"641","Biak",6.33780614680493,-6.30910191091315
"642","Bialystok",-2.83712720354894,-1.29243385718773
"643","Biarritz",0.471002891384308,-2.88382627607273
"644","Bicheno",-0.578960717629809,-2.30071517288074
"645","Bida",3.10784501889885,2.1736628747786
"646","Bidar",2.08874229596222,2.9444433294201
"647","Biel",-1.44499194173674,-2.9129951735046
"648","Bielefeld",-1.85577324618487,-2.39532142025749
"649","Bien Hoa",3.84157032985472,1.00365555449128
"650","Big Spring",-1.4126419822517,1.8657080497048
"651","Biggar",-4.87039988710971,-0.363441069312978
"652","Biharamulo",1.79372739203297,0.947030942834481
"653","Bijapur",1.80992576198583,3.22929334395791
"654","Bijar",-3.2139707595292,2.03139825184716
"655","Bikaner",0.569264947834353,4.55721446493725
"656","Bikin",-4.65030794021151,-0.566973668192022
"657","Bila Tserkva",-2.6757682744759,-1.01457641191482
"658","Bilaspur",2.56446395921085,3.02133272194335
"659","Bilbao",-0.25707442535094,-1.57587595512112
"660","Billings",-3.23300122825379,1.15528961642717
"661","Biloela",0.770788373877969,0.958264492100092
"662","Biloxi",1.45445631779101,-2.3828392382716
"663","Biltine",1.63486496964785,4.73271679659907
"664","Binghamton",-2.49839590403633,-1.63579906062741
"665","Binjai",5.91879249650574,-4.01011173875959
"666","Bintulu",7.65423668356088,-7.74444900395066
"667","Birak",-0.593276942333059,4.01991149488365
"668","Birao",2.34889559863394,3.00167135447004
"669","Biratnagar",3.08849147402545,0.507698789428467
"670","Birganj",2.27012021994396,1.78130416615076
"671","Birjand",-1.99297286038381,3.43538412674086
"672","Birmingham1",-0.122327847155815,-1.88028789204147
"673","Birmingham2",-1.9433133927956,-2.38466542174558
"674","Birni Nkonni",2.02408700199432,4.37248878001585
"675","Birnin Kebbi",2.45208604240524,3.89908952367554
"676","Birobidzhan",-5.11170337441396,-0.864711532845991
"677","Birsk",-4.04894133614419,-1.08216033041627
"678","Biryusinsk",-4.96656800154827,-0.886552174745113
"679","Bishkek",-2.82374333957655,0.756975012730898
"680","Bishop",-2.39280191270511,1.97402920843573
"681","Biskra",-0.719746514355784,3.44521895097665
"682","Bismarck",-4.0575036811187,0.370955570729263
"683","Bissau",4.62865036452673,1.54229554986472
"684","Bitam",3.47878107403982,-1.30160924562293
"685","Bitola",-1.89908965592935,0.0159286009514868
"686","Biu",2.01378866251355,2.84650890045178
"687","Biysk",-4.45877050838926,-0.908413402191629
"688","Bizerte",-0.0673763494541871,0.841977440087878
"689","Blackpool",-1.04697469666271,-3.02059727349193
"690","Blacksburg",-1.44797955880835,-1.95558546812062
"691","Blagodarnyy",-2.75107388485408,0.325584827356275
"692","Blagoveshchensk",-5.50755105004448,-0.147914065412004
"693","Blantyre",1.79019583229584,0.875994207541019
"694","Blenheim",-0.307157405585963,-2.62174903584818
"695","Blitar",4.68100540335168,-1.24209263296466
"696","Bloemfontein",-1.22766480709749,1.76821931033869
"697","Bloemhof",-0.954965920704997,2.21792373227691
"698","Bloomington1",-1.77391621510766,-1.77208341776278
"699","Bloomington2",-2.29065205500296,-1.007832684858
"700","Bluefields",7.41986708242745,-3.93548240171388
"701","Blumenau",2.23858091731077,-2.2270784685462
"702","Bo",5.34800704800945,-1.11445657633131
"703","Boa Vista",4.46651322976858,-0.0991252531939519
"704","Boaco",2.9499043007362,0.945143358666827
"705","Bobo Dioulasso",2.65785056332957,2.78212396288208
"706","Bocaiuva",2.16167931710358,1.39768825441703
"707","Bocas del Toro",5.49982532113868,-4.31431834743584
"708","Bodo",-1.73976903243427,-4.43068505788292
"709","Boende",4.59982435355075,-3.89817603516712
"710","Bogor",6.39886632948029,-5.21032330484628
"711","Bogoroditsk",-3.49475820784722,-1.35976628653142
"712","Bogota",0.333008363036098,-1.38990277881281
"713","Bogotol",-4.84387580604634,-1.06806471073921
"714","Bogue",2.00263316267013,4.8962422265279
"715","Boise",-2.74160938276832,1.60481742830329
"716","Bojnurd",-2.41734879701665,2.24407878990298
"717","Boke",6.05393301623299,0.0537719927998654
"718","Bol",1.73146878496075,4.71629219730897
"719","Bolama",5.36910829402526,0.761961778744614
"720","Bolgatanga",3.43280059245874,2.31399475263688
"721","Boli",-4.65718397138649,0.0990849175535744
"722","Bollnas",-3.14304397741615,-1.68019778804085
"723","Bolobo",3.69989475180261,-0.782555720698667
"724","Bologna",-1.22584050155375,-0.396362266150776
"725","Bologoye",-3.40890737640212,-1.72879960951108
"726","Bolu",-2.28278062726799,-0.0337782266002273
"727","Bolzano",-1.9114505878507,-0.383994894245997
"728","Boma",2.61194652721467,1.13204933590729
"729","Bondo",3.24851966496799,-0.460833176301883
"730","Bondoukou",2.52412575798299,1.53159223383891
"731","Bongandanga",3.71478010637125,-2.09713893258297
"732","Bongaree",1.72556010889926,-1.06663758127875
"733","Bongor",2.42663172073933,3.54074797993006
"734","Bonn",-1.75953718819784,-1.73499107734936
"735","Boorama",0.693331128326342,2.20423836044018
"736","Boosaaso",1.7351950041099,4.30704872721327
"737","Boras",-2.57267650750902,-2.81380214088858
"738","Bordeaux",-0.858102237178805,-1.40505822702392
"739","Bordertown",-0.844320041925284,0.314883821378789
"740","Borisoglebsk",-3.42515958298631,-0.895782460977932
"741","Borlange",-3.22051332703744,-1.61931217703505
"742","Borovichi",-3.461087488544,-1.56790267343975
"743","Borzya",-6.02032798321366,0.373128173795465
"744","Bose",1.07177740859468,0.580313685465831
"745","Bosobolo",3.21567649877341,-0.0421082212665188
"746","Bossangoa",3.28551403908666,1.438799272366
"747","Bossembele",3.14308877477059,0.425300764831301
"748","Boston",-1.81881214193771,-2.9676502415615
"749","Botosani",-2.47215928205288,-0.371381113737974
"750","Botucatu",2.14342771505244,-1.32654834074454
"751","Bouake",2.51706424718631,1.0061963650795
"752","Bouar",3.22230349140521,0.35020538049888
"753","Bougouni",3.00622959349987,2.90409407671
"754","Bouira",-0.902024837633209,1.4600044483959
"755","Boulder",-3.38309088558711,1.02068411043339
"756","Boulder City",-1.28194559105856,3.29974259043809
"757","Bourges",-1.64747201900982,-1.76109574843485
"758","Bournemouth",-1.12805286906661,-2.29726757369464
"759","Boutilimit",1.71981912422355,4.92622392475593
"760","Bowling Green1",-1.01834110744354,-1.76551533341456
"761","Bowling Green2",-2.31811608674542,-1.1845233139599
"762","Bozeman",-3.50744445091311,0.300187017136376
"763","Bozoum",3.02061173335514,1.34548439114482
"764","Bradford",-1.4158962331205,-3.11492955685525
"765","Braga",0.226249803368038,-0.910083536672246
"766","Braganca",5.87375739765654,-1.01811424305579
"767","Braganca Paulista",1.94323403553518,-0.989747668385866
"768","Brahmapur",2.7260507453852,1.79903203474374
"769","Brainerd",-3.80348569016069,-0.398167383887209
"770","Brandfort",-1.21869816767291,1.80487811735852
"771","Brandon",-4.73322118922442,-0.64656532445361
"772","Brasilia",1.95746562728068,0.699914942134427
"773","Brasov",-2.50730812978417,-1.15637681744394
"774","Bratislava",-2.35529490880588,-0.743379652595921
"775","Bratsk",-5.64960652834698,-0.750116320708487
"776","Braunschweig",-2.0740076875793,-1.64327076277846
"777","Brazzaville",3.09828372358334,0.531190344270692
"778","Bredasdorp",-0.272775529441713,-0.150095518142447
"779","Bremen",-1.78907697229924,-1.9563219114004
"780","Bremerhaven",-1.6992341559357,-2.14237867947396
"781","Bremerton",-0.557372955177453,-0.855956197578243
"782","Brest1",-0.638951087112285,-2.61207349563643
"783","Brest2",-2.66568638198395,-1.22270378802737
"784","Breves",5.1925875160173,-2.07999554574456
"785","Bria",2.89031591194847,1.1655796596975
"786","Bridgeport",-1.87909512546797,-2.73582696640244
"787","Bridgetown",3.44521509500019,-1.04203965470347
"788","Brighton",-1.19560850627077,-2.36686199220555
"789","Brikama",3.66805924621532,1.93795234586053
"790","Brindisi",-0.307780399642523,-0.260475657062317
"791","Brisbane",1.11956973419207,-0.381535846680891
"792","Bristol1",-0.906926370036954,-1.52999304769419
"793","Bristol2",-1.20276035665332,-2.57945224053807
"794","Brits",-0.473561533626211,2.06556556636353
"795","Brive",-0.937998496074194,-1.83010849250556
"796","Brno",-2.46405201850111,-0.566088447866333
"797","Brochet",-5.97906935096726,-1.43006876153029
"798","Brockville",-3.02160492950098,-1.97545530475438
"799","Broken Hill",-1.18069764685658,1.31645972118057
"800","Brookings",-3.7213152093053,0.0598504374718952
"801","Brooks",-3.98055220792212,0.242829182510338
"802","Broome",2.47371561067774,2.66248167345892
"803","Brovary",-2.89426406037039,-1.1182859560217
"804","Brownsville",1.09259718100567,0.949672790696952
"805","Brownsweg",4.56231845743623,-1.63863074582314
"806","Brownwood",-0.800994086306094,1.31780714157792
"807","Brugge",-1.59704884711705,-2.23747264282967
"808","Brumado",1.78353848447946,2.05320568802083
"809","Brunswick",1.17499790264757,-1.48467622177852
"810","Brusque",2.04976466761359,-1.96476692472687
"811","Brussels",-1.63206663812344,-2.10052638130713
"812","Bryan",0.26981314704709,0.0755735602039376
"813","Bryansk",-3.26678932816615,-1.42462274868493
"814","Bua Yai",2.84952189634909,1.55578717452933
"815","Bucaramanga",2.42304379674443,-0.523835696106782
"816","Buchanan",6.58536555626501,-2.85517731201743
"817","Buchans",-3.4025731778929,-3.28123446220654
"818","Bucharest",-2.25806944819672,-0.44103073322128
"819","Budapest",-2.41478380330338,-0.55839298158552
"820","Budaun",1.46130843886534,3.22341658356207
"821","Buenaventura",10.6776546563093,-12.2322374626293
"822","Buenos Aires",-0.226125472748655,-1.3274416073711
"823","Buffalo",-2.63315441997731,-2.45049315263425
"824","Bugt",-5.42984538567818,-0.0516298473934652
"825","Bugulma",-4.31861272811616,-1.00202782127649
"826","Buguruslan",-4.11019066656835,-0.777059496983368
"827","Buizhou",-1.76360957271659,1.18580106752174
"828","Bujumbura",1.76851559303522,0.452929236932187
"829","Bukachacha",-6.65831953207603,0.01369985459497
"830","Bukama",2.39202513000525,1.98278299637293
"831","Bukavu",2.65106211569328,-0.956621417675815
"832","Bukittinggi",4.83609164711064,-4.30876503511139
"833","Bukoba",3.91580309647372,-1.87262690690947
"834","Bulaevo",-4.82033367600351,-0.459202333279839
"835","Bulandshahr",1.18157706738123,3.44301800496657
"836","Bulawayo",-0.0540338880157395,2.10068484671895
"837","Bulungu",3.42799434031319,-0.366662422576528
"838","Bumba",3.75671104054817,-1.49390860929377
"839","Bunbury",0.740247251475193,0.120110062311518
"840","Bundaberg",1.61578014779558,-0.354132909892608
"841","Bungoma",2.67438316011014,-1.05275818735011
"842","Bunia",2.09825767346971,-0.910750915444139
"843","Buon Me Thuot",3.48640842633419,0.249862078515617
"844","Bur Safaga",0.414984924402884,4.77259988072076
"845","Bur Said",-0.318006136054068,2.26480167364462
"846","Buraydah",-0.308791449581112,4.66380602533563
"847","Burco",0.977867992513239,2.9169116610955
"848","Burgas",-1.61061794191446,-0.176674386335918
"849","Burgos",-1.96526585309265,-0.192164628922353
"850","Burhanpur",2.06850535279294,3.82327060510756
"851","Buriram",2.84466307535057,1.72620800586406
"852","Burley",-2.86246975579931,1.69941633533479
"853","Burlington1",-2.4505972813348,-0.60074314287988
"854","Burlington2",-2.75303259577295,-1.98291205139096
"855","Burnie",0.00144221374977318,-2.5366115322291
"856","Burns Lake",-4.16516795016065,-1.22016638051037
"857","Bursa",-0.933364743962291,0.210514983748369
"858","Bururi",1.49788516870627,0.151805452228918
"859","Busan",-0.26085137039629,-1.13871382457919
"860","Businga",3.51191395715964,-0.929529695488347
"861","Busselton",0.784611694955743,-0.103917692058105
"862","Buta",3.37763494282218,-0.822612803767951
"863","Butare",1.86745307791728,0.260107896626326
"864","Butembo",2.03562369565688,-2.23111955698751
"865","Butte",-4.02776462094908,0.602772852922093
"866","Butterworth",5.93744950682544,-3.46080044298078
"867","Butuan",5.84386568927834,-3.58159924538033
"868","Buurhakaba",2.57688834499514,3.26942484559281
"869","Buxoro",-2.18588827625505,3.10353986972605
"870","Buy",-3.72954877154433,-1.5405807305687
"871","Buyant-Uhaa",-5.42245622598847,1.77149920276694
"872","Buynaksk",-2.42454956912222,0.212919600031105
"873","Buzau",-2.40261508610216,-0.119065288621154
"874","Buzmeyin",-1.57383526311073,2.96470081871917
"875","Buzuluk",-4.09380048690947,-0.615389134890592
"876","Bydgoszcz",-2.54000343582973,-0.965080588849084
"877","Byron Bay",2.38056324871051,-2.93436746862191
"878","Bytom",-2.26506154609052,-1.5808340132149
"879","Byumba",1.64442451966499,-0.181224654361766
"880","Ca Mau",4.42796428297552,-0.137377078014633
"881","Caazapa",2.09036084925701,-2.03864161980512
"882","Caballococha",5.75290063445359,-5.09863227662603
"883","Cabanatuan",4.41318791966529,0.271537584587324
"884","Cabimas",3.27521503750406,1.77726172238319
"885","Cabinda",2.24588206799799,0.732832703806497
"886","Cabo de Santo Agostinho",4.42861115984409,-1.33982188927536
"887","Cabo Frio",2.4077837154168,-1.01086231152418
"888","Cabo San Lucas",1.54661658325119,1.83091994010341
"889","Caboolture",1.52005355231059,-0.601836846599865
"890","Caborca",0.464353341603209,3.77828553368686
"891","Cacador",1.10489138804322,-2.65189465524113
"892","Cachoeira do Sul",1.74303900546377,-3.01884831408077
"893","Cachoeiro de Itapemirim",2.62846695966402,-0.0868737775193952
"894","Cacolo",1.93400371489762,0.514699470943272
"895","Cadillac",-3.07615697475236,-1.64371218900927
"896","Cadiz1",4.45967500841408,-1.67003979599911
"897","Cadiz2",4.45967500841408,-1.67003979599911
"898","Caen",-1.27161826859391,-2.33935997158844
"899","Cafayate",-0.132401131394102,0.780829293775948
"900","Cagayan de Oro",4.47462059746489,-1.5864744593218
"901","Cagliari",-0.316802258362916,0.504849769891223
"902","Cahul",-2.29819743319449,-0.312083629000202
"903","Caibarien",2.92580760853372,-0.202098117635314
"904","Caico",3.10020695209285,3.06695602991643
"905","Cairns",4.21889967458602,-1.51859663602061
"906","Cairo",-0.662227923446196,3.44102845805393
"907","Cajabamba",-0.293830681648281,0.540994437974286
"908","Cajamarca",-0.22345947922482,0.429467173921046
"909","Calabar",5.65186851641569,-2.15491739938086
"910","Calabozo",3.59242494104543,1.58465832262837
"911","Calais1",-2.5291798330634,-3.34234190689762
"912","Calais2",-1.53253228653035,-2.23163408398767
"913","Calama",-1.34612974623672,3.93538894174038
"914","Calarasi",-2.28692540711668,-0.0822820067664431
"915","Calbayog",5.40368236532167,-3.47652303390949
"916","Calbuco",1.04038324613347,-4.76690760825474
"917","Calcutta",2.61113639096335,2.01230704861421
"918","Caldera",0.243797993430322,2.18807547227646
"919","Caldwell",-2.72947169419349,1.69768291881673
"920","Calgary",-3.9917437260978,-0.280709933561496
"921","Cali",2.84478085367709,-1.42452656701881
"922","Callao",0.786607991662145,1.38656814150769
"923","Caloundra",2.05853828958564,-1.51551251071411
"924","Calucinga",0.943863572795887,0.981642498504966
"925","Calulo",1.50947180435792,1.44380841114591
"926","Cam Pha",3.07308028720071,-1.28030498731124
"927","Cam Ranh",3.68932191965088,0.492197101653254
"928","Camabatela",1.90481412460822,0.436440281417558
"929","Camacupa",1.11539729515538,1.42403868159198
"930","Camaguey",3.01190926721499,0.0873443771833786
"931","Camana",0.774776682522598,1.87148726549471
"932","Camaqua",1.44683127577958,-3.23735453553477
"933","Cameta",5.8080200606922,-1.54557588488042
"934","Camiri",1.10654595609341,1.33211215759317
"935","Camocim",4.58739102796606,1.45763527315547
"936","Campana",0.0785967740241277,-1.28225974729718
"937","Campbell River",-0.189035986096493,-2.19419673236169
"938","Campeche",3.09859664012789,0.808613733097295
"939","Campina Grande",2.34594340939445,0.93869479366669
"940","Campinas",1.92721530063758,-0.433437734902612
"941","Campo Belo",1.86263629731257,0.290634259912418
"942","Campo Grande",2.19692637240711,-0.0908621862469953
"943","Campo Maior",4.59788718516882,1.44217885314688
"944","Campo Murao",2.15673828764244,-2.21148475734092
"945","Campoalegre",2.97892578536578,0.057651472036985
"946","Campos",2.23023990030341,0.506764090496102
"947","Camrose",-4.21755699881759,-0.526702364749431
"948","Can Tho",3.61460252913896,1.11229530057791
"949","Canakkale",-0.818484501398615,0.79607142666297
"950","Cananea",-0.912052989948877,2.2692743436516
"951","Canas",4.40298685621427,0.00840118675362264
"952","Canatlan",-0.547812643836486,2.53803624695553
"953","Canberra",-1.22985447612011,-1.15051630585724
"954","Cancun",3.17244800056428,-0.638228105773282
"955","Canela",1.26840170468372,-4.31287475778096
"956","Cangamba",0.787969388213952,2.18154160124431
"957","Cangzhou",-1.88856594157749,1.46409744473303
"958","Caninde",3.43372616440867,2.305324389038
"959","Canoas",1.26810876363747,-2.19467558080847
"960","Canoinhas",1.77662499222549,-3.38250957098967
"961","Canton",-2.08101466688659,-1.61131049352248
"962","Cap-Haitien",3.31910796270177,-1.02200104715644
"963","Capanema",5.58724892231089,-1.0390593914208
"964","Cape Coast",3.80523892097517,0.133659426066907
"965","Cape Coral",2.21562377927018,-0.497061427626937
"966","Cape Dorset",-7.07455896176413,-3.99304331829957
"967","Cape Girardeau",-0.934226763711651,-1.52626357117902
"968","Cape Town",0.335331434367764,-0.527723409771429
"969","Caracarai",4.75940623914637,-1.15370395879829
"970","Caracas",1.86345021746562,-0.00492774942188015
"971","Carahue",-0.343878352637872,-0.679773922559347
"972","Caratinga",1.93624015806123,0.815082581248182
"973","Carazinho",2.0860668041162,-4.21941839961493
"974","Carbondale",-1.28009999473171,-1.30944919022561
"975","Cardiff",-0.937759390571852,-3.14503733541811
"976","Carhue",-1.04159250758634,0.0902283342247559
"977","Carlisle",-1.19417637655649,-3.24564968254571
"978","Carlsbad",-1.38834574912334,2.63151736228047
"979","Carmelo",0.198327514893473,-1.20266810339946
"980","Carnot",3.03229032352584,0.692837079129696
"981","Carora",2.45125512635453,1.66094705137872
"982","Carpina",3.27610869038741,0.198668100016216
"983","Carson City",-2.75613958636278,1.81558084460741
"984","Cartagena1",3.78445552034436,0.695237798917487
"985","Cartagena2",-0.337693497842337,1.24497886133503
"986","Cartago1",3.12019259013855,-2.62055375111989
"987","Cartago2",3.51740870439191,-2.10996798115351
"988","Cartwright",-4.30451868985413,-4.3027677409184
"989","Caruaru",1.84357959272659,1.26890125682016
"990","Carupano",2.99286725341644,0.41944080766142
"991","Casa Grande",-0.00998787163353459,3.86255564388487
"992","Casablanca",-0.0365085318303096,1.16010041269825
"993","Cascavel",1.97384824317667,-3.22707343034987
"994","Caserta",-0.229452869838068,0.00184598921426089
"995","Casper",-3.69391259070047,1.10369357197893
"996","Castanhal",5.96912298694081,-2.55653853043522
"997","Castello",-0.388142546429792,0.743079957192947
"998","Castries",4.12724464981105,-2.51612210131049
"999","Castro1",0.773106010292862,-4.28445114959691
"1000","Castro2",1.410008931817,-2.60059059056021
"1001","Catalao",2.40628683543319,0.651970846103075
"1002","Catamarca",-0.575034539784988,1.67522688417528
"1003","Catanduva",2.44375043084778,0.146844259947384
"1004","Catania",-0.490196000638163,1.12361366775433
"1005","Catanzaro",-0.266625844069815,0.36377863430746
"1006","Cauquenes",-0.34920087713727,0.670480616429376
"1007","Caxias",4.37011324541881,1.05877269456328
"1008","Caxias do Sul",1.12649784828829,-3.81912470597876
"1009","Caxito",2.18355778356016,2.50047586392567
"1010","Cayambe",-0.350434429586393,-0.887785644934944
"1011","Cayenne",6.31710577498474,-3.00967816033541
"1012","Cebu",3.90314574043914,-1.43621250696287
"1013","Cedar City",-2.97184283469763,1.07382380173276
"1014","Cedar Rapids",-2.7793859275289,-0.657571292272219
"1015","Ceduna",-0.433189199428011,0.727940979855741
"1016","Celaya",0.302863832592331,2.29353162285887
"1017","Celeken",-1.71455105879292,1.25311580336798
"1018","Central Coast",1.0276887743841,-2.55581729385057
"1019","Centralia",-0.406095698781751,-0.886038380681135
"1020","Ceres",2.93601262701607,1.28977194626136
"1021","Cerrillos",0.175301959180175,1.00977022433025
"1022","Cerro de Pasco",-1.39229578116072,-1.98454539770392
"1023","Ceske Budejovice",-2.29576093113401,-1.08000460387981
"1024","Chabahar",1.08135548980495,4.14718664973591
"1025","Chacabuco",-0.222765904003766,-0.589078880671599
"1026","Chachapoyas",0.408550062329259,-0.814217810715315
"1027","Chadron",-2.97621240729777,1.2264143062378
"1028","Chaiyaphum",2.75353283961554,1.5556202373412
"1029","Chake Chake",4.43337079749174,-1.15571110357064
"1030","Chalkida",-0.655779570624797,0.751773259349183
"1031","Challapata",-2.43351438360754,1.28051765414731
"1032","Chamical",-0.293567705374323,1.7313818580333
"1033","Champoton",3.34562452817369,0.76593468371005
"1034","Chancay",1.35113229770703,2.10507627428062
"1035","Chandigarh",1.2412351790185,2.45638308546256
"1036","Chandrapur",2.99641332545822,3.19474375615273
"1037","Changchun",-4.02351263751418,0.223212425185583
"1038","Changde",0.0694409582924032,-0.730991381385971
"1039","Changhua",2.46106940728283,-0.572525459738615
"1040","Changling",-4.03662328289364,0.630570716410144
"1041","Changping",-2.34833516312896,1.52913034869963
"1042","Changsha",0.110163119765251,-0.66542060933935
"1043","Changting",0.752754509301877,-0.252012435679243
"1044","Changyon",-1.17213393687338,-0.625794228464907
"1045","Changzhi",-2.58422690801838,0.794797663656866
"1046","Changzhou",-0.506583008802928,-0.236574577691145
"1047","Channel-Port aux Basques",-1.91175824364897,-5.01734747973204
"1048","Chanthaburi",5.46869932655745,-0.71447630137589
"1049","Chaoyang",-3.1836550929917,1.09174011856991
"1050","Chaozhou",1.87560562290157,-0.305598062054833
"1051","Chapadinha",4.83790917998042,0.724341739423232
"1052","Chapaev",-4.49956131565901,-0.00568103861717196
"1053","Chapayevsk",-3.93485168155427,-0.711133336383838
"1054","Chapleau",-4.5015469668934,-2.06171943141931
"1055","Charata",0.810133602308922,0.858265857933405
"1056","Charikar",-2.4333780981545,1.95006429672776
"1057","Charleroi",-1.780974489729,-2.48204308744659
"1058","Charleston1",0.875728501901216,-1.55788573791013
"1059","Charleston2",-0.991316963197515,-1.4287651518016
"1060","Charleville",-0.0306191869798235,1.84830083914762
"1061","Charlotte",-0.500501152493583,-1.59616206921728
"1062","Charlottesville",-1.08753986873475,-1.49468698539252
"1063","Charlottetown",-2.79329268672506,-4.02711929126401
"1064","Charters Towers",1.41994340719561,1.62402993204948
"1065","Chascomus",-0.227247696334954,-1.13382076991592
"1066","Chattanooga",-0.440448752580855,-2.00242085249505
"1067","Chau Doc",3.46449266130815,1.24987732833261
"1068","Chauk",1.45642994707885,2.59440506603163
"1069","Cheboksary",-3.90633093098679,-1.1092649100124
"1070","Chegdomyn",-5.8541251204193,-1.07130781471857
"1071","Chelyabinsk",-4.50677015195671,-0.637193908780905
"1072","Chemnitz",-2.23521017713058,-1.82814531062737
"1073","Chengde",-3.05171512160192,1.0864923175935
"1074","Chengdu",0.378259588257649,0.269258743431807
"1075","Chennai",3.08936082662184,2.08554916645252
"1076","Chenzhou",0.343297381297394,-0.559791875934956
"1077","Cheongju",-0.739795241645444,-0.614037949302907
"1078","Chepes",-0.618404249744753,1.53706580529483
"1079","Cherbourg",-1.00349937422338,-2.68996719468237
"1080","Cheremkhovo",-5.37586460193063,-0.248347713902005
"1081","Cherepanovo",-4.93118103093978,-0.946954112879499
"1082","Cherepovets",-3.64683219122472,-1.91779934125965
"1083","Cherkasy",-2.69172177229414,-0.878790089134468
"1084","Cherkessk",-2.4378657272249,-0.123354519450847
"1085","Cherlak",-5.01178907250293,-0.441890856484129
"1086","Chernihiv",-2.84903109017247,-1.31069807404406
"1087","Chernivtsi",-2.47824503750787,-0.761705024591759
"1088","Chernogorsk",-4.78188539008619,0.259371776084844
"1089","Chernyakhovsk",-2.4805730071491,-1.56264614756511
"1090","Chester",-1.49172710194692,-2.58640116890538
"1091","Chesterfield Inlet",-7.20773239328,-2.86133043495105
"1092","Chetumal",3.34426402642112,-0.258123606159811
"1093","Chevery",-3.22271499945366,-4.43272015632545
"1094","Cheyenne",-3.40494854364425,1.09536227044257
"1095","Chiai",3.25340485270784,-1.03249847707365
"1096","Chiang Mai",2.09634224281737,2.01564464511815
"1097","Chiang Rai",3.04280248183524,0.750907297463436
"1098","Chibemba",0.676529222779498,2.74764509080856
"1099","Chibia",0.598473936164464,2.22809583386838
"1100","Chicago",-2.55434547750267,-1.18339591067807
"1101","Chiclayo",1.32791061534577,2.46405383249126
"1102","Chico",-0.329104637403794,2.199870702599
"1103","Chicoutimi",-3.82708651391555,-2.27258118739073
"1104","Chifeng",-3.91294822583768,1.19290672045034
"1105","Chignik",-3.09584147990653,-2.09278060159004
"1106","Chihuahua",-0.919728416200996,3.01362760933466
"1107","Chilca",1.41947892255344,2.13210227564806
"1108","Childress",-1.42451968876439,1.55595014520322
"1109","Chilecito",-0.999045587723131,1.9542625468166
"1110","Chililabombwe",1.39370692101745,1.77798587028044
"1111","Chillan",0.0044197135965843,0.188500989039017
"1112","Chilpancingo",1.47118401781028,1.80685714115046
"1113","Chimbote",1.20202241798524,1.83199616555406
"1114","Chimboy",-3.03059627434315,2.21555309131994
"1115","Chimoio",1.84809037958608,0.195415311165439
"1116","Chinandega",5.13604052515024,0.736302895593738
"1117","Chincha Alta",1.30622884762084,2.43516515208441
"1118","Chingola",1.55844861810841,1.69013786867045
"1119","Chinhoyi",0.819575216901533,1.98769389130388
"1120","Chiniot",0.382192497593436,3.64866583913868
"1121","Chinsali",1.56939429627348,1.78984375617068
"1122","Chipata",1.22068746344721,2.09621789149379
"1123","Chiquinquira",1.70228302665437,-3.428844540856
"1124","Chirala",2.81517970463941,2.26519592902615
"1125","Chiramba",1.81425684154687,2.56793164932707
"1126","Chirchiq",-1.9285574171233,1.78486554369618
"1127","Chiredzi",0.932010915552915,2.02111677601056
"1128","Chisinau",-2.47934882710503,-0.490167206913954
"1129","Chistopol",-4.10121517295678,-0.893479185903338
"1130","Chita",-5.72880553584182,0.0674657122058574
"1131","Chitipa",1.60302190731658,1.26139960573624
"1132","Chitre",4.37900836702805,0.00816588054103942
"1133","Chittagong",4.97092924467765,-0.936876373097514
"1134","Chitungwiza",0.304252568193178,1.82049382424065
"1135","Chivilcoy",-0.305315821627847,-0.707827321355017
"1136","Chlef",-0.516643661066227,1.96019852863816
"1137","Cholpon Ata",-4.25635620595326,-0.242503209755115
"1138","Choluteca",4.25374306044042,1.76449536771806
"1139","Choma",0.652788984929456,1.96665267776302
"1140","Chon Buri",3.65120575239763,0.914022935866009
"1141","Chonchi",0.957571285626552,-4.89956048134873
"1142","Chone",3.161167043046,0.849565850182632
"1143","Chongjin",-2.87744522622157,-0.209446318044234
"1144","Chongju",-1.03028896405478,-0.923561724948303
"1145","Chongqing",0.389695884521694,0.77254324470079
"1146","Chos Malal",-2.15262912657071,1.28262548705708
"1147","Chosan",-2.7673674218809,-0.210834846537465
"1148","Chosica",0.843391295352413,1.89299174286723
"1149","Chota",0.181493706937475,0.11000490826381
"1150","Choybalsan",-5.52155870804194,0.850635893403941
"1151","Christchurch",-0.900911677859685,-2.13352090537814
"1152","Christiansted",2.91446065455372,-0.847443768763506
"1153","Chukai",7.41940209593819,-5.58830687532519
"1154","Chulucanas",2.47193119163461,3.01837346628803
"1155","Chumbicha",-0.35399383943633,1.90682776255637
"1156","Chumphon",4.48049065263855,-1.21805568925069
"1157","Chuncheon",-1.09588084732487,-0.618048205107549
"1158","Chungli",2.66871339575838,-4.11322760574409
"1159","Chuquicamata",-1.89276618614524,3.42902175360769
"1160","Chur",-2.03359930846909,-1.40822023327495
"1161","Chusovoy",-4.33999113474456,-1.7097889578858
"1162","Chuxiong",-0.476003071460189,0.935695892355235
"1163","Ciego de Avila",2.96698578272353,0.149083635980941
"1164","Cienaga",3.8883524716799,0.67254525893576
"1165","Cienfuegos",2.93006432239323,0.0681845845994831
"1166","Cilacap",6.12982130042595,-4.08507105182568
"1167","Cincinnati",-1.66620353134973,-1.58862478114554
"1168","Cirebon",5.61571552319475,-1.651356727762
"1169","Ciudad Bolivar",2.96782459994214,1.64242964108313
"1170","Ciudad Camargo",-0.396936892716057,3.42845205438902
"1171","Ciudad Constitucion",0.820095355701431,3.38541703687432
"1172","Ciudad Cortes",6.72377384672648,-2.55234714774036
"1173","Ciudad del Carmen",3.04864316221592,0.619857514685578
"1174","Ciudad del Este",2.25662025722295,-2.3623847917521
"1175","Ciudad Guayana",2.99948870119901,1.05704964527844
"1176","Ciudad Guzman",0.511965289947626,2.11882686712681
"1177","Ciudad Hidalgo",0.274305809391343,1.69837656885472
"1178","Ciudad JuÌÁrez",-1.1393987344317,3.05131906505593
"1179","Ciudad Madero",2.32210296064473,0.547282994349734
"1180","Ciudad Mante",2.11716929533763,1.33608019946684
"1181","Ciudad Obregon",0.891751337356796,3.14336158940944
"1182","Ciudad Valles",2.16606070948169,1.15435263164269
"1183","Ciudad Victoria",1.06627072798713,1.81760021291042
"1184","Civitavecchia",-0.547851571359658,0.267322508662495
"1185","Clare",-0.930891414541329,0.441213419738911
"1186","Clarksburg",-1.24661974848748,-1.97690535322693
"1187","Clarksville",-0.890637579657482,-1.80964124484289
"1188","Cleburne",-0.363675308622839,0.202005857005226
"1189","Clermont-Ferrand",-1.67545389696488,-1.18411069880612
"1190","Cleveland",-2.17243556729885,-1.75399936846862
"1191","Cliza",-0.606072094596619,0.457726882185756
"1192","Cloncurry",0.99133791846103,3.25421434233885
"1193","Clovis",-1.87376112286666,1.84221042344406
"1194","Cluj-Napoca",-2.56897771417602,-0.533429730810688
"1195","Coalcoman",1.38173082325573,1.68623650012966
"1196","Coari",4.43821989017235,-2.02882658813944
"1197","Coatzacoalcos",4.63587070226519,-1.57599632271083
"1198","Cobalt",-4.25602093552894,-2.11977922585245
"1199","Coban",3.1861934222161,-3.61810645204576
"1200","Cobija",3.16340051600757,0.132335861092975
"1201","Cobram",-1.01329953190276,0.375557913518579
"1202","Coburg",-2.18256575932461,-1.7973710075881
"1203","Cochabamba",-0.495386733501876,0.200667641700355
"1204","Cochin",7.48749304061851,-1.85959038494334
"1205","Cochrane",-4.37435312157735,-2.27248613310358
"1206","Cody",-3.70064152215965,1.2593701360729
"1207","Coffeyville",-1.20267349513224,0.0434142138654934
"1208","Coffs Harbour",1.77618480447718,-1.99542922889211
"1209","Coihaique",-0.975107612891839,-3.23257822669583
"1210","Coimbatore",2.34308189296141,2.14960421498708
"1211","Coimbra",-0.198213736953725,0.000583072500236812
"1212","Colac",-0.469496238286367,-1.22680722616724
"1213","Colesberg",-1.5404826813001,1.82333899643391
"1214","Colima",2.04317612365269,2.28464438168944
"1215","Colinas",3.45176787307001,1.51671395584323
"1216","Collipulli",-0.0800118444150189,-0.751325619308949
"1217","Colombo",4.94196103832031,-2.34713162121512
"1218","Colon1",6.79534407254942,-2.99437373032132
"1219","Colon2",3.02488038402765,-0.181321238881176
"1220","Colorado Springs",-3.25126120375034,1.30808273095685
"1221","Columbia1",-1.42786472116646,-1.14446161419404
"1222","Columbia2",-0.358821193256858,-1.15113999645836
"1223","Columbia3",0.00251166801534304,-1.24020693326926
"1224","Columbus1",-0.000168074657570585,-1.29574652090527
"1225","Columbus2",-1.98245988722201,-1.37457600919626
"1226","Comallo",-2.30164104598827,0.403053737496134
"1227","Comandante Fontana",1.2490521093445,0.753872558359005
"1228","Comayagua",2.29313176051672,1.36134606460597
"1229","Combarbala",-1.15433459237889,2.2869852624773
"1230","Comilla",3.96097759761,-0.599799603988159
"1231","Como",-1.1749110016534,-1.84335759883633
"1232","Comodoro Rivadavia",-1.85582517522553,0.0404266467309605
"1233","Comondante Luis Piedrabuena",-2.33813786107735,-0.31206757515656
"1234","Compostela",2.47548907099673,0.839775179548819
"1235","Conakry",10.1020424261605,-3.66599576626372
"1236","Concepcion del Uruguay",0.488051957786212,-1.24176463374742
"1237","Concepcion1",0.484910410658895,-1.04383157275772
"1238","Concepcion2",2.11771611350506,-0.149637079659283
"1239","Concord",-2.85123546911027,-2.43186067776866
"1240","Concordia1",0.48612130229167,-1.05791454571822
"1241","Concordia2",1.81223324711459,-3.56540968809673
"1242","Conselheiro Lafaiete",2.13632740037657,-0.156232768492135
"1243","Constanta",-2.24799051104375,-0.605499826451206
"1244","Constantine",-0.993826469710339,1.46789501871035
"1245","Constitucion",-0.0706935326022327,0.28961080913837
"1246","Contamana",3.66186313753347,-1.08762914049288
"1247","Conway",-0.231667235752669,-1.13676545702252
"1248","Cooma",-1.69377589205319,-0.58483566711862
"1249","Coos Bay",0.523264014806444,-1.69873326671756
"1250","Copenhagen",-2.29914497027021,-2.15578390144525
"1251","Copiapo",0.0952807623165978,3.35625524160279
"1252","Coquimbo",-0.171132979783545,2.6037669583097
"1253","Coracora",-1.10628580550297,0.73634562166021
"1254","Coral Gables",2.49518276556406,-0.915419516425274
"1255","Coral Springs",2.44906072529128,-1.14380080986047
"1256","Cordoba1",-0.266137107489193,0.716471398941032
"1257","Cordoba2",-0.721348018981095,2.19687467145019
"1258","Cordoba3",2.54130328703372,-0.42815323960577
"1259","Cordova",0.0532739113506441,-6.96550540964466
"1260","Cork",-0.548363478387802,-3.60792971791046
"1261","Corner Brook",-3.34577078944759,-3.32762620221212
"1262","Cornwall",-3.20308048734834,-2.09319690529136
"1263","Coro",2.56615884052947,1.25643499286221
"1264","Coronel",0.894034818159714,-1.5570750015387
"1265","Coronel Bogado",1.95728845362879,-2.20472634309636
"1266","Coronel Oviedo",2.35162428577695,-1.75918840054448
"1267","Coronel Suarez",-1.07744201959449,-0.338571319734512
"1268","Corpus Christi",0.825826360476217,0.318328609737791
"1269","Corrientes",1.30920500790098,-0.572299135240349
"1270","Corum",-2.31757331191151,0.980336237927143
"1271","Corumba",2.69244914257181,0.454085542987862
"1272","Corvallis",-0.102094878693141,-0.615924556831372
"1273","Cotabato",5.25170868907223,-2.51310361421829
"1274","Cotonou",3.72089296903266,0.56935653866079
"1275","Cottbus",-2.19378833317833,-1.24773522595537
"1276","Council Bluffs",-2.67776283582358,0.146973974310927
"1277","Courtenay",-0.278176549382734,-1.95830297833684
"1278","Coventry",-1.8489595633752,-1.95346434172923
"1279","Covilha",-0.518109674556726,0.203624116237173
"1280","Covington",-1.4768348108724,-1.53743323499519
"1281","Cowell",-0.644481652486313,0.495955646564081
"1282","Cowra",-0.735642529198928,-0.345820461930899
"1283","Craig",-3.92151982433152,0.242686760696496
"1284","Craiova",-1.9213298633727,-0.209596597610333
"1285","Cranbourne",-0.313425050386663,-1.63842731939951
"1286","Cranbrook",-3.48120619049176,-0.206168020976301
"1287","Crateus",3.46337087320469,2.5931018633448
"1288","Crato",3.02098357039488,2.436413684276
"1289","Crescent City",1.4551988474167,-2.0306332117416
"1290","Crestview",1.32997952306756,-2.31225702620437
"1291","Criciuma",2.06404906602397,-2.60839537027073
"1292","Cristalina",2.65212424207821,0.092126481895957
"1293","Crookston",-4.19950992786493,-0.11867241225127
"1294","Crotone",-0.0520756842852851,0.508433422048703
"1295","Cruzeiro do Sul",4.11499566830006,-1.82724443174051
"1296","Cuamba",1.76361501744433,2.13144575040268
"1297","Cuauhtemoc",-1.25450583206884,1.95794792581218
"1298","Cubal",1.86722537771103,1.82036301269764
"1299","Cucuta",3.28080603114704,-0.369772379052785
"1300","Cuddalore",3.51806937219065,1.70557121295516
"1301","Cuenca",-0.00927730727426139,-0.938931509780008
"1302","Cuencame",-0.14914838123348,3.08937082560046
"1303","Cuernavaca",1.75424085056633,2.15922575823393
"1304","Cuevo",1.05904872282547,0.897354895136491
"1305","Cuiaba",2.92698490774096,1.21977426893156
"1306","Culiacan",2.15118496733813,1.87815020599381
"1307","Cumana",3.06387725078921,1.27731743748317
"1308","Cumberland",-1.98186093577898,-1.15343407868241
"1309","Curanilahue",0.649686635218908,-1.56365186924705
"1310","Curepipe",2.9032355548672,-2.66068366074469
"1311","Curico",-0.329211753591825,1.42267982695028
"1312","Curitiba",1.31604849279343,-2.56826828672771
"1313","Curvelo",2.25032741139748,1.01906282022189
"1314","Cusco",-1.52003671872469,-0.222896665007655
"1315","Cutral Co",-1.9155594334481,1.49587595034522
"1316","Cuttack",3.07646419099962,1.57892309258805
"1317","Cyangugu",2.28496341772616,0.104594844650748
"1318","Da Lat",2.18647958273758,-1.06291840588742
"1319","Da Nang",5.60063500307982,-1.54334415074039
"1320","Daan",-4.36734426778665,0.738882020794033
"1321","Dabou",4.81539888256079,-0.58430434329861
"1322","Daegu",-1.07476496669992,0.0200936821895748
"1323","Daejeon",-0.641724256639071,-0.800315104915614
"1324","Dagupan",5.20491343879693,0.224927697838791
"1325","Dakar",2.29878271612186,2.1177874614428
"1326","Dalandzadgad",-5.08483887710368,1.70632756014008
"1327","Dalby",0.1173828080561,0.643853876990215
"1328","Dalhart",-2.13815734865322,1.87872799190993
"1329","Dali1",-1.80000840959571,1.24473537545287
"1330","Dali2",-0.727772049161611,0.532798078639921
"1331","Dalian",-1.89342686631459,-0.395730695354509
"1332","Dallas",-0.408177582425531,0.321987091332861
"1333","Dalnegorsk",-4.34523982576952,-0.76083502241846
"1334","Dalnerechensk",-4.55141264147678,-0.419065088440849
"1335","Daloa",3.0691942308502,0.541129729653262
"1336","Dalton",-0.401951119929831,-2.02410115659724
"1337","DamanhÌÈr",-0.216778456560698,2.43884154850874
"1338","Damascus",-1.34486163674008,2.40213461945521
"1339","Dandong",-1.60438862522182,-0.735649407274029
"1340","Dangriga",4.67273297789709,-2.17914299641441
"1341","Danjiangkou",-1.08892015647751,0.787903129544629
"1342","Danville",-0.616783890486841,-1.56642093462432
"1343","Daqing",-4.87700638464568,0.570303349820665
"1344","Dar es Salaam",3.15650396443875,0.555724788301739
"1345","Darnah",-0.0254944526892074,1.54430081627706
"1346","Darregueira",-1.20132944214411,0.166156728255406
"1347","Darwin",4.19665989551805,1.29799373277982
"1348","Dasoguz",-2.85397101115009,2.61913575625905
"1349","Datong",-3.95765082426768,1.26410203781523
"1350","Daugavpils",-3.08821123266781,-1.51097346448433
"1351","Dauphin",-4.6971440032464,-0.720813095769511
"1352","Davangere",1.72393210264198,2.80461438826625
"1353","Davao",4.77339844440066,-2.67788607159064
"1354","Davenport",-2.57811713067111,-0.720174824947972
"1355","David",5.08427714490795,-1.06243160684328
"1356","Dawei",8.07716457356379,-1.49872925742141
"1357","Dawmat al Jandal",-1.28062428454826,4.06643690558251
"1358","Dawson Creek",-4.01909081922302,-0.953723314105874
"1359","Dayr az Azwr",-1.18991304101495,3.75985178301177
"1360","Dayton",-2.08533270438449,-1.55132368013331
"1361","Daytona Beach",1.65120594744458,-1.17759122666773
"1362","De Aar",-1.38733329704014,2.09419343712443
"1363","Debre Birhan",0.697393436959824,0.720830142830114
"1364","Debre Markos",1.91744525447207,-0.610583565038286
"1365","Debrecen",-2.30364177105142,-0.550547438906367
"1366","Decatur",-2.14417695636338,-1.02783798219332
"1367","Deer Lake",-2.82447162035973,-3.15942236408129
"1368","Dehibat",-0.880525623043864,3.35171340752659
"1369","Dehra Dun",2.18067091511269,1.17336925450578
"1370","Del Rio",-0.325925706236381,2.05315480267463
"1371","Delano",-0.81067577080335,3.38499978849596
"1372","Delhi",1.35420313853145,3.33452279458768
"1373","Delicias",-0.509540215280403,3.38289781610894
"1374","Demba",3.15648023255327,-0.41529924964075
"1375","Dembi Dolo",2.05847458483271,-0.677995662824152
"1376","Deming",-1.0690492906685,2.94505307991204
"1377","Dengzhou",-0.963884010098289,0.623499177551114
"1378","Deniliquin",-0.977993441348802,0.578719520362837
"1379","Denizli",-1.1546269251397,1.70858562380087
"1380","Denow",-1.37985496724792,2.46157883386898
"1381","Denpasar",4.73598764431254,-2.2082956939467
"1382","Denton",-0.664827570953656,0.257115730086357
"1383","Denver",-3.45825873922895,1.10917944373704
"1384","Dera Ghazi Khan",0.269349845521278,4.13557888669789
"1385","Dera Ismail Khan",0.151027793801025,3.86461331507458
"1386","Derbent",-1.79816859674117,0.0963663646470669
"1387","Derzhavinsk",-4.88709391981437,-0.103630255677818
"1388","Des Moines",-2.79554769188981,-0.31592530155495
"1389","Desaguadero",-1.58949003861584,0.00967816447033609
"1390","Dese",0.873170538366586,0.461512527685038
"1391","Detroit",-2.70155733030704,-1.41304353714665
"1392","Devils Lake",-4.43933529516466,-0.0426011578856351
"1393","Devonport",-0.213446915999313,-2.10994284488985
"1394","Deyang",0.00203595436056063,0.444337963440495
"1395","Dezful",-0.220585900587947,4.50224700714955
"1396","Dezhou",-1.81640086171107,1.51750988447254
"1397","Dhaka",3.91460596712801,-0.08395546219856
"1398","Dhamar",-0.428932261428112,2.30344304499296
"1399","Dhanbad",1.98497875280976,2.24081343006184
"1400","Dhule",1.7270357925784,3.76367863750864
"1401","Diamantina",1.70582925463128,0.246733333384242
"1402","Dibaya",2.88019465141899,0.0496175802454558
"1403","Dibrugarh",4.84288398596663,-2.05326119554125
"1404","Dickinson",-3.94886198759843,0.586347950731274
"1405","Dieppe",-1.30231591368868,-2.43351495145734
"1406","Diffa",1.47039012059293,4.69979463078884
"1407","Digby",-2.27019664292884,-3.34920525776371
"1408","Dijon",-1.81070944880915,-1.64165353925814
"1409","Dila",1.29349713991536,-0.650812056443442
"1410","Dili",3.28551412364452,0.969852594323649
"1411","Dillingham",-3.52238496325237,-2.41502307502254
"1412","Dillon",-3.85773528840672,1.03297026639773
"1413","Dilolo",1.81620730074626,1.59800334032473
"1414","Dimbokro",2.96250951716432,0.974911718275536
"1415","Dimitrovgrad",-3.96948160271238,-1.07735412545553
"1416","Dindigul",2.54982948918235,2.46791586135102
"1417","Dingzhou",-1.8514381837373,1.68121081625376
"1418","Diourbel",2.50473993901739,3.76580491113725
"1419","Dire Dawa",1.61848412846355,2.1382067134644
"1420","Dirj",-0.936925334160959,3.74055109238037
"1421","DÌùsseldorf",-1.53769571526653,-2.17519005904301
"1422","Divinopolis",2.36185503134453,0.327901916003014
"1423","Diyarbakir",-1.72942257268793,2.60680297230969
"1424","Djambala",3.73409551753937,-1.55494332537895
"1425","Djanet",-0.979592216225137,3.89863411931932
"1426","Djelfa",-1.89553179744086,1.89490039543597
"1427","Djenne",2.31199149166414,4.13776182595987
"1428","Djibouti",1.91622170705474,3.5564356662419
"1429","Djougou",3.15546245750182,1.6697850840856
"1430","Dnipropetrovsk",-2.87866487234457,-0.678394070722284
"1431","Doba",3.34710567792416,2.1643656569128
"1432","Dobrich",-2.32131110337978,-0.60691080842561
"1433","Dodge City",-2.46506167547099,1.33009175089562
"1434","Dodoma",1.21365715136517,2.68839182928857
"1435","Doha",0.222212632954739,3.70275878514693
"1436","Dolbeau",-4.08088219174785,-2.0281776063269
"1437","Dolinsk",-3.38264373426843,-3.22881889062459
"1438","Dolo Bay",2.67074085722893,3.78315630427753
"1439","Dolores",-0.269758134565441,-1.42906562618046
"1440","Dombarovskiy",-4.60461104561986,0.0177644928362409
"1441","Dondo1",3.00436569023225,0.150412957271249
"1442","Dondo2",2.55274620056094,2.13864005666252
"1443","Donegal",-0.314958935608044,-4.28775230987626
"1444","Donetsk",-2.7824682387037,-0.544934113628654
"1445","Dong Hoi",4.55864261368037,-0.891309558502537
"1446","Dongola",0.793937043987966,6.18607863666001
"1447","Dortmund",-1.6007106021552,-2.39702604469199
"1448","Dosso",2.33831788669928,4.15395714118879
"1449","Dothan",0.69288322296451,-1.48650617776924
"1450","Douala",7.15262968113151,-3.1847524643738
"1451","Douglas1",0.559000695416793,-1.11395681843475
"1452","Douglas2",-3.4478324054049,1.32294122747001
"1453","Douglas3",-1.10073885738364,-3.39185853103828
"1454","Douglas4",-0.689770383785459,2.93923562306171
"1455","Dourados",2.05836977867187,-0.519339335404058
"1456","Dover1",-0.993658528470834,-2.05352252940792
"1457","Dover2",-1.48907009422448,-2.4336260237249
"1458","Drammen",-2.79498077957337,-2.27550892070202
"1459","Dresden",-2.16347133772454,-1.43763266848894
"1460","Drobeta-Turnu Severin",-2.11073827110374,-0.594031149252875
"1461","Drogheda",-1.08865586486533,-3.16977975552431
"1462","Drohobych",-2.4403714420422,-1.32930661683262
"1463","Drummondville",-3.12608205052045,-2.44424306770132
"1464","Dryden",-4.60601075357002,-1.10763734449863
"1465","Dubayy",0.875834799490502,4.11763598922562
"1466","Dubbo",-0.512558782526602,0.218017693335333
"1467","Dublin1",0.112784253511307,-1.13488799538634
"1468","Dublin2",-1.10415875908968,-3.19140077428876
"1469","Dubrovnik",0.00784477910782025,-0.955817803651561
"1470","Dubuque",-2.91841756911783,-0.560565907034216
"1471","Dudinka",-6.72130733936009,-2.78716108328256
"1472","Duisburg",-1.53877221342445,-2.0264733760917
"1473","Duitama",1.06952160498922,-1.96442707483056
"1474","Duluth",-3.88509477891109,-0.716200343239963
"1475","Duma",-1.293910170545,2.66241886130592
"1476","Dumas",-2.06253048196039,1.79946802946545
"1477","Dumfries",-0.965771644293959,-3.46771226271589
"1478","Dumyat",-0.294223322545062,2.49259751313991
"1479","Dund-Us",-5.69595470739156,0.958241050103576
"1480","Dundalk",-1.0505430574161,-3.23725139607633
"1481","Dundee",-1.66898081923486,-2.90543070996302
"1482","Dundo",2.81259401556145,0.483404034980997
"1483","Dunedin",-1.03972130557788,-2.85600243903763
"1484","Dunhua",-4.12723892362956,-0.198430061756568
"1485","Dunhuang",-3.60149246650231,2.89253018664969
"1486","Duque de Caxias",2.49755575550585,-0.420504900703198
"1487","Durango1",-0.39655033517508,2.48334683868474
"1488","Durango2",-2.93322948615221,1.12237850117742
"1489","Durazno",0.556202148670157,-2.10512788370764
"1490","Durban",1.1246188761582,0.0856844104279392
"1491","Durham",-0.433686723222993,-1.63624057486164
"1492","Durres",-0.187319954899275,-0.166213636000434
"1493","Dushanbe",-1.36557800965455,1.61945247162611
"1494","Dyatkovo",-3.31596357576614,-1.48702225603954
"1495","Dzaoudzi",3.51064346551528,-0.282625566999186
"1496","Dzerzhinsk",-3.66289822985515,-1.30696184333713
"1497","Dzhankoy",-2.11140339843359,0.0571919330061817
"1498","Dzuunharaa",-5.62510658909509,0.710412217218684
"1499","Eagle",-5.54220889331489,-0.71798466175469
"1500","Eagle Pass",-0.127047045820177,2.07074309575653
"1501","East London",0.812627791361525,-0.230243347706681
"1502","Eastmain",-5.2796945189832,-2.64568897586699
"1503","Eau Claire",-3.35427436434033,-0.546720136115285
"1504","Ebolowa",3.50169402672924,-1.19410798774175
"1505","Echuca",-1.04516432978376,0.450282566092244
"1506","Ed Damazin",2.74651572705646,3.05391938127026
"1507","Ed Dueim",1.89350409249633,4.8191690622697
"1508","EdDamer",1.4456838170777,5.52313040170325
"1509","Edea",5.56389950340846,-1.93829270467179
"1510","Edinburg",0.698814206206583,1.70260932333261
"1511","Edinburgh",-1.67305398827167,-2.53755518874517
"1512","Edirne",-1.62491595611268,0.298574018788226
"1513","Edmonton",-4.33935852785078,-0.560472201476334
"1514","Edmundston",-3.70708747561945,-2.34432690120707
"1515","Egilsstadir",-2.48621023385762,-3.25656028175536
"1516","Eindhoven",-1.87633506932614,-2.12640361202194
"1517","Eirunepe",3.89447791652266,-1.08694613572272
"1518","Ekibastuz",-4.95736304134501,0.197503748454914
"1519","El Alamein",-0.195192749784297,2.82123405070191
"1520","El Arish",-0.187555591788912,2.49190836997849
"1521","El Banco",4.92494598075902,-0.464910629476944
"1522","El Bayadh",-1.96155006358519,2.22252497704966
"1523","El Calafate",-2.8878961428497,-1.2248398649928
"1524","El Carmen de Bolivar",3.3157635776427,0.387818032307098
"1525","El Centro",-0.430628509417232,4.10312475078874
"1526","El Daba",-0.129464298871265,2.48931505686357
"1527","El Dorado1",0.191424546753603,-1.42400604911854
"1528","El Dorado2",3.75431644429474,-0.971559867312694
"1529","El Faiyum",-0.700529950239515,3.82317176558594
"1530","El Fasher",1.02374492782494,4.4756825022509
"1531","El Fuerte",1.40254412628343,2.77871371686147
"1532","El Giza",-0.734503514718083,3.70889698183111
"1533","El Golea",-1.00815794567229,4.10016957885044
"1534","El Jadida",0.215534781694835,1.11309521088945
"1535","El Kef",-1.13888133910712,1.42947589644119
"1536","El Maiten",-1.82411512467123,-0.841909996726813
"1537","El Manaqil",2.00325413672814,4.75244934809708
"1538","El Mansura",-0.514895466233522,2.93809872347767
"1539","El Manteco",3.27902434079183,0.445335697088512
"1540","El Minya",-0.596914014622491,4.53750583672409
"1541","El Obeid",1.51875854092034,4.34719403854358
"1542","El Oued",-0.90004536389655,3.71313082991074
"1543","El Paso",-1.1489653392377,3.03276162238541
"1544","El Suweis",-0.532217704204893,3.68501690034205
"1545","El Tigre",2.77300596457955,1.80663995596725
"1546","El Tur",0.0224529726339311,4.56320785756395
"1547","Elazig",-2.33391784245332,2.06481620092328
"1548","Elbasan",-0.806559781989063,0.120220642085996
"1549","Elblag",-2.27708671395878,-1.63940771701171
"1550","Eldama Ravine",1.49971091937888,-0.851449199376506
"1551","Eldorado",1.98054314101025,1.76146835417415
"1552","Eldoret",1.31555438464616,-0.524623990622554
"1553","Elgin",-2.69658594113508,-1.06319730967871
"1554","Elista",-3.13773243438513,0.416953512771138
"1555","Elk",-2.8000619320727,-1.21645739921556
"1556","Elkhart",-2.28753215536511,-1.38133744146667
"1557","Elko",-3.25313106145496,1.51159248290326
"1558","Elmira",-2.53191571824259,-1.2692261763792
"1559","Ely1",-3.5443186996035,1.01883142067253
"1560","Ely2",-4.2932931593482,-1.03208995392421
"1561","Embi",-4.57866001758957,0.197221047252432
"1562","Embu",2.47951135957232,0.561308482768243
"1563","Emden",-1.62596561555433,-2.22938223056799
"1564","Emerald",0.811645771585356,1.61101348061251
"1565","Emmonak",-4.34766879316347,-2.57189311442737
"1566","Emporia",-1.86127150433706,0.301729067200025
"1567","En Nuhud",1.54274198903169,4.11346689542461
"1568","Encarnacion",1.9100577772538,-2.56346683967394
"1569","Ende",3.79733700079883,-0.150047599570214
"1570","Engels",-3.55849115691805,-0.38918922643023
"1571","Enid",-1.60182375213729,0.79071212256074
"1572","Ensenada",-0.153061826057901,2.24182741858609
"1573","Entebbe",3.56095952620876,-2.906584879297
"1574","Enterprise",0.44114445460384,-1.89649942674373
"1575","Enugu",3.9520899954398,0.472799668511655
"1576","Er Rachidia",-1.15268166751863,3.38167604372928
"1577","Erechim",1.83149437753723,-4.02558915629995
"1578","Eregli",-2.13238401564936,1.77008375338091
"1579","Erenhot",-5.00166645517152,1.84696706016154
"1580","Erfurt",-2.47576042697858,-1.00274167242589
"1581","Ergun Zuoqi",-6.1961298899952,-0.241552889379818
"1582","Erie",-2.16741857624098,-2.36421705586463
"1583","Ertis",-5.011022257009,-0.0214136347133091
"1584","Erymentau",-4.76351020539935,-0.433677292041622
"1585","Erzincan",-2.73097092241738,1.0654239168439
"1586","Erzurum",-3.45555178111049,0.267817590009961
"1587","Esbjerg",-1.68079211759324,-2.56755315697776
"1588","Escanaba",-3.20986569171846,-1.55391451031855
"1589","Escuinapa",3.15381692404348,0.890675501393355
"1590","Escuintla",3.93454972822309,0.968068185467712
"1591","Eseka",4.43543285311677,-1.04222475745411
"1592","Esik",-3.40989058570374,-0.155965604588046
"1593","Esil",-4.89601181965631,-0.0419385740770197
"1594","Eskisehir",-2.27618162015947,1.03077881059469
"1595","Esmeraldas",2.98483592726952,0.17265828699942
"1596","Esperance",0.194825326994569,-0.28250969138992
"1597","Esperanza",0.942385526582725,3.24926887395825
"1598","Espungabera",1.21755170976804,0.190877968960167
"1599","Esquel",-1.71078057516163,-1.41162953217652
"1600","Essen",-1.54969701840166,-2.3103624243611
"1601","Estancia",4.02203618742792,-1.07762959106985
"1602","Esteli",2.28241243819258,1.29314404449147
"1603","Etawah",1.47612771365423,3.40235324645715
"1604","Eugene",-0.660855857806384,-0.179835378562517
"1605","Eumseong",-0.941321792889619,-0.502583992282462
"1606","Eureka",0.37839998211613,-0.775948378372875
"1607","Evanston",-2.54654682266724,-1.36602848478923
"1608","Evansville",-1.0836594620321,-1.41277537463226
"1609","Everett",-0.923893188967,-0.994184945168104
"1610","Ewo",3.27191455659367,-0.35474536950111
"1611","Exeter",-0.964308438285714,-2.67390444236971
"1612","Exmouth",1.19187775930119,2.02551993632954
"1613","Eyl",2.33520479818025,3.34332155692936
"1614","Eyumojok",5.46235545070735,-1.3426917824282
"1615","Fada",0.871881012450717,5.48805864893416
"1616","Fairbanks",-5.44724368806166,-0.737998043588526
"1617","Faisalabad",0.339957965082062,3.86977127988759
"1618","Faizabad",1.86866652486071,2.72447608718277
"1619","Falfurrias",0.697371807878965,1.34501410855124
"1620","Farafangana",4.11356670984562,-3.03122166442548
"1621","Farah",-0.952054423906115,4.86885527155965
"1622","Faranah",3.58554757974533,1.29683268651258
"1623","Fargo",-4.21344813680463,-0.107033306060311
"1624","Fargona",-2.18000110148245,1.74478753793498
"1625","Faribault",-3.31431410029423,-0.40495460428084
"1626","Farmington",-2.48936829578195,2.06604160659398
"1627","Faro",0.144773802778124,0.66183766286891
"1628","Fasa",-1.24913309629967,3.91546512652473
"1629","Fatehpur",1.94711992003676,3.33989013488386
"1630","Fayetteville1",-0.0179097800469162,-1.51313623854964
"1631","Fayetteville2",-1.25117384489818,-1.20930581087941
"1632","Feira de Santana",2.44976589067013,-0.348607970845741
"1633","Felipe Carrillo Puerto",3.10826464169269,-0.0851207247851307
"1634","Fengcheng",0.782579907819301,-0.778627958690059
"1635","Fengjie",-0.424617027557802,0.368703855198711
"1636","Fengshan",3.49909249215111,-0.815915332610827
"1637","Fengzhen",-4.21028253257584,1.17137029687997
"1638","Ferkessedougou",3.17305116585494,1.75952117951972
"1639","Fernandopolis",2.46535003174901,0.461179863762322
"1640","Ferrara",-1.65136095492356,-0.646207350001991
"1641","Ferrenafe",1.6190764702293,2.63090204092747
"1642","Feyzabad",-2.61240621668439,1.86235616939751
"1643","Fez",-0.293474182908413,2.21795298345037
"1644","Fianarantsoa",1.37159894197501,-0.281377679221703
"1645","Filadelfia",1.70016036534056,1.29207004004099
"1646","Finnsnes",-2.73375885377807,-3.47513536036903
"1647","Firozabad",1.31991037657729,3.52328213552605
"1648","Flagstaff",-2.38140646423943,1.28900560392271
"1649","Flensburg",-1.74987666773974,-2.51016180336949
"1650","Flin Flon",-5.47410351935131,-0.939212247294784
"1651","Flint",-2.86157962673242,-1.0523789450185
"1652","Florence1",0.123923377471215,-1.28789621426261
"1653","Florence2",-0.298393411668565,-1.85951417543824
"1654","Florence3",-0.865123941713721,-0.336783936460591
"1655","Florencia",5.89003223335388,-3.95758445994649
"1656","Flores",3.1724550162631,-0.26124085732525
"1657","Floriano",3.5908020898639,1.95764264410865
"1658","Florianopolis",2.28835297676692,-2.76705628104741
"1659","Focsani",-2.41108901249551,-0.144791700970229
"1660","Foggia",-1.05519156410778,0.330159039833221
"1661","Fond du Lac",-3.2242236657386,-0.644503665109755
"1662","Fonte Boa",5.14979560021309,-4.44498728177234
"1663","Forbes",-0.74937810244787,0.201902607292401
"1664","Formiga",1.85748757371943,0.373742991896215
"1665","Formosa1",1.5256223915617,-0.525627761410933
"1666","Formosa2",2.652369920137,0.739429604012531
"1667","Fort Chipewyan",-5.51642229940903,-1.07351109352752
"1668","Fort Collins",-3.20065830911634,1.34729667091198
"1669","Fort Good Hope",-6.18165739790109,-1.07682947317773
"1670","Fort Lauderdale",2.43550012011474,-1.07460614835629
"1671","Fort McMurray",-4.89626984479727,-0.817309630294569
"1672","Fort Pierce",2.22723680104937,-1.24586666773991
"1673","Fort Resolution",-6.3830196862739,-1.66262031266217
"1674","Fort Severn",-6.35080705389763,-2.66098880138496
"1675","Fort Shevchenko",-2.83045102247242,-0.0290836149487052
"1676","Fort Simpson",-6.07316376419332,-1.21855044822296
"1677","Fort Smith1",-0.855425299516549,-0.944571001412241
"1678","Fort Smith2",-5.62017950203237,-0.992314325635767
"1679","Fort St. John",-4.11768652028836,-1.18198811692819
"1680","Fort Stockton",-1.12981537936513,2.31708974047469
"1681","Fort Wayne",-2.37132271028679,-1.30427880487116
"1682","Fort Yukon",-6.07430433802055,-0.744399943581946
"1683","Fort-de-France",4.69550536037042,-3.56578026852164
"1684","Fortaleza",4.21052990532758,1.04224554204296
"1685","Foshan",1.91194189845519,-0.383735095217248
"1686","Foumban",2.98741332201593,-0.0344118271603342
"1687","Foz do Iguacu",2.06646604028655,-2.17736890213921
"1688","Franca",2.58933091010692,-0.818668114980222
"1689","Franceville",3.5823800359135,-0.521365880871765
"1690","Francistown",-0.0186974267731197,2.59163060309166
"1691","Frankfort",-1.02963175309013,-1.74120148816403
"1692","Frankfurt",-1.93124667372408,-1.56343609735266
"1693","Fredericksburg",-1.10649293371691,-1.52840494386712
"1694","Fredericton",-3.1363534000117,-3.31396153302378
"1695","Frederikshavn",-2.31711814229543,-2.54412920316721
"1696","Freeport1",1.26339403749534,-1.46249027269142
"1697","Freeport2",2.56124374138943,-1.15067636955285
"1698","Freetown",8.10181390400016,-2.77409980665996
"1699","Freiburg",-1.48774822576628,-2.04297813282613
"1700","Fresnillo",-0.516480018075277,2.32947984435789
"1701","Fresno",-0.828153379841002,3.08638090569377
"1702","Fria",6.34127789336421,-0.498904874582578
"1703","Frias",-0.0187669069404997,1.62002667311812
"1704","Frolovo",-3.39762950049639,-0.264494239859356
"1705","Frontera",3.7386728014485,-0.52667638580559
"1706","Frutal",2.56054712476504,0.72317175112653
"1707","Ft. Dodge",-2.97254047507873,-0.395762876628804
"1708","Ft. Myers",2.16395729829277,-0.410987305445637
"1709","Ft. Worth",-0.582624487271412,0.35722297508445
"1710","Fuan",0.866565088314625,-0.464498131093106
"1711","Fujin",-4.84690496197214,-0.121917016183723
"1712","Fukui",0.810132672108662,-4.93249669641898
"1713","Fukuoka",1.09212596615493,-2.02734465892295
"1714","Fukushima",-1.08259370995126,-1.30986084550554
"1715","Fulin",-0.754989802952781,0.708172574036885
"1716","Funchal",1.6030245330732,-1.72225479372518
"1717","Funtua",2.19079964704545,2.70994264012608
"1718","Furth",-2.26139685452615,-1.30965900919593
"1719","Fushun",-3.07723308356391,0.0809912395688507
"1720","Fuxin",-3.2816618833749,0.91335037438479
"1721","Fuyang",-0.762315553356938,0.289782105123233
"1722","Fuyu",-4.32377892324025,0.626761523065238
"1723","Fuzhou",0.847536310934499,-0.119799556072916
"1724","Gaalkacyo",2.13213595232496,3.92538368145665
"1725","Gabes",-0.108188426171581,2.79261982686765
"1726","Gaborone",-0.298143327416528,2.44389951624515
"1727","Gadsden",-0.168389705194318,-1.76565958302257
"1728","Gafsa",-0.733881056307028,3.05181404714891
"1729","Gagnoa",3.15053817223479,0.00276430181452433
"1730","Gainesville",1.37097048017886,-0.967325438505792
"1731","Galati",-2.51997732906319,-0.0941971493665608
"1732","Galesburg",-2.36769640079994,-0.851745338698629
"1733","Galle",5.68720534672003,-3.45623140317762
"1734","Gallup",-2.460061096129,1.76598897568581
"1735","Galveston",1.0881973077053,-1.38370091688548
"1736","Galway",-0.516727794325335,-3.82581435438487
"1737","Gamba",3.42165423335434,-0.0472693664751664
"1738","Ganca",-2.09007648670571,0.854808939725724
"1739","Gandajika",2.99069858942461,0.403460101591682
"1740","Gander",-2.55216793096734,-4.38978967659716
"1741","Gandhinagar",1.90127722223454,3.97268285215332
"1742","Gangneung",-0.529019885785235,-1.89244670536161
"1743","Gangtok",2.50272114036056,-1.66755310331052
"1744","Gannan",-4.71826507550865,0.384639281933882
"1745","Ganzhou",0.548988401522057,-0.243890657227766
"1746","Gao",1.79588443136729,5.22631747736131
"1747","Garanhuns",2.1547488630284,0.149736185916265
"1748","Garca",2.32127859232826,-0.585396074162023
"1749","Garden City",-2.5246828265862,1.57131949316357
"1750","Gardiz",-3.36554703225951,1.69179560439084
"1751","Garissa",2.23371787885185,2.99643136559862
"1752","Garoowe",1.73940951104729,3.93353214963684
"1753","Garoua",2.60029208332499,3.2265754618072
"1754","Gary",-2.46207488934306,-1.34790826710739
"1755","Garzon",2.72756842713242,-1.14793688830142
"1756","Gashua",1.6659599393776,4.43678781678552
"1757","Gaspe",-3.71968605747852,-4.02886404425781
"1758","Gatchina",-3.44672280544117,-1.71276092727529
"1759","Gavle",-2.98182767713997,-1.78420356501126
"1760","Gawler",-0.536991338109258,0.17420306276843
"1761","Gay",-4.60992576700553,-0.572745444451431
"1762","Gaya1",2.76514790411766,3.74478070975189
"1763","Gaya2",1.75505922304965,2.81153637925926
"1764","Gaza",0.16256339982759,2.21347627408845
"1765","Gaziantep",-1.81472810041163,2.11379745672715
"1766","Gbadolite",3.03308060291356,0.239016879915355
"1767","Gbarnga",4.9173815324389,-1.31414245886332
"1768","Gdansk",-2.50246919928484,-1.49131975948293
"1769","Gdynia",-2.49279334712765,-1.59358480171624
"1770","Gedaref",2.42878001733814,3.94456087197479
"1771","Geelong",-0.641935690786948,-1.08838727602147
"1772","Geita",1.92887980828452,1.06851389166493
"1773","Gejiu",0.0445404252670527,-0.39246191246819
"1774","Gelendzhik",-1.43554510823854,-1.05840265875028
"1775","Gemena",3.4635709160219,-0.660730457527734
"1776","Geneina",1.58448846465577,4.04441396595366
"1777","General Conesa",-1.51759139987602,0.884364771690146
"1778","General Guemes",0.657904621994135,1.02275723491769
"1779","General Pico",-0.685136452068167,0.155690795586657
"1780","General Roca",-1.67544963981147,1.38777878414651
"1781","General Santos",3.55403960840684,-0.554293715542066
"1782","Geneva",-1.41748222853403,-2.35505299610469
"1783","Genoa",-0.559953065340423,-0.944984807752001
"1784","Gent",-1.38097411543401,-2.02471808455023
"1785","George",-0.22437218757068,-0.012271086139265
"1786","George Town2",5.74452553300074,-3.42599262091556
"1787","Georgetown1",4.77957490708781,-2.6090005775708
"1788","Georgetown2",2.1414965312651,2.6078519196753
"1789","Georgievsk",-2.48815173372488,0.165958197937713
"1790","Gera",-2.32955604524376,-1.24666950733932
"1791","Geraldton1",0.638829753932936,1.54148094389192
"1792","Geraldton2",-4.86706790502177,-1.96109380465903
"1793","Ghadamis",-0.90870563119077,3.94402481024654
"1794","Ghanzi",-0.115747280261196,2.75524274082497
"1795","Ghardaia",-1.1179596485664,3.50817784322104
"1796","Gharyan",-1.05756798450014,2.17787760510123
"1797","Ghat",-0.845192535051788,4.33890264753071
"1798","Ghaziabad",0.929660122491956,3.50032830843273
"1799","Ghazni",-3.41694410534885,2.23839832674605
"1800","Gibraltar",0.162606704837911,1.10783921664384
"1801","Giessen",-2.02451209156888,-1.64501478360601
"1802","Gifu",0.498906332031697,-2.07600333588752
"1803","Gijon",-0.074418962373291,-1.47081884520911
"1804","Gila Bend",0.195912374474338,4.24234890236808
"1805","Gilgit",-3.67170353743472,0.939173344161183
"1806","Gillette",-3.57796604818317,1.08108143200118
"1807","Gimbi",2.36750692564361,-0.433348889635829
"1808","Gimli",-4.82102679652739,-0.70565817979038
"1809","Gingin",0.420107243433008,1.08333139965609
"1810","Gingoog",4.45044929259079,-1.73982170015567
"1811","Girardot",3.74138996544719,-0.306548203002654
"1812","Gisborne",0.791046985471954,-3.28783811347526
"1813","Gitarama",1.9398761479991,-0.0636296378756595
"1814","Gitega",1.72543072949679,0.402883214600103
"1815","Giyon",1.39233632782053,0.130743875647441
"1816","Gjovik",-3.12004966832732,-1.80015231203331
"1817","Gladstone",1.7593478448945,-0.248259992551963
"1818","Glasgow1",-3.96480864886785,0.971909795642807
"1819","Glasgow2",-0.942002487095429,-3.68652890740177
"1820","Glazov",-4.19208624627142,-1.48795563958198
"1821","Glendale",-0.16627503379777,3.86849390058563
"1822","Glendive",-3.77500393601101,1.11071619143066
"1823","Glenwood Springs",-3.38319925406275,0.902504510843157
"1824","Gliwice",-2.21234645833646,-1.50671453121434
"1825","Goba",0.24232124649654,-0.268288174023257
"1826","Gogrial",3.02626179461236,2.34543299360138
"1827","Goiana",4.0325782720813,-0.718032334716068
"1828","Goianesia",2.7788213239826,1.19393524478948
"1829","Goiania",2.63993878429612,0.876349742240246
"1830","Gold Coast",2.00532964515389,-1.8872990254875
"1831","Goldsboro",0.176836014328125,-1.68417289768698
"1832","Golela",0.684414489870812,1.47664428343243
"1833","Golmud",-4.71271379108381,1.89930730960017
"1834","Golyshmanovo",-4.84572572577991,-0.685532085567211
"1835","Goma",1.68817020363683,-0.793879234718883
"1836","Gombe",2.03471072424769,3.22090805158678
"1837","Gomez Palacio",-0.0842760423146553,3.48753036767758
"1838","Gonaives",3.02392245070859,-0.19937847163877
"1839","Gonbad-e Kavus",-0.901047085920509,2.24471860173374
"1840","Gonder",1.2729257271687,0.966567229812901
"1841","Goodland",-2.6764755812921,1.47150555941541
"1842","Goondiwindi",0.0825737941697308,0.852359504309672
"1843","Gorakhpur",2.1900799850901,2.22403513901622
"1844","Gorgan",-0.844799048338567,2.00107393311894
"1845","Gorno Altaysk",-4.23856096538969,-0.718039566454097
"1846","Gornyak",-4.59085371148503,-0.435434989743874
"1847","Goroka",3.39921871882305,-3.77912447065487
"1848","Gorontalo",4.06772212003098,-1.63147149291881
"1849","Gorzow Wielkopolski",-2.34747333351975,-1.23394049889822
"1850","Goteborg",-2.33371278881119,-2.65673174981825
"1851","Gottingen",-2.10354825959374,-1.71945295524226
"1852","Goulburn",-1.23742779994416,-0.955983804325846
"1853","Goulimine",-0.304167496722076,2.59424463113237
"1854","Goundam",1.3524723092045,4.95774972198715
"1855","Goure",1.36216641662706,4.53925981901059
"1856","Governador Valadares",2.49062252782148,1.26774941643644
"1857","Goya",0.657626048848556,-0.0948920619005017
"1858","Goycay",-1.91969088441591,0.772119480011606
"1859","Graaff Reinet",-0.84733804530512,1.88858634723485
"1860","Grafton",0.905631583856669,-0.603450169343444
"1861","Grahamstown",-0.242232709046789,-0.304611203392474
"1862","Granada1",3.58674546443895,1.61262420987343
"1863","Granada2",-1.42347695213815,1.73304727728408
"1864","Grand Bassam",5.24092615985608,-1.28035217146408
"1865","Grand Canyon",-2.57226308933264,1.44302424905306
"1866","Grand Forks",-4.33409964613213,-0.169300397192001
"1867","Grand Island",-2.8239789227245,0.686591448007249
"1868","Grand Junction",-3.32874941508452,1.48837474447646
"1869","Grand Prairie1",-0.307241504448391,0.323370645963592
"1870","Grand Prairie2",-3.98104774651272,-0.912934994694454
"1871","Grand Rapids",-2.66096260525469,-1.56837609318339
"1872","Granja",4.26520433384703,1.86212487966532
"1873","Grants Pass",-1.02100650144084,0.73062003576508
"1874","Graz",-1.94745908007397,-1.08138131015966
"1875","Great Falls",-3.31984121002408,0.725168737715447
"1876","Greeley",-3.10664661652324,1.60538556473051
"1877","Green Bay",-3.09291109967464,-1.01121361865911
"1878","Green River",-4.25614157193547,1.10450623470418
"1879","Greeneville",0.060952372868592,-1.74560388736386
"1880","Greenock",-0.537911871771072,-4.40876873328858
"1881","Greensboro",-0.636881803712553,-1.58807967412376
"1882","Greenville1",-0.0605363870353578,-1.21658576293389
"1883","Greenville2",-0.494538826815887,-2.35506629003559
"1884","Greenville3",5.64294435336905,-2.85442930968774
"1885","Grenoble",-1.12949538368203,-1.72032571868828
"1886","Griffith",-0.901736371820447,0.745168700838586
"1887","Groningen",-1.72889592360946,-2.43671591504656
"1888","Grootfontein",0.0210773037309697,2.66698247776154
"1889","Groznyy",-2.31366174520513,0.468406964228718
"1890","Grudziadz",-2.51505987958078,-0.970276710441315
"1891","Gryazi",-3.43074431355681,-1.01694070313498
"1892","Guadalajara1",0.987486444077521,2.29887892245618
"1893","Guadalajara2",-1.65174089500687,1.28174434936914
"1894","Guaira",2.38737042053066,-1.72359324909307
"1895","Guajara-Miram",3.31172106382138,0.400310388569044
"1896","Gualeguay",0.179591556355839,-0.775951268381301
"1897","Gualeguaychu",0.212151618997407,-0.99474325654279
"1898","Guamuchil",1.80721695761814,2.31809069299786
"1899","Guanajuato",-0.147757381548285,1.99286836833974
"1900","Guanambi",2.10892345553802,2.22969588661186
"1901","Guanare",4.33232476910966,-0.0332783837484325
"1902","Guangshui",-0.661518762986003,0.240541518832185
"1903","Guangyuan",-0.571824221354405,0.736982165832937
"1904","Guangzhou",2.11577027810545,-0.444946165056783
"1905","Guanhaes",2.249063739194,0.409987365534244
"1906","Guantanamo",2.96154728386494,0.100153184212615
"1907","Guaranda",0.120262783949845,-0.891208997886947
"1908","Guarapuava",1.34713048220569,-3.14040897218996
"1909","Guaratingueta",2.19387255625518,-0.332254722336793
"1910","Guasave",1.4951700049232,2.52173179735192
"1911","Guasdualito",4.25870170736416,0.137726691079114
"1912","Guatemala",1.59587936261341,0.50513585955521
"1913","Guaxupe",1.89836299876793,0.0350569439332773
"1914","Guayaquil",3.34922395126077,1.00033050303406
"1915","Guaynas",0.924406981037437,2.61592242573889
"1916","Gubakha",-4.49446906600476,-1.86262692542336
"1917","Gubkin",-3.2633950750314,-0.971882971124228
"1918","Guide",-3.86881588703625,1.36516388751399
"1919","Guider",2.37224057320859,3.29362977790722
"1920","Guiglo",3.43629084098528,0.249403258168159
"1921","Guilin",1.52420961393513,-1.2534981521279
"1922","Guines",3.02014535846025,-0.555291725702494
"1923","Guiyang",-0.502079153993426,-0.323367172717074
"1924","Gujranwala",0.861730501815153,3.22316867724601
"1925","Gujrat",0.927930739887176,2.77899727120922
"1926","Gulbarga",2.13589365021692,3.35619961136068
"1927","Gulfport",1.43983209264864,-2.2923690043747
"1928","Guliston",-1.63202257557702,2.47962062520637
"1929","Gulu",2.76118305606841,0.322355917646706
"1930","Gunnedah",-0.219396967744204,0.255780626870781
"1931","Gunnison",-3.70277182167666,0.605444907266347
"1932","Gunsan",-0.453629145740835,-1.17292196660016
"1933","Guntur",2.59034456846269,2.60882587608575
"1934","Gurgaon",0.791743604897077,3.78434983612006
"1935","Gurupi",3.68958165079971,1.16837917057769
"1936","Guryevsk",-4.82977841036084,-0.675913569503981
"1937","Gusau",2.46897066927661,3.17960323136897
"1938","Gusinoozyorsk",-5.46630497554844,0.328634226509289
"1939","Guwahati",3.31535077994927,-0.163290693402053
"1940","Guymon",-2.06459907870601,1.87771058155877
"1941","Gwadar",1.11293400052894,3.43591960436375
"1942","Gwalior",1.69749115517395,3.67889951299272
"1943","Gwanda",-0.00283132116359983,2.42634014562987
"1944","Gwangju",-0.316768050374782,-1.19485376098737
"1945","Gweru",0.0678715061655024,1.89044638628075
"1946","Gyeongju",-0.865733614925392,-0.471317363148757
"1947","Gympie",1.41451676990487,-0.315218690892555
"1948","Gyor",-2.21655840839723,-0.613099391982345
"1949","Gyumri",-3.45088953024691,-0.380271955133444
"1950","Gyzlarbat",-1.98115176117239,2.65398908688211
"1951","Ha Giang",2.97830942186893,-0.887301896902812
"1952","Ha Tinh",4.48414325723257,-1.5322478044223
"1953","Haarlem",-1.62019308278755,-2.42513952817622
"1954","Hachinohe",-1.1574835017496,-2.59316709000696
"1955","Hachioji",-0.293637341622197,-1.20487140994058
"1956","Hadiboh",2.09340861529269,2.14399548214858
"1957","Haeju",-0.68571299839931,-0.867655728742668
"1958","Hafar al Batin",-0.734119513323163,4.61821864902863
"1959","Hagere Hiywet",1.41783725885895,0.238459258655523
"1960","Hagerstown",-1.64770210706303,-1.60513894619563
"1961","Haifa",0.395102287371946,1.42510660758181
"1962","Haikou",2.57478482216979,-0.417514664820997
"1963","Hail",-1.02954726811291,4.18480185562766
"1964","Hailar",-5.93725758044856,0.241070379873809
"1965","Hailun",-4.97090145766216,0.00327874880546674
"1966","Haiphong",2.80547317060177,-0.412694245577468
"1967","Hajjah",0.623767224878867,3.29527136342558
"1968","Hakkari",-2.5707848079562,1.23218332785731
"1969","Hakodate",-1.32049523241587,-2.91756213938285
"1970","Halacho",2.8737844530919,1.24641887215614
"1971","Haldia",2.61086456890283,1.3394993551855
"1972","Halifax",-1.85348536216845,-4.38469409638462
"1973","Halmstad",-2.10178541072795,-2.34599686849299
"1974","Hamadan",-3.02893468289974,2.46386836411104
"1975","Hamah",-0.844267198132667,2.62777284031951
"1976","Hamamatsu",0.635999518279375,-2.31321591581409
"1977","Hamburg",-1.85810027157327,-2.01358277231639
"1978","Hamhung",-1.95586456148396,-0.324385734000762
"1979","Hami",-4.06845850212662,2.51282968512294
"1980","Hamilton2",-2.72152963490792,-1.81467615075768
"1981","Hamilton3",0.482546698553728,-3.20565497723704
"1982","Hamilton4",-0.804791331413102,-0.748088535324464
"1983","Hammerfest",-3.04096129437305,-3.75048216226129
"1984","Hampton",-0.29011129437652,-2.14626358652302
"1985","Hancheng",-1.97582215139996,1.3686796357816
"1986","Hancock",-3.23317282231402,-2.80877496705299
"1987","Handan",-1.61517309920452,1.62122270190285
"1988","Hanggin Houqi",-4.1462274462947,2.42994549374014
"1989","Hangu",-1.77299123832234,0.749350390799511
"1990","Hangzhou",-0.196136975934668,-0.545821058183302
"1991","Hania",0.293425967032337,0.132228239693528
"1992","Hannover",-1.98219346681109,-1.78591105016447
"1993","Hanoi",2.82666031177969,-0.224833121414393
"1994","Hanzhong",-0.979293309791071,0.694704162029879
"1995","Haora",2.39588727892474,1.48614752292089
"1996","Happy Valley",-4.31382589643007,-3.29919718396378
"1997","Hapur",1.22911221630624,3.20221024555557
"1998","Harar",0.813523328531498,1.0488823123804
"1999","Harare",0.287664439477003,1.77131386776594
"2000","Harbin",-4.51965886380158,0.234774577736751
"2001","Hardin",-3.24497026465344,1.34496226029894
"2002","Hargeysa",0.826503904969381,2.44436959699197
"2003","Harlingen",1.02182167464744,1.13944114913398
"2004","Harper",5.09659236700736,-2.62121578738254
"2005","Harrisburg",-1.55819799306768,-1.85006675122639
"2006","Harrisonburg",-1.53910654269168,-1.60009873068017
"2007","Harstad",-2.8510670806431,-3.07649436636372
"2008","Hartford",-1.93805203147271,-2.80253680726521
"2009","Hassi Messaoud",-1.59731622880338,3.92425799766778
"2010","Hastings",-0.111403589549534,-2.35991442628629
"2011","Hat Yai",5.03976136868656,-1.07541859716093
"2012","Hatay",0.00173780510505566,1.23698589178524
"2013","Hathras",1.21316115520705,3.56911476288844
"2014","Hattiesburg",0.449176424609926,-1.90612296645865
"2015","Haugesund",-0.608888426399459,-4.75092419677641
"2016","Havana",2.91664093991917,-1.05141212396149
"2017","Havre",-3.71070043604152,0.850173563895502
"2018","Hays",-2.34060163542382,1.23532151078314
"2019","Hearst",-4.73324324765631,-2.21418693042104
"2020","Hebi",-1.58940788301704,1.43739488423303
"2021","Hechi",1.72098629282913,-0.428386617912769
"2022","Hefei",-0.785752017407528,-0.0314428074923808
"2023","Hegang",-4.66059481503744,-0.187795280351691
"2024","Heidelberg",-1.72883892602904,-1.69926610335462
"2025","Heihe",-5.44845225109925,-0.140214733263635
"2026","Helena",-3.49216087390372,0.717644538004816
"2027","Helong",-4.06990838268552,0.0896127965764076
"2028","Helsingborg",-2.27006491616911,-2.15961581003132
"2029","Helsinki",-3.26261042834668,-2.24031081229075
"2030","Hengshui",-1.85602455978038,1.61336059087777
"2031","Hengyang",0.347661852620167,-0.820528302115209
"2032","Herat",-1.69617839699007,3.29958784771237
"2033","Hereford",-1.96732814157863,1.73591693767977
"2034","Hermanus",0.0811744302859919,-0.499680240713607
"2035","Hermosillo",0.645492487615884,3.71676133668311
"2036","Hervey Bay",1.93267171496356,-0.845913841954602
"2037","Hetauda",2.25055472148296,0.467602113803921
"2038","Heyuan",2.19333961632413,-0.577640481813603
"2039","Heze",-1.45230515587064,1.17289168969418
"2040","Hickory",-0.837787526998026,-2.30502448670727
"2041","Hidalgo del Parral",-0.734258635810164,2.79148636137744
"2042","Hilo",5.55185001665708,-6.60432976827222
"2043","Hims",-0.940612707672222,2.45694067657372
"2044","Hindupur",1.78417364242466,2.87627412663475
"2045","Hinthada",4.10949792751048,1.1585701001778
"2046","Hinton",-3.8491751613316,-0.895354510820192
"2047","Hios",-0.199844385411797,0.608265696133992
"2048","Hirosaki",-1.08510456071395,-2.69098590363612
"2049","Hiroshima",0.41138605802918,-1.35101614533049
"2050","Hisar",0.331251912262654,3.82138637317777
"2051","Ho",3.38159528450209,0.237820771865067
"2052","Ho Chi Minh City",3.68547198483291,1.13292821790473
"2053","Hoa Binh",2.42211784469088,0.188248452496358
"2054","Hobart",-0.937751683684904,-1.82662069761248
"2055","Hobbs",-1.73258458966487,2.05098961546186
"2056","Hof",-2.43821422809843,-1.89508233203771
"2057","Hohhot",-4.04138524822344,1.3571743637648
"2058","Hokitika",2.63167591642343,-8.65776187595422
"2059","Holguin",2.62949966985803,0.0896419506795157
"2060","Homer",-2.55678771256357,-2.81139864567732
"2061","Homestead",2.74235483434762,-1.01276183970836
"2062","Homyel",-3.0166272537588,-1.31288154190926
"2063","Hon Quan",4.26081044170587,0.608444634092905
"2064","Honda",4.57665723932387,-1.441170594375
"2065","Hong Gai",3.26900274808347,-1.0503213231878
"2066","Hong Kong",2.20251798465702,-0.475576145206485
"2067","Honiara",5.58602375737561,-3.96227108396232
"2068","Honolulu",1.90204644688831,-0.596362323597934
"2069","Hoonah",-0.33036325248728,-5.66025175940736
"2070","Hooper Bay",-3.95342089057262,-3.24485191138045
"2071","Hopedale",-4.38535132823942,-4.02015284752961
"2072","Hopkinsville",-0.975051695576506,-1.84731877031629
"2073","Horlivka",-2.80689493752332,-0.665750744273268
"2074","Horqueta",2.21939695828827,-0.349268069895916
"2075","Horsham",-1.15386127766703,0.254517213428789
"2076","Hosaina",1.28386039634573,-0.301050274829941
"2077","Hoshiarpur",1.31739284050934,2.53303533039317
"2078","Hoskins",7.90852353993056,-5.44263337061221
"2079","Hospet",1.97862985050947,3.15851933803468
"2080","Hot Springs",-0.00353261660851355,-1.52847488280198
"2081","Hotan",-3.23398059262367,2.40519954608939
"2082","Houlton",-3.665361276635,-3.01616627076828
"2083","Houma1",1.80169018915578,-2.76339322920928
"2084","Houma2",-2.20216079621002,1.38974523406959
"2085","Houston",0.584102738542502,-1.09196987587239
"2086","Hrodna",-2.86291145269295,-1.38310257247978
"2087","Hsinchu",2.17592582302061,-1.8912314157837
"2088","Hua Hin",3.22077234071504,1.24449581256962
"2089","Huacho",1.19693481602494,1.98992867280544
"2090","Huaibei",-0.934754074737352,0.493905538674757
"2091","Huainan",-0.78562003639342,0.855487052517966
"2092","Huaiyin",-0.567399856457189,0.0311901520593329
"2093","Huajuapan de Leon",0.510085199319801,2.01816974582628
"2094","Hualien",3.17372756578618,-2.89020542550442
"2095","Huamachuco",-0.545957222551342,-0.267746383959476
"2096","Huambo",0.955118814300055,1.12774389135671
"2097","Huancavelica",-1.64383846071438,-0.538529631677966
"2098","Huancayo",-1.03943094604949,-0.258728474684323
"2099","Huangshi",0.0249399640052777,-0.338154763523553
"2100","Huangyan",0.821820200521943,-1.48951862296196
"2101","Huanren",-3.02769900016836,-0.169746499372741
"2102","Huanta",-0.5623102388938,0.16771572982085
"2103","Huanuco",0.357703635104385,0.22789980806963
"2104","Huaraz",-0.828134741924689,0.221473952531219
"2105","Huarmey",1.70874817974327,2.21380829004975
"2106","Huasco",-0.0134026275196022,2.06525840674919
"2107","Huatabampo",1.11307835507523,2.48091052998977
"2108","Huaura",1.26152301168215,2.13991862011025
"2109","Hubli",1.95091956602916,2.23312111890416
"2110","Hudson Bay",-4.9171838646553,-0.901334530395929
"2111","Hue",5.47529441136942,-1.64933449486699
"2112","Huehuetenango",1.13607816405714,-0.421616398422572
"2113","Huelva",-0.101745694899023,1.32492476146367
"2114","Hughenden",1.10066904002492,2.74164741998359
"2115","Huinan",-3.73312040052113,-0.128230440453519
"2116","Huize",-1.25229813845087,0.314458520397984
"2117","Huizhou",2.23129975330076,-0.542884441602863
"2118","Hulan Ergi",-4.64777373517354,0.554195272155932
"2119","Hulin",-4.51515745970141,-0.252690364818236
"2120","Hun",-0.544997694442396,3.73378095512471
"2121","Hunanghua",-1.79216352045448,1.18480409607118
"2122","Hungnam",-1.85116226272285,-0.452520230502207
"2123","Huntington",-1.00716549717874,-1.24842266396986
"2124","Huntsville1",0.525586316182322,-0.65630212578478
"2125","Huntsville2",-0.401910062040283,-2.0676029225915
"2126","Hurghada",0.348529986284731,4.32415775312423
"2127","Hutchinson",-2.07543682674422,0.766528504624507
"2128","Huzhou",-0.275931700096634,-0.473782134228962
"2129","Hwange",0.680934490560294,3.01735222413623
"2130","Hyderabad1",0.665251832030332,4.62566985238187
"2131","Hyderabad2",1.86124171470285,3.1285845850214
"2132","Hyeson",-4.07647268484379,-0.354015972638813
"2133","I-n-Amenas",-0.965517806625398,3.96334000348662
"2134","I-n-Salah",-0.361961444525359,5.12902562753193
"2135","Iasi",-2.40352164611144,-0.247614804195176
"2136","Ibadan",3.08583740853954,0.93414570108634
"2137","Ibague",3.31541771504807,-2.01413885185306
"2138","Ibarra",0.538560678073315,-0.936781254662528
"2139","Ibb",0.273020237043366,1.89995449193792
"2140","Ica",1.13911453642536,3.17104713287553
"2141","Icel",-0.135425295247577,1.76582006045049
"2142","Ico",3.30491609924309,3.01214002315394
"2143","Idah",3.73918825333421,1.08382575918401
"2144","Idaho Falls",-3.03951602575989,1.07405671794528
"2145","Idlib",-0.712783421447911,1.83358713564106
"2146","Ifakara",3.16060919670429,1.00867343582263
"2147","Ife",3.16638051758917,0.657364348867066
"2148","Igarka",-6.73406010136044,-2.5670218337386
"2149","Iguala",1.99435741564175,3.02147579247268
"2150","Iguape",3.30367382747432,-3.09123654896907
"2151","Iguatu",3.18157469945041,2.79984345395052
"2152","Ihosy",1.36528637369073,1.23546916264836
"2153","Ijebu Ode",3.87073955163487,0.278275669101145
"2154","Ijui",2.00014613000891,-3.45061659834583
"2155","Ikare",2.93713573887553,1.03854126670783
"2156","Ikela",4.34197490534453,-3.62596639249574
"2157","Iksan",-0.379317727545302,-1.03282239053284
"2158","Ilam",-1.90287625054429,2.97741670943005
"2159","Ilebo",3.29803830818906,-0.540961429490835
"2160","Ilheus",3.78139767220793,-3.38265463214429
"2161","Iligan",4.36253287145875,-1.24722867260222
"2162","Illapel",-0.722150719538061,2.32176684016259
"2163","Illichivsk",-2.24745120509674,-0.445668011665125
"2164","Illizi",-0.613859234870771,4.26881971220094
"2165","Ilo",0.944751959747943,2.54823034702566
"2166","Iloilo",4.73633424721643,-0.98483823459121
"2167","Ilorin",2.8691280127069,1.36227419361701
"2168","Imbituba",2.45731686124669,-2.97976815879479
"2169","Imperatriz",3.97381634462127,0.88266312978877
"2170","Imphal",2.54963500505186,-0.95427399336004
"2171","Incheon",-0.642445650745188,-1.03790523821757
"2172","Independence",-1.81764024576887,-0.341473288436109
"2173","Indianapolis",-1.95817178310497,-1.40267646349424
"2174","Indore",1.99063665079391,3.37808670385626
"2175","Indramayu",5.87632628797834,-1.64331012586871
"2176","Ingeniero Guillermo N. Juarez",1.22923024997141,1.77851058458967
"2177","Ingham",3.96631983477469,-0.878963534668891
"2178","Ingolstadt",-2.00558317748367,-1.44205979135854
"2179","Inhambane",2.14635399033922,0.123460277566086
"2180","Inhumas",2.63039060932204,0.925545047963236
"2181","Innisfail",6.46580632883172,-5.35195812308443
"2182","Innsbruck",-2.16548686813331,-1.23710210064325
"2183","Inongo",4.02973264867078,-1.42224542920808
"2184","Inowroclaw",-2.48391848307539,-0.984148285847909
"2185","Inta",-5.67557098507204,-2.48688080216731
"2186","International Falls",-4.25880393503875,-0.852610923905067
"2187","Invercargill",-0.542134580395772,-3.8531409026233
"2188","Inverell",-0.413694988934606,-0.0728022081257383
"2189","Inverness",-1.67443465256115,-2.82329411132971
"2190","Ioanina",-0.865897053679233,0.114417068230927
"2191","Iowa City",-2.53751537936167,-0.597356624959824
"2192","Ipatinga",2.62326056975214,0.915039019403387
"2193","Ipiales",0.232039665479139,-2.55034126690276
"2194","Ipoh",5.22053541310595,-3.62146369892969
"2195","Ipora",2.7731444235738,1.14296124852364
"2196","Ipswich",-1.81172308785268,-2.19208194718145
"2197","Ipu",3.94362281975061,2.01975234453714
"2198","Iquique",0.559407305433849,2.85863772408984
"2199","Iquitos",5.54541343764592,-5.65013804836017
"2200","Iracoubo",5.39423377329424,-2.22335156117106
"2201","Iraklio",0.201891873722724,0.225179628410602
"2202","Irati",1.41402240791007,-2.61565804601892
"2203","Irbid",-0.920142941553589,2.43804877502895
"2204","Irbil",-1.20414576373984,3.57866918411731
"2205","Irece",1.68884440426903,2.17251767897907
"2206","Iringa",0.376927197534399,1.82508546403977
"2207","Irkutsk",-5.12386154666031,-0.338917320582982
"2208","Iron Mountain",-3.48556822636057,-1.199923038714
"2209","Ironwood",-3.37846170207258,-2.21341171841028
"2210","Irvine",-0.375567513575085,2.33771221272757
"2211","Isafjordur",-2.43421313193703,-4.08794276136785
"2212","Iseyin",2.92083189966255,1.07155922159755
"2213","Isfahan",-2.53338680537412,3.31612127611379
"2214","Ishim",-4.86251442770454,-0.569199236294486
"2215","Isikul",-4.86573028087655,-0.435205663704823
"2216","Isiro",3.47458999833036,-1.74762683389422
"2217","Iskandar",-1.9259962999009,1.67159120549601
"2218","Iskenderun",-0.280346637548167,1.46938875453786
"2219","Iskitim",-4.93132690189029,-0.717151242480895
"2220","Islamabad",0.676509249738746,1.36317545896336
"2221","Ismailia",-0.417069272867475,3.30239501228625
"2222","Isna",0.367056806902872,6.80309557766847
"2223","Isparta",-2.03437820466498,1.11889470207123
"2224","Istanbul",-1.06295839350027,-0.556877768744093
"2225","Ita",1.7373236046973,-0.840401259314755
"2226","Itaberaba",2.00434540283495,1.00423685153059
"2227","Itaberai",2.89679172630357,1.04188340969879
"2228","Itabuna",3.17529538225756,-2.15403339054146
"2229","Itacoatiara",5.21225501635475,-2.31292061647385
"2230","Itaituba",5.04331611652589,-2.29543449182969
"2231","Itajai",2.45296019178289,-2.55633824378188
"2232","Itamaraju",2.62952670004867,-0.990860091565627
"2233","Itambe",1.78589688088272,0.963131059877225
"2234","Itanhaem",3.70587821979755,-3.28750354150796
"2235","Itapecuru Mirim",4.74199647493084,0.125337489360463
"2236","Itapetinga",1.95842623007359,0.404148340111341
"2237","Itapetininga",1.57607268600788,-0.782754661238276
"2238","Itapeva",1.53499521579083,-1.20513044654912
"2239","Itapipoca",3.88314253736829,1.81117635713253
"2240","Itauna",2.19403763985737,0.360952955571148
"2241","Ithaca",-2.42742831731794,-1.50720752617556
"2242","Itigi",1.12334022951557,2.53071286614566
"2243","Itu",1.74308104904894,-0.208607999796261
"2244","Ituiutaba",2.68918257142163,0.820430532962376
"2245","Itumbiara",2.54673374627923,1.25999674555156
"2246","Iturama",2.5617143992657,0.598118427421178
"2247","Ivano-Frankivsk",-2.47857980932161,-1.05644777134506
"2248","Ivanovo",-3.67865925288595,-1.47828036439442
"2249","Ivdel",-4.85128912335223,-1.11882186594235
"2250","Iwaki",-0.290430811190011,-1.63371919869835
"2251","Iwo",2.99317179200491,0.985647092192448
"2252","Izamal",2.67918234505716,1.03106173090698
"2253","Izaz",-1.28719418141617,2.19148251235253
"2254","Izhevsk",-4.28298639198539,-1.21590123054772
"2255","Izmayil",-2.34089333928912,-0.295081187696071
"2256","Izmir",-0.487599595448285,1.33021581409065
"2257","Jabalpur",2.67916346538179,3.11612915002765
"2258","Jaboatao",4.21311380320494,-1.10217974559778
"2259","Jaboticabal",2.50934821853704,-0.120518109880317
"2260","Jacarezinho",2.16521418209014,-0.804416599602817
"2261","Jackson1",0.146994390351778,-1.55893803229323
"2262","Jackson2",-0.729178165530161,-1.89525707782083
"2263","Jacksonville1",1.21171434381062,-1.11899520407593
"2264","Jacksonville2",0.850173710846754,-2.26912536331344
"2265","Jaen",2.03645315613113,0.571180385058525
"2266","Jaffna",4.15733298238514,0.637515411712352
"2267","Jaguaquara",1.52802241212501,-0.100633924540706
"2268","Jaguarao",0.693217546398537,-2.09980066161232
"2269","JaÌ©n",-1.17278934153491,1.96736290596064
"2270","Jaipur",0.813974826870015,3.87031523692971
"2271","Jakarta",5.86105895200807,-2.86695489654712
"2272","Jalal Abad",-1.96300776659063,1.34112196226784
"2273","Jalalabad",-1.46946774615987,2.45881095747857
"2274","Jalingo",2.8682238380178,2.40860698064053
"2275","Jaltipan",4.48290090129723,-1.09725715816492
"2276","Jamaame",2.65635097561107,2.18874028735607
"2277","Jamalpur",3.6557013407865,-0.401037569050654
"2278","Jambi",5.31213226572336,-3.34998612277592
"2279","Jamestown1",-2.40136498111627,-2.15304910328812
"2280","Jamestown2",-4.11731073793112,0.231014233650928
"2281","Jammu",1.34854173478579,2.36934509556968
"2282","Jamshedpur",2.26312114902943,2.32608319384507
"2283","Janauba",2.06121005670061,2.0467294004124
"2284","Janesville",-2.84056837770088,-0.668863399658207
"2285","Januaria",2.46188862965296,2.11141157777382
"2286","Jaque",5.81098436018366,-2.15453842370153
"2287","Jaragua do Sul",2.58217524895499,-2.62199204054823
"2288","Jardim",2.40670657866171,-0.189027181921561
"2289","Jasper",-4.24367691105824,-0.700645680992757
"2290","Jatai",2.32966984907613,0.769932790454768
"2291","Jau",2.08914931751174,-0.0124633846682575
"2292","Jawhar",2.52075882247723,2.81372314469317
"2293","Jayapura",5.04784394255202,-3.51545321824058
"2294","Jeddah",1.46701213349753,3.99352237214983
"2295","Jefferson City",-1.6966338234062,-0.718151239096251
"2296","Jeju",0.441867115204405,-2.59061720404267
"2297","Jelgava",-2.80488140626772,-1.52039378975702
"2298","Jember",4.36164721231273,-0.805707672499703
"2299","Jena",-2.35057905786123,-1.10977787874322
"2300","Jeonju",-0.61560097714585,-0.908966800383623
"2301","Jequie",1.93943998080549,0.526906062807193
"2302","Jerusalem",-0.80429497711418,1.88056924827845
"2303","Jessore",2.37460500631011,1.22823127731931
"2304","Jhang",0.268855436294028,4.15987305440323
"2305","Jhansi",1.83138652958212,3.63628278531545
"2306","Ji-Parana",3.35709871800623,0.664173889529951
"2307","Jiamusi",-4.6892468237786,0.0766030718443652
"2308","Jian",0.547768747903906,-0.455608364850758
"2309","Jiangmen",2.27113201542184,-0.619057182569644
"2310","Jiaohe",-3.85948016090773,-0.168781542947643
"2311","Jiaojing",0.665671303084389,-1.69528114803982
"2312","Jiaozuo",-1.58587431487047,1.34394860659504
"2313","Jiaxing",-0.26755367405639,-0.621263268427461
"2314","Jiayuguan",-4.3184317922108,1.83857970296985
"2315","Jieshou",-0.810502134334136,0.394404128842625
"2316","Jiexiu",-2.70038589413325,1.2919751585527
"2317","Jihlava",-2.60657022302495,-1.14407283841785
"2318","Jijiga",0.792159562830981,1.58123012153339
"2319","Jilin",-3.93665271306308,0.0331004376794305
"2320","Jima",2.2055082070777,-1.20281346471893
"2321","Jinan",-1.47329314487346,1.32766562011164
"2322","Jinchang",-4.00015859753655,1.96675574582809
"2323","Jincheng",-2.36646625717952,0.80161038074884
"2324","Jingdezhen",0.661660712486382,-0.837501568235304
"2325","Jingmen",-0.476427543507432,0.215139033670826
"2326","Jinhua",0.466898734570367,-0.509229646801463
"2327","Jining1",-4.540509697337,1.02038253570544
"2328","Jining2",-1.34048937534094,0.968788618077547
"2329","Jinja",2.93255385745851,-2.11010421267695
"2330","Jinshi",-0.17862322018124,-0.232589249343407
"2331","Jinxi",-2.37888216092272,0.366041304554822
"2332","Jinzhou",-2.66547690418593,0.687670920390814
"2333","Jipijapa",2.03182354716824,0.760595731787879
"2334","Jiujiang",0.263227074955452,-1.01103190666367
"2335","Jiutai",-4.03928688411401,0.146311215834038
"2336","Jixi",-4.3976951601808,-0.0502403467498273
"2337","Jizan",1.87175116378216,3.40002636746584
"2338","Jizzax",-1.67700606656681,2.3143405271998
"2339","Joacaba",1.68061659489407,-3.24636287363162
"2340","Joao Pessoa",4.15695208184597,-0.857924951747764
"2341","Jodhpur",0.786849241613837,4.36045933587155
"2342","Johannesburg",-0.947996471996103,1.33726835043269
"2343","John Day",-2.96973563060774,0.841299119672752
"2344","Johnson City",-0.964036218785343,-1.23160430844724
"2345","Johnstown",-1.92398658430122,-2.29704703828471
"2346","Johor Bahru",5.41058920078455,-4.70518499498204
"2347","Joinville",3.2164301858299,-3.41620222155149
"2348","Joliet",-2.43935815877692,-1.06615906973255
"2349","Joliette",-3.2633136080038,-2.32284396087233
"2350","Jonesboro",-0.451784041524496,-1.31709992608071
"2351","Jonkoping",-2.81007241412115,-1.82572831946809
"2352","Joplin",-1.30202286670237,-0.53478033773389
"2353","Jorhat",3.53092037450648,-0.719779225835213
"2354","Jos",1.84215242494248,1.32699662928622
"2355","Juan Aldama",-0.519522333294698,2.64107173656918
"2356","Juan Jose Castelli",1.09159733637549,0.967995343745338
"2357","Juanjui",3.36296234953618,-0.707567008825268
"2358","Juarez",-0.881909342879919,-0.879250107794883
"2359","Juazeiro",2.07864626915888,2.88917194913634
"2360","Juazeiro do Norte",2.99912064145786,2.50719601543764
"2361","Juba",2.73222433345883,1.69305854514735
"2362","Juchitan",3.01540255927448,1.98265958378313
"2363","Juifang",4.54587460753537,-5.66684630694412
"2364","Juigalpa",3.22716621041223,1.13523032986052
"2365","Juina",3.73912072397058,0.0209039977063076
"2366","Juiz de Fora",2.14970561495699,-0.0748781511895076
"2367","Juliaca",-1.76305112272877,-0.0976535382833666
"2368","Jullundur",0.79944410297782,3.06862637623735
"2369","Jundiai",1.65910007065393,-0.659066775065524
"2370","Juneau",-1.47320725588324,-4.5874665696591
"2371","Junin1",-0.232489447943178,-0.433030855556194
"2372","Junin2",-1.57163056419794,-1.38580930253211
"2373","Jutiapa",2.05529031121771,1.20863327214008
"2374","Juticalpa",2.73177225050403,0.711506797547208
"2375","Jyvaskyla",-3.65325136136658,-1.83536252449476
"2376","Kaabong",1.35534569794437,1.39588529345368
"2377","Kabale",1.4363092202294,-0.276371930673993
"2378","Kabalo",2.43447452739233,1.51987075102779
"2379","Kabinda",2.93850854590082,0.101288915568655
"2380","Kabul",-2.67309991148305,1.97318423381041
"2381","Kabwe",1.13427159440362,1.97823355558236
"2382","Kachiry",-5.06141233165254,-0.020073968941511
"2383","Kadoma",0.687476570965805,2.21455679268342
"2384","Kadugli",2.18285297811994,3.14010176847802
"2385","Kaduna",2.94090959871266,1.7632233332195
"2386","Kaedi",2.17442268936129,4.95919382455131
"2387","Kaesong",-0.461018929934778,-1.08905953083198
"2388","Kafue",0.672169986180954,2.52450137141192
"2389","Kaga Bandoro",2.89052469768645,1.79400105120468
"2390","Kagoshima",2.1304265320875,-2.88196755711744
"2391","Kahama",2.13244396397333,1.30942464811832
"2392","Kahramanmaras",-1.49891073116065,2.15419655983275
"2393","Kaiapoi",-0.87615319286592,-2.08530510996866
"2394","Kaifeng",-1.40897787569613,1.10653780438124
"2395","Kailu",-3.79694350211376,1.21706687309347
"2396","Kaka",-1.61137675390452,3.01203212503431
"2397","Kakamega",2.81820837942841,-1.58944142365353
"2398","Kakinada",3.09534234545196,2.06604203265053
"2399","Kakonko",2.06354423622844,1.11791350347954
"2400","Kaktovik",-6.90287767869476,-2.37710351551174
"2401","Kalachinsk",-5.05524241592668,-0.404174293986733
"2402","Kalamata",-0.0966944635853975,1.18723126712841
"2403","Kalamazoo",-2.58490831071655,-1.35415791775823
"2404","Kalemie",2.48300149743437,1.10441941036839
"2405","Kalgoorlie",-0.988230732577653,1.53845444983002
"2406","Kalima",3.88944906013227,-2.08208892227933
"2407","Kaliningrad",-2.24151181301722,-2.0199818849405
"2408","Kalispell",-3.14885968990995,-0.0850746535871981
"2409","Kalisz",-2.45321910837273,-0.968729910382124
"2410","Kalmar",-2.41208354114656,-2.0406781368439
"2411","Kaluga",-3.4116518665961,-1.52705238803143
"2412","Kalyan",7.05538018598183,0.302703803090637
"2413","Kambove",1.31334475230728,1.62570037148923
"2414","Kamenka",-3.72065587123794,-1.13551265163906
"2415","Kamenna Obi",-4.96150843799857,-0.260182645307852
"2416","Kamensk Shakhtinskiy",-3.00378674283347,-0.266947086608541
"2417","Kamensk Uralskiy",-4.3224733176907,-0.798284284331206
"2418","Kamina",2.42777893043159,0.772278121580793
"2419","Kamloops",-3.20651322297964,0.227280706295606
"2420","Kampala",3.00072923074437,-2.13251898751803
"2421","Kampene",2.95081367518322,-0.163821335737531
"2422","Kampong Cham",3.45596067212061,1.38967583292449
"2423","Kampot",4.31166835531004,-0.235631669682682
"2424","Kamsar",6.98408874705918,-1.07790651804203
"2425","Kamyanets-Podilskyy",-2.47380667488823,-0.858573060187258
"2426","Kamyshin",-3.77680235130645,-0.206373761200651
"2427","Kanab",-2.24370243356832,1.87656240803041
"2428","Kananga",2.98382748165845,-0.019433657436917
"2429","Kanash",-3.9277818563961,-0.999079326214148
"2430","Kanazawa",1.18960805330577,-5.67787487734862
"2431","Kanchipuram",2.9244464320106,2.08664688165842
"2432","Kandahar",-1.12588197684891,4.41924904305946
"2433","Kandalaksha",-4.19804650275012,-2.10774798816017
"2434","Kandi",2.70105389840685,3.17746390787246
"2435","Kandy",4.33333478645025,-2.00198186077985
"2436","Kanggye",-3.15699457639981,-0.195446795753305
"2437","Kaniama",2.57901944383784,0.891954843149335
"2438","Kankakee",-2.26202980803058,-1.0009327376647
"2439","Kankan",3.58124010561676,1.47057119015758
"2440","Kano",2.28724360151095,3.32246085349019
"2441","Kanoya",2.33732465249054,-2.95362531936268
"2442","Kanpur",1.89322674475555,3.28777426957337
"2443","Kansas City1",-1.90782543673876,-0.191100671847956
"2444","Kansas City2",-1.93322120691023,-0.153637973523811
"2445","Kansk",-5.15532059146056,-0.442762484003255
"2446","Kanyato",2.05701680517403,0.618911362720988
"2447","Kanye",-0.61399794234992,1.97346749353816
"2448","Kaohsiung",3.49333333893196,-0.841279908640783
"2449","Kaolack",2.5801737444949,3.74912047319938
"2450","Kaoma",0.957204894311334,2.46766298930822
"2451","Kapan",-2.15691540080991,0.894381129639727
"2452","Kapiri Mposhi",1.40655244162262,1.60776129335812
"2453","Kapoeta",2.47091366097888,2.01991244780447
"2454","Kaposvar",-2.06022792010374,-0.929547095261598
"2455","Kapuskasing",-4.62209620237582,-2.00747381953164
"2456","Kara Balta",-2.65466089936799,0.913586341128987
"2457","Karabuk",-1.65944969491199,-0.27444911446075
"2458","Karachi",1.31390708868887,3.55561902334482
"2459","Karaj",-2.14340888106458,2.39007606082067
"2460","Karakol",-4.0696076874679,-0.302461727745477
"2461","Karaman",-2.37393141001198,1.66923933068141
"2462","Karamay",-4.38490458060592,1.96138962042169
"2463","Karasburg",-0.93040431150317,3.22881755228596
"2464","Karasuk",-5.10707068740959,-0.161450137364271
"2465","Karbala",-0.834556995287066,4.51857687615355
"2466","Karema",2.53809278094534,1.71720648623048
"2467","Kargat",-5.12599135675597,-0.683085876807331
"2468","Kariba",1.39638175207536,2.58192137053524
"2469","Karimnagar",2.36665903336174,3.18842289565044
"2470","Karlovac",-1.51109411419387,-2.16591946150737
"2471","Karlsruhe",-1.54033595988564,-1.87150171248239
"2472","Karlstad",-2.89493135842452,-1.79782510365141
"2473","Karluk",-2.16222485255914,-4.73149583090705
"2474","Karnal",0.791868079902169,3.22891396107389
"2475","Karoi",0.809910801179022,1.88050958596468
"2476","Karokh",-2.15777423714714,2.81334061716487
"2477","Karonga",2.24986294386855,1.93548129976946
"2478","Karpinsk",-4.72829441072215,-1.29519376467346
"2479","Karratha",1.63436063587074,2.74426218368969
"2480","Kars",-3.65115276358319,-0.244234224264022
"2481","Kartaly",-4.49227507650588,-0.416221423551422
"2482","Karur",2.55631559319718,2.67576608464892
"2483","Kasaji",2.50354649782246,0.780590431135189
"2484","Kasama",1.53356913052497,1.74379439907207
"2485","Kasane",0.735763371660419,2.92399078392278
"2486","Kasangulu",2.8306437954482,0.732019692050148
"2487","Kashi",-3.70835245042987,1.7493046631818
"2488","Kashmar",-1.77356553379674,3.40399339834828
"2489","Kasimov",-3.46266361763483,-1.34523448876814
"2490","Kasongo",2.94929014944093,0.289209760658453
"2491","Kasongo-Lunda",2.94964581846137,0.624021999204525
"2492","Kaspiysk",-1.93416425295469,-0.00644392814055518
"2493","Kassala",2.1370042703661,4.69932166758738
"2494","Kassel",-2.0891197018883,-1.81670958563109
"2495","Kasulu",2.11684215722535,0.942602639374795
"2496","Kasur",0.380802290451367,3.74738051656759
"2497","Katanning",-0.81974497622083,0.657791403981321
"2498","Katerini",-1.24074056190872,1.0273646477556
"2499","Katherine",2.50674561328709,2.83328731762346
"2500","Kathmandu",1.67396830228624,-1.2014905035581
"2501","Kati",2.64835664150916,3.40184340555763
"2502","Katima Mulilo",0.849463931220946,2.86716978076082
"2503","Katoomba",-0.300226258377001,-2.60258093263065
"2504","Katowice",-2.3092451820115,-1.5347576145094
"2505","Katsina",1.82089240152414,3.78934806701883
"2506","Kattaqorgon",-2.08880609471086,2.47566483726151
"2507","Katwe",2.82371935638139,-0.625521187625979
"2508","Kaunas",-2.79804893030844,-1.57759605556531
"2509","Kavala",-1.26753920884041,0.381645273770811
"2510","Kavalerovo",-4.26052189536458,-0.70184354174918
"2511","Kavieng",6.67778369601145,-6.23314716314644
"2512","Kawagoe",-0.306152550381307,-0.986384767146705
"2513","Kawambwa",1.41200819014893,1.56318950147169
"2514","Kawasaki",-0.27515140722447,-1.33584676616167
"2515","Kaya",2.30563645329008,3.88425368173491
"2516","Kayes1",2.92191609867122,0.663050408229876
"2517","Kayes2",2.73024035386072,4.3679992707916
"2518","Kayseri",-2.59757069846928,1.32588880648659
"2519","Kazan",-4.23006545887176,-1.18199949784796
"2520","Kearney",-2.79610342810882,0.840327913626113
"2521","Kecskemet",-2.36926091394974,-0.437477357733591
"2522","Kediri",4.97274608832741,-0.658037193336081
"2523","Kedougou",3.18397223627918,3.39451076248839
"2524","Keelung",4.08182899101977,-5.62665646334899
"2525","Keetmanshoop",-0.63475478327865,3.74106553127417
"2526","Keffi",3.30951182922649,1.41698055607373
"2527","Keflavik",-1.54991763661691,-4.58877875017583
"2528","Kelang",5.40108798945612,-3.86154780588621
"2529","Kelo",2.53363541060136,3.13601002870584
"2530","Keluang",5.5527186691944,-4.16462517361553
"2531","Kemerovo",-4.7966282778163,-1.04534486467217
"2532","Kemi",-3.9954428767402,-2.22878902736766
"2533","Kempsey",1.26036274282838,-1.71865875343521
"2534","Kenai",-3.31222411520391,-1.74370277542515
"2535","Kendari",4.18025506476276,-1.18722712156444
"2536","Kendu Bay",2.7674480819545,-1.38546174222745
"2537","Kenema",4.51719216392001,-0.777255012635405
"2538","Kenge",2.89757772886022,0.290381918606886
"2539","Kenitra",0.256789876197473,1.24627918694521
"2540","Kennewick",-2.33468218968622,1.63392723210169
"2541","Kenora",-4.50806941121179,-1.161622880096
"2542","Kentau",-3.16823620406207,1.94626110351667
"2543","Kerch",-2.35094959810442,-1.1799054635678
"2544","Kericho",2.16478134622292,-1.89066366937216
"2545","Kerkira",0.261979146177653,0.0294861461192808
"2546","Kerman",-1.89866747142344,3.43247601192018
"2547","Kermanshah",-2.14038048583026,2.96075591139253
"2548","Kerouane",3.56723140609067,0.542137858422698
"2549","Keshan",-4.9110465245024,0.146408524803196
"2550","Ketchikan",1.97107497976755,-7.87714455229229
"2551","Khabarovsk",-4.96486168101303,-0.806623783996488
"2552","Khammam",2.57838707336996,3.01227099178819
"2553","Khammouan",4.06277397848387,0.212026991372108
"2554","Khanty Mansiysk",-5.27861349800579,-1.62782667869449
"2555","Kharkiv",-3.06236394611715,-0.863318152397151
"2556","Khartoum",1.53332829449909,5.20500758825524
"2557","Khaskovo",-1.88111444183221,-0.339614541409369
"2558","Kherson",-2.63423221806142,-0.294594138943302
"2559","Khilok",-5.55870306685758,0.0175208951233395
"2560","Khiwa",-2.67704653084466,2.75987652634678
"2561","Khmelnytskyy",-2.57732845912069,-1.20710306806155
"2562","Kholmsk",-3.23538845432048,-2.78455046048973
"2563","Khomeini Shahr",-2.55102520073312,3.27245561253093
"2564","Khon Kaen",2.75769668246354,1.46495200483419
"2565","Khoramabad",-1.74572799568197,3.30289721286264
"2566","Khorugh",-4.30065408302756,0.884057065703388
"2567","Khromtau",-4.81796222157412,-0.403521681368869
"2568","Khujand",-1.75774344959818,2.2236063499187
"2569","Khujayli",-2.93751712116898,2.40508684730688
"2570","Khulna",2.5090488496002,1.12990269783959
"2571","Khvoy",-2.44346254417075,1.84155781533446
"2572","Kibiti",3.48830170105491,0.702715411931106
"2573","Kiel",-1.82787057727534,-2.27987498937033
"2574","Kielce",-2.52792549355742,-1.27831704857083
"2575","Kieta",6.35925768162536,-6.98081574829919
"2576","Kiev",-2.79970810021296,-1.2123520902266
"2577","Kiffa",2.07803307836125,5.11738071433356
"2578","Kigali",1.82081232655185,0.0310066028913697
"2579","Kikwit",3.08891295758918,-0.0273124104408274
"2580","Kilchu",-2.5195303477834,-0.714899471125295
"2581","Kilifi",3.23274061938774,0.896711144792444
"2582","Kilindoni",4.53911706714946,-0.412728866993232
"2583","Kilinochchi",4.24418466034698,0.545026271554537
"2584","Kilis",-1.54930332076991,2.1596020702797
"2585","Kilkenny",-1.14109271452508,-2.67818545048994
"2586","Killarney",0.293002810759025,-4.83616656922533
"2587","Killeen",-0.24403933328442,0.456225729264891
"2588","Kilosa",2.29586959250557,1.18207496404772
"2589","Kilowna",-2.88647591797018,-0.198943639390286
"2590","Kimberley",-0.97984070007659,2.1817289472092
"2591","Kimchaek",-2.23758358671975,-0.753685561308523
"2592","Kimhyonggwon",-4.26928020268229,-0.453700808934454
"2593","Kimmirut",-6.81563718176019,-3.1663773619497
"2594","Kimpese",2.38350569656728,1.23118949136163
"2595","Kimry",-3.39451147679975,-1.54630345661159
"2596","Kindersley",-4.40386636847322,0.00803700149692911
"2597","Kindia",4.84682565289007,-0.0564224725816075
"2598","Kindu",3.26546921655794,-0.662203678157006
"2599","Kineshma",-3.72478918813673,-1.44245977320475
"2600","King Salmon",-3.62456347693191,-1.97713435647341
"2601","Kingaroy",0.258106619137924,0.120141288298363
"2602","Kingman",-1.21524705965069,3.03812692238666
"2603","Kingsport",-0.808529904899741,-1.37654730481924
"2604","Kingston South East",-0.249275614848898,-0.509939813037162
"2605","Kingston upon Hull",-1.76435610881254,-2.5026644861691
"2606","Kingston1",3.42141788344066,-0.700458761856844
"2607","Kingston2",-3.26972910416642,-2.531010250325
"2608","Kingston3",-0.66618250160134,-2.09457711396495
"2609","Kingstown",4.34744845244769,-2.62095661476983
"2610","Kingsville",0.710829909293706,0.987039750390652
"2611","Kinshasa",3.00513104696812,0.647206376550547
"2612","Kipushi",1.46529439327734,1.61866772411288
"2613","Kirensk",-5.9698698255189,-0.804785647633722
"2614","Kirikkale",-2.25110861212118,1.36408067229701
"2615","Kirkenes",-4.22533413145212,-2.15687036277822
"2616","Kirksville",-2.20605978410673,-0.592379004675185
"2617","Kirkuk",-0.972600956420064,3.91925812524649
"2618","Kirkwall",-1.17250721162581,-3.74776210646987
"2619","Kirov1",-3.32989916249324,-1.48636049710637
"2620","Kirov2",-4.04162757676181,-1.67863738834102
"2621","Kirovo-Chepetsk",-4.01636480829364,-1.68564368036022
"2622","Kirovohrad",-2.79381304884832,-0.603288414138414
"2623","Kirovsk",-4.75850068395523,-2.39639601743244
"2624","Kirs",-4.18012032987913,-1.65931264780586
"2625","Kirsanov",-3.53781051158846,-1.08635226643543
"2626","Kiruna",-4.44869182673364,-2.30339482197303
"2627","Kisangani",3.62021091928891,-2.16928751498359
"2628","Kiselevsk",-4.80121401766772,-0.730895217647947
"2629","Kisii",2.4453464207358,-1.80854698943043
"2630","Kislovodsk",-2.88866210537785,-0.0884370063785299
"2631","Kismaayo",2.61669350124912,2.1066584316961
"2632","Kissidougou",3.8249099370314,0.238401989082124
"2633","Kissimmee",1.57912610945315,-0.687090179523389
"2634","Kisumu",2.9429755160919,-1.06875567897661
"2635","Kita",2.87074303096389,3.51300104998737
"2636","Kitakyushu",0.972471126577852,-1.95297160957922
"2637","Kitale",1.60870782935128,-0.121059299411443
"2638","Kitami",-2.83940095141288,-1.87028811543652
"2639","Kitchener",-2.82886622995797,-2.15031240084739
"2640","Kitgum",2.41021086747513,1.26747201569923
"2641","Kitwe",1.62531299782997,1.76556008034939
"2642","Kizel",-4.43311405434096,-2.10316072914662
"2643","Klagenfurt",-1.78080071874736,-1.62798921989473
"2644","Klaipeda",-2.39065961283536,-2.13971020738928
"2645","Klamath Falls",-2.81078776908624,1.0723735351356
"2646","Klerksdorp",-0.826500376798609,1.82731292503621
"2647","Klin",-3.4344119999055,-1.46483660781326
"2648","Klintsy",-3.11382333991458,-1.32940226505669
"2649","Klyuchi",-5.18628199220023,-2.76654665659083
"2650","Knoxville",-0.789596653308885,-1.93187627997283
"2651","Knysna",0.226036696700748,-0.587605265544921
"2652","Kobe",-0.102811242362698,-0.799369020961156
"2653","Koblenz",-1.8484063688755,-1.56546377578202
"2654","Kocaeli",-1.11047216433745,-0.134723668938843
"2655","Kochi",1.70897201607732,-2.62996663666419
"2656","Kodiak",-0.737271540702242,-6.07692336974866
"2657","Koforidua",3.42711204208745,0.177272007907194
"2658","Kofu",-0.896763874583896,-0.530791624029901
"2659","Kogon",-2.14072005159871,3.11543111637695
"2660","Kohat",-0.472118648649777,2.64469868315252
"2661","Kohtla-Jarve",-3.14643245390299,-1.85400785495091
"2662","Koidu",4.11153339606699,-0.202308241366845
"2663","Koko",2.707577118,3.45570336627054
"2664","Kokomo",-2.00636472122484,-1.41075056353169
"2665","Kokshetau",-4.91223540194191,-0.13333676098959
"2666","Kolar",1.56058428244951,2.44280849406045
"2667","Kolda",3.21575874183513,3.3838963245134
"2668","Kolhapur",2.99039540158645,2.07846432435486
"2669","Koln",-1.6248390933268,-2.33290916781275
"2670","Kolomna",-3.44370092418845,-1.18082345577417
"2671","Kolpino",-3.48835256662463,-1.78555867503398
"2672","Kolwezi",1.31777854906856,1.22276498060975
"2673","Kom Ombo",0.599082804289856,7.01600275125139
"2674","Komatipoort",0.964693480071172,1.58473125610784
"2675","Kompong Chhnang",3.35983497983165,1.44676569851999
"2676","Komsomolets",-4.56857000310327,-0.266162981345494
"2677","Komsomolsk na Amure",-5.55418747859995,-0.592028233743093
"2678","Kon Tum",3.14659778819556,0.314110409570115
"2679","Kondopoga",-3.80707020523888,-1.89155859823766
"2680","Kondoz",-1.38174041352712,3.12742776549753
"2681","Koneurgench",-2.92965386064223,2.39677944457468
"2682","Kongolo",2.4382583559619,1.35724395692824
"2683","Konibodom",-1.8612013132998,2.03250234006382
"2684","Konotop",-2.99044171154328,-1.29926067500755
"2685","Kontagora",3.13618514589606,2.11413140106094
"2686","Kontcha",2.93276477539258,1.96156087353782
"2687","Konya",-2.4504665155024,1.55122775116702
"2688","Korhogo",3.04633502612779,1.51980757282985
"2689","Koriyama",-1.00042460597334,-1.53720103921563
"2690","Korla",-3.68181995648415,2.44690965661767
"2691","Korosten",-2.66395529800116,-1.24306199639424
"2692","Korsakov",-3.22784668395284,-2.81279138749496
"2693","Kos",0.262003961552582,0.845693962485458
"2694","Kosice",-2.47623899244894,-0.801842863131943
"2695","Kosti",2.06161187968559,4.43865515978984
"2696","Kostroma",-3.69468852144771,-1.56733548987852
"2697","Koszalin",-2.17803987490004,-1.85929111623307
"2698","Kota",1.78755003140692,4.00562490769511
"2699","Kota Baharu",6.80690797200195,-3.39428609762845
"2700","Kota Kinabalu",5.38580252759654,-2.72320974760706
"2701","Kotabumi",5.4630582121233,-2.60860270766333
"2702","Kotelnich",-3.87783258553799,-1.53263490144952
"2703","Kotlas",-4.18647498796088,-1.56018185845054
"2704","Kotlit",-4.66498954019733,-2.457782386642
"2705","Kotovsk",-3.33002816399281,-1.01815013211265
"2706","Kotte",5.4384018252798,-2.91708686389677
"2707","Kotzebue",-5.42800769818657,-1.9662493094387
"2708","Koudougou",2.56935196291305,3.51970682042028
"2709","Koulamoutou",3.08074091446346,0.280408273365286
"2710","Koulikoro",2.62095194098145,3.70713521703877
"2711","Kourou",5.68530578497122,-2.08428471876525
"2712","Koutiala",2.44365242050866,3.40026302000858
"2713","Kovel",-2.60443929434659,-1.14614616069398
"2714","Kovrov",-3.56988694841308,-1.38784434923082
"2715","Kozhikode",8.29609260695457,-2.02153833714265
"2716","Kpalime",3.2662544758679,0.240639016908913
"2717","Kragujevac",-2.01642208629874,-0.499013768417529
"2718","Krakow",-2.26962806573749,-1.29335080316588
"2719","Kramatorsk",-2.76711160477055,-0.470397936840046
"2720","Krasnoarmeysk",-3.93447975788124,-0.487416653922507
"2721","Krasnodar",-2.04551855854211,-0.787876286270621
"2722","Krasnogorsk",-3.5785964482512,-2.76470637723892
"2723","Krasnokamensk",-6.15436459599083,0.352810949653738
"2724","Krasnokamsk",-4.20719626244405,-1.48334156204326
"2725","Krasnoufimsk",-4.27299849267566,-1.10836001222122
"2726","Krasnouralsk",-4.39607695626063,-1.19804162453397
"2727","Krasnoyarsk",-4.927657058975,-0.559494409661571
"2728","Kremenchuk",-2.7470550632255,-0.826240194363416
"2729","Kribi",5.95657168685289,-3.34751595949966
"2730","Krishnanagar",2.10332927131716,1.84075203453718
"2731","Kristiansand",-1.28915703420945,-3.78299633431629
"2732","Kristianstad",-2.64842143154378,-2.20335053387254
"2733","Krong Koh Kong",7.52871677204213,-2.35010624591895
"2734","Kroonstad",-1.13707798417557,1.82783912629288
"2735","Kropotkin",-2.13745453602323,-0.54337390935497
"2736","Kryvyy Rih",-2.8602602746351,-0.457289343955447
"2737","Ksar El Kebir",0.257633585126307,1.40201489047357
"2738","Kuala Lumpur",5.30533618399216,-3.76456423874991
"2739","Kuala Terengganu",7.41926672497118,-4.36201084932311
"2740","Kualakapuas",5.71031042887456,-2.98564385867845
"2741","Kuantan",7.06276370540229,-5.45847872080793
"2742","Kuching",8.96280357839959,-7.95286460743631
"2743","Kudymkar",-4.29298674556874,-1.42300522962704
"2744","Kuga",-3.84486005896437,2.04816476522695
"2745","Kuito",0.793929008520492,1.33367435133822
"2746","Kulob",-1.36556411554885,2.50828302842526
"2747","Kulunda",-4.88732784438924,-0.185749506694616
"2748","Kumamoto",2.21949791835271,-2.45309058871443
"2749","Kumasi",3.27597563452499,0.550127596632758
"2750","Kumba",6.14312043554783,-2.25584259735803
"2751","Kumbakonam",3.83043821476807,1.44861640232976
"2752","Kumbo",2.6212013614685,-1.1880287395806
"2753","Kumertau",-4.35740911274368,-0.818139650401063
"2754","Kumo",2.15845448947993,3.15498933090247
"2755","Kundian",0.0970356299169841,3.66167515421011
"2756","Kungur",-4.28985397278722,-1.17466999006299
"2757","Kunming",-0.131354604825115,0.0497479363436865
"2758","Kununurra",2.53260855601908,3.28649000755589
"2759","Kuopio",-3.794945094356,-1.91296596934228
"2760","Kupang",4.51944426973165,0.694434579924569
"2761","Kupina",-5.0986109330007,-0.261836184873887
"2762","Kupyansk",-2.91732404473935,-0.79416942977285
"2763","Kure",0.528459777999323,-1.36058699210346
"2764","Kurgan",-4.72320251925097,-0.452116743192749
"2765","Kurnool",2.19489183526997,3.43506209304434
"2766","Kursk",-3.15901990240772,-1.39266456207079
"2767","Kurtamysh",-4.67807678441033,-0.454938313432746
"2768","Kuruman",-1.06925085857079,2.2774569239021
"2769","Kushiro",-2.14957806041265,-2.35547673028349
"2770","Kuta",4.72659449648711,-2.07828723490763
"2771","Kutahya",-2.43649967638019,0.677776378801225
"2772","Kutaisi",-0.28747206649414,-2.73422904097769
"2773","Kuujjuaq",-5.91406924348774,-2.46153150060112
"2774","Kuujjuarapik",-5.7169418819649,-2.93773276779433
"2775","Kuwait",-0.448410627703764,4.61825584299145
"2776","Kuybyshevskiy",-1.3472820413197,2.751915759633
"2777","Kuznetsk",-3.87273604597903,-1.03441030470728
"2778","Kwekwe",0.520484608355718,2.17396303184878
"2779","Kwinana",0.7381225067216,0.479857890696579
"2780","Kyakhta",-5.84161981504904,0.502910060069864
"2781","Kyaukphyu",8.22614957890675,-2.38208102829584
"2782","Kyoto",0.00536151991376527,-0.996137283558371
"2783","Kyshtym",-4.22445792972808,-0.907995716292815
"2784","Kyustendil",-2.10487742755957,-0.363413818188756
"2785","Kyzyl",-5.78902337411186,0.299057467265092
"2786","L'Aquila",-1.80252230865468,-0.915987463325832
"2787","La Barca",1.06841814809809,2.44086595201271
"2788","La Ceiba",4.54853344716563,-1.30621364929134
"2789","La Coruna",0.199299541580996,-1.88405078808111
"2790","La Crosse",-2.9672323513856,-0.452985092898104
"2791","La Cruz1",3.87836595859786,0.173319282532367
"2792","La Cruz2",2.28051758755103,1.65913169336484
"2793","La Grande",-2.83120401682185,0.564226598842768
"2794","La Grange",0.0360177165883593,-1.7426347985023
"2795","La Libertad",3.31547250476698,-0.475060573288732
"2796","La Ligua",-0.470879297085258,2.25783699493362
"2797","La Paloma",0.433700688455576,-2.7395126153633
"2798","La Paz1",1.26504568292428,2.99170314170976
"2799","La Paz2",-1.04957696379646,1.74236132938599
"2800","La Paz3",-2.03683909774738,-0.34292045193657
"2801","La Plata",-0.119181118526195,-1.55359014986929
"2802","La Rioja",-0.479096568288323,1.85955968416567
"2803","La Rochelle",-0.961825885620122,-1.41868724282143
"2804","La Romana",3.23542901227197,-0.449376987658217
"2805","La Ronge",-5.14950963541021,-0.941738454743365
"2806","La Sarre",-4.64334027157003,-2.03588780178494
"2807","La Scie",-3.04117623982662,-3.93096918268658
"2808","La Serena",-0.237432996811216,2.79242454097607
"2809","La Union",0.196056165011651,-2.02931610990274
"2810","La Vega",3.33435091996526,-1.49908697169972
"2811","La Victoria",2.19505901652147,0.229629946819526
"2812","Laayoune",0.16688004533582,2.27800854892882
"2813","Labe",2.89304076354079,1.05184479576813
"2814","Labinsk",-1.98602171092425,-0.73089135558628
"2815","Labrador City",-5.4989723804102,-2.98496111289457
"2816","Labutta",5.46015183474516,-0.501735469687187
"2817","Lac La Biche",-4.46533793859131,-0.851645970555254
"2818","Ladysmith",-0.205506565578168,1.25544485682879
"2819","Lae",7.0406990987999,-7.50730941043989
"2820","Lafayette1",1.09205867179966,-2.52538462098428
"2821","Lafayette2",-2.0149803000388,-1.1010287877703
"2822","Lafia",3.30632690087657,1.63228381202691
"2823","Laghouat",-1.29184855647825,2.84048438407008
"2824","Lagos",4.0132607419883,0.148500085280686
"2825","Lagos de Moreno",0.220857347177229,2.32961631510317
"2826","Laguna",2.16976638094783,-2.90091049212769
"2827","Lahad Datu",4.98552421676903,-3.77210137714036
"2828","Lahat",5.38669514612807,-3.5269078945458
"2829","Lahij",1.71904212888173,3.3389374105782
"2830","Lahore",0.570386995421426,3.83523095415106
"2831","Lahti",-3.40609946383783,-1.87677999283937
"2832","Laiwu",-1.49383494150234,0.652231440328234
"2833","Laiyang",-1.45737146684281,0.291560539471222
"2834","Lajes",0.958454826398219,-2.74878404728601
"2835","Lake Charles",1.23524404661084,-2.53549835177143
"2836","Lake City",1.25465408968758,-1.23090714957136
"2837","Lake Havasu City",-0.591772720831383,3.88701229796085
"2838","Lake Louise",-4.35977237778222,-1.22797616227847
"2839","Lakeville",-3.35748123375759,-0.427775522175748
"2840","Lalitpur",1.33952653387808,-0.909722273958532
"2841","Lamar",-2.56827705763383,2.13296905238776
"2842","Lamas",2.93499527300037,-1.92637803181847
"2843","Lambarene",4.05389789784972,-0.172400289079992
"2844","Lampang",2.24144025119691,2.01823818279144
"2845","Lamu",3.57150020023251,1.0640056409253
"2846","Lancaster1",-1.40027865206831,2.82098008922453
"2847","Lancaster2",-1.83300707744148,-1.34634254101114
"2848","Lancaster3",-1.46774229167959,-1.75789028302538
"2849","Lander",-3.77371878962121,1.16522687143575
"2850","Langfang",-2.03665072915823,1.44342644439912
"2851","Langzhong",-0.168743792517177,0.323200301149718
"2852","Lankaran",0.0149861973800549,0.490371791591285
"2853","Lansdowne House",-5.24460889867646,-1.5147700414063
"2854","Lansing",-2.80154600146536,-1.1399983433521
"2855","Lanxi",-4.60956014178931,0.300595669062855
"2856","Lanzhou",-3.37876124575417,1.63647448824587
"2857","Lao Chi",2.56049556371197,-0.365848490703874
"2858","Laoag",5.47481477454633,-0.843215998238991
"2859","Lapa",1.23462989751002,-2.629448365755
"2860","Lappeenranta",-3.2778411613723,-1.73736615083101
"2861","Larache",0.243419202133543,1.03900069937507
"2862","Laramie",-3.8603636520976,0.688617430219736
"2863","Laredo",0.0513499876787313,2.12932736878237
"2864","Larissa",-1.1159102624787,1.01377221550201
"2865","Larkana",0.511897998899709,5.31219030190373
"2866","Las Cruces",-1.2144368153041,3.07425245652565
"2867","Las Heras",-1.39664604778721,1.8042644936905
"2868","Las Lajas",-2.08921997451087,1.12902344877863
"2869","Las Lomitas",1.16709266592724,1.25015636195496
"2870","Las Palmas",0.196596135941371,0.585995248437625
"2871","Las Tablas",4.33214763804739,-0.0198006385106913
"2872","Las Tunas",2.64403089232634,0.58081581482197
"2873","Las Vegas1",-2.5481020848829,1.30466914819551
"2874","Las Vegas2",-1.61656623841945,3.34941037500201
"2875","Lascano",0.762543281947836,-2.16295500079709
"2876","Latacunga",-0.410046463421034,-1.05896854951941
"2877","Latur",1.90281464606947,3.24612425439988
"2878","Launceston",-0.679154483276482,-1.58884152978216
"2879","Laurel",0.453649302337031,-1.79412523677663
"2880","Lausanne",-1.46989329782551,-3.01549995242172
"2881","Lautoka",4.15182717564639,-1.76864132818709
"2882","Lavras",2.22635782661287,-0.228084149898339
"2883","Lavrentiya",-5.50114883843693,-3.2621134274351
"2884","Lawrence",-1.82403804204272,0.0726060505383535
"2885","Lawton",-1.32594074321967,0.905638786605028
"2886","Lazaro Cardenas",3.60714004404027,1.24166332276787
"2887","Le Havre",-1.31293853790621,-2.53830876148531
"2888","Le Mans",-1.45776968159095,-1.49366631697853
"2889","Lead",-3.80951393837858,0.200392061753305
"2890","Lebowakgomo",-0.512334957272683,1.99168802642801
"2891","Lebu",0.863425118331541,-1.8513640419217
"2892","Lecce",-0.293085833728931,-0.265946122253864
"2893","Leeds",-1.70316235302252,-2.76358074848028
"2894","Leesburg",1.46341826259212,-0.746387181304845
"2895","Leeton",-0.917966498653501,0.628794595442527
"2896","Leeuwarden",-1.69921115902559,-2.5095513992415
"2897","Legazpi",6.53285703235084,-5.0585157782753
"2898","Legnica",-2.28339449566672,-1.06535798926007
"2899","Leicester",-1.74545598872472,-1.90045984840232
"2900","Leipzig",-2.24132196590571,-1.20248133470512
"2901","Lemosos",0.243757816572745,1.22021741523782
"2902","Lenger",-2.12874412586295,1.41143126978763
"2903","Leninogorsk",-4.25680335676425,-0.96949700524812
"2904","Leninsk Kuznetsky",-4.71863345892276,-1.00982074034375
"2905","Lensk",-6.61730258421166,-0.998289788833436
"2906","Leon1",4.7291248493868,0.94407277191855
"2907","Leon2",0.226739726962486,2.39617484535976
"2908","Leon3",-1.85457116728605,-0.161618432917855
"2909","Leonara",-0.369468552502831,2.55725867527382
"2910","Leopoldina",2.85952976811347,0.286396590379604
"2911","Lerwick",-1.07590480881054,-4.03581678602297
"2912","Les Cayes",4.40197924973615,-2.11053114787981
"2913","Leshan",0.704535127357324,-0.299977878967862
"2914","Lesosibirsk",-5.33704476675719,-1.03441925614346
"2915","Lesozavodsk",-4.4092287140999,-0.458809352431343
"2916","Lethbridge",-3.47020296393333,0.044563879921432
"2917","Lethem",4.55621874998775,0.356645703457914
"2918","Leticia",5.60669921271207,-4.97914291662908
"2919","Letpadan",4.18133055996959,1.16435708511042
"2920","Levin",0.226304603092189,-3.27545021650753
"2921","Lewiston1",-2.62311158165361,-3.17418577329729
"2922","Lewiston2",-1.93159905020186,1.12973920255312
"2923","Lexington",-0.976039201643425,-1.57778829171109
"2924","Lgov",-3.08287105955539,-1.51605013878767
"2925","Lhasa",-3.46867285598506,0.840355186989946
"2926","Lhokseumawe",4.53593951661058,-2.17597600564593
"2927","Lianxian",0.868839796961567,-0.387052807613578
"2928","Lianyungang",-0.66887566656283,-0.0550010528149779
"2929","Liaocheng",-1.59233001002239,1.30595647243969
"2930","Liaoyang",-2.92167869175653,0.249311809436755
"2931","Liaoyuan",-3.75206799800454,0.0272524275363271
"2932","Libenge",3.31435130179231,-0.524083618632472
"2933","Liberec",-2.4325905608635,-1.87740100631234
"2934","Liberia",4.18283354132162,0.274632078905359
"2935","Libertador General San Martin",1.07208988293643,1.10577722523931
"2936","Libreville",5.41522526705585,-1.8435625110242
"2937","Lichinga",1.5357005071182,0.862826318902265
"2938","Lida",-2.88748275781478,-1.62294975123904
"2939","Liege",-1.66963941079784,-2.63701841337728
"2940","Liepaga",-2.69145900752932,-2.26323876215679
"2941","Lihue",3.62640881582483,-4.19023248320907
"2942","Lijiang",-0.977086043368953,0.427181493010995
"2943","Likasi",1.29977616385377,1.82565788161265
"2944","Lille",-1.85354018369127,-1.99984993676766
"2945","Lillehammer",-2.90386734104657,-2.2187445115282
"2946","Lillooet",-3.21827010373948,-0.00264608057112829
"2947","Lilongwe",1.29397753607466,1.83739435749376
"2948","Lima1",-2.31540893336494,-1.27986720714677
"2949","Lima2",0.915240489780978,1.66659102126756
"2950","Limbe",7.77074849691021,-3.81673087782874
"2951","Limeira",2.1825069869688,-0.429704892766099
"2952","Limerick",-0.896692320556513,-3.23300879780354
"2953","Limoges",-1.05789709758482,-2.17397617096757
"2954","Linares1",0.0369183532072181,0.805957519308531
"2955","Linares2",-0.938444449722643,1.89185786736324
"2956","Linares3",0.968777735932578,1.98470762286544
"2957","Linchuan",0.898460345003927,-0.72259233786204
"2958","Lincoln1",-2.6616976684804,0.338273009617673
"2959","Lincoln2",-0.324964334125742,-0.370776186295131
"2960","Linden",4.61706099487252,-2.801380522922
"2961","Lindi",2.9312422344537,1.12156334590308
"2962","Linfen",-2.1942628135194,1.41980470411764
"2963","Linhai",0.867816615752648,-1.19168940799632
"2964","Linhares",2.79413218305898,-0.587737031934876
"2965","Linjiang",-3.50868614289383,-0.186605956366168
"2966","Linkoping",-2.820665045466,-1.53982703399755
"2967","Linkou",-4.53116285622172,0.00176874199037888
"2968","Linqing",-1.74072662635403,1.52885162029083
"2969","Linxi",-4.47540011219589,0.901263591210017
"2970","Linxia",-3.36157823088007,1.0112398859603
"2971","Linyi",-0.992895567050561,0.578962796978998
"2972","Linz",-1.90211964673359,-1.68609400153636
"2973","Lipetsk",-3.48341159065383,-1.07479119948265
"2974","Lira",2.64155492400579,0.381476874485573
"2975","Lisala",3.76837450139405,-1.92790044758632
"2976","Lisbon",-0.294575321958681,0.138340978077892
"2977","Lisburn",-1.10094175253604,-3.25989534316135
"2978","Lishui",0.311087819295677,-0.116804258324306
"2979","Lismore",1.45018772616594,-1.65468270044348
"2980","Lithgow",-1.17808333803782,-1.72519925552802
"2981","Little Current",-3.6017139422504,-2.65473653168125
"2982","Little Rock",-0.105985798589348,-1.22560341481022
"2983","LÌùderitz",-0.0352795682300419,1.33461423221685
"2984","Liuhe",-3.72302880147248,-0.161251783036937
"2985","Liuzhou",1.26324991333369,-0.549452694281484
"2986","Liverpool1",-1.85506535665366,-3.66566766108698
"2987","Liverpool2",-1.43501230790278,-2.80955185464721
"2988","Livingston",5.47759900023805,-3.24721513704258
"2989","Livingstone",0.742855314633126,2.78520117284828
"2990","Livny",-3.34207018080163,-0.981613810533681
"2991","Livorno",-0.554148987635243,-0.178601128316422
"2992","Ljubljana",-1.393774199133,-2.5848397082314
"2993","Lobamba",0.417470998511836,0.845515207752746
"2994","Lobatse",-0.453543983284308,2.0425049020164
"2995","Lobito",1.83298326728682,2.40928110937423
"2996","Lobos",-0.123282915323083,-1.02026789382612
"2997","Lodwar",2.52814150102332,3.37566694167672
"2998","Lodz",-2.5707990554279,-1.17992472740068
"2999","Loei",2.40510179918024,1.37571795297934
"3000","Logan",-2.82118396031028,1.13237726287512
"3001","Logrono",-1.2755422615179,0.00792808230357544
"3002","Loja",0.530202269714279,-0.525740760225441
"3003","Lokoja",2.97352759680563,1.96342875796032
"3004","Lome",3.14851100787432,1.10450882177988
"3005","Lomza",-2.76145780398572,-1.19672805284942
"3006","Loncoche",0.723518525909683,-2.29895882003033
"3007","London1",-3.05005661109047,-2.73062320327813
"3008","London2",-1.79693158394785,-1.96592946548036
"3009","Londonderry",-1.09908831756075,-3.40104888879676
"3010","Londrina",2.30825011208875,-1.51590272962318
"3011","Long Beach",-0.343475407938621,2.29354768547312
"3012","Long Xuyen",3.49557330001344,1.24635034839804
"3013","Longjiang",-4.61886891042874,0.502537263203485
"3014","Longreach",0.595413242202632,2.6911825059341
"3015","Longview1",0.285470401987045,-0.71172704818599
"3016","Longview2",-0.192051681372543,-1.0774583569751
"3017","Longxi",-3.32118622413145,0.813047030277268
"3018","Longyan",0.921654203831919,-0.124278105469632
"3019","Lop Buri",3.33713460782184,1.82706201571794
"3020","Lorca",-0.880366002705338,1.61937055377646
"3021","Loreto",1.06363529913871,3.15509810609264
"3022","Lorica",4.18556518884804,0.114569990019737
"3023","Lorient",-0.758945788776379,-2.09696153860647
"3024","Los Alamos",-3.1462264075145,1.14434434148103
"3025","Los Andes",-1.49053218595437,2.20202286966099
"3026","Los Angeles1",-0.401033801382476,2.49381742092013
"3027","Los Angeles2",0.112542243029124,-0.416000026449764
"3028","Los Blancos",1.23405735484515,1.90061915168277
"3029","Los Lagos",0.959361970289466,-2.24970941854793
"3030","Los Mochis",1.17975763062853,2.43953218715393
"3031","Los Teques",1.74750101574707,-0.0611320030565489
"3032","Lota",1.22841172960626,-1.86504103583134
"3033","Louangphrabang",2.39445069916195,0.757749616833432
"3034","Loubomo",2.61971886201426,0.444799402013829
"3035","Louga",2.38372832824422,3.96161245177701
"3036","Louisville",-1.15262940157964,-1.57142326359933
"3037","Lowell",-2.0813009883247,-2.91188023559752
"3038","Luan",-0.587353733536147,-0.185386275441848
"3039","Luanda",1.90049977082808,2.03783269040526
"3040","Luanshya",1.5040146946165,1.84529089437314
"3041","Luau",1.97250316811967,1.31237277334481
"3042","Lubango",0.146318979165461,1.87001959781922
"3043","Lubao",3.05336575640969,0.278795997646994
"3044","Lubbock",-1.76017883596111,1.75311514020169
"3045","Lubeck",-1.98831490527175,-2.02588361111892
"3046","Lublin",-2.73315150536604,-1.09991245211335
"3047","Lubumbashi",1.26938304393159,1.93964293886429
"3048","Lubutu",3.77896839055943,-2.96154283868853
"3049","Lucapa",2.74798122081736,0.398707210818461
"3050","Lucknow",1.91544917442608,2.895338920673
"3051","Ludhiana",0.803714871868902,3.18896614773552
"3052","Luebo",2.78799801061387,0.245391841334422
"3053","Luena",1.10278961145976,1.60181318530773
"3054","Lufkin",0.396878807465659,-1.09977401361909
"3055","Luga",-3.24830522646263,-1.72552474708272
"3056","Lugano",-0.974372248077366,-2.12581207446506
"3057","Luganville",4.89114294743496,-4.66389933374676
"3058","Luhansk",-2.97211008250812,-0.460850962921388
"3059","Lujan",-0.103621731561815,-1.22688913108739
"3060","Lulea",-4.12503050700703,-2.21341695485387
"3061","Luleburgaz",-1.41933906281166,0.390330641551259
"3062","Lumberton",0.0966754060408661,-1.46308133420458
"3063","Lundazi",1.11020765361469,2.04871047920766
"3064","Luohe",-0.984367053212174,0.566187653066347
"3065","Luoyang",-1.68645802347131,1.06864748688777
"3066","Lupanshui",-0.56134921690717,-0.653784703515533
"3067","Lusaka",0.759508311094052,1.99002510979844
"3068","Lusambo",2.76042932781871,0.493640941465342
"3069","Lusanga",2.59202501149581,0.90308728627613
"3070","Luton",-2.07035809251894,-2.07671280729444
"3071","Lutselke",-6.51501795121054,-1.23519548949943
"3072","Lutsk",-2.63846637185493,-1.07538260761994
"3073","Luwuk",4.23418133532185,-0.91014325155798
"3074","Luxembourg",-2.04272551591447,-2.18488177281027
"3075","Luxor",0.288456068288902,6.77113423276701
"3076","Luzern",-0.817114036432986,-3.0968290759066
"3077","Luzhou",0.212726303926495,0.0184827306513499
"3078","Lvov",-2.50691740250989,-1.51648427130786
"3079","Lynchburg",-1.00533979559014,-1.83290132986481
"3080","Lyon",-1.51199219730627,-1.35004662857151
"3081","Lysychansk",-2.78096018811863,-0.688601983667745
"3082","Maanshan",-0.656780726181405,-0.104313212396928
"3083","Mabaruma",5.45040830587186,-3.50108648504873
"3084","Macae",2.91277584733538,-1.23532610768508
"3085","Macapa",5.20968302528411,-1.05320904443141
"3086","Macara",2.34728043290762,2.50086691127562
"3087","Macas",3.44428741539417,-3.65068066935131
"3088","Macau",2.38293088917459,-0.768853064217622
"3089","Maceio",4.22654003519961,-1.13882166500148
"3090","Macenta",4.77575761612057,-1.31871557592093
"3091","Machakos",1.1535871024545,1.34810566875343
"3092","Machala",2.9726918669996,1.06069750016696
"3093","Macheng",-0.0828848992626073,-0.189261065769745
"3094","Machilipatnam",3.01290182699838,2.07486136370486
"3095","Machiques",3.60717414611954,0.516693505626277
"3096","Macia",1.95845207347244,0.197357890658448
"3097","Mackay",3.20301712425507,-0.949985055999716
"3098","Macon",-0.12009046609678,-1.2000136785041
"3099","Madang",6.54995514234485,-4.50964571233596
"3100","Madaoua",1.84298726839052,4.43785300301701
"3101","Madinat ath Thawrah",-1.29267283976199,3.31255000564698
"3102","Madison",-3.03070997872063,-0.570896171755616
"3103","Madisonville",-0.868676344237283,-1.58122990971379
"3104","Madiun",4.8597493065316,-0.764575946768545
"3105","Madrid",-1.57603029310999,1.19618806550558
"3106","Madurai",3.21616826270649,2.04605314774811
"3107","Mae Sot",3.03484255000123,1.7448741679535
"3108","Maebashi",-0.620405783019168,-0.496891029307625
"3109","Mafetang",-1.2006959956061,0.956660423583238
"3110","Magadan",-5.54194087789354,-2.29985327369287
"3111","Magangue",3.72693246400096,0.710430384471418
"3112","Magdagachi",-5.97535376642793,-0.428348501440264
"3113","Magdalena",3.06244102114712,0.610026080800361
"3114","Magdeburg",-2.33376082454,-1.11180815822298
"3115","Magelang",5.0911422709929,-3.10900707958743
"3116","Magnitogorsk",-4.60255559523421,-0.443919986443342
"3117","Magway",1.73655227673183,2.29291410104006
"3118","Mahabad",-2.41494185093427,2.50348854611341
"3119","Mahajanga",4.51972719443931,1.21045016143061
"3120","Mahalapye",-0.143237699627614,2.43129076665622
"3121","Mahilyow",-3.15023998632052,-1.5127661346928
"3122","Maiduguri",2.08739964611593,3.93546747253158
"3123","Maintirano",3.74014711214974,1.05203571270222
"3124","Maiquetia",2.67788585961159,0.874319739758223
"3125","Maitland",0.39754330789774,-0.871825155161258
"3126","Maizaru",0.631692528733708,-3.08694340662455
"3127","Majene",4.61582118132622,-1.54211959164411
"3128","Makale",4.41511394478756,-2.73578288657169
"3129","Makarov",-3.88115774488218,-2.49891135380563
"3130","Makeni",5.79047125115897,-0.893752625144962
"3131","Makhachkala",-1.98023130704215,0.0862689642623443
"3132","Makhambet",-3.81990205700939,0.902213310925424
"3133","Makinsk",-4.95314230314114,-0.391304641673926
"3134","Makiyivka",-2.7953843393465,-0.579995448581949
"3135","Makkah",0.927422011935215,4.32286882410047
"3136","Makokou",3.25012815018039,-0.522661109578033
"3137","Makoua",3.35062094695309,-0.77238163816077
"3138","Makurdi",3.45498393918848,1.63005332126532
"3139","Malabo",3.72734365226058,-3.99114675350291
"3140","Malacca",4.83061610060029,-2.62517452500032
"3141","Maladzyechna",-3.08845416021719,-1.52794654967708
"3142","Malaga",-0.391320148036846,1.79275650224525
"3143","Malakal",2.75397065077948,2.51194444350353
"3144","Malang",4.85122036509789,-1.2861859294323
"3145","Malanje",1.7899792077813,1.06351984203992
"3146","Malargue",-2.65809124644988,0.267660861714549
"3147","Malatya",-2.1200656054454,2.03085309204388
"3148","Maldonado",0.261147670904524,-2.88839291353859
"3149","Malegaon",1.3132630752029,3.38664595051743
"3150","Malindi",3.28107954748396,0.988879551186769
"3151","Mallawi",-0.48070122749505,4.79525472217956
"3152","Malmo",-2.6146093565895,-2.13303347552886
"3153","Mamou",3.58248273579973,0.694988950779159
"3154","Man",3.30448007030731,0.216345966207546
"3155","Manacapuru",5.09003378962911,-1.95248572116759
"3156","Manado",5.92586290167676,-3.40851207186198
"3157","Managua",4.1238890841978,1.01004263560879
"3158","Manama",0.24397650307468,3.4460829372131
"3159","Mananjary",4.51186505502899,-3.74845376737017
"3160","Manaus",4.93824081825425,-2.22744610562235
"3161","Manbij",-1.41454324793204,2.92041043450119
"3162","Manchester1",-2.58116988486051,-2.62682419645139
"3163","Manchester2",-1.20038754806034,-3.37689665419942
"3164","Mandalay",1.74393939616386,2.2529975694328
"3165","Mandalgovi",-5.64228804212516,1.36957683789422
"3166","Mandali",-0.3710069384974,4.36423644979966
"3167","Mandera",2.56147894584857,3.72632462031082
"3168","Mandritsara",3.68100351675417,-1.43727688921786
"3169","Mandurah",0.889414710845208,0.243559139817664
"3170","Mandya",1.89436301764626,2.49793736562165
"3171","Mangai",3.46691167242216,-0.435321636836305
"3172","Mangalore",11.1495752657613,-4.10674114067048
"3173","Mango",3.45416831563056,2.2807912814621
"3174","Mangochi",1.80455267995425,1.99147976915485
"3175","Manhattan",-2.12820683927304,0.575509515909688
"3176","Manicore",4.85276769204061,-1.82928128420069
"3177","Manila",4.75127672278149,0.412626312702017
"3178","Manisa",-0.492765456792382,1.44016144173338
"3179","Manizales",3.5344291816163,-4.88621757993706
"3180","Manja",2.06991139588236,2.42423227489938
"3181","Manjimup",0.343505967621617,-0.644051969284846
"3182","Mankato",-3.34172421816904,-0.323574729410926
"3183","Mannheim",-1.78887336866255,-1.44745684985262
"3184","Manokwari",5.88325309476501,-4.34036912048312
"3185","Manono",2.602485732037,1.56107091296426
"3186","Manpo",-3.09498944655943,-0.163338350817301
"3187","Mansa",1.53203067882549,1.93836000044139
"3188","Mansehra",0.399213894400087,-0.0953501210938337
"3189","Mansfield",-2.20398179655839,-1.59016950467507
"3190","Manta",1.82893398821152,1.39604358218642
"3191","Manukau",0.56548114602826,-3.32358787860955
"3192","Manyoni",1.31538564615283,2.74766592475594
"3193","Manzanillo1",3.09024116820315,1.81105385419638
"3194","Manzanillo2",2.90770321144728,0.594574495676261
"3195","Manzhouli",-5.99376025986146,0.549134084336623
"3196","Mao",1.47277874967753,4.65785733895369
"3197","Maoming",2.34017823943431,-0.411948147339492
"3198","Mapai",0.946486600713592,2.48597695689609
"3199","Maputo",1.76049343611559,0.702241606532445
"3200","Maqat",-3.6293162874576,1.25350482608215
"3201","Mar de Ajo",-0.247459127426356,-2.40678108811811
"3202","Mar del Plata",-0.426923538927883,-2.12791941380086
"3203","Maraba",4.994623364162,-0.476413579050413
"3204","Maracaibo",2.81458960551207,2.10811496393488
"3205","Maracaju",2.19995985824503,-0.242607704291376
"3206","Maradi",1.78611688943541,4.26117968426043
"3207","Maragheh",-2.67913302920155,2.16482009862064
"3208","Marbella",-0.0193942612855565,1.37565621787972
"3209","Mardan",0.159253076726054,2.06247476682684
"3210","Mardin",-1.77289257202714,2.40819349592919
"3211","Maria Elena",-0.495450987167563,3.84938240196767
"3212","Maribor",-1.76423516367254,-1.32045904496928
"3213","Maridi",2.81887710680249,0.91866041199244
"3214","Mariental",-0.39372405045095,3.80621264841952
"3215","Marietta",-0.309068632397652,-2.05143510019432
"3216","Mariinsk",-4.74981042447415,-0.828864294275486
"3217","Marilia",2.33666381366023,-0.587620617135625
"3218","Marinette",-3.0084190585192,-1.53586802819373
"3219","Maringa",2.01742189857257,-1.26449142033223
"3220","Marion",-2.11547152366839,-1.28591062332782
"3221","Mariupol",-2.44133405332819,-0.564555772633086
"3222","Markala",2.30968094495536,4.06786679845196
"3223","Maroantsetra",4.7103689602747,-3.69368328622034
"3224","Maroua",2.3224253327915,3.48896460498392
"3225","Marovoay",4.2847139609495,1.7050855813731
"3226","Marquette",-3.3853671570463,-2.10450045339023
"3227","Marrakesh",-0.693580137498002,3.08859693710305
"3228","Marrupa",2.23509183111028,1.50152619755015
"3229","Marsabit",2.95587847971786,0.691543898872491
"3230","Marsala",-0.137706257994287,0.419472536095612
"3231","Marseille",-0.915291704378314,0.212468614294917
"3232","Martapura",5.84870181883341,-3.1147506170568
"3233","Mary",-1.73335650562678,3.50660181394787
"3234","Mary borough",1.68861989413544,-0.416484014061515
"3235","Maryborough",-1.06229828530587,-0.339433368828723
"3236","Marzuq",-0.612494585438282,4.86665561288483
"3237","Masaka",2.7922668784354,-0.973968199607434
"3238","Masan",-0.360616300480868,-0.890380870404022
"3239","Masasi",2.28277991332827,1.85897474418334
"3240","Mascara",-1.15326713902354,1.99857370689888
"3241","Maseru",-1.14036136832309,1.06657790517123
"3242","Mashhad",-2.10021816391934,2.71196214349453
"3243","Masindi-Port",2.53841388507466,0.178591418354124
"3244","Masjed Soleyman",-0.36095951568414,4.34253919802274
"3245","Mason City",-3.19727007413252,-0.471113245501087
"3246","Massawa",2.2355070436202,3.39802617637111
"3247","Masterton",0.0424179736789874,-2.86188566566859
"3248","Masvingo",0.385113790770757,1.61996792422251
"3249","Matadi",2.46137818031601,1.07806262065087
"3250","Matagalpa",2.39934580106257,0.71404865391296
"3251","Matagami",-4.80145087842995,-1.94608640680159
"3252","Matamoros",1.10922894624524,0.948804069990686
"3253","Matanzas",2.94610114923821,-0.687927613641887
"3254","Matara",5.25408368233047,-2.92533904001315
"3255","Mataram",4.24779515332027,-0.305479946932807
"3256","Mataro",-0.463808704548525,-0.418070109035999
"3257","Matehuala",-0.142116147930497,1.91239379055123
"3258","Mathura",1.096264165641,3.80956282260709
"3259","Mato Grosso",2.70452353173083,0.92894341773278
"3260","Matola",1.68717147226601,0.831291627963149
"3261","Matruh",-0.0634329355014442,2.06373951442723
"3262","Matsue",0.906656663333631,-3.63510641608771
"3263","Matsumoto",-1.56016308897462,-0.90330354356709
"3264","Matsuyama",0.415492993498797,-1.18980082895349
"3265","Maturin",3.34386795578027,0.0876459042024675
"3266","Maues",4.3191920172347,-1.89313417011513
"3267","Maumere",3.0621761436504,0.620701377494298
"3268","Maun",0.326933912241935,3.09298259258784
"3269","Mawlamyine",8.29673327325514,-1.29907047099131
"3270","Maxixe",2.20832989374646,0.0394919468022144
"3271","May Pen",3.4780953316524,-0.347871883015554
"3272","Mayaguez",3.57296949039492,-1.78838054687911
"3273","Maykop",-1.80242733072736,-1.0112801246985
"3274","Mazabuka",0.990490172504219,2.20948932867
"3275","Mazar-e Sharif",-1.33317954645449,3.38759916190281
"3276","Mazatenango",5.17227639611775,-0.458211124651622
"3277","Mazatlan",2.54643968788426,1.46178634995904
"3278","Mazyr",-2.85937857239465,-1.36813182271495
"3279","Mbabane",0.397213971411514,-0.201224244656539
"3280","Mbaiki",3.18330251687236,-0.42619078977304
"3281","Mbala",1.14780618162393,1.60141405203112
"3282","Mbale",2.39999760152973,-0.013725697202626
"3283","Mbalmayo",3.22315991778855,-0.530622312369325
"3284","Mbandaka",3.93536153696401,-2.39135299437234
"3285","Mbanza-Congo",2.63009092346607,0.702993977101039
"3286","Mbanza-Ngungu",2.59384776112507,0.510774784844493
"3287","Mbarara",1.93875547808012,0.083271895840138
"3288","Mbe",3.08556482491846,1.34559914748668
"3289","Mbeya",0.72938961346494,1.36883342249678
"3290","Mbuji-Mayi",2.84706758537798,0.448928267446406
"3291","Mbulu",1.04886418251692,1.47597842906081
"3292","McAlester",-0.777997448332702,-0.626908863446547
"3293","McAllen",0.661272957626407,1.75952853546079
"3294","McCook",-2.66255798803105,1.34107379875953
"3295","McGrath",-4.77419169356331,-1.37093297681928
"3296","Meadow Lake",-4.75277210697523,-0.657137640109483
"3297","Medan",5.65754351271133,-3.62747749615254
"3298","Medani",1.98485708239593,4.65891451245176
"3299","Medea",-0.91996906883112,0.856466417693463
"3300","Medellin",2.58240286181605,-2.3504543771486
"3301","Medford",-1.66712543145332,1.17518948554505
"3302","Medicine Hat",-3.93998303711193,0.343595963984757
"3303","Medina",0.190924197827874,4.99925467410953
"3304","Medinipur",2.48236043823722,1.77214328583676
"3305","Mednogorsk",-4.50456704753392,-0.613391928173709
"3306","Meekatharra",-0.122074837072431,3.03354833804778
"3307","Meerut",1.28380050974403,3.16110107227941
"3308","Megion",-5.41445051324162,-1.59006591967264
"3309","Meiganga",2.61175493870944,0.873701214483896
"3310","Meizhou",1.15303932187469,0.0378209218471146
"3311","Mejillones",0.627231823541014,3.58616510519287
"3312","Mekambo",3.23713901988864,-0.869591753510411
"3313","Mekele",1.04716045945579,2.21814012518232
"3314","Meknes",-0.469986464819775,1.92948319360238
"3315","Mekoryuk",-4.10358389944096,-2.78077143658182
"3316","Melbourne1",1.97450785897181,-0.939821914289519
"3317","Melbourne2",-0.474840834555743,-1.40834391410019
"3318","Melilla",-0.281287739590848,0.959073703496138
"3319","Melitopol",-2.38854712155144,-0.155978832544681
"3320","Melo",0.40670557162273,-1.88227739215413
"3321","Melton",-0.740794918552939,-0.921576189138244
"3322","Melun",-1.80410139391862,-1.60137119866645
"3323","Melut",2.67495533152201,2.93726842775722
"3324","Melville",-4.95736511191788,-0.780168772427259
"3325","Memphis",-0.416030109244512,-1.65294078340088
"3326","Mendi",3.68359415965993,-6.4798759359414
"3327","Mendocino",0.429019527734815,-0.585118633715568
"3328","Mendoza",-1.56065412517136,1.66390653339127
"3329","Mengzi",0.227160920621876,0.35132315115061
"3330","Meningie",-0.518609993667059,0.0568704538294726
"3331","Menongue",0.738296716226815,2.21105537245628
"3332","Merauke",3.91482788649817,0.0279706425582315
"3333","Merced",-0.826154597200252,2.76394152969041
"3334","Mercedes1",-0.0704061847095901,-1.20085784108779
"3335","Mercedes2",-0.643102402569043,0.478226006999945
"3336","Mercedes3",0.36187282821175,-1.33703971426233
"3337","Mercedes4",1.05364622787184,-0.83283263604712
"3338","Merida",2.5141384349118,1.16797786989202
"3339","Meridian",0.195079683881094,-1.58480059848462
"3340","Merimbula",0.112977222073105,-1.72068351553391
"3341","Merowe",1.05034081214166,5.9755569530485
"3342","Merredin",-0.784069952263481,1.73824217221727
"3343","Meru",2.49656170956922,0.762892269926802
"3344","Mesa",-0.170591543105974,3.80649569478114
"3345","Messina",-0.34976235545312,0.567661764574194
"3346","Metairie",1.40548158041833,-2.60374690009069
"3347","Metz",-2.07909094730402,-1.92149490519763
"3348","Mexicali",-0.515336734788547,4.10822274083799
"3349","Mexico City",-0.127635796591537,1.26687012519545
"3350","Meymaneh",-1.86120014735443,2.61532071772112
"3351","Mezen",-4.61675688075209,-2.10660144485805
"3352","Miahuatlan",0.739988224152196,1.43531720291895
"3353","Miami",2.44593232508778,-1.08940968728616
"3354","Miami Beach",2.43878038045421,-0.991457830507089
"3355","Miandrivazo",2.77386296965991,2.34974219531064
"3356","Mianyang",-0.0616840276069139,0.549544772447063
"3357","Miass",-4.29964517168359,-1.08729185805859
"3358","Michurinsk",-3.46764785498871,-1.17934817051882
"3359","Middelburg1",-1.38226194639686,1.78557405389566
"3360","Middelburg2",-0.681576674100266,1.4318364346698
"3361","Middlesbrough",-1.75065201420928,-2.36579848485578
"3362","Midland",-1.46182197024325,2.05725350556669
"3363","Mikhaylovka",-3.56249852217292,-0.444346342095267
"3364","Mikumi",2.33252638653273,1.09108236510507
"3365","Milagro",4.11554690045243,0.777938544611995
"3366","Milan",-1.28031771948971,-1.49006348342106
"3367","Mildura",-1.13280204098879,1.04297954007127
"3368","Miles City",-3.47239992754665,1.37022408083414
"3369","Millerovo",-3.12631191837365,-0.499095243369645
"3370","Milwaukee",-2.69061031255835,-1.32688962452466
"3371","Minas",0.0727751374829628,-2.21139336941313
"3372","Minatitlan",4.33332496614247,-1.31812450444492
"3373","Mindelo",1.21614074176278,1.46340889295702
"3374","Mineiros",2.49892905941471,0.439348674511328
"3375","Mingan",-3.82561230021483,-4.12551564813026
"3376","Minna",3.49301609287229,1.68392736246337
"3377","Minneapolis",-3.38636301847475,-0.416650516153909
"3378","Minot",-4.37295853907214,0.0464399775188398
"3379","Minsk",-3.16176043514431,-1.64076492416255
"3380","Minxian",-3.5703980035759,0.420182489408039
"3381","Miracema",2.2969022125666,0.837234146414645
"3382","Miri",6.38016835124284,-5.22503417949838
"3383","Mirnyy",-7.4368144795107,-1.28444986869957
"3384","Mirput Khas",0.618339695701186,4.73875394502624
"3385","Mirzapur",1.87182882998109,2.83978390666992
"3386","Mishan",-4.39532310296155,-0.0589623195747061
"3387","Miskolc",-2.45224870187994,-0.53633780730552
"3388","Misratah",-0.132916792173755,2.22676318280656
"3389","Missoula",-3.05675789193438,0.247416811616784
"3390","Mistassini",-4.44261730532379,-2.66798407546109
"3391","Mitchell",-3.43442205998042,0.584644384720174
"3392","Mitilini",-0.295976351017187,0.78789126218727
"3393","Mitla",0.326243422111105,1.36312448863913
"3394","Mito",-0.296966733484324,-1.46037484784516
"3395","Mityana",2.79619503081071,-1.54540320940178
"3396","Mitzik",3.29151653718842,-0.520221774204692
"3397","MÌùnster",-1.7119310226322,-1.93613194760532
"3398","Miyazaki",2.09417426024567,-2.65575204981186
"3399","Mizdah",-0.995623801710029,3.26273678182009
"3400","Mmabatho",-0.602158179431608,1.96366669741856
"3401","Mo i Rana",-2.09654219486236,-4.09109062120159
"3402","Moab",-2.96994122925151,1.9540848130637
"3403","Moanda1",2.38215153107328,0.7259797792011
"3404","Moanda2",3.56106216282281,-0.754695347016387
"3405","Moba",2.38527406905469,0.876664949691392
"3406","Mobile",1.36321682062125,-2.31454724289368
"3407","Mobridge",-3.7157433781056,0.761035979509699
"3408","Mocambique",2.77711831325719,1.11028148107058
"3409","Modena",-1.58605697706379,-0.692451115900365
"3410","Modesto",-0.977864732442425,2.42133099183243
"3411","Moengo",4.92537876135571,-2.34338063492979
"3412","Mogadishu",2.55954737316101,2.08306468250222
"3413","Mogocha",-6.57253365383295,-0.261961264629247
"3414","Mojokerto",5.08639221037373,-0.383224144349431
"3415","Mokpo",-0.319418670230345,-1.55312429461661
"3416","Molde",-0.549072847604565,-4.97875635411449
"3417","Molepolole",-0.459247474495025,2.34594932898275
"3418","Mollendo",0.908917379462578,2.27513072132656
"3419","Moloundou",3.01074654418568,-0.151996923455315
"3420","Mombasa",3.19097346869011,0.733051597670633
"3421","Monaco",-0.658545004046459,-0.495227249432042
"3422","Monchegorsk",-4.51402347335153,-2.09285174497021
"3423","Monclova",-0.19302642837683,2.83207436226538
"3424","Moncton",-3.02890769671077,-3.55958500202152
"3425","Mongbwalu",2.4014064238552,-1.33443404309829
"3426","Mongo",2.26277352817649,3.6263435988464
"3427","Mongomo",3.35314052247097,-1.27238391978373
"3428","Mongu",1.19222188836792,2.55050311801985
"3429","Monroe",0.380880737217217,-1.25906394499302
"3430","Monrovia",6.81618957835846,-2.88189074579246
"3431","Mont-Laurier",-3.73388377005006,-2.20573100155662
"3432","Monte Cristi",2.65697480810978,0.163000769070651
"3433","Montego Bay",3.48667396511129,-1.08119709773855
"3434","Montemorelos",1.09916648939298,1.72171121956711
"3435","Montepuez",2.12542010600011,2.04470696740824
"3436","Monterey1",-0.364151286083131,0.479522848416487
"3437","Monterey2",-0.195087729658515,0.24311286367686
"3438","Monteria",4.07368081462828,-0.0743510653242778
"3439","Montero",2.82457465392205,-0.497498281213728
"3440","Monterrey",0.584757677324456,2.20810508622909
"3441","Montes Claros",2.27507142712877,1.46780732512322
"3442","Montevideo",0.112634968633241,-2.22224874550407
"3443","Montgomery",0.195885206815207,-1.4352713370008
"3444","Monticello",-3.07130979700124,1.36999471199677
"3445","Montpelier1",-3.44586823904569,0.432445690010346
"3446","Montpelier2",-2.95078185421374,-2.04303096276527
"3447","Montpellier",-0.426489676049725,-0.483638235042575
"3448","Montreal",-3.18897343358051,-2.28495179682935
"3449","Montrose",-3.29277526241111,1.09281060799234
"3450","Monywa",1.65760698706191,2.36313679840882
"3451","Moorhead",-4.17346639289117,-0.11740480766604
"3452","Moose Jaw",-4.59702341946555,-0.0923253840983851
"3453","Mopti",2.06104438527301,4.34349453909106
"3454","Moquegua",0.0366374240894463,2.5486716586722
"3455","Moradabad",1.53956248821946,2.92371500734656
"3456","Moranbah",0.923466158122066,1.62776814983933
"3457","Moratuwa",5.95106001821758,-3.53782553684899
"3458","Morawa",-0.360103999082993,2.21614542209801
"3459","Moree",-0.0877542979263826,0.838660010430937
"3460","Morelia",0.359581416717173,1.87625734055367
"3461","Morgantown",-1.74040637634794,-1.699202206749
"3462","Morioka",-1.22325907975464,-1.99237233506731
"3463","Morogoro",2.10393861260054,0.992848807046867
"3464","Moron1",3.0683000912899,-0.177241529488695
"3465","Moron2",-5.71159463002615,0.601533641393521
"3466","Morondava",2.90158720426893,1.72874327248429
"3467","Moroni",4.50637440602129,-2.69813363787067
"3468","Moroto",1.37949335926796,1.83291113980691
"3469","Morrinhos",2.69177260616844,0.878110648497178
"3470","Morshansk",-3.37048500162212,-1.04049610856829
"3471","Moscow",-3.55085512046328,-1.63380683640073
"3472","Moshi",2.00345987050097,1.18681352702246
"3473","Moss",-2.42900004193958,-2.56163726589824
"3474","Mossel Bay",-0.136626941197356,-0.136086683716956
"3475","Mossendjo",3.03127878136643,0.0508989593545386
"3476","Mossoro",3.46146579806948,2.80049385716564
"3477","Mostaganem",-0.273814953030449,1.72989317998207
"3478","Mostar",-0.516467542055546,-0.995110001689328
"3479","Mosul",-0.933056913825658,3.76174662777231
"3480","Motul",2.5832063326226,1.0995654350878
"3481","Motupe",2.20974049543573,2.82486234553529
"3482","Mouila",3.82781058029256,-0.136203961216257
"3483","Moundou",3.18149866666384,2.30869928992346
"3484","Mount Barker",-0.396958901828993,-0.522998762555016
"3485","Mount Gambier",-0.297046283940964,-1.01791271149684
"3486","Mount Isa",0.719981726779687,3.06939278851865
"3487","Moyale",1.88891041607286,1.79993390385151
"3488","Moyo",2.55713555956953,0.988075267566086
"3489","Moyobamba",2.53438435163359,-1.28543812479303
"3490","Mozdok",-2.3583850807016,0.300130602336826
"3491","Mozhga",-4.09086735113266,-1.33510972943707
"3492","Mpika",1.15873819364644,1.79684193064971
"3493","Mpwapwa",1.23171721915141,2.07104171480067
"3494","Mt. Hagen",3.49621058125042,-4.68628372398597
"3495","Mt. Shasta",-1.31252840686823,0.48965520244814
"3496","Mtsensk",-3.41086465363666,-1.40203583861495
"3497","Mtwara",3.20087103897603,0.471879938661555
"3498","Muar",5.00180465872022,-3.07183973482717
"3499","Mubende",2.42417356268273,-0.787027712757263
"3500","Mubi",2.03694399118197,2.67675599327827
"3501","Muconda",1.96772463410943,1.29545803438926
"3502","Mudangiang",-4.44517998496527,0.156122899188236
"3503","Mudgee",-0.763538768433171,-0.308013211673289
"3504","Mudon",8.40349653297715,-1.43263306423799
"3505","Mufulira",1.63922325489176,1.70034834718725
"3506","Mugla",-0.494615844322975,0.987519882150215
"3507","Muglad",2.00193744284923,3.75305564447739
"3508","Muisne",3.07059031036103,0.273972308041535
"3509","Mulhouse",-1.47550403598734,-1.85994922935766
"3510","Multan",0.223527818759355,4.36960435367478
"3511","Mumbai",6.77838491055627,0.331452609724218
"3512","Mumbwa",0.961640996755292,2.22971647851722
"3513","Munchon",-1.38565518963813,-1.02838670832189
"3514","Muncie",-2.10114571998436,-1.48005774625797
"3515","Munich",-1.79950226997755,-1.97285362549383
"3516","Murcia",-0.557766745270432,1.82751733248111
"3517","Murfreesboro",-0.798178338050451,-1.83557294183816
"3518","Muriae",2.36982583035044,0.687282419168131
"3519","Murmansk",-4.14999475568053,-2.40375100973101
"3520","Murom",-3.55380996391339,-1.20030628839592
"3521","Muroran",-1.38233102757309,-2.80642410073603
"3522","Murray Bridge",-0.77989476998305,0.386919750568589
"3523","Mus",-2.4481372951879,1.53562560134793
"3524","Musan",-3.93733653874195,-0.0740875266294012
"3525","Muscat",1.11917828658614,3.86441600702493
"3526","Mushie",3.67929264328677,-0.510976222161983
"3527","Musina",0.439206597431141,2.40792656861476
"3528","Muskegon",-2.52994146206455,-1.80765869795391
"3529","Muskogee",-0.97664581566962,-0.34102272717742
"3530","Musoma",2.41267578941143,0.448087625447918
"3531","Muswellbrook",-0.346697207645252,-0.125267638568041
"3532","Mutare",1.02525033240405,0.525265803010461
"3533","Muyinga",1.84891549955048,0.582695179192662
"3534","Muzaffarnagar",1.32784730715739,3.04158094108339
"3535","Muzaffarpur",2.03121597187877,2.06833362111811
"3536","Mwanza",2.4492043066654,0.540572933268651
"3537","Mweka",3.19369681113669,-0.685872359694713
"3538","Mwene-Ditu",2.98361064133483,0.116737900147134
"3539","Mwenga",2.95445499442997,-0.777088014462093
"3540","Mwingi",2.09628582972677,1.98373345341573
"3541","Mwinilunga",1.38389413765286,1.51128582795743
"3542","My Tho",3.37245894307312,1.40366866036298
"3543","Myeik",7.07801802169053,-1.36275649111091
"3544","Myingyan",1.513852779077,2.58018681014949
"3545","Myitkyina",4.09221388499526,-0.758058643848182
"3546","Mykolayiv",-2.57573706712026,-0.210841077794685
"3547","Mymensingh",4.24483936252302,-1.03034941535729
"3548","Myrtle Beach",0.943741662272644,-2.09436222272241
"3549","Mysore",1.7397304358759,2.29169876176408
"3550","Mzuzu",1.11982024188607,0.522332783227902
"3551","Naberezhnyye Chelny",-4.15368208082615,-1.04902440231801
"3552","Nabeul",-0.23748176873927,1.17841098725877
"3553","Nabire",7.34072268553182,-7.58293784859207
"3554","Nablus",-0.457900151668504,1.8463524932364
"3555","Nacala",2.84388970589825,1.09871458395993
"3556","Nacaome",3.97361625975444,2.14897382922108
"3557","Nadym",-6.12966249487722,-2.08874878113121
"3558","Naga",5.30360048599556,-2.5432997182343
"3559","Nagano",-1.25273835105531,-1.27845794716226
"3560","Nagaoka",-0.0447447470248171,-3.51245858926876
"3561","Nagasaki",1.93190123533518,-3.35405061468729
"3562","Nagele",1.66192222665181,1.64075029967366
"3563","Nagercoil",3.25337816505823,0.81373833123219
"3564","Nagoya",0.34893832068394,-1.62610919488329
"3565","Nagpur",2.50458474081324,3.11712104869683
"3566","Naha",3.16407887452648,-4.27598513888758
"3567","Nain",-5.02659435416121,-4.04121276716035
"3568","Nairobi",1.31296464012663,0.741706534486361
"3569","Naivasha",0.794588237537963,0.308905327941151
"3570","Najran",-0.0315677534495079,4.07322108023838
"3571","Nakhodka",-3.05015203255207,-1.17907707547737
"3572","Nakhon Phanom",4.01284531148286,0.243204013038376
"3573","Nakhon Ratchasima",2.74521415878623,1.57759239157135
"3574","Nakhon Sawan",2.98410337907661,1.98833579235068
"3575","Nakhon Si Thammarat",5.3580320763952,-1.64761393459638
"3576","Nakuru",1.15734117438226,0.4178204481064
"3577","Naltchik",-2.29047989952804,-0.160377382657783
"3578","Nalut",-1.20437326916496,3.01222443676412
"3579","Nam Dinh",2.82116706259954,-0.45051905290676
"3580","Namanga",1.39505643177207,1.76959441698287
"3581","Namangan",-2.10124179398683,1.88174195366448
"3582","Namibe",1.03319103444185,3.08616898807233
"3583","Nampo",-1.29243005305872,-0.361223659658096
"3584","Nampula",2.34014773778464,1.56191032116722
"3585","Namtu",1.34005401613922,1.19341432183401
"3586","Namur",-1.73024861620949,-2.29333676995186
"3587","Nan",2.79822665985335,1.11552276673833
"3588","Nanaimo",-0.653253558054991,-1.66149689658626
"3589","Nancha",-4.78925766480634,-0.0448876229709539
"3590","Nanchang",0.785945768219897,-0.745871580980537
"3591","Nanchong",0.047250267523241,0.490652651656221
"3592","Nancy",-2.04701768758907,-1.92165433910722
"3593","Nanded",2.34859242299744,3.38404900330556
"3594","Nandi",4.17972208274596,-2.04371750394291
"3595","Nandyal",2.29221704741105,3.32967423779416
"3596","Nangong",-1.81562991666039,1.6485182013927
"3597","Nanjing",-0.748124631227854,-0.118954767490377
"3598","Nanning",1.34434233044373,0.0696996466406672
"3599","Nanping",0.886532577982336,0.0398965817868989
"3600","Nantes",-1.14450729041076,-1.50225849349442
"3601","Nantong",-0.435232018321986,-0.536489089522037
"3602","Nanuque",2.37135945727131,0.468344873931439
"3603","Nanyang",-0.996718858196062,0.672996363360274
"3604","Nanyuki",0.781757101371644,0.445670094965295
"3605","Naples1",2.29256430866668,-0.428892032109145
"3606","Naples2",-0.249485239056346,-0.0149638150717167
"3607","Nara",1.91237075562122,4.57789716478882
"3608","Narathiwat",6.23263591166912,-2.36177450705143
"3609","Narayanganj",3.28828433793128,-0.156723748954128
"3610","Narrabri",-0.0733939001124111,0.511150952917017
"3611","Narrogin",-0.750641907781651,0.959185092801696
"3612","Narsarsuaq",-4.38139455459833,-3.39327756819195
"3613","Narva",-3.13189415299351,-1.84182454250323
"3614","Naryan Mar",-5.35537788593755,-2.29837063444405
"3615","Naryn",-4.60401972491199,0.332027394570279
"3616","Nasca",1.09824225721563,2.98138860388308
"3617","Nashville",-0.929912134287652,-1.6892140398718
"3618","Nasik",1.98636990614169,2.85204234591101
"3619","Nassau",2.65168864242585,-0.600075247514667
"3620","Nata",0.323720070030389,3.07968942605192
"3621","Natal",3.54998380331386,0.671733416830935
"3622","Natchez",0.498838826069466,-1.7829815277057
"3623","National City",-0.390224005407078,2.11891274649041
"3624","Natitingou",3.35392959762558,1.62794145581341
"3625","Nautla",3.16007694410584,-1.24151145622102
"3626","Navajoa",1.11050284034458,2.84533672706282
"3627","Navoi",-2.27040324007235,2.7540451734058
"3628","Navsari",4.69849421297046,1.80883013565272
"3629","Nawabganj",2.39269588399871,1.40478063015667
"3630","Nawabshah",0.640747644426862,5.12144385973626
"3631","Naxcivan",-2.19423074024279,1.76551074097355
"3632","Naypyidaw",2.68045524016488,1.97961522288964
"3633","Nazareth",-0.00121948743762401,1.57263801681497
"3634","Nazret",1.11060033588383,1.3133331784292
"3635","Nazyvayevsk",-4.90784855271697,-0.555111732398426
"3636","Nchelenge",1.67062351308297,1.8927616730211
"3637","Ndalatando",2.13233250577634,1.27152007972664
"3638","Ndele",2.98545844468851,1.97510465975816
"3639","Ndende",3.37225496327238,0.298463217430936
"3640","Ndjamena",1.9142883530775,4.19597759507594
"3641","Ndola",1.57165522296449,1.72693090115019
"3642","Necochea",-0.721658303964727,-1.53251636587322
"3643","Needles",-0.53302224156133,4.03729943201368
"3644","Neftekamsk",-4.18848804135184,-0.984552674995202
"3645","Nehe",-4.9761846685747,0.184987995117363
"3646","Neiafu",4.53376908129996,-4.45344047599848
"3647","Neiba",2.44042104548469,1.55339682279491
"3648","Neijiang",0.290750727977773,0.289617431849488
"3649","Neiva",3.24613560502835,-0.0536663407671559
"3650","Nekemte",2.6048045459692,-1.04913023549274
"3651","Nelidovo",-3.2155811112524,-1.79689246433774
"3652","Nellore",3.0478410107429,2.04345274917388
"3653","Nelson1",0.292952091734895,-3.70644270161973
"3654","Nelson2",-2.97901109101793,-0.339189548145745
"3655","Nelspruit",0.351176941936016,1.09498266692008
"3656","Nenana",-5.07286873490789,-0.6219666433127
"3657","Nenjiang",-5.20920040659528,0.0572330845044691
"3658","Nepalganj",2.10768240368068,2.04131923242357
"3659","Nephi",-3.05242108629736,1.22311781852188
"3660","Nerchinsk",-6.21381718535653,0.320379712724744
"3661","Neryungri",-6.51342745444164,-1.6597606954498
"3662","Neuquen",-1.62622983757586,1.50882049690657
"3663","Nevelsk",-3.01491756372507,-2.86058176080139
"3664","Nevers",-1.61673783805735,-1.8953595668177
"3665","Nevinnomyssk",-2.37338327637264,-0.0689732156637396
"3666","Nevyansk",-4.39210830950993,-0.999512399676393
"3667","New Albany",-1.27036229251122,-1.43058545973025
"3668","New Amsterdam",4.19238550264772,-1.18213666136348
"3669","New Bedford",-1.45458041002475,-3.31390670951747
"3670","New Braunfels",-0.158137714988553,0.478982369260445
"3671","New Delhi",1.83867466831181,4.8098844969973
"3672","New Glasgow",-2.44879751166402,-3.58127262404323
"3673","New Haven",-1.90133834994538,-2.82141223045765
"3674","New Iberia",1.32271830984225,-2.55126665278581
"3675","New Liskeard",-4.36944147373837,-1.7961410529736
"3676","New London",-1.56329139383196,-3.0235501876606
"3677","New Orleans",1.42340172783861,-2.62930838594991
"3678","New Plymouth",2.10499401912674,-6.76148098570464
"3679","New York",-1.44328166630545,-2.49360083827185
"3680","Newark",-1.28975261432116,-2.37286801913401
"3681","Newcastle",-1.14018295321624,-2.431311540926
"3682","Newman",0.656443912404821,3.56671651061369
"3683","Newport",-1.25601681451183,-3.52640556059521
"3684","Neyshabur",-2.24459259960362,2.60227699380847
"3685","Nezahualcoyotl",-0.128218121589592,1.3754861056753
"3686","Ngaoundere",2.47671790778926,0.866223176264814
"3687","Ngara",1.62338056518931,0.951943373347419
"3688","Nguigmi",1.37775588969336,4.97053632648138
"3689","Nguru",1.80723981347438,4.31620305211302
"3690","Nha Trang",3.74885617163859,0.575567449919131
"3691","Niagara Falls",-2.50269332944852,-2.22787941663901
"3692","Niamey",2.1872269893619,4.32122096535596
"3693","Nice",-0.525403529370857,-0.385877062031555
"3694","Nicosia",-0.186103500772976,1.1910381437323
"3695","Nicuadala",2.94213835910558,0.521225072203067
"3696","Nieuw Nickerie",4.23330323764163,-1.04736961014198
"3697","Niigata",0.032685359179898,-3.75885207712649
"3698","Nikel",-4.15123898090002,-2.31925507093368
"3699","Nikolayevsk",-3.66658022569369,-0.168439961152093
"3700","Nikolayevsk na Amure",-5.35714840340094,-2.0041684221859
"3701","Nikopol",-2.59886703811831,-0.375913254641225
"3702","Nimes",-0.605053105529913,-0.216206682790677
"3703","Nimule",2.59815193606066,1.62815967405468
"3704","Ninde",1.31292109142322,-1.15465048477458
"3705","Ningan",-4.39700136111682,0.24065489107113
"3706","Ningbo",0.210359181965431,-1.14492409843165
"3707","Ninh Binh",2.97459695244756,-0.386559480176974
"3708","Nioro du Sahel",2.06946158895648,4.5179396486896
"3709","Nipigon",-4.11953901401097,-2.37774886822651
"3710","Niquelandia",2.75435909955341,1.40115605044152
"3711","Nis",-1.89872976394309,-0.177178506776633
"3712","Niteroi",2.75656084489238,-1.07854352182814
"3713","Niyala",1.51017709442765,3.87170957831556
"3714","Nizamabad",2.60286739965063,3.24638871181671
"3715","Nizhenvartovsk",-5.5123223190374,-1.5213457077209
"3716","Nizhnekamsk",-4.13649778408816,-1.09660778279587
"3717","Nizhneudinsk",-4.91841563904345,-0.164613350103407
"3718","Nizhny Novgorod",-3.70182662127473,-1.36715169561291
"3719","Nizhny Tagil",-4.38282683022236,-1.16465255471239
"3720","Nizhnyaya Tura",-4.4398822955698,-1.36660734480885
"3721","Nizhyn",-2.81679806396784,-1.24381343784081
"3722","Nizwa",0.595433182402049,4.45495869966509
"3723","Njombe",0.677510614509292,0.808239376366206
"3724","Nkawkaw",3.20897179984735,0.466721978228939
"3725","Nkhata Bay",2.41036173407642,0.552542218721845
"3726","Nkhotakota",2.6936321292283,1.14676306143737
"3727","Nkongsamba",4.24578753915059,-1.31372176763225
"3728","Nogales",-0.58879076688497,2.80007614706877
"3729","Noginsk",-3.39839583712761,-1.57283889136261
"3730","Nola",2.69234952635499,0.111410957525452
"3731","Nome",-4.96190671804198,-2.77890170208562
"3732","Nong Khai",3.46716240295032,0.750076731654293
"3733","Nongan",-4.09903919792078,0.407685660221031
"3734","Nonthaburi",3.449729485262,1.44814377104156
"3735","Norfolk1",-0.260276638166857,-2.32875676687069
"3736","Norfolk2",-3.01832050369412,0.44718372527875
"3737","Norilsk",-6.93702529970564,-2.9719093283695
"3738","Norman",-1.19285242328266,0.338406546132951
"3739","Norman Wells",-5.95306419040664,-0.970912642966479
"3740","Norrkoping",-2.77415242031062,-1.63380113572234
"3741","Norseman",-0.918422082689471,0.873889852678496
"3742","North Battleford",-4.79304641580375,-0.474899462680154
"3743","North Bay",-3.61953576798157,-2.22358211896292
"3744","North Platte",-2.95783370778462,1.24303508655802
"3745","Northam",-0.284297831615293,1.73538563370655
"3746","Norwich",-1.71260779504345,-2.48567242124827
"3747","Nottingham",-1.89676052783795,-2.38475331677715
"3748","Nouadhibou",0.727846937470567,1.93375653570099
"3749","Nouakchott",1.51744456008319,3.82202118151622
"3750","Noumea",2.45280784047893,-1.75985562435293
"3751","Nova Cruz",3.03735549557626,1.19606271983533
"3752","Nova Friburgo",2.23501354373466,-1.51993754035394
"3753","Nova Iguacu",2.46339569725509,-0.409970728313337
"3754","Nova Lima",2.26031194137985,0.241878796589335
"3755","Nova Vicosa",3.23766185595072,-1.87475696882841
"3756","Novara",-1.35963672968142,-1.11861694019253
"3757","Novi Sad",-2.0809270594282,-0.463231491210206
"3758","Novo Airao",5.26532182314889,-2.56931720439976
"3759","Novo Hamburgo",1.36842376083998,-2.33670954304846
"3760","Novo Horizonte",2.51150740058873,0.0609789649655714
"3761","Novoaltaysk",-4.69070443110302,-0.810967652420421
"3762","Novocherkassk",-3.01591687135217,-0.672815539428815
"3763","Novokuybishevsk",-4.07222228392697,-0.633212751160981
"3764","Novokuznetsk",-4.54262380602625,-0.984909491972147
"3765","Novomoskovsk",-3.53870274802482,-1.25165135268159
"3766","Novorossiysk",-1.7376325900181,-1.01573566199111
"3767","Novoshakhtinsk",-3.22115678278487,-0.77978631016977
"3768","Novosibirsk",-5.0843555144904,-0.862892598462504
"3769","Novotroitsk",-4.55604725763246,-0.393651736255308
"3770","Novozybkov",-3.01527333126218,-1.30471981658498
"3771","Novyy Urengoy",-6.56033528815099,-2.13036771828898
"3772","Nowra",0.784018658039537,-2.32095800516269
"3773","Nowy Sacz",-2.32203095195515,-1.35201058610361
"3774","Nsukka",3.59432451047926,0.625556830126146
"3775","Nueva Gerona",3.17376936676579,-0.704404133812466
"3776","Nueva Imperial",-0.171903212923569,-0.875715687558669
"3777","Nueva Rosita",-0.103351353746845,2.25685176803334
"3778","Nueve de Julio",-0.379226209935126,-0.629096122128617
"3779","Nuevitas",2.99809167497751,-0.201547028979924
"3780","Nuevo Casas Grandes",-0.886821779465535,2.90549335213023
"3781","Nuevo Laredo",0.136818913106382,2.03983205465493
"3782","Nukualofa",3.30141540735433,-3.50124134391657
"3783","Nukus",-2.9558750391611,2.37858795283035
"3784","Numan",2.30958329693803,3.33248273410055
"3785","Nuqui",10.2084526649765,-12.0781320061033
"3786","Nurnberg",-2.20774059984763,-1.44273301558987
"3787","Nusaybin",-1.30305942470695,3.13438471841098
"3788","Nyagan",-5.24543084729281,-1.69233105415887
"3789","Nyanza",1.98744436788326,0.174360105639891
"3790","Nyimba",1.28769414045335,2.62721486150203
"3791","Nyiregyhaza",-2.32688369235916,-0.593675686404978
"3792","Nyunzu",2.41699715888648,1.3442905117254
"3793","Nzega",2.02519430538851,1.76609092422022
"3794","Nzerekore",3.55566954206829,-0.165742420198716
"3795","Nzeto",2.13247028401799,1.30247247277158
"3796","Oak Ridge",-0.83526335023809,-1.95128035303255
"3797","Oakland",-0.59519853994926,0.89467618921142
"3798","Oamaru",-1.24428690422438,-1.98786297886434
"3799","Oatlands",-1.31240703073228,-1.48995549104126
"3800","Oaxaca",0.33500457950847,1.69626516538017
"3801","Ob",-5.22255468756582,-0.735607260919735
"3802","Obando",6.58524210561992,-4.63342954531003
"3803","Obidos",4.73498671696973,-0.818747025162662
"3804","Obihiro",-2.34580583667318,-1.87552273225756
"3805","Obninsk",-3.34678742332688,-1.65668883398746
"3806","Obo",2.94933570785674,0.971926054640784
"3807","Obock",1.90756299829807,3.34538468520406
"3808","Obuasi",3.4456225546338,0.466142627368233
"3809","Ocala",1.45072140305629,-0.895606606596075
"3810","Ocana",2.28429651701472,-0.477968731722746
"3811","Oceanside",-0.362977174665748,2.07932890684376
"3812","Ocumare del Tuy",3.05234959878818,0.889168461099751
"3813","Odense",-2.3772299816877,-2.4984652040548
"3814","Odessa1",-1.47175108007633,2.15312795804285
"3815","Odessa2",-2.2211312040537,-0.351842341841282
"3816","Odienne",3.26986192304928,1.18555958801572
"3817","Ogbomosho",2.74687262252958,1.22141747570578
"3818","Ogden",-2.60960270519872,1.20137521232429
"3819","Oita",0.961194833439883,-1.6500625130402
"3820","Ojinaga",-0.452270567811909,2.7424580023687
"3821","Okahandja",-0.17769574407803,3.25495666387567
"3822","Okara",0.2910971956017,4.1129233974998
"3823","Okayama",-0.146197671663099,-0.359304595614377
"3824","Okha",-4.93740457259463,-2.75184659979785
"3825","Oklahoma City",-1.38571018717197,0.595719999794003
"3826","Oktyabrsk",-5.08469279040375,-0.342476200024174
"3827","Oktyabrskiy",-4.18038819286245,-0.743440227059717
"3828","Olavarria",-0.780061643865197,-0.772911274600509
"3829","Olbia",-0.494551414806658,0.431670415317982
"3830","Oldenburg",-1.61024976911195,-2.16707784122406
"3831","Olgiy",-6.27886774372336,0.630462517163412
"3832","Olinda",4.59309840516931,-1.4889463980134
"3833","Olmaliq",-1.79422174559562,2.06178406686084
"3834","Olmos",2.17882959518953,2.8120847148905
"3835","Olomouc",-2.30935160173263,-1.0011636737148
"3836","Olongapo",6.83623283884854,-0.534271666602165
"3837","Olovyannaya",-5.8682238942392,0.370993093209818
"3838","Olsztyn",-2.63016420739106,-1.4695181386275
"3839","Olympia",-0.303173533653959,-1.01253067103144
"3840","Omagh",-0.943104985041767,-3.47337354959393
"3841","Omaha",-2.70548218117834,0.147113880149381
"3842","Omdurman",1.508259435361,5.23206002253569
"3843","Ometepec",3.69632457607251,1.53525446469261
"3844","Omsk",-5.04552461151611,-0.565926538375123
"3845","Omutninsk",-4.2374538535687,-1.66836877425472
"3846","Ondjiva",0.70634034339582,3.0837670907167
"3847","Ondo",3.46600631417879,0.273358127539375
"3848","Ondorhaan",-5.77450026579676,0.875650443592484
"3849","Onega",-4.08301352490004,-2.23049627835547
"3850","Ongjin",-0.855404995783921,-0.858443595447005
"3851","Ongole",2.77722365714057,2.31568803230792
"3852","Ongwediva",0.676516033576279,3.20728625325686
"3853","Onitsha",4.33847394844951,-0.0857693391220245
"3854","Ontario",-2.66693718000224,1.75648800127919
"3855","Oostanay",-4.78104980050903,-0.122339652645253
"3856","Opobo",4.7860980055904,-1.35109886748613
"3857","Opole",-2.25082354036169,-1.15196987382487
"3858","Oradea",-2.18280010116807,-0.661868872634692
"3859","Oral",-4.10544280005573,-0.00187950137864758
"3860","Oran",-0.604903741770595,1.51417445544523
"3861","Orange",-1.3555754316449,-1.19164839475268
"3862","Orange Walk",3.28963260854438,-0.176860059454873
"3863","Orangeburg",0.102744374409749,-1.11087652763463
"3864","Orangeville",-3.16257731221087,-1.92933699901575
"3865","Oranjemund",-0.219018848985758,1.86135170868573
"3866","Oranjestad",2.25281015001729,1.17962117427253
"3867","Ordu",-0.841993311040499,-1.55825008090952
"3868","Orebro",-2.82190493286527,-1.74002211448956
"3869","Orekhovo-Zuevo",-3.40069077657072,-1.41488285191122
"3870","Orel",-3.33748942222332,-1.41879485662084
"3871","Orenburg",-4.34487631840399,-0.37082192482699
"3872","Orillia",-3.61355017051026,-2.40246660712153
"3873","Oriximina",5.14601356704378,-1.66236907295852
"3874","Orizaba",1.8076090390903,-0.328421801659696
"3875","Orlando",1.49644425112157,-0.706621914195988
"3876","Orleans",-1.80598051221304,-1.60115073264851
"3877","Orlu",4.40762675840641,-0.321683777624267
"3878","Ormac",4.47902851003558,-1.97777064920679
"3879","Ornskoldsvik",-3.11950348620657,-2.26468911697612
"3880","Orocue",4.8467888249568,-0.863631771549542
"3881","Orongen Zizhiqi",-5.41264557159935,-0.148013760886917
"3882","Orsha",-3.19824261953259,-1.47142543924837
"3883","Orsk",-4.46938375486083,-0.307927203558308
"3884","Orumiyeh",-2.65270967078833,2.13441499852831
"3885","Oruro",-2.09906279096355,0.779850025322885
"3886","Osaka",-0.0764826766742942,-0.818246326442735
"3887","Osakarovka",-4.82202621006256,-0.063243355229536
"3888","Osh",-2.57800415958757,1.20443300278728
"3889","Oshawa",-2.85471593197505,-1.85383430128329
"3890","Oshikango",0.732499530472677,3.04265858742104
"3891","Oshkosh",-3.23372776962824,-0.721708135047974
"3892","Oshogbo",2.94262801360669,0.890935201264933
"3893","Osijek",-1.99764918116834,-0.818819747068564
"3894","Oskemen",-4.75894099827035,-0.752533839178017
"3895","Oslo",-2.96498515576922,-2.38579328169294
"3896","OsnabrÌùck",-1.75857701132215,-2.18102605122105
"3897","Osorio",1.8596955027074,-2.6802799733779
"3898","Osorno",0.0539020157313481,-2.02019339760974
"3899","Ostersund",-3.55563863346362,-1.92507184589931
"3900","Ostrava",-2.10246156748943,-1.48575623299273
"3901","Otar",-3.33259535027402,1.15413396735502
"3902","Otaru",-1.81967943739063,-3.29155454348895
"3903","Otjiwarongo",-0.207627951854961,2.94325452873784
"3904","Otradnyy",-4.095507624933,-0.545231204550509
"3905","Otsu",0.130967610006116,-1.63377403366088
"3906","Ottawa",-3.37985251457132,-2.17435903800994
"3907","Ottumwa",-2.49690390742698,-0.395733373938508
"3908","Oturkpo",3.7988762052613,0.910590868499743
"3909","Otuzco",-0.422646621706801,0.170666582515961
"3910","Ouadda",2.64324489570208,1.85341012630949
"3911","Ouagadougou",2.50746104653498,3.6136390678675
"3912","Ouahigouya",2.15283025128611,4.07184823550374
"3913","Ouargla",-0.844761450275001,3.99862258297926
"3914","Oudtshoorn",-0.716152560791785,0.966139320536828
"3915","Ouesso",3.37908163084807,-1.03337776472368
"3916","Ouezzane",0.155827570143293,1.33502266451298
"3917","Ouidah",3.30493916593651,0.960148536555049
"3918","Oujda",-0.949510022566109,1.94450101221994
"3919","Oulu",-3.88901371803607,-1.81017650751866
"3920","Oum Hadjer",2.03737401245001,4.45084783352371
"3921","Ourense",-0.560076463591438,0.018264173025769
"3922","Ourinhos",2.15148451360786,-0.522623760861924
"3923","Outjo",0.231035258557682,3.1103585782714
"3924","Ouyen",-0.92837765087455,0.88449624274077
"3925","Ovalle",-0.453158009086323,2.65457073852708
"3926","Oviedo",-0.337744316884002,-1.32849328054331
"3927","Owando",3.24104775996625,-0.47279430124653
"3928","Owensboro",-0.966862707578561,-1.63155470973749
"3929","Owo",3.40827380917293,0.417281375478586
"3930","Oxford",-1.86480107293824,-2.02013626659086
"3931","Oxford House",-5.74328012339536,-1.22436706271922
"3932","Oyem",3.44022287822615,-1.50596864837013
"3933","Oyo",2.7388667406621,1.19738640573041
"3934","Oytal",-2.62548532003012,1.09664027137896
"3935","Ozamis",4.81394331064538,-1.52082700120016
"3936","Paarl",0.226150687698764,0.136655710363025
"3937","Pabna",2.72393031777388,0.55174388814512
"3938","Pacasmayo",1.44590598915598,2.74338419069632
"3939","Pachuca",-0.908983702799846,0.68383214965198
"3940","Padang",7.88465912171397,-8.73555880169647
"3941","Padangpanjang",5.68864816838784,-7.24234325630305
"3942","Padangsidempuan",4.78186745738918,-3.0851568297629
"3943","Padilla",-0.191005373215066,0.76300654852457
"3944","Paducah",-0.838634960576078,-1.57174354755812
"3945","Pagadian",4.41338792623183,-1.46688099957756
"3946","Pago Pago",8.49333780479313,-10.7775339751146
"3947","Paita",1.15309223155115,2.90175403218484
"3948","Pakalongan",7.13600122926565,-3.65160187077638
"3949","Pakanbaru",5.7607612761576,-4.41544534449403
"3950","Pakokku",1.49848087959485,2.64536060779502
"3951","Pakwach",2.7709374903995,1.04263141042201
"3952","Pakxe",4.07552613127245,0.881242423584125
"3953","Pala",2.26414726332028,3.09778492044677
"3954","Palangkaraya",5.96043621833684,-3.73243867750786
"3955","Palapye",0.0143163702802565,2.59104798320099
"3956","Palatka",1.42598966804455,-1.25109189655055
"3957","Palembang",5.70452895861951,-3.20068238401454
"3958","Palermo",-0.231955390793238,0.373326692902023
"3959","Pali",0.985240174184635,4.2004864835755
"3960","Pallasovka",-3.81531280511217,0.0088188581631955
"3961","Palm Coast",1.62123909094675,-1.39424656967722
"3962","Palm Springs",-0.607558431261309,3.74925450769325
"3963","Palma",-0.212185919336806,-0.0737968551782559
"3964","Palma Soriano",3.06361481452531,-0.2746254445736
"3965","Palmas",2.03691814867765,-5.38377371778027
"3966","Palmeira dos Indios",2.88322630438788,0.486917494613791
"3967","Palmer",-4.0592959983317,-1.49608844260094
"3968","Palmerston North",-0.0195094736270688,-2.7403533769634
"3969","Palopo",6.13255700400442,-4.58098022868895
"3970","Palu",3.68532174193182,-1.08578514047015
"3971","Pampa del Infierno",0.977216761457749,1.03249176398215
"3972","Pamplona1",1.21461974233474,-2.22195391214048
"3973","Pamplona2",-1.02713649552745,-1.10725547862823
"3974","Panama City1",5.01205956930189,-1.04580084312552
"3975","Panama City2",1.64892473179695,-2.39880042130079
"3976","Panda",1.72173582801019,0.65897297585887
"3977","Panevezy",-2.90603997139613,-1.48981011070087
"3978","Pangkalpinang",6.35984068670146,-4.50768592710588
"3979","Panipat",0.752812795903547,3.5682424515198
"3980","Panshi",-3.81155233852204,-0.134469115071571
"3981","Panuco",2.22458388386415,1.00168886370014
"3982","Panzhihua",0.285625756669113,1.53048174488367
"3983","Papasquiaro",-0.684139609953523,2.59932141806718
"3984","Paracatu",2.60811548716101,0.939018410105442
"3985","Parachinar",-2.14259713595057,1.10619434768884
"3986","Paracuru",4.29324380754265,1.23795547484284
"3987","Paragominas",5.02968144459454,-0.846509378957743
"3988","Paragould",-0.64677458883616,-1.28484833170653
"3989","Paraguari",1.69635350438751,-0.82756853664678
"3990","Paraiso",4.07007754197701,-1.00454230076587
"3991","Parakou",2.93846281872477,1.72334266885089
"3992","Paramaribo",4.88510254683545,-2.67028981473277
"3993","Parana",0.175003538174097,-0.212509992680858
"3994","Paranagua",3.34657451882386,-2.98164091846902
"3995","Paranaiba",2.70738006708558,0.671383851428082
"3996","Parbhani",2.15611836162856,3.41959774071672
"3997","Pardubice",-2.21802686521737,-1.12492945125696
"3998","Parepare",4.7948498805491,-0.906556575781766
"3999","Paris",-1.87961096877736,-1.58413051220849
"4000","Parkersburg",-1.29282884042106,-1.4346246366712
"4001","Parkes",-0.712967339403417,-0.0342096603223677
"4002","Parma",-1.20133403563855,-0.597813335504316
"4003","Parnaiba",4.67334045719916,1.29648883455409
"4004","Parnu",-2.93315949223678,-1.92505047466152
"4005","Parowan",-3.15190819241814,1.06225849880578
"4006","Parras",-0.489636815579851,2.84903919950839
"4007","Parry Sound",-3.30081270445395,-3.17325648998181
"4008","Partizansk",-3.42286231895337,-1.00264091382985
"4009","Pasadena1",0.815243710315916,-1.43868863379031
"4010","Pasadena2",-0.438192822559983,2.50682298333808
"4011","Pasay City",4.34435036698786,0.33699690472889
"4012","Paso de los Toros",0.604226114338797,-1.74138216911267
"4013","Paso Rio Mayo",-2.40063739193109,-0.0194562741587785
"4014","Paso Robles",-0.86674526209744,1.96507139442408
"4015","Passau",-1.74924133529269,-1.84762004727307
"4016","Passo Fundo",1.65611037048174,-3.7308453899227
"4017","Passos",2.27966335720629,0.0634245908258335
"4018","Pasto",0.634386177925745,-2.41049039141261
"4019","Pasuruan",4.49293363733851,-0.102018481954135
"4020","Paterson",-1.51656058614142,-2.28231679962359
"4021","Pathankot",1.46420925650725,2.18266063189942
"4022","Pathein",5.44719621552635,-0.295636802291776
"4023","Pathum Thani",3.61342295510987,1.33483856873818
"4024","Pati",5.29351352360328,-1.20917176184092
"4025","Patiala",0.605172197105197,3.42188228177262
"4026","Pativilca",1.43821184640968,2.2448438851684
"4027","Patna",1.91095960657209,2.58568471691962
"4028","Patos",3.01328170522385,3.01695196112146
"4029","Patra",-0.613442817934338,1.50865893290689
"4030","Pavlodar",-5.07721249542236,0.030238962274785
"4031","Paysandu",0.452622226225383,-1.16473925666446
"4032","Peace River",-4.30227726645263,-0.259274651793667
"4033","Pec1",-1.58076683502487,-0.956596391904859
"4034","Pec2",-1.97259821609902,-0.633778647449832
"4035","Pechora",-5.18715627142787,-2.4068552870913
"4036","Pecos",-1.20637206153929,2.70188910592665
"4037","Pecs",-2.21813513548739,-0.746544784434822
"4038","Pedreiras",4.61994276827626,0.373204024138741
"4039","Pedro Juan Caballero",2.11486985303486,-1.55386158388194
"4040","Pedro Luro",-1.04179516474291,0.297754370040669
"4041","Pelotas",1.12492219251852,-2.68803682542991
"4042","Pematangsiantar",5.33833941649259,-4.31111446610232
"4043","Pemba",2.95175682875806,0.905879478431204
"4044","Penapolis",2.46890187658259,0.126253389134939
"4045","Pendleton",-2.33537688556109,1.11060615020276
"4046","Penedo",3.51478619447059,0.0838918336173831
"4047","Penola",-0.499550263517047,-0.411287057381968
"4048","Penonome",4.5388644220832,-0.777168808785457
"4049","Pensacola",1.4365416888185,-2.48049282270663
"4050","Penticton",-3.0650397943994,0.0521045544920975
"4051","Penza",-3.76299545182404,-1.23922222540199
"4052","Penzance",-0.828647708728303,-2.98656839257971
"4053","Peoria",-2.4108996748285,-0.92780911157082
"4054","Perabumulih",5.76931326791478,-3.13620439336672
"4055","Pereira",3.92186367471231,-4.10407613678847
"4056","Pergamino",-0.191171067652674,-0.375476070776783
"4057","Perito Moreno",-2.6459228905158,-0.283064326901757
"4058","Perm",-4.28795765630334,-1.61252230010281
"4059","Pernik",-2.13425455833753,-0.687144095680311
"4060","Perpignan",-0.68744662205069,-0.0766875347765291
"4061","Perth1",-1.7469450594262,-2.62376110518916
"4062","Perth2",0.681663442559694,0.719305521232361
"4063","Perugia",-1.07987771219788,-0.232490689259214
"4064","Pervouralsk",-4.36433990878958,-1.24155283788479
"4065","Pescara",-0.733462171421217,-0.661763234884693
"4066","Peshawar",-0.107909443525185,2.17309566753783
"4067","Petatlan",3.72398248930493,1.51308933404772
"4068","Peterborough1",-3.23735149686081,-1.91227178642135
"4069","Peterborough2",-1.42435397948382,0.811586444135317
"4070","Petersburg",-0.541500114172786,-1.64065858230391
"4071","Peto",2.76492387486434,0.678813719424795
"4072","Petoskey",-3.02419057333262,-2.20834306424298
"4073","Petrolina",2.10335837214588,2.86632551692955
"4074","Petropavlovsk",-4.88110737742345,-0.526064842812614
"4075","Petropavlovsk Kamchatskiy",-3.29656081322084,-3.816453239245
"4076","Petropolis",1.93846156930047,-0.978169283183907
"4077","Petrovsk Zabaykalskiy",-5.54671426859702,0.249875876391624
"4078","Petrozavodsk",-3.94416951731318,-1.77355597648891
"4079","Phan Rang",3.09629415259251,0.992684988299192
"4080","Phan Thiet",2.7575171796147,0.974067174767385
"4081","Phayao",2.44671561799454,1.14320331150036
"4082","Phetchaburi",3.26253645554079,1.51716326237811
"4083","Philadelphia",-1.2498835162688,-1.9858806127971
"4084","Phitsanulok",2.86824376754966,1.80638199036274
"4085","Phnom Penh",3.22821980146829,1.52287289988623
"4086","Phoenix",-0.205082376743199,3.83934627800578
"4087","Phrae",2.65735263643589,1.60308948504705
"4088","Phuket",4.79057043199053,-0.87204211556613
"4089","Phyarpon",5.13675416398496,-0.0381364008947866
"4090","Pichilemu",0.0240783994657667,0.416665651968435
"4091","Picos",3.1608375324963,2.64016109891275
"4092","Piedras Negras",-0.1286209559089,2.03801185078085
"4093","Pierre",-3.42811871434353,1.05926714778216
"4094","Pietermaritzburg",-0.00473317885338456,0.772155781629141
"4095","Pijijiapan",4.42951589694674,1.06483308515416
"4096","Pilar",1.48689390047349,-0.378277537389288
"4097","Pilibhit",1.99855041205554,2.36008187292977
"4098","Pimentel",1.24603835187694,2.56795406585662
"4099","Pinar del Rio",3.08507503461657,-0.553509485013994
"4100","Pindamonhangaba",2.25581195174699,-0.516312887590051
"4101","Pine Bluff",0.02238003575046,-1.33665635750813
"4102","Pingdingshan",-1.18010756961137,0.78265289004923
"4103","Pingdu",-1.59983349236247,0.414723214594118
"4104","Pingliang",-3.03063217805461,1.1179449403883
"4105","Pingtung",3.57906008926463,-0.895429884551336
"4106","Pingxiang1",1.42082167624052,0.125285069697173
"4107","Pingxiang2",0.286926404447527,-0.641614881925384
"4108","Pingyi",-1.37190250770115,0.602097653352937
"4109","Pinheiro",4.86078035287318,0.064195925403902
"4110","Pinrang",4.53007582835442,-1.23966016667038
"4111","Pinsk",-2.73957681107866,-1.23969343731597
"4112","Piracicaba",2.06829783799859,-0.213420959525044
"4113","PiraiÌ©vs",-0.888558365315985,0.915765125704931
"4114","Pirapora",2.39836765462168,1.77347623641341
"4115","Pirassununga",2.49632656864301,-0.305234779660862
"4116","Pires do Rio",2.54298321641632,1.03503235803859
"4117","Pirgos",-0.00197863098170076,1.0350889813482
"4118","Piripiri",4.33073999933071,1.77444550224283
"4119","Pisa",-0.609224719099092,-0.171817032183723
"4120","Pisco",1.17254744653067,2.92153040850472
"4121","Pitesti",-2.21128890211435,-0.688411637810602
"4122","Pittsburgh",-1.88846706724603,-1.83222850205461
"4123","Pittsfield",-2.38351631570371,-2.12595662986432
"4124","Piura",1.63433907215417,3.08145779230017
"4125","Pizen",-2.51353990942559,-0.909989759167495
"4126","Placetas",2.93245141524862,-0.372835794648308
"4127","Plast",-4.44212404614217,-0.507840113429848
"4128","Plattsburg",-3.12264716231847,-1.41585265968527
"4129","Play Ku",3.61992650305727,-0.255238647297181
"4130","Pleven",-2.11547433616234,-0.273995467598943
"4131","Plock",-2.58244816810886,-1.11927607147648
"4132","Ploiesti",-2.26789043357754,-0.52556632642486
"4133","Plovdiv",-1.75204941825646,-0.466210152965865
"4134","Plumtree",-0.0580594081862457,1.98322191006437
"4135","Plymouth",-0.39168848936615,-3.91195225096734
"4136","Pocatello",-3.08907996189746,1.27359587571042
"4137","Pochutla",3.30484622536768,1.71203462255188
"4138","Pocos de Caldas",1.86285158090543,-1.09598925405757
"4139","Podgorica",0.12353337692987,-1.19583324458799
"4140","Podolsk",-3.47178127390909,-1.58718525414019
"4141","Poffader",-1.19991358554609,2.98370554763602
"4142","Pohang",-0.782646968554412,-0.861918449386793
"4143","Pointe-a-Pitre",3.27134155580678,-1.34960309187207
"4144","Pointe-Noire",2.72729942883884,0.339904005458324
"4145","Poitier",-1.35811005894372,-1.42058612925695
"4146","Pokrovsk",-7.86684418640645,-0.693409870316755
"4147","Pol-e Khomri",-1.39675997296049,2.71178820868871
"4148","Polatli",-2.43575005585536,1.1612046329185
"4149","Polatsk",-3.02316480496437,-1.73337547977165
"4150","Polevskoy",-4.34769710864613,-1.11260745572812
"4151","Polokwane",-0.581058244481565,1.91217306771502
"4152","Polson",-3.0899564600094,0.103561892725238
"4153","Poltava",-2.91032767196099,-1.05795406292685
"4154","Polyarnyy",-3.82480546643612,-2.59114890197068
"4155","Ponca City",-1.52730365919357,0.544413773922232
"4156","Ponce",3.192015320927,-0.898329154517135
"4157","Pondicherry",3.12337837349352,2.01428121512436
"4158","Ponta Grossa",1.3562516047353,-2.37678507796983
"4159","Ponta Pora",2.1765865778072,-1.67092778917146
"4160","Ponte Nova",2.35885231366532,0.604412455363652
"4161","Pontes e Lacerda",2.91552615031558,0.763220628888339
"4162","Pontiac",-2.78301324822297,-1.37708499502922
"4163","Pontianak",6.62586458606179,-5.96978753266044
"4164","Popayan",2.62094463796111,-2.02283130825996
"4165","Poplar Bluff",-0.816346379192571,-1.41651428221088
"4166","Popondetta",6.06737383826003,-5.09073458447691
"4167","Porbandar",2.72244959910657,2.60070420619053
"4168","Pori",-3.22047809808557,-2.02620513624561
"4169","Porlamar",2.58549881195436,0.788356410042366
"4170","Poronaysk",-4.22585361095161,-2.23467369042806
"4171","Port Alfred",0.720757736920577,-0.486183758817309
"4172","Port Arthur",1.28148059064576,-2.27490712242998
"4173","Port Augusta",-0.771165803019119,1.33919290989544
"4174","Port Blair",5.60333017945795,-1.69033965013617
"4175","Port Charlotte",2.15505757549644,-0.694512737550385
"4176","Port Douglas",4.29400524934773,-1.29281183065654
"4177","Port Elizabeth",0.21669300037874,-0.126466773577541
"4178","Port Harcourt",4.8207993410512,-1.23317471973119
"4179","Port Hardy",0.42227383547453,-3.75058663976048
"4180","Port Hedland",1.67703034566962,2.59652240975637
"4181","Port Hope Simpson",-4.30846849920591,-3.546880346784
"4182","Port Lavaca",1.02149372693561,-0.603204876610798
"4183","Port Lincoln",-0.168284680847926,-0.499559618479477
"4184","Port Louis",2.86057933345843,-2.15572261349256
"4185","Port Macquarie",1.71976297332972,-2.60335350815823
"4186","Port Moresby",3.75627695077086,-0.821305126648261
"4187","Port Pirie",-0.6520114146008,1.06700621204288
"4188","Port Shepstone",1.51421354283835,-0.424033062336386
"4189","Port Sudan",1.80975548550138,4.34040124136657
"4190","Port-au-Prince",2.95058244395206,0.662388875291525
"4191","Port-Gentil",3.77166848022823,-0.634339131991909
"4192","Port-of-Spain",3.99195392745263,-1.29589213085381
"4193","Port-Vila",3.86436635253887,-3.11861821507383
"4194","Portachuelo",2.88967183416106,-0.614942337021649
"4195","Portel",5.56625258003705,-2.15076923523641
"4196","Portimao",0.313489582696964,0.176565611227818
"4197","Portland1",-1.96835912329447,-3.03975975368064
"4198","Portland2",-0.663354858615039,-0.528001698582652
"4199","Portland3",-0.225679157660167,-1.30865986451649
"4200","Porto",0.305551767677536,-1.01194487505781
"4201","Porto Alegre",1.31747465943503,-2.33117004012918
"4202","Porto Nacional",3.98442707297727,1.09518688044193
"4203","Porto Santana",5.14844037261807,-1.03207683347209
"4204","Porto Seguro",3.68909713030308,-3.11189073521061
"4205","Porto Uniao",1.28572461046397,-2.76102757400815
"4206","Porto Velho",4.139336320605,-0.6455310246595
"4207","Porto-Novo",3.73983942675474,0.518988958790213
"4208","Portoviejo",2.15269956221608,1.35554070640961
"4209","Portsmouth",-1.22101771234338,-2.22853680640079
"4210","Porvoo",-2.90380630347063,-2.08855115548145
"4211","Posadas",2.08354350397642,-2.90426415866675
"4212","Poso",4.651576276964,-2.02810716905023
"4213","Potchefstroom",-0.86013242812431,1.77223079167833
"4214","Poti",0.996565920189719,-3.17706813229802
"4215","Potiskum",2.18752330523464,3.65653825321969
"4216","Potosi",-2.88632321470011,0.68901959149301
"4217","Potsdam",-2.22432013351654,-1.33965598319454
"4218","Poughkeepsie",-1.69920487157596,-2.18529349214147
"4219","Pouso Alegre",1.92605399560944,-0.322615892439368
"4220","Powell",-3.60036155682426,1.58173094078872
"4221","Powell River",-0.939263037302131,-2.16370133603531
"4222","Poza Rica de Hidalgo",2.60532862656047,0.0883005989995777
"4223","Poznan",-2.47453380506391,-1.04147806244231
"4224","Prachin Buri",4.0604726294432,0.773909727917118
"4225","Prague",-2.52612730914989,-0.732176570742047
"4226","Praia",1.50687516422592,1.66471901035331
"4227","Praya",3.94951660443011,-0.25067321294568
"4228","Prescott",-1.49968688426121,1.8779988350501
"4229","Presidencia Roque Saenz Pena",0.968747770970432,0.73189125950402
"4230","Presidente Prudente",2.28116897688769,-0.268722220666394
"4231","Presov",-2.44251017856754,-0.884491568092071
"4232","Pretoria",-0.52430546297915,1.55466118680706
"4233","Price",-3.12118730327682,1.28890374142237
"4234","Prieska",-1.10806547513233,2.93964113980082
"4235","Prijedor",-1.63543199285885,-1.2614221789525
"4236","Prince Albert",-5.00766554613483,-0.643394054733098
"4237","Prince George",-3.94642500240423,-1.46607954953759
"4238","Principe da Beira",2.85070237133739,0.938028213930978
"4239","Pristina",-2.26470512333986,-0.828491473446443
"4240","Prizren",-1.79426205655796,-0.898512869226073
"4241","Probolinggo",4.51742787834078,-0.971411122451067
"4242","Proddatur",2.14328413505462,3.37233041629085
"4243","Progreso",2.36083759488814,1.2924838113739
"4244","Progress",-5.50181446003461,-0.276422816292624
"4245","Prokopyevsk",-4.79140077830534,-0.729686026529397
"4246","Proserpine",3.08764153378371,-0.238854521773105
"4247","Providence",-1.61166997959541,-2.9552126717287
"4248","Provideniya",-5.15876668714699,-4.12600833249088
"4249","Provo",-2.83562416385308,1.02069358227916
"4250","Przemysl",-2.41705853143278,-1.21420312184584
"4251","Pskov",-3.11107372410456,-1.66951565274846
"4252","Pucallpa",3.66150419236748,-0.92185756779853
"4253","Puebla",-0.00227395863657601,1.25491122613229
"4254","Pueblo",-2.76973750851353,2.00202045365285
"4255","Puerto Aisen",0.617116738955057,-5.65804215862665
"4256","Puerto Armuelles",5.68556456707851,-2.29815823817753
"4257","Puerto Ayacucho",5.43907443297006,-1.3307688813004
"4258","Puerto Barrios",4.36586460776937,-1.93576058040796
"4259","Puerto Berrio",5.15974543393554,-1.89299286514964
"4260","Puerto Cabezas",5.7969354482483,-2.64772703923008
"4261","Puerto Carreno",5.51368461120988,-0.78416747991892
"4262","Puerto Deseado",-2.03726271094233,-0.880671363602304
"4263","Puerto Escondido",3.42775778901051,2.0214471120623
"4264","Puerto la Cruz",2.83858779222692,1.90069156760934
"4265","Puerto Lempira",6.49869113330946,-3.93401773541897
"4266","Puerto Limon",6.98994709933702,-6.54332106706185
"4267","Puerto Lopez",5.52624477609502,-1.45303868027168
"4268","Puerto Madryn",-1.58596520177467,0.587913945110225
"4269","Puerto Maldonado",4.4420983074262,-1.86012852884283
"4270","Puerto Montt",0.783137413937456,-4.33819574784934
"4271","Puerto Natales",-1.73927690747499,-3.54192303793343
"4272","Puerto Princesa",3.89109212874381,-0.154730677618027
"4273","Puerto San Julian",-2.3516093154586,-0.718895069774679
"4274","Puerto Vallarta",3.49967457339589,1.10867012029437
"4275","Puerto Varas",0.735430123029494,-3.80523558497973
"4276","Pugachev",-3.92324377501859,-0.421580779159778
"4277","Pukatawagan",-5.50287895792234,-1.10154822167249
"4278","Pula",-0.679595637980644,-1.26641036487075
"4279","Punata",-0.751690090905047,0.396569275655034
"4280","Pune",1.76151656786037,3.01937781099791
"4281","Puno",-1.62343067965879,-0.259915823246202
"4282","Punta Alta",-0.939842600572757,0.0987943005434786
"4283","Punta Arenas",-2.54573670954941,-2.42501670563507
"4284","Punta del Este",0.229672719374233,-2.68842060412135
"4285","Punta Gorda",6.16679892795242,-3.47398518566595
"4286","Punta Prieta",-0.146990786488499,2.92048070259268
"4287","Puntarenas",5.30454772801034,-0.656224145919963
"4288","Punto Fijo",2.18001828285698,1.69648631949063
"4289","Puqi",0.0556741226004326,-0.511603760590454
"4290","Puquio",-1.0818696440434,0.831247876286845
"4291","Puri",3.12436607771927,1.4655857127934
"4292","Purnia",2.67367443234798,1.09304630894211
"4293","Pursat",3.50753877320785,1.19206082057541
"4294","Putian",0.938993728177943,0.0270891792384651
"4295","Putrajaya",5.27172968086019,-3.68107909108777
"4296","Puyang",-1.60940483076136,1.42494794415358
"4297","Pyatigorsk",-2.60365378314081,0.0479213405789598
"4298","Pyay",2.74697118293777,1.92330551887473
"4299","Pyongsan",-0.879610345866797,-0.667046901340671
"4300","Pyongyang",-1.41942754975859,-0.367974154575252
"4301","Pyu",3.68761765279723,1.74183828329918
"4302","Qaanaq",-7.9967831930321,-3.27198346143914
"4303","Qairouan",-0.357131678006885,2.22271337288127
"4304","Qal at Bishah",0.313271238225696,4.54855012414327
"4305","Qaminis",0.0265825603457237,2.39697417747252
"4306","Qapshaghay",-3.03092891381766,1.28073606648864
"4307","Qaraghandy",-4.75777422620316,-0.23154926131166
"4308","Qaratau",-2.69018656152452,1.82955382354258
"4309","Qarazhal",-4.37985285685014,0.598145738617903
"4310","Qarqaraly",-5.05666646930003,-0.0570800605274487
"4311","Qarshi",-1.74382770368474,2.98622159572645
"4312","Qasr-e Shirin",-0.526290683762705,3.97034249885226
"4313","Qasserine",-1.12438660046537,1.86203597785516
"4314","Qazaly",-3.76266407707283,1.69115378127702
"4315","Qazvin",-2.55284842818694,1.74035497754125
"4316","Qena",-0.284204066233654,5.17769820870896
"4317","Qingan",-4.72130389835787,-0.0584232210118583
"4318","Qingdao",-1.41678819146489,0.212641803136106
"4319","Qinggang",-4.79939902156797,0.241726795321603
"4320","Qingyuan",1.83113031203803,-0.400014777746792
"4321","Qinhuangdao",-1.83472252570928,0.475339546678241
"4322","Qinzhou",3.07103724047648,-1.36333548992612
"4323","Qiqihar",-4.79380065282192,0.507275947002005
"4324","Qitaihe",-4.53027814390362,-0.0475733092873018
"4325","Qom",-1.92996194967954,3.57098852532585
"4326","Qomsheh",-2.68388576524115,3.15019754380585
"4327","Qoqon",-2.03603788144333,1.97330921476519
"4328","Quang Ngai",5.38546308873223,-1.43496317549478
"4329","Quang Tri",4.89403672107378,-1.25885782348901
"4330","Quanzhou",1.10922571849128,0.0400004488099416
"4331","Quarai",0.811078176343317,-1.14301781601574
"4332","Quchan",-2.59998830957867,2.1332604924459
"4333","Queanbeyan",-1.37139622776714,-0.931456000440783
"4334","Quebec",-3.16877806404733,-3.04049388997166
"4335","Queenstown1",-0.903519385822763,1.23942860929346
"4336","Queenstown2",-1.97872289574089,-2.25071108303119
"4337","Queenstown3",1.01038203909686,-5.11202696119394
"4338","Quelimane",3.03089549453342,0.281175886665444
"4339","Quellon",0.824915428472419,-5.03847976623104
"4340","Queretaro",-0.111629616253624,2.12248311374488
"4341","Quesada",5.51989162348962,-3.80528284398966
"4342","Quetta",-2.04237670757546,2.97095268099717
"4343","Quetzaltenango",1.5068965659548,-1.90229988615384
"4344","Quezon City",4.54467274669378,0.433096535788617
"4345","Qui Nhon",4.71082766098711,-0.35597030627867
"4346","Quibala",1.06852046195277,1.25437724924976
"4347","Quibdo",12.5178372053822,-16.8664013294905
"4348","Quiemo",-3.36142207782986,3.20845730045148
"4349","Quillacollo",-0.479218901047356,0.309178474215527
"4350","Quillota",-0.563102669346577,2.08433683950539
"4351","Quilon",5.49155103142006,-1.09602785739329
"4352","Quime",-0.945430172829623,0.103169061120784
"4353","Quincy",-2.0681638838268,-0.950577378438352
"4354","Quinhagak",-3.9382668781094,-2.54558161086871
"4355","Quipungo",0.978846195211864,2.43799543669525
"4356","Quirihue",-0.308357055231041,0.0225602382225364
"4357","Quissico",2.33333197526945,-0.361969768551056
"4358","Quito",0.536237198457272,-1.84578382926695
"4359","Quixada",3.39349587936333,2.49884566706488
"4360","Qulan",-2.7234023850305,1.30177850139413
"4361","Qulsary",-3.51850778020648,1.48830045907541
"4362","Qunghirot",-3.09576525253003,2.1147616155921
"4363","Qurghonteppa",-1.47247067759483,2.9585069490098
"4364","Qusmuryn",-4.71622304851881,0.0283589707783684
"4365","Quzhou",0.855691953335189,-0.750752838424208
"4366","Qyzylorda",-3.6293239559961,1.96029632045083
"4367","Raba",3.65888599572358,0.371417083357423
"4368","Rabat",0.133963987356885,1.24356536148348
"4369","Rabaul",5.60072998677788,-3.9411387444762
"4370","Rach Gia",3.63995980758887,1.03721892193265
"4371","Racine",-2.62380146113121,-1.61299994869617
"4372","Radom",-2.56919472025417,-1.15281898192553
"4373","Rafaela",0.143527628707462,0.10658696217119
"4374","Rafha",-0.77031154715178,4.49339129677324
"4375","Ragusa",-0.824479209952463,0.534282772890955
"4376","Rahimyar Khan",0.230010490718578,4.73491478049572
"4377","Raichur",2.21042210018171,3.47148842956356
"4378","Raipur",2.583050914347,3.05260799349912
"4379","Rajahmundry",3.02818688338805,2.29588328857123
"4380","Rajapalaiyam",2.68881668365982,1.88393458691856
"4381","Rajkot",1.78596253761042,3.55704006660444
"4382","Rajshahi",2.84362233485162,1.14796729203272
"4383","Raleigh",-0.35539908131105,-1.67131004277803
"4384","Rampur",1.68601864755452,2.78914024348656
"4385","Rancagua",-0.611351918319289,1.56167091015974
"4386","Ranchi",1.80034903401886,1.95309319130263
"4387","Rangoon",4.76081989823633,0.883247490368057
"4388","Rangpur",3.85856182883827,-0.390996500321987
"4389","Rankin Inlet",-7.39704562907967,-2.62369646901683
"4390","Rapid City",-3.2352125161027,1.13992394288572
"4391","Ras al Khaymah",1.17418416174756,3.93025653533731
"4392","Rashid",0.0334538683179531,1.88588918676124
"4393","Rasht",0.468836675686049,-0.332034789671309
"4394","Ratchaburi",3.26366779201332,1.64126787344775
"4395","Ratlam",1.95278776330377,3.41150512033332
"4396","Raton",-2.90810619993892,1.25132001928615
"4397","Raub",5.07403265907671,-3.18359815908036
"4398","Raurkela",2.88447854782879,2.43725436414838
"4399","Ravenna",-1.45224220849529,-0.734127371862429
"4400","Ravensthorpe",-0.752661261546093,0.232368032136553
"4401","Rawalpindi",0.666529220183268,1.81463160528711
"4402","Rawlins",-4.29897710534518,0.715482106726113
"4403","Rawson",-1.41930271080539,0.328600302911477
"4404","Rayevskiy",-4.23336870183693,-0.700204885890519
"4405","Rayong",3.65849536157788,0.579349298258445
"4406","Reading",-1.56934263549672,-2.05882682193571
"4407","Recife",4.39878548846549,-1.29627725555749
"4408","Reconquista",0.808631431370502,-0.104083454084511
"4409","Red Deer",-3.93787526813031,-0.421803142434857
"4410","Red Lake",-4.8929078784494,-1.37351706892973
"4411","Redding",-0.0222010938246638,1.41301766044355
"4412","Regensburg",-2.15526736236877,-1.4217197781796
"4413","Reggane",-0.318470827464468,5.02862019471891
"4414","Reggio di Calabria",-0.0457959953871914,0.382410363312813
"4415","Regina",-4.75385698872194,-0.251058885089643
"4416","Registro",3.03095336151443,-2.13678980072817
"4417","Rehoboth",-0.485386222561508,3.43347029525808
"4418","Reims",-1.8922559910385,-1.54809804721392
"4419","Rennes",-1.25881382206094,-1.78082900092064
"4420","Reno",-2.91630882529231,1.80290605547464
"4421","Resistencia",1.2609789524579,-0.360670838245608
"4422","Resita",-1.96500572886878,-0.854983784986281
"4423","Revelstoke",-2.73661731373537,-1.64011601915847
"4424","Reykjavik",-2.13968393342773,-4.08072069126652
"4425","Reynosa",0.67174829049835,1.79823310908118
"4426","Rezekne",-3.12441453714703,-1.58690694603192
"4427","Rhinelander",-3.72527819854134,-0.89448650440193
"4428","Ribeirao Preto",2.50418228863515,0.0963411470201645
"4429","Riberalta",3.46701540567989,0.275745695117984
"4430","Richland",-2.32902892601737,1.68729781825574
"4431","Richmond1",-0.714516774261545,-1.65700078713848
"4432","Richmond2",-3.52979019101527,1.35301589555071
"4433","Richmond3",-2.1651458785984,-1.65034946143555
"4434","Richmond4",0.322516794245319,-0.772990032761357
"4435","Richmond5",1.25872198973493,3.08125805221646
"4436","Rida",-0.315095762571027,2.70021513788286
"4437","Ridder",-4.71504816035269,-0.621751259019548
"4438","Riga",-2.86336597844162,-1.67602383896331
"4439","Rigolet",-4.00273982681082,-3.6506097778654
"4440","Rijeka",-0.595099189133817,-2.71263927468286
"4441","Rimouski",-3.67890303008209,-3.16325524306838
"4442","Rio Bueno",0.322860790825712,-2.11626759459743
"4443","Rio Claro",2.08696918002249,-0.0398158328434747
"4444","Rio Colorado",-1.27825148617104,0.557993521646008
"4445","Rio Cuarto",-0.39110183099632,0.386666574545482
"4446","Rio de Janeiro",2.44421264707509,-0.43814039933115
"4447","Rio Gallegos",-2.42940761191628,-1.43039844892887
"4448","Rio Grande1",0.860629812998075,-2.41770920182874
"4449","Rio Grande2",-2.40724392881348,-2.28563269559959
"4450","Rio Largo",4.13599282464701,-1.00223396403247
"4451","Rio Negro",1.35521954912454,-2.67854952707742
"4452","Rio Tercero",-0.117537077588584,0.649406801724189
"4453","Rio Verde1",0.535619439493254,1.98925573394595
"4454","Rio Verde2",2.45334821069324,0.729282176549092
"4455","Riobamba",-0.361407589274567,-1.44475762022685
"4456","Riohacha",3.33286600980879,1.44734331336308
"4457","Rivas",3.94855175843609,0.632833344809906
"4458","Rivera",0.986812879337909,-2.01031140000626
"4459","Riverside",-0.518811219935077,2.67386673887805
"4460","Riverton",-3.76025130930169,1.64489077799588
"4461","Riviere-du-Loup",-3.55863782305614,-3.02044961930853
"4462","Rivne",-2.63931659643302,-1.13484123961316
"4463","Riyadh",-0.360644218720162,4.88231307703552
"4464","Rize",0.32488111801945,-2.96071316467212
"4465","Rizhao",-0.909484707404413,0.0772787940479817
"4466","Roanne",-1.45302703766068,-1.46651325224069
"4467","Roanoke",-1.27373225961464,-1.48560575155541
"4468","Robertsport",6.30486450292622,-2.11587274270767
"4469","Robore",2.04490281292388,0.918137445553717
"4470","Rocha",0.26033380080597,-2.45179955360537
"4471","Rochester1",-2.56217827937067,-1.99455868611962
"4472","Rochester2",-3.29711759438811,-0.450023998768078
"4473","Rock Hill",-0.447059409202474,-1.66615371887636
"4474","Rock Island",-2.54846349009329,-0.735642167826247
"4475","Rockford",-2.78121406333331,-0.794796657452659
"4476","Rockhampton",1.43586860177951,0.657792501420624
"4477","Rocky Mount",-0.265628625509618,-1.45709824288717
"4478","Rodeo",-2.33101764598686,1.86144397210182
"4479","Rodos",0.590433243452769,0.812919305169782
"4480","Roebourne",1.62765906379165,2.87084761451678
"4481","Rohtak",0.60623464359487,3.68668415991111
"4482","Rolim de Moura",3.22779759603411,0.433749733223265
"4483","Roma",-0.00244358977866964,1.33019325347185
"4484","Rome",-0.541724821063914,0.0904125417750463
"4485","Rondonopolis",2.84979219949337,1.41984559794339
"4486","Rosario do Sul",1.35131350930952,-2.48994616955136
"4487","Rosario1",-0.0437444752153148,-0.347132666025183
"4488","Rosario2",5.17417182436617,-0.15476312219986
"4489","Rosario3",2.06890182721365,-0.347419910345665
"4490","Roseau",3.61275572771303,-1.88141795707142
"4491","Roseburg",-0.756272124319321,0.253582494742571
"4492","Rosenheim",-1.20844421960289,-2.76088753512369
"4493","Roskilde",-2.22793809126755,-2.25169353631949
"4494","Roslavl",-3.28327873612977,-1.40400015472938
"4495","Rosso",2.12013646665288,4.34968122718075
"4496","Rostock",-2.13009726945806,-1.95734142026613
"4497","Rostov1",-3.02533318539772,-0.770634366538599
"4498","Rostov2",-3.5104145931564,-1.42353431556848
"4499","Roswell",-1.54146582920547,2.44691368416514
"4500","Rotorua",0.217055712530649,-3.86985999965521
"4501","Rotterdam",-1.86374998933039,-2.36445143263689
"4502","Rouen",-1.57029316571462,-2.21461381096012
"4503","Roura",6.28420158368746,-3.09707898833647
"4504","Rouyn-Noranda",-4.52574240990235,-2.16906230230237
"4505","Rovaniemi",-4.23023349041737,-1.96895507453906
"4506","Roxas",5.0233993359695,-1.89575802607046
"4507","Rubtsovsk",-4.65417343131561,-0.215186582254321
"4508","Rudny",-4.74766625144267,-0.163633478340713
"4509","Ruhengeri",1.72496956439944,-0.836840140138482
"4510","Rumbek",2.64619228660406,2.26436802230889
"4511","Rundu",0.538493853117726,2.82074738445396
"4512","Ruse",-2.08326400481804,-0.39928377822078
"4513","Russas",3.65087162933223,2.74258360573965
"4514","Rustavi",-2.1259741248982,0.797907488094521
"4515","Rustenburg",-0.288255087323241,1.68535692778795
"4516","Ruteng",4.6454488249767,-3.03766222645843
"4517","Ruzayevka",-3.74540953655457,-1.16111860388272
"4518","Ryazan",-3.49670074746486,-1.1321955526608
"4519","Rybinsk",-3.55705115379293,-1.60894239486404
"4520","Rzeszow",-2.40300861258494,-1.16567989719071
"4521","Rzhev",-3.34005480565271,-1.59750827559194
"4522","Saarbrucken",-1.95738274468014,-2.22238017486512
"4523","Sabanalarga",3.64871460834925,0.789824685725456
"4524","Sabha",-0.90633031768982,3.93523058436248
"4525","Sabinas Hidalgo",0.560909792629755,2.20752510556596
"4526","Sabzewar",-2.07709502383181,3.26869233951894
"4527","Sacramento",-0.694822224770474,2.29955820333418
"4528","Sadah",-0.383809501571217,3.2224876829743
"4529","Sadiqabad",0.237760643619769,4.81468045491067
"4530","Safford",-0.785869651437355,3.31648111587112
"4531","Safi",0.106031927933901,1.63341872265899
"4532","Safonovo",-3.22746573698044,-1.6629569904926
"4533","Sagar",2.4005328544467,2.97569768992065
"4534","Saginaw1",-2.87622895535926,-1.05435758164495
"4535","Saginaw2",-2.89317344420825,-1.06736691540527
"4536","Sagua la Grande",2.61352868375823,-0.136210873238674
"4537","Saharanpur",1.42076675680883,2.91257795959636
"4538","Sahiwal",0.207444184692061,4.26460075264866
"4539","Saida1",0.447137103830634,0.993327310545729
"4540","Saida2",-1.55429797500013,2.15564203221732
"4541","Saidpur",3.40021505769414,0.100834897040306
"4542","Saidu",-0.90463345692505,0.465716048494511
"4543","Saint GeorgeÛªs",3.64184283775648,-1.09746011138408
"4544","Saint John's",3.01493455988883,-1.05823200821025
"4545","Saint-Etienne",-1.89175231512846,-1.18152786786008
"4546","Saint-Georges1",-3.3186645268267,-2.49998249005731
"4547","Saint-Georges2",6.35008629410131,-2.79209405248964
"4548","Saint-Laurent-du-Maroni",4.76117102670671,-1.97744745005232
"4549","Saint-Louis",2.28378855147303,3.72057642354458
"4550","Sakata",-0.154035070864495,-4.31340408468922
"4551","Sakhon Nakhon",3.2721725034813,0.842074371039498
"4552","Saki",-2.34063380270321,0.0224331414066278
"4553","Salalah",1.14968731480774,3.47944601507987
"4554","Salamanca1",0.437502666194933,2.42240137675461
"4555","Salamanca2",-0.975645111316784,2.46758581234795
"4556","Salamanca3",-1.79619007688675,0.849021488472631
"4557","Salatiga",4.78000009015203,-2.18473256132498
"4558","Salavat",-4.23165819637352,-0.795184511586901
"4559","Salaverry",1.46515229862027,1.99565648701734
"4560","Saldanha",-0.253028709499049,0.815631577684352
"4561","Sale",-0.387638996217764,-1.17546104088653
"4562","Salekhard",-6.15444278804777,-2.45373482077115
"4563","Salem1",-1.7752507412262,-3.1586493975253
"4564","Salem2",-0.626084869567062,-0.345869207797319
"4565","Salem3",2.57847612873485,2.43117047401598
"4566","Salerno",-0.40156328104289,0.0835483278450882
"4567","Salgueiro",2.40008376046055,2.77853767686968
"4568","Salima",2.13583233919376,1.93037826557653
"4569","Salina",-2.15061901014774,0.783823602938405
"4570","Salina Cruz",2.64341323296715,2.0044066666124
"4571","Salinas1",-0.739786131669519,1.26324828368309
"4572","Salinas2",1.26502529340398,1.17720716080983
"4573","Salinopolis",6.67301147101262,-1.48109375426028
"4574","Salisbury",-0.516405002611007,-1.48884721451364
"4575","Salluit",-7.18464373652496,-3.13214144125534
"4576","Salmon",-3.36238884023127,0.85173246404392
"4577","Salsk",-2.65495131518737,-0.0944796641037162
"4578","Salt Lake City",-2.78403290539611,1.25758480667616
"4579","Salta",-0.180367065343977,1.29632708487546
"4580","Saltillo",-0.797075889942905,2.07147786021936
"4581","Salto",0.459921328703723,-0.944531884759681
"4582","Salum",-0.37991424414277,2.79200841604511
"4583","Salvador",4.31471452143982,-2.38625261901525
"4584","Salzburg",-1.26048815840866,-2.57880348674054
"4585","Samalut",-0.437034606496694,5.01953168870473
"4586","Samandagi",0.134534060045055,1.05041872754001
"4587","Samara",-4.09543697475225,-0.72172253937497
"4588","Samarinda",5.30579738081939,-3.95063540739141
"4589","Samarqand",-1.96494698071182,2.12850457154094
"4590","Sambalpur",3.25498325660758,2.60061717858832
"4591","Sambava",4.4957402221412,-3.51116982809453
"4592","Same",1.34447715772775,1.72484337267956
"4593","Sampit",5.8102045336917,-3.52705638761811
"4594","Samsun",-0.888809538238932,-0.552289826577273
"4595","Samut Prakan",3.72483835786105,0.90982984119364
"4596","San",2.42856741697626,3.85768545304158
"4597","San Angelo",-1.07266726424995,1.63203123519869
"4598","San Antonio de los Banos",3.20170901821349,-1.09078899413953
"4599","San Antonio Oeste",-1.37336228535068,0.629607623851439
"4600","San Antonio1",-0.160460850917351,0.655214908424544
"4601","San Antonio2",-0.302203410260094,0.992924851209829
"4602","San Bernardino",-0.527422613961589,2.67948551707025
"4603","San Bernardo",-1.1009188903301,1.94072464419385
"4604","San Carlos",2.99622971185832,-0.850124954218413
"4605","San Carlos de Bariloche",-1.23887482607215,-1.62458877727609
"4606","San Carlos del Zulia",4.04793666750342,-1.18493375052268
"4607","San Cristobal",2.53127656300834,-0.627339073390597
"4608","San Cristobal de Las Casas",0.497843531579546,-0.356281262955743
"4609","San Diego",-0.384178241761677,2.06762053266161
"4610","San Felipe1",0.433718006028222,3.96979796856175
"4611","San Felipe2",-1.33035500025629,2.41210404753226
"4612","San Fernando de Apure",4.08846342893476,1.24568958899727
"4613","San Fernando1",3.86185069499213,-1.07462217114992
"4614","San Fernando2",1.19380867646721,1.34696419398367
"4615","San Fernando3",-0.471184148628772,1.65608824718439
"4616","San Francisco de Macoris",3.23785800457572,-1.43009435117415
"4617","San Francisco1",-0.556630032641549,0.76439628222216
"4618","San Francisco2",0.11972309754749,0.387584158261144
"4619","San Gabriel",0.0642181254498722,-1.97385108823537
"4620","San Ignacio",2.21420067937027,0.660670947867913
"4621","San Javier",2.22155867335703,-0.114221143876723
"4622","San Jose de Mayo",0.297310667687972,-2.0540466099891
"4623","San Jose del Guaviare",5.08648349226465,-2.31968693658518
"4624","San Jose1",3.67495041427583,-1.92179115260986
"4625","San Jose2",4.10122593880312,1.3546402790318
"4626","San Jose3",-0.608611934946922,0.856921554332522
"4627","San Juan Bautista",1.85590085354354,-1.48216502411633
"4628","San Juan del Rio",-0.193902251256762,1.86209304177974
"4629","San Juan del Sur",3.77626642024599,0.872860878060076
"4630","San Juan1",3.58479197730334,-2.64850780972124
"4631","San Juan2",-1.27876112396185,2.51270815502179
"4632","San Justo",0.36641376695379,0.0342176473244534
"4633","San Lorenzo1",1.23128818998997,-0.5370690577567
"4634","San Lorenzo2",1.72034850739784,-0.77737706282541
"4635","San Luis Obispo",-0.397775908474515,1.55569608846195
"4636","San Luis Potosi",-0.465595323025164,1.93368154755763
"4637","San Luis1",4.29505655492305,-2.20381750503435
"4638","San Luis2",-0.832893837023945,0.889462506826769
"4639","San Marcos",-0.0775279224599489,0.354212527422786
"4640","San Marino",-1.03952679314765,-1.16403901010215
"4641","San Martin1",-1.39706612542917,1.72268199100808
"4642","San Martin2",6.48248902729081,-3.59355037775271
"4643","San Mateo",-0.480869878161481,0.520632118337361
"4644","San Miguel",4.00947160005425,1.87981753968868
"4645","San Miguel de Tucuman",0.917074073537766,0.495512204939584
"4646","San Nicolas",0.0713221072059539,-0.59082443485517
"4647","San Pablo",4.2332494822412,-0.397276636940895
"4648","San Pedro de las Colonias",-0.128304285076911,3.27216771517419
"4649","San Pedro de Macoris",3.27228454851243,-0.191520851005901
"4650","San Pedro Sula",3.77280937049521,-0.983275842643281
"4651","San Pedro1",0.825953785841779,1.02709032575804
"4652","San Pedro2",2.13092306146508,-0.264442776816034
"4653","San Rafael1",-1.44689913644977,1.14280124919734
"4654","San Rafael2",1.96819513808012,0.981378828978649
"4655","San Ramon",2.16742577781937,-0.387273092262578
"4656","San Ramon de la Nueva Oran",1.19224777053724,1.28077089992972
"4657","San Salvador",3.34641582037305,0.667734157842953
"4658","San Salvador de Jujuy",-0.0135960881132939,0.968501799750837
"4659","San SebastiÌÁn",0.531286565682308,-3.29769988362395
"4660","San-Pedro",4.19025115424923,-0.412465745414776
"4661","Sanaa",-0.571677607179155,2.80195826917224
"4662","Sanandaj",-2.38864342805905,2.56576395137582
"4663","Sancti Spiritus",3.18730959233118,-0.0561072544975381
"4664","Sandakan",7.06390495759761,-5.00849573396406
"4665","Sandnes",-1.10436526217144,-3.98812046702868
"4666","Sanford",1.52284180159056,-0.75128805994115
"4667","Sangli",1.59712391124035,2.82230237085528
"4668","Sangolqui",0.363120249221544,-1.2774143259272
"4669","Sanliurfa",-1.48145749549173,2.91419463324175
"4670","Sanming",0.779933419260754,0.0747902835002332
"4671","Santa Ana",3.23055654581442,0.670757516695754
"4672","Santa Barbara1",-0.748646985380778,2.49741149286277
"4673","Santa Barbara2",-0.0299896046531491,1.69318448148767
"4674","Santa Barbara3",-0.221133076921997,-0.314177005382849
"4675","Santa Clara",2.76896387500548,-0.201123697142919
"4676","Santa Cruz Cabralia",3.63099542901842,-2.91677090079013
"4677","Santa Cruz de Tenerife",0.180212410090887,0.1063064058595
"4678","Santa Cruz do Sul",1.18921639153339,-2.02268348865848
"4679","Santa Cruz1",2.52015246545463,-0.556964376901124
"4680","Santa Cruz2",2.48341246604701,2.34358970912816
"4681","Santa Fe1",-2.82896280543869,1.01504391140341
"4682","Santa Fe2",0.103673659310336,-0.000559617266847622
"4683","Santa Ines",5.24337329543574,-0.60027535192499
"4684","Santa Lucia",0.490054006534192,-1.9369964511275
"4685","Santa Maria da Vitoria",2.50586613336532,2.30844065238696
"4686","Santa Maria1",-0.517507720050638,1.54193769773312
"4687","Santa Maria2",1.47933730350398,-2.66773526164166
"4688","Santa Marta",3.66618576028609,0.522713371968017
"4689","Santa Rita",2.92581239908147,2.18805232707545
"4690","Santa Rosa de Copan",2.58622306869809,-0.583064664554831
"4691","Santa Rosa1",-0.0821073961409463,0.713032301189837
"4692","Santa Rosa2",-0.91373403037866,0.316485353096432
"4693","Santa Rosa3",1.93858251732311,-3.12955525866332
"4694","Santa Rosalia",0.701693136381338,2.95491131077996
"4695","Santa Vitoria do Palmar",0.712677902502246,-2.82091607210132
"4696","Santana do Livramento",1.00985742495729,-2.01575121140637
"4697","Santander",0.316376212209811,-2.05967474338737
"4698","Santarem",5.60013193105713,-1.49361759445909
"4699","Santiago de Compostela",0.70930616635718,-2.4746846872604
"4700","Santiago de Cuba",2.97832772252178,0.0691750273024921
"4701","Santiago del Estero",0.34258752902973,1.69872558137702
"4702","Santiago Ixcuintla",4.08557537119591,0.644411972387191
"4703","Santiago Tuxtla",3.51566193476073,-0.77397654774787
"4704","Santiago1",4.65347120676727,-0.539618440939291
"4705","Santiago2",2.70242882536064,-0.617847743572672
"4706","Santiago3",-1.23654203761267,2.02740186140734
"4707","Santo Andre",2.09713430609277,-2.16109229939126
"4708","Santo angelo",1.94565467378341,-3.17305609185243
"4709","Santo Domingo",3.60782253475226,-1.09554268339758
"4710","Santo Tomas",-1.48330278516619,-0.399333091596105
"4711","Santos",3.62244955166193,-3.37784538756638
"4712","Sanya",2.65461201802609,0.292326119355783
"4713","Sao Borja",1.81504599886135,-2.06794139000757
"4714","Sao Carlos",2.09084548446058,-0.414641859261031
"4715","Sao Francisco do Sul",3.41115296346504,-3.71863897646328
"4716","Sao Gabriel",1.27230217618479,-2.50687223389768
"4717","Sao Joao da Boa Vista",2.14981823718701,-0.314965013148875
"4718","Sao Joao del Rei",2.05437765416944,-0.0704789845070893
"4719","Sao Jose de Ribamar",5.4477945514323,-0.334220223597193
"4720","Sao Jose do Rio Preto",2.29908561703396,0.56708799755416
"4721","Sao Jose dos Campos",2.08498527184623,-0.800073506932643
"4722","Sao Jose dos Pinhais",1.37200313388761,-2.67099027084571
"4723","Sao Lourenco do Sul",1.29684685743169,-3.18434774510999
"4724","Sao Luis",5.32024983086096,-0.339101472633901
"4725","Sao Luiz Gonzaga",2.19623770985254,-4.20514934611459
"4726","Sao Mateus",2.88810875196587,-0.873835185134887
"4727","Sao Paolo",1.96146723313628,-1.86704545885988
"4728","Sao Tome",2.29897391935635,0.645629242482071
"4729","Sapele",5.08681612755443,-1.17390896118058
"4730","Sapporo",-1.66238017718401,-2.95159487804867
"4731","Saraburi",3.53047061665471,1.52508326851362
"4732","Sarajevo",-2.08185481300601,-1.66290297061808
"4733","Saransk",-3.82075415619444,-1.03134705446783
"4734","Sarapul",-4.22807868136809,-1.16056340272147
"4735","Sarasota",2.27267062766598,-1.25625648026469
"4736","Saratoga Springs",-2.52126472238498,-2.10972046906117
"4737","Saratov",-3.85292377798617,-0.598465807247243
"4738","Sargodha",0.344182718125244,3.59341280092128
"4739","Sarh",3.08407650189861,2.36424821945809
"4740","Sari",-0.199899746489717,0.592432844842818
"4741","Sarmiento",-2.32972143423189,0.444387777621656
"4742","Sarnia",-2.70447455361864,-1.66483483805136
"4743","Sarqan",-3.3630899917178,0.322157017633902
"4744","Saryshaghan",-4.31775370884479,0.883244454571008
"4745","Saseba",1.52550339592458,-2.75135007067717
"4746","Saskatoon",-4.97089395915195,-0.379866222011814
"4747","Sasovo",-3.5682903018465,-1.11152947270155
"4748","Sassandra",4.44393314351977,-0.204342426328073
"4749","Sassari",-0.442967297379223,0.12826855693462
"4750","Satadougou",3.12377534940795,3.48230437334115
"4751","Saudarkrokur",-3.28835505065784,-2.68261658591666
"4752","Sault Ste. Marie",-3.54447055455749,-2.37245931761171
"4753","Saurimo",2.19640574083495,0.775096166792431
"4754","Savannah",0.890351919625605,-1.2444008881855
"4755","Savannakhet",3.14144590056039,1.08397822621449
"4756","Saveh",-1.93602756234571,3.35270939902263
"4757","Savetskaya Gavan",-4.24609213604048,-1.9448056883001
"4758","Savonlinna",-3.71122185082864,-1.72277212300494
"4759","Sawahlunto",5.80875448407593,-5.01931332345687
"4760","Sayanogorsk",-4.64660722081497,0.153832408324766
"4761","Saywun",0.575311713425539,4.70402187845168
"4762","Scarborough",-1.74913626520523,-2.90084872524563
"4763","Schefferville",-5.80261055432764,-2.95719697138383
"4764","Schenectady",-2.49292948357157,-1.88306342093224
"4765","Scottsbluff",-2.8832215980938,1.6467671611206
"4766","Scottsdale1",-0.0559666564737076,-2.66845826969206
"4767","Scottsdale2",-0.337884483619219,3.52738391755465
"4768","Scranton",-2.377324621475,-1.47315133101755
"4769","Seattle",-0.810657196254123,-0.875280407768162
"4770","Sechura",1.2769704692437,3.10262329268132
"4771","Sefra",-1.66249613849642,2.97149419499397
"4772","Segezha",-4.04315371123069,-1.86792062354705
"4773","Segou",2.38435075203416,3.95336572916417
"4774","Seguela",2.78247462400306,0.964927666214911
"4775","Sekondi",4.08069176904021,-0.376285902009312
"4776","Selawik",-5.59182335322196,-1.25947213324112
"4777","Selfoss",-1.39194328899582,-5.35973127750297
"4778","Selibaby",2.52637697535935,4.59490172988293
"4779","Selkirk",-4.75869260770387,-0.668757814096669
"4780","Selma",0.171488233941974,-1.32726467104757
"4781","Semarang",5.10567294731208,-1.18762908280378
"4782","Sembe",3.05384277637202,-0.828441833795946
"4783","Semey",-4.77812199632571,0.202756382827609
"4784","Semnan",-2.29639819023178,2.47438686602251
"4785","Sena Madureira",3.47944942881761,-0.383755001059897
"4786","Sendai",-0.803897305200793,-1.65850197017622
"4787","Senhor do Bonfim",2.14711704804571,0.940088181239418
"4788","Sennar",2.21849791692079,4.32400721188921
"4789","Sensuntepeque",3.46792037676198,0.615774025575629
"4790","Seoul",-0.643198785715986,-0.956213041708794
"4791","Serang",5.97108546101415,-3.52324750958069
"4792","Serdobsk",-3.67312323834105,-1.1047304756971
"4793","Seremban",4.73992055355672,-2.87971044003326
"4794","Seres",-1.64041044278854,0.676364944446807
"4795","Sergiyev Posad",-3.49120844680441,-1.65218797770246
"4796","Serov",-4.65683591816347,-1.06465627806967
"4797","Serowe",-0.0641970380285759,2.33945263755535
"4798","Serpukhov",-3.41364916257456,-1.39661229347465
"4799","Serrinha",2.09065741109979,0.115340723710478
"4800","Sesheke",0.7891787558223,2.89200721857333
"4801","Sete Lagoas",2.4303405579026,0.363563860850476
"4802","Setif",-1.5979543627295,0.916300311986447
"4803","Settat",-0.63912098890745,1.79414555798801
"4804","Setubal",-0.154796435491432,0.543738409670592
"4805","Sevastapol",-1.99782836634248,-1.23179448571063
"4806","Severnyy",-5.93598401274794,-2.84442867968254
"4807","Severodvinsk",-4.35846675647703,-2.21254388311232
"4808","Severomorsk",-4.05259803158838,-2.44833973435721
"4809","Severouralsk",-4.84139239631835,-1.27196072481182
"4810","Seville",-0.493593502676333,1.91294435794754
"4811","Seymour",-0.868865259169886,-0.295433420666015
"4812","Sfax",-0.0839091817149929,1.80757223738563
"4813","Shache",-3.45283938139864,2.24349373802332
"4814","Shadrinsk",-4.59509378723415,-0.548643620417404
"4815","Shahjahanpur",1.71616803745583,2.87357840878467
"4816","Shahrisabz",-1.59884089234063,2.23861863910642
"4817","Shahrud",-2.6605704820925,2.17765063677834
"4818","Shakhty",-3.26971145669606,-0.714280018068374
"4819","Shalqar",-3.99925496317899,1.00095011316155
"4820","Shamattawa",-6.13731832119237,-1.34878143319929
"4821","Shamva",0.957977684728748,2.26041205223111
"4822","Shangdu",-4.54600277357881,1.02623038961275
"4823","Shanghai",-0.358177156568562,-0.378213587671629
"4824","Shangqiu",-1.22141563113616,0.864340969180738
"4825","Shangrao",1.10786088513583,-0.8976957943454
"4826","Shangzhi",-4.17119702576181,-0.111877141526826
"4827","Shannon",-0.711445854785252,-3.40336639218553
"4828","Shantou",2.11398380667013,-0.51005551014536
"4829","Shanxian",-1.28067403790877,0.842026204402946
"4830","Shaoguan",1.03600016596538,-0.365443111900633
"4831","Shaowu",0.809055739059429,-0.400190384928236
"4832","Shaoxing",-0.0309809889233777,-0.628065137418306
"4833","Shaoyang",0.0216191782374071,-0.610621297885286
"4834","Shar",-4.76169346641886,0.0950831792197411
"4835","Sharbaqty",-4.99108220889231,-0.0171647816792834
"4836","Sharjah",0.909710118937033,4.11902729137771
"4837","Sharya",-3.8245105092292,-1.50561288495479
"4838","Shashemene",0.881845088685912,-0.128951350634362
"4839","Shashi",-0.394308354594919,-0.0145220707862458
"4840","Shawinigan",-3.50846544192122,-2.3370620938673
"4841","Shawnee",-1.13143996291894,0.102102900081528
"4842","Shchekino",-3.40897928270179,-1.51540289870389
"4843","Shebekino",-3.04043707974808,-0.942556327005675
"4844","Sheberghan",-1.34436841732736,3.34070327319418
"4845","Sheboygan",-2.70101397310089,-1.46734983794859
"4846","Sheffield",-1.81159114064963,-2.46644962172453
"4847","Sheikhu Pura",0.554802351353919,3.59559601807278
"4848","Shelburne",-1.67897274289775,-4.32563761733946
"4849","Shemonaikha",-4.73452563137319,-0.677789783664874
"4850","Shendi",1.54679824212848,5.40506669221649
"4851","Shenyeng",-3.07635379553776,0.27463662453936
"4852","Shenzhen",2.35659504776106,-0.693262833173924
"4853","Shepparton",-1.01166338796207,0.109980685954949
"4854","Sherbrooke",-3.08604719557784,-2.6941951386374
"4855","Sherlovaya Gora",-5.97048993412787,0.360787657746347
"4856","Sherman",-0.641909328694323,-0.132844428973017
"4857","Shieli",-3.28861198689862,2.20808654617123
"4858","Shihezi",-4.13767454664029,0.997993207580972
"4859","Shijianzhuang",-1.80863752168771,1.74478080212473
"4860","Shilka",-6.06476132080686,0.370720726970248
"4861","Shillong",6.97177926108852,-6.46246912852899
"4862","Shimanovsk",-5.80945122795284,-0.482311869511543
"4863","Shimoga",2.73513043162189,1.83277320704742
"4864","Shimonoseki",1.0850477604546,-2.14137307223083
"4865","Shinyanga",1.99982609541278,1.89642397363737
"4866","Shira",-4.94468954376319,-0.438761275062925
"4867","Shiraz",-1.54330350303903,3.31515008784492
"4868","Shishou",-0.216234158430596,-0.347020250100076
"4869","Shiyan",-1.10903997846998,0.77879910901703
"4870","Shizuishan",-3.80575024479211,2.45353918051014
"4871","Shizuoka",0.600978718935189,-2.1429472155784
"4872","Shkoder",0.0732296062226699,-0.896503541415559
"4873","Sholapur",2.15701376182812,3.43756711695319
"4874","Shonzhy",-3.4105741603218,0.837954147938311
"4875","Shostka",-2.99761182412428,-1.45254875427662
"4876","Shouzhou",-3.63576990512861,1.15589390244408
"4877","Shreveport",0.399634964801937,-0.899363334929098
"4878","Shu",-2.95123244565537,1.57956457345683
"4879","Shuangcheng",-4.3869299252273,0.223917179039127
"4880","Shulan",-4.12895707429989,-0.0236216347424113
"4881","Shumen",-2.25867020080866,-0.376900740077099
"4882","Shumerlya",-3.76423068671875,-1.23623846211139
"4883","Shuya",-3.6463824842954,-1.34699182356105
"4884","Shuyang",-0.773190345929761,0.219149924192811
"4885","Shwebo",1.72220120482763,2.14932177539554
"4886","Shymkent",-2.19314618413532,1.60397852451442
"4887","Si Racha",3.49963004986066,0.939431805422963
"4888","Sialkote",1.22681092317178,2.68990006466919
"4889","Siauliai",-2.94706645678217,-1.48275002250322
"4890","Sibay",-4.55236421771403,-0.476194933497587
"4891","Sibiti",3.19156350839533,-0.124373214165018
"4892","Sibiu",-2.41786144731555,-0.691569124102647
"4893","Sibolga",6.88724896824851,-6.3090978752958
"4894","Sibu",7.02630650098061,-6.10773592244943
"4895","Sibut",2.98995254871798,1.23368266668068
"4896","Sica Sica",-2.47983882003517,0.442977668441562
"4897","Sicuani",-1.8052067331847,-0.0908355764619036
"4898","Sidi bel Abbes",-1.03771461829246,1.89475594115944
"4899","Sidney",-2.9795940516964,1.47436978026372
"4900","Siedlce",-2.73467892012525,-1.05490079141023
"4901","Siem Reap",3.25519394558846,1.69204751911801
"4902","Siena",-0.973464389310428,-0.380929097213697
"4903","Siguiri",2.85896157368149,2.88698104419444
"4904","Sikar",0.831345132163864,4.07835845532178
"4905","Sikasso",2.58000005839027,2.8858355225604
"4906","Sikonge",2.14809405007941,1.83689540461897
"4907","Silchar",4.99571319912412,-1.79619912807334
"4908","Siliguri",5.20984592664191,-1.79695925519229
"4909","Simao",1.42596735089549,-0.112912308344275
"4910","Simferopol",-2.24786707760795,-1.11169055783725
"4911","Sincelejo",3.79358054968209,-0.310179219386279
"4912","Singapore",5.41828390599504,-4.67537834542392
"4913","Singaraja",4.55188714605627,-0.373446713959873
"4914","Singida",1.10232321054815,2.33028516689467
"4915","Singkawang",6.472850907581,-5.07364644435124
"4916","Singleton",0.00853205126781607,-0.1704089991474
"4917","Sinnamary",5.56880010709902,-2.0568159092149
"4918","Sinop",3.97912344537348,0.0830196336930172
"4919","Sinuiju",-1.43152298111049,-0.911452539495418
"4920","Sioux City",-3.09133255574382,0.255791995354841
"4921","Sioux Falls",-3.56751540497901,0.108082167426569
"4922","Siping",-3.62233113334967,0.274010096447876
"4923","Siracusa",-0.0811229593715868,1.0972783123006
"4924","Sirsa",0.243202603657322,3.86581973176378
"4925","Sisaket",3.10732336134113,1.55235442544497
"4926","Sisophon",3.32425437656803,1.39022679298346
"4927","Sitapur",1.70168914720017,2.74638204390754
"4928","Sitia",0.101056621573168,0.430798908050222
"4929","Sitka",0.941376061044957,-6.45050724541053
"4930","Sittwe",8.13298077993185,-2.40812499124834
"4931","Sivas",-2.85904710083872,0.839963078719288
"4932","Siwa",-0.543724200178509,4.15986321935105
"4933","Sixaola",5.48868783752816,-4.33569983783594
"4934","Skagway",-3.35394355416929,-1.81497014954695
"4935","Skelleftea",-3.81149374238299,-2.01180129559865
"4936","Skien",-2.40927435810328,-2.70091865542475
"4937","Skikda",-0.257995740236271,1.33307531861602
"4938","Skopje",-1.94468128603503,0.124478972875366
"4939","Skovorodino",-6.27229720801344,-0.341867423295766
"4940","Slantsy",-3.13594258901616,-1.66795568902973
"4941","Slavgorod",-4.98473379987821,-0.157778378563451
"4942","Slavonski Brod",-1.81283510922515,-0.914464692597919
"4943","Slidell",1.56014704139017,-2.38361289103874
"4944","Sligo",-0.664376336676406,-3.76484872434302
"4945","Sliven",-1.86452101526164,0.0156888654201981
"4946","Slobodskoy",-4.07406013943797,-1.60673249153962
"4947","Slupsk",-2.19930843555007,-1.89835302583657
"4948","Slyudyanka",-4.46624053990649,-0.746566009159407
"4949","Smara",-0.317462558636655,3.68966476542859
"4950","Smithers",-3.78078656495159,-1.24212508007434
"4951","Smithton",0.185994942289002,-2.63229635079237
"4952","Smolensk",-3.15865459725823,-1.86951286246716
"4953","Sobral",3.80810309387031,2.24188144444244
"4954","Soc Trang",3.88511682506736,0.588739049734566
"4955","Sochi",0.0543664630973129,-3.57120513018226
"4956","Socorro1",-1.89465089459262,2.63094846987909
"4957","Socorro2",2.62886825051681,-1.3461167406383
"4958","Sodankyla",-4.36584077944157,-1.9896770280128
"4959","Sodo",1.71601288636861,-0.263056445910088
"4960","Sofia",-2.11190683182327,-0.849972227502662
"4961","Sogamoso",0.484203697815969,-0.933223013736533
"4962","Sohag",-0.258424374353394,6.34134775327782
"4963","Sohano",5.63565571043362,-4.27575312174643
"4964","Sokcho",-0.623163368266591,-1.69860932764206
"4965","Soke",-0.0570369640617038,1.63587452990207
"4966","Sokode",3.1859837243279,1.31037927644464
"4967","Sokol",-3.84635006527231,-1.70072145431511
"4968","Sokolo",2.04222851868299,4.4274102962757
"4969","Sokoto",2.3792748339486,3.94661173076361
"4970","Sol-lletsk",-4.29346608288008,-0.119049414741939
"4971","Soledad",3.54118270404283,1.13724680098518
"4972","Solikamsk",-4.28925280569557,-1.85980265417918
"4973","Solnechnogorsk",-3.44857198930033,-1.56448369604228
"4974","Solwezi",1.3885227018799,1.60067682983505
"4975","Son Tay",2.70176533306504,-0.269701397537827
"4976","Sonbong",-2.84073431601597,-0.436159297573972
"4977","Songea",1.53563730564479,1.36100775594896
"4978","Songkhla",5.78710958823027,-1.63196523611701
"4979","Songo",2.35399222894673,0.878014473795246
"4980","Sonipat",0.771515091396068,3.58896438540033
"4981","Sonson",3.14056678109548,-4.9392254565304
"4982","Sonsonate",3.71433753065114,0.975941708032613
"4983","Sopur",-2.02481810183525,-0.0642966184577805
"4984","Sorocaba",1.64847341525759,-0.572492415150117
"4985","Sorong",6.12258197209586,-5.21109848236288
"4986","Soroti",2.62261717928606,0.238732278870278
"4987","Sosnogorsk",-4.90002349150039,-1.71830858891074
"4988","Sotik",2.14814694995653,-1.78337747705807
"4989","Soubre",3.3554769154961,-0.237019527899118
"4990","Souk Ahras",-1.28035014875025,1.52473727544662
"4991","Sousse",-0.231095488480693,1.81398671417673
"4992","South Bend",-2.28887872377155,-1.49868034436477
"4993","Southampton",-1.25957273892823,-2.16798752716035
"4994","Southaven",-0.386604278831378,-1.62899765242104
"4995","Southend",-1.77611471833221,-1.97828208378806
"4996","Southern Cross",-0.743927943687071,1.73048279002959
"4997","Sovetsk1",-2.40235564482969,-1.80961988560243
"4998","Sovetsk2",-3.94730648263515,-1.37487504749534
"4999","Soyo",2.21827480928682,1.0061804336509
"5000","Spanish Town",3.64870291174317,-0.578595795401559
"5001","Spartanburg",-0.539933061069465,-2.26540680481966
"5002","Sparti",-0.443012252736425,1.12178178757947
"5003","Spassk Dalniy",-4.2254513039239,-0.513157320175384
"5004","Spencer",-3.35962051984393,-0.0426526728953985
"5005","Split",-0.676470366789113,-0.638735545963399
"5006","Spokane",-2.63127253651804,0.307607232602294
"5007","Spring Hill",1.83098316678547,-1.01508204812774
"5008","Springbok",-1.253060277979,1.99373078091537
"5009","Springfield1",-1.53030633637475,-0.888065207948864
"5010","Springfield2",-2.18142684395141,-0.873711972011189
"5011","Springfield3",-1.85694874395089,-1.50552096616596
"5012","Springfield4",-1.78777080109457,-2.50936295120596
"5013","Springfield5",-0.663138954662319,-0.111645641074882
"5014","Springs",-0.884086169778134,1.29950323346781
"5015","Srinagar",-2.12326026361313,-0.0772492522554279
"5016","St. Anthony",-3.27787329503532,-4.05735761513607
"5017","St. Augustine",1.57378570432317,-1.43341750157018
"5018","St. Charles1",-1.89452564299538,-1.02890054333549
"5019","St. Charles2",-1.04481606923148,-1.7094028080697
"5020","St. Cloud",-3.72992759183694,-0.399679714819359
"5021","St. George",-1.83411092862516,2.63934652053031
"5022","St. John",-2.32963125020049,-3.82133427897679
"5023","St. JohnÛªs",-2.08360628101408,-4.72791696533848
"5024","St. Joseph",-2.13938483478619,-0.109333072297584
"5025","St. Louis",-1.85328880842695,-0.994063815385397
"5026","St. Paul",-3.35395633393461,-0.464381327927189
"5027","St. Petersburg1",2.06776938470428,-1.23067515521259
"5028","St. Petersburg2",-3.63395927452548,-1.7631714641513
"5029","St.-Benoit",6.42305734717308,-6.22842401039137
"5030","St.-Brieuc",-1.0361065388944,-2.34392085582803
"5031","St.-Denis",4.64971044755776,-3.63136489239563
"5032","St.-Jerome",-3.4787759644923,-2.41939449478616
"5033","Stamford",-1.58964688654554,-2.63910011971954
"5034","Standerton",-0.917946501530117,1.44056353714141
"5035","Stanley",-1.9421346195333,-3.43687779833787
"5036","Stara Zagora",-1.74257091022609,-0.0134814694929236
"5037","Staraya Russa",-3.23627206730751,-1.46080828079796
"5038","Starsy Oskol",-3.24528048657304,-1.00179103677127
"5039","State College",-2.13059273353868,-1.8529128148035
"5040","Stavanger",-1.06706838158026,-4.07550211579349
"5041","Stavropol",-2.76776033694169,-0.622394320330002
"5042","Stawell",-0.989402060628793,-0.278414933340826
"5043","Steinbach",-4.59130419697264,-0.720002048139524
"5044","Steinkjer",-2.18532770236887,-3.32210371893389
"5045","Stepanakert",-2.395583804221,0.559496192786894
"5046","Stephenville",-2.86476443334578,-3.71483237376041
"5047","Sterlitamak",-4.1104985733028,-0.922365177956552
"5048","Stettler",-4.10574801052879,-0.451489929354463
"5049","Stillwater",-1.36181822673072,0.622316940681979
"5050","Stockholm",-2.85397397428844,-1.92061499791409
"5051","Stoke",-1.72040391621824,-2.86272714672109
"5052","Stony Rapids",-6.10575973036678,-1.25401083846738
"5053","Stralsund",-2.15912169309593,-2.13434648679876
"5054","Strasbourg",-1.65554481068945,-1.47553504741412
"5055","Streaky Bay",-0.352274798266682,0.70542011389579
"5056","Strezhevoy",-5.36927000953482,-1.32371307561175
"5057","Stuttgart",-1.92639764688779,-1.59800247943812
"5058","Subotica",-2.27177484811278,-0.462076103932599
"5059","Suceava",-2.56874188745606,-0.588939228255248
"5060","Sucre",-0.712243617983443,0.601362303806681
"5061","Sudbury",-3.85629122127667,-2.01865969031904
"5062","Suhar",1.23118295669716,4.74076254519626
"5063","Suihua",-4.70916714958614,0.0674358424953079
"5064","Suileng",-4.889718203014,0.0292056218696608
"5065","Sukabumi",6.45225483840818,-5.43895346368733
"5066","Sukhothai",2.73802308553895,1.99788389390266
"5067","Sukhumi",0.186064359168492,-3.65786675966536
"5068","Sukkur",0.157851002938788,5.08417205959883
"5069","Sullana",1.75475359123821,3.07869406601749
"5070","Sumbawanga",0.551914059079866,1.57979451604297
"5071","Sumbe",2.18114182785472,1.72888004803794
"5072","Sumenep",4.24471351804985,-0.266540592037031
"5073","Sumqayt",-1.6067188038439,0.770790725371953
"5074","Sumter",0.0965077319171049,-1.22979824772615
"5075","Sumy",-3.07940609656715,-1.14958624919548
"5076","Sunbury",-0.901677135763166,-1.02503525928515
"5077","Sunchales",0.179853631364578,0.270740485980322
"5078","Sunchon",-1.50130741476485,-0.529684373760288
"5079","Sunderland",-1.66944615574547,-2.54173865254448
"5080","Sundsvall",-3.27254581860441,-2.0582322648972
"5081","Sungai Petani",5.74850505808213,-2.90049057803943
"5082","Sungaipenuh",3.82669253325166,-3.29172599517054
"5083","Sunshine Coast",2.13050462763099,-1.62804290909303
"5084","Suntar",-7.08869215159083,-0.901054880587808
"5085","Superior",-3.71666049015606,-0.679245338842515
"5086","Sur",1.31958907261195,3.61180461594084
"5087","Surabaya",4.77568528224134,-0.609274723895979
"5088","Surakarta",4.86513627942428,-0.799365907425487
"5089","Surat",3.69920626926524,2.64550529389862
"5090","Surat Thani",4.11186102889682,-0.00807836268415918
"5091","Surgut",-5.59869523350229,-1.71260055648761
"5092","Surigao",7.95062105186122,-5.43009093052981
"5093","Surin",3.02033642860191,1.62097234489531
"5094","Surt",-0.0525911102534018,2.2113179549051
"5095","Suva",5.56932626718392,-5.98200669086441
"5096","Suwalki",-2.88262849094896,-1.35919872445235
"5097","Suwon",-0.666508234308044,-0.86918493596781
"5098","Suzhou",-0.489249540081119,-0.344178781743501
"5099","Svendborg",-2.35282993934321,-2.64616369101299
"5100","Svetogorsk",-3.52753882929343,-1.89936256493619
"5101","Svobodnyy",-5.65614371176089,-0.341998978430188
"5102","Swakopmund",0.39909607286328,2.64903508660028
"5103","Swan Hill",-1.11059240314715,0.849709053888159
"5104","Swansea",-0.509018633729251,-3.72964299777892
"5105","Swellendam",-0.298366521053443,0.0302033509493254
"5106","Swift Current",-4.47714989784542,-0.0298040151379412
"5107","Sydney1",0.545707614222753,-1.58902423475216
"5108","Sydney2",-1.84279188007308,-4.58050100758502
"5109","Syktyvkar",-4.48097773096731,-1.60452551226866
"5110","Sylhet",7.18625603580435,-3.74977079714394
"5111","Syracuse",-2.5601826164777,-2.18221714323206
"5112","Syzran",-3.88602696934383,-0.782109706590218
"5113","Szczecin",-2.41479821622563,-1.33697476126617
"5114","Szeged",-2.20960699777017,-0.345525762779089
"5115","Szekesfehervar",-2.28250486165958,-0.581783834173818
"5116","Szolnok",-2.300912972076,-0.364897984556477
"5117","Szombathely",-2.10129586902986,-0.656902163041045
"5118","Tabora",2.07161688311632,1.80710225908574
"5119","Tabriz",-2.83643152477676,1.94182413910121
"5120","Tabuk",-1.03793030110725,4.24945547466578
"5121","Tacheng",-4.39606081953825,0.453887542418906
"5122","Tacloban",5.98107851692336,-4.4829683558095
"5123","Tacna",0.746924435451359,2.47712779589778
"5124","Tacoma",-0.761333067818026,-0.812519718112646
"5125","Tacuarembo",0.582253114764975,-1.7655165697191
"5126","Tadmur",-1.39231353636201,3.43693366694567
"5127","Taedong",-2.38218731005924,-0.30477367637978
"5128","Taganrog",-2.62637054743435,-0.526987497496159
"5129","Tagum",4.90139601397895,-2.80588087709956
"5130","Tahoua",1.67961819948437,4.54484197311016
"5131","Taian",-1.36262165205567,0.732986046695982
"5132","Taichung",2.55686363945201,-0.755697800327518
"5133","Tailai",-4.54351833495795,0.737202197085965
"5134","Tainan",3.40968340669163,-0.866854272148413
"5135","Taipei",2.85630902285143,-3.98933014669371
"5136","Taiping",6.06222858187237,-4.46513002098868
"5137","Taitung",3.32864404081491,-1.82952337182039
"5138","Taiyuan",-2.76111967660975,1.31611726760842
"5139","Taizhou",-0.534870300416224,-0.248489627357208
"5140","Taizz",0.718824280303813,2.24315543863728
"5141","Tak",2.52028432901767,2.08763913901572
"5142","Takamatsu",0.0584115922241865,-0.625876909678244
"5143","Takaoka",0.661537791100595,-5.04305972676674
"5144","Takapuna",0.606277604409345,-3.4279355140557
"5145","Takeo",3.37756630462327,1.3397862485619
"5146","Talara",1.14939679009041,2.43308312921317
"5147","Talas",-3.15375789759338,0.839875401682386
"5148","Talca",-0.249897538616212,1.17857581468814
"5149","Talcahuano",0.35094783964113,-1.01362756110028
"5150","Taldyqorghan",-3.43415679126393,0.799093076746791
"5151","Tall Afar",-1.26136765631246,3.57841546576032
"5152","Tallahassee",1.24243514250868,-1.89738982853728
"5153","Tallinn",-3.0076667231336,-2.07124962057885
"5154","Taloyoak",-8.64450068828923,-2.78577528377943
"5155","Taltal",0.460758590070603,3.24701321412419
"5156","Tamale",3.48678091253644,1.66901896244574
"5157","Tamanrasset",-0.987764602489982,3.57421198969789
"5158","Tamazunchale",2.83975013205403,-0.0921947587691673
"5159","Tambacounda",2.81047846657625,3.87135581691009
"5160","Tambov",-3.52939580820759,-1.08289163771143
"5161","Tame",6.41467996548395,-2.67372366706424
"5162","Tampa",1.91986766390609,-1.02120075603747
"5163","Tampere",-3.52337143527867,-1.76993787787847
"5164","Tampico",2.37834916597698,0.589125110123061
"5165","Tamuin",2.31661788589231,1.02200660753969
"5166","Tamworth",-0.297599536802341,-0.124282109587016
"5167","Tan An",3.43168853197754,1.41633229567664
"5168","Tan Tan",0.0770954092082776,2.48524541196179
"5169","Tandil",-0.793798793756056,-1.05041670595967
"5170","Tanga",3.28789896309916,0.0288011509867163
"5171","Tangail",2.95417579981872,0.188419815840354
"5172","Tangier",0.204527002908626,0.995697032597816
"5173","Tangshan",-1.83673242692219,0.744823015098885
"5174","Tanjungkarang-Telubketung",4.8436296118098,-1.7448459532123
"5175","Tanjungpandan",7.28326725311864,-6.18695378656883
"5176","Tanjungpinang",6.21256658926874,-5.51092153028033
"5177","Tanta",-0.612057989959307,3.24383403279631
"5178","Taonan",-4.13675063029841,0.92825510430492
"5179","Tapachula",5.33673575842611,-0.458507534301642
"5180","Tara",-4.91777340773138,-0.88294411809376
"5181","Tarabuco",-1.1887720192105,-0.0421381580384725
"5182","Tarakan",7.21338009697706,-7.10787526607619
"5183","Taranto",-0.6721771777541,0.0822151274775098
"5184","Tarapoto",3.02334638261362,-0.496286049445044
"5185","Taraz",-2.72392565027042,1.48107917099003
"5186","Tarbes",-0.792469463940755,-1.52760181655633
"5187","Taree",1.27623002088621,-1.71819876328367
"5188","Tarija",-0.723192938869968,1.48961311833601
"5189","Tarlac",4.81133229053036,0.518218872993654
"5190","Tarma",-1.1910927486956,-0.464425799748834
"5191","Tarnow",-2.26831965118585,-1.17518250650035
"5192","Tarragona",-0.573350895315289,0.474116956718427
"5193","Tarsus",-0.127050662822359,1.78901846298207
"5194","Tartagal",1.4809460415017,0.90592455176473
"5195","Tartu",-3.34444804274823,-1.53733075256278
"5196","Tartus",0.566150324375444,1.431562846782
"5197","Tarutung",4.49917402456631,-4.7550520567214
"5198","Tash Komur",-2.07655656104188,1.56387393901369
"5199","Tashkent",-2.00735875807885,2.16016362193458
"5200","Tashtagol",-4.23736367327683,-1.60600775273682
"5201","Tasikmalaya",4.74791443958132,-2.83635758518443
"5202","Tatarsk",-5.01329777812106,-0.562689528633066
"5203","Tatui",1.88534489466173,-0.734798219895074
"5204","Tatvan",-2.74730904031529,1.24859255032616
"5205","Taubate",2.24145650737435,-0.568532491190508
"5206","Taungoo",3.58800990293859,1.78297223871735
"5207","Taupo",-0.27552528190241,-3.27958835005598
"5208","Tauranga",1.09247701283844,-4.42199857896323
"5209","Tavda",-4.65927640886093,-0.949856269640753
"5210","Tawau",4.82865408310105,-3.09515373478126
"5211","Tayshet",-5.05394895121773,-0.782365223560465
"5212","Tayynsha",-4.77808271543937,-0.208609940787892
"5213","Taza",-0.589068959126776,2.40630447178527
"5214","Tbilisi",-2.26945759320203,0.495129088203331
"5215","Tebessa",-1.55514914408955,1.48519095292392
"5216","Tebingtinggi",5.63685143219093,-3.60996723622888
"5217","Tecoman",2.78335761830732,2.31882097174729
"5218","Tecuala",3.66291808939215,0.817310282857944
"5219","Tefe",5.13529445963028,-3.61054864888709
"5220","Tegal",6.18266616497877,-2.82317068466847
"5221","Tegucigalpa",1.86791370595428,1.12324611383991
"5222","Tehran",-2.23196383860033,2.25573931284876
"5223","Tehuacan",0.183774647245103,1.57626380920434
"5224","Tehuantepec",2.79056439445239,2.23872376224658
"5225","Tejen",-1.7876437363296,3.30552040956052
"5226","Tekax",2.82435716402192,0.722267760226324
"5227","Tekirdag",-1.34126988560039,0.610329667089073
"5228","Tel Aviv-Yafo",0.236313172309066,1.89043472185854
"5229","Telemaco Borba",1.70222875313995,-2.02528483356634
"5230","Teller",-5.27474350767281,-2.4749334656766
"5231","Teluk Intan",5.76608281980529,-3.78092287116908
"5232","Tema",3.07174213866196,0.835011045547109
"5233","Temirtau",-4.77509098676627,-0.0799484262974771
"5234","Temple",0.115536092305218,0.404607579148244
"5235","Temuco",-0.0201393120487626,-1.2496063733065
"5236","Tena",5.6650425952826,-6.30655007736487
"5237","Tengchong",0.584669414010467,-0.619216937256899
"5238","Tenkodogo",2.76535997701048,3.30475722652153
"5239","Tennant Creek",0.968285527578336,3.09444453687204
"5240","Tenosique",4.01021642455361,-0.740289485142911
"5241","Teofilo Otoni",2.07560991201656,0.910381309639643
"5242","Tepic",2.26913942481852,0.815321101286374
"5243","Teresina",4.31385951841055,1.29743285175642
"5244","Termiz",-1.36399907667789,3.51738463755729
"5245","Ternate",5.32928753568884,-4.00054185240626
"5246","Ternopil",-2.59541702495251,-1.19808179145589
"5247","Terrace",-1.72989155386696,-2.45505045839894
"5248","Terre Haute",-1.81806371680685,-1.5524001575062
"5249","Tessenei",2.13848974877856,4.52337998147717
"5250","Tete",1.91904017193688,2.94323496655867
"5251","Tetovo",-1.89863432852054,-0.218515860075747
"5252","Texarkana",0.141765231715567,-0.916087551607796
"5253","Texas City",1.05668977754914,-1.48194510579594
"5254","Teziutlan",1.70752958066951,-2.51389006803336
"5255","Tezpur",3.25917906068473,-0.499471600296715
"5256","Thai Nguyen",2.56375109252831,-0.275928458842973
"5257","Thanh Hoa",3.01218044514771,-0.192801805038396
"5258","Thanjavur",3.29546076987765,1.77235562959477
"5259","The Hague",-1.93824287820453,-2.39763204003293
"5260","The Pas",-5.25170469588972,-0.924930866934321
"5261","Theodore",0.735313792311862,1.09622966500065
"5262","Thermopolis",-3.65278148509733,1.6523263084925
"5263","Thessalon",-3.47050628955695,-2.1721591755979
"5264","Thessaloniki",-1.55750771252004,0.883120107483646
"5265","Thies",2.45988384550917,2.61847146908942
"5266","Thika",1.62144258781259,1.05117993437727
"5267","Thimphu",-1.90864036717154,0.310882707332953
"5268","Thohoyandou",1.2496222873266,1.19381355874899
"5269","Thompson",-5.76166959437599,-1.32625892099195
"5270","Thongwa",6.22692242959927,-0.120800040713736
"5271","Thorshavn",-0.616737329360172,-5.15341305140525
"5272","Three Springs",-0.275746451139739,2.04255520127785
"5273","Thunder Bay",-4.08288588027983,-1.96853486768761
"5274","Thung Song",4.35063355091322,-1.01203350039186
"5275","Tianjin",-1.61501488670816,1.41753875347229
"5276","Tianmen",-0.465928039427331,0.0679048538180057
"5277","Tianshui",-2.70989690049371,0.954939779623724
"5278","Tiarat",-1.91037607515937,1.81022936775229
"5279","Tibati",2.99845822400326,0.756129700495748
"5280","Ticul",2.79938976559631,0.959290215889863
"5281","Tidjikdja",1.10696763726895,4.82333437422713
"5282","Tidore",5.19044487929681,-3.77535837735108
"5283","Tieli",-4.67613503762154,-0.213567393708642
"5284","Tieling",-3.24751942809433,0.274521529050282
"5285","Tijuana",-0.401163871563524,2.04377652499071
"5286","Tikhoretsk",-2.25732562499732,-0.622061385844134
"5287","Tikhvin",-3.41519994560582,-1.85303474781696
"5288","Tikrit",-0.786437797384516,4.30051904599744
"5289","Tillaberi",2.08205012160486,4.69005009982148
"5290","Tillamook",1.5071903031638,-3.02949091172392
"5291","Timaru",-1.11085506013293,-1.85403069205314
"5292","Timashevsk",-1.90551667363578,-0.385733773647221
"5293","Timbauba",3.24683301077782,0.203040578447445
"5294","Timbedra",1.72518830807741,4.87344673101453
"5295","Timbuktu",1.42254020118666,5.14824438875139
"5296","Timika",7.5992546383861,-7.56636864316872
"5297","Timimoun",-0.764581068505014,4.48797460482129
"5298","Timiryazevskiy",-4.89807382158735,-1.1921492385023
"5299","Timisoara",-2.05673960976731,-0.443854803414443
"5300","Timmins",-4.26562852752942,-2.38845114878948
"5301","Timon",4.44114636950117,1.1860466245928
"5302","Tindouf",-0.0873986062037851,4.91762214438545
"5303","Tingo Maria",4.87881349182289,-3.60543966460321
"5304","Tinogasta",-0.971023484355822,2.3563247376908
"5305","Tirana",-0.634439441912428,-0.225524437508785
"5306","Tiraspol",-2.41293325727033,-0.307995405735194
"5307","Tirgu Mures",-2.46650774732119,-0.381303900764618
"5308","Tiruchchirappalli",3.28864044149158,1.9507934491778
"5309","Tirunelveli",3.14333073551561,1.52004294588191
"5310","Tirupati",2.70020303258933,2.36158446126243
"5311","Tiruppur",2.33277107630217,2.41830198886872
"5312","Tiruvannamalai",2.75548280137068,2.25682050998866
"5313","Titusville",1.96682724198506,-1.25140480030511
"5314","Tizimin",2.97748838559793,0.0228668892357787
"5315","Tiznit",-0.231772128103715,2.6772548660813
"5316","Tlaxcala",-0.212545442193279,1.1720696463537
"5317","Tlaxiaco",0.187596548387626,1.22299232673594
"5318","Tlimcen",-1.13211479586753,1.68590776423664
"5319","Toamasina",5.72734618475188,-5.3821077918162
"5320","Tobol",-4.65914249938521,-0.197831252659779
"5321","Tobolsk",-4.90704737326579,-1.11217675778565
"5322","Tocache",3.76738253781492,-1.82085803490775
"5323","Tocantinopolis",4.1511210956386,0.736133767357752
"5324","Toconao",-2.23148400761373,2.5589542553024
"5325","Togiak",-3.55734113771497,-2.92256112111487
"5326","Toguchin",-4.93459919746501,-0.841184012617768
"5327","Tokar",1.67468356734318,3.93341939935983
"5328","Tokmak",-2.87591588594621,0.873202968895454
"5329","Toktogul",-2.40318574357623,0.659076942273421
"5330","Tokushima",0.625219411257729,-1.21124674956615
"5331","Tokyo",-0.241877624267978,-1.22977732654861
"5332","Tolanaro",3.45528350463328,-2.99701044033307
"5333","Toledo1",-2.48875499897822,-1.25557224447147
"5334","Toledo2",-1.49233574332787,1.6380095630584
"5335","Toliara",1.79749449922509,2.06312560185756
"5336","Tolu",4.17328280001574,-0.0152352675871946
"5337","Toluca",-0.108072506569331,0.846869462581152
"5338","Tolyatti",-4.01896732389938,-0.857213957124351
"5339","Tom Price",0.410331802548228,3.2297584192461
"5340","Tomah",-3.1370156136589,-0.423773366049416
"5341","Tomakomai",-1.63909535640845,-2.5055247546514
"5342","Tombstone",-0.82255467774658,2.78269500440018
"5343","Tomsk",-4.90312654002111,-1.36818768405241
"5344","Tonantins",5.52837174639143,-5.14412623371829
"5345","Tongchuan",-2.52871964321538,0.961182852402953
"5346","Tonghua",-3.49264758576282,-0.178271098722502
"5347","Tongliao",-3.87001522389086,1.04846276745367
"5348","Tongling",-0.185641536583586,-0.483690947829298
"5349","Tongren",-0.278616123657184,0.0970279695635647
"5350","Tonk",1.57165925435433,4.13293651672488
"5351","Tonopah",-3.3755165165648,1.46911912125189
"5352","Toowoomba",0.153242866864556,-0.468198536958702
"5353","Topeka",-2.06372664386648,0.266600858104421
"5354","Topki",-4.85555547576898,-1.19034111776803
"5355","Torbat-e Jam",-1.9866409195201,3.15922297991364
"5356","Toronto",-2.88049873566467,-1.73331049275194
"5357","Tororo",2.76283037365976,-1.04079258224741
"5358","Torreon",-0.0985835669076135,3.47033833784411
"5359","Torzhok",-3.42817917266091,-1.53213953363036
"5360","Totness",4.26250259907179,-1.36267225393204
"5361","Tottori",0.748448763950902,-3.36868480334831
"5362","Touggourt",-0.869665168138958,3.74658421922605
"5363","Toulon",-0.661586298572832,0.0490012073286564
"5364","Toulouse",-1.08078635315878,-0.646823009890596
"5365","Tournavista",3.81309794362334,-1.50070459745131
"5366","Tours",-1.52378677768224,-1.42816780679326
"5367","Townsville",2.64547122216093,0.925860812227538
"5368","Toyama",0.493674250565173,-4.59150418086156
"5369","Tozeur",-0.435924353945778,3.64341184207233
"5370","Trablous",0.140370897674182,1.60440817550344
"5371","Trabzon",-0.223260382179715,-2.08263192378696
"5372","Tralee",-0.062409432659003,-4.40529575626195
"5373","Trancas",0.821542878431332,0.480040020038307
"5374","Trang",4.68664483554055,-0.573072760690381
"5375","Tranqueras",0.68880733286455,-1.63494079905951
"5376","Traralgon",-0.279006601043357,-1.49149920806259
"5377","Traverse City",-2.90004989705936,-1.90377543749743
"5378","Treinta y Tres",0.560257091094412,-2.37707421486812
"5379","Trelew",-1.51647535631979,0.532659852498946
"5380","Trento",-1.76028297552855,-0.73506668688237
"5381","Trenton",-1.22090489680459,-2.01865551912871
"5382","Trepassey",-1.92355429857248,-5.15699140253205
"5383","Tres Arroyos",-0.869082018570563,-0.958331326179286
"5384","Tres Lagoas",2.60484286367454,0.483046815782125
"5385","Treviso",-1.29959232295409,-1.45658912381887
"5386","Trieste",-1.02344260076092,-2.68148605374476
"5387","Trindade",2.72099012022026,0.886657428497478
"5388","Trinidad1",-2.91901930227192,1.31599902574963
"5389","Trinidad2",3.6391512750403,-0.5474887928703
"5390","Tripoli1",-0.178638761258291,1.92719615047345
"5391","Tripoli2",-1.36314236227972,0.853835047426412
"5392","Trivandrum",5.42174851110607,-0.909013337900296
"5393","Trnava",-2.32367193848865,-0.707220348878495
"5394","Trois Rivieres",-3.3960477008372,-2.15708023079565
"5395","Troitsk",-4.48634407273181,-0.341772520360545
"5396","Trollhattan",-2.59283186390287,-2.40811917289515
"5397","Tromso",-2.61078430546454,-3.96299841100419
"5398","Trondheim",-2.39816966270297,-3.01388009668922
"5399","Trout River",-2.91961494490344,-3.8091470819895
"5400","Troyes",-1.9558664975588,-1.52086730589644
"5401","Trujillo1",2.20165702927923,0.106074683434661
"5402","Trujillo2",5.65564477228719,-1.80291326929088
"5403","Trujillo3",1.448577124627,2.07684260706972
"5404","Truth or Consequences",-1.45862608344387,2.80171320994624
"5405","Tsavo",1.91815694070784,2.44722896680029
"5406","Tsetserleg",-5.85658652586244,0.433164774400053
"5407","Tshabong",-0.507310925577659,3.11136368056293
"5408","Tshela",2.84534929929462,0.451210609342886
"5409","Tshikapa",2.64949488611571,0.823828847647372
"5410","Tskhinvali",-2.24639063608221,-0.876333788312305
"5411","Tsu",0.446069333121805,-1.33806459414991
"5412","Tsumeb",0.17102546331004,2.84705146075047
"5413","Tsuruoka",-0.360903817669741,-3.45777595868455
"5414","Tuapse",-0.371489787749986,-2.70855939163687
"5415","Tuban",4.56296764456663,-0.124751966992652
"5416","Tubarao",2.07104304234749,-2.31871888968318
"5417","Tubruq",-0.337283273097688,2.04078881379973
"5418","Tucano",2.00799703849572,1.32798744923958
"5419","Tucson",-0.304809482779993,3.2901441318958
"5420","Tucumcari",-1.88912042426202,2.09291533761979
"5421","Tucupita",3.46837726917403,-0.319338018381487
"5422","Tucurui",6.41932371541597,-2.05942936054392
"5423","Tukuyu",2.40432686595002,0.27986464738311
"5424","Tula1",-3.44458182337404,-1.35749803754346
"5425","Tula2",0.0645893707448163,1.8066564457427
"5426","Tulare",-0.759660163697094,3.32021065409422
"5427","Tulcea",-2.33117426680843,-0.382019615925905
"5428","Tulsa",-1.126012579053,0.0538306259150098
"5429","Tulua",3.28462776948858,-1.65574868648264
"5430","Tulun",-5.22319739673139,-0.27166652399654
"5431","Tumbes",2.26541070097069,1.61704339365452
"5432","Tumen",-3.83666746135572,0.386965063484324
"5433","Tumkur",1.5532619668703,2.73417181401984
"5434","Tumut",-0.843695217640085,-0.542671453015002
"5435","Tunduma",1.54752450975593,0.869622272699741
"5436","Tunduru",1.99369062640869,1.90150985327964
"5437","Tungkang",3.5838876154852,-0.885692386508738
"5438","Tunis",-0.332702722772286,1.14183369272752
"5439","Tunja",0.29260874744612,-1.45374919096383
"5440","Tununak",-4.16609248226426,-2.61575159885674
"5441","Tunuyan",-1.64790726627147,1.12347561926246
"5442","Tupa",2.33704912868432,-0.190912824681125
"5443","Tupelo",-0.240640408679959,-2.02250134132458
"5444","Tupiza",-2.30817935818748,2.03718881126613
"5445","Tuquerres",0.60527277468106,-3.05944333792896
"5446","Turbat",0.509421767141225,4.81072509494081
"5447","Turbo",5.20927875650722,-2.22752522709173
"5448","Turin",-1.69927594659626,-0.467379774709779
"5449","Turkistan",-2.77317596880466,2.339527537084
"5450","Turkmenabat",-1.99989735065498,3.40371985496316
"5451","Turkmenbasy",-1.91057425836603,1.36281924812761
"5452","Turku",-2.97655950738556,-2.32895837107315
"5453","Turnovo",-1.83034991880182,-0.359118234356423
"5454","Turpan",-3.42156435737096,2.96163273575068
"5455","Tuscaloosa",0.0609369742217327,-1.81259285803787
"5456","Tuticorin",3.15800677712816,2.15370056174744
"5457","Tuxpam",2.74889200458555,-0.0316438370273451
"5458","Tuxpan",4.07184166345859,0.553571843076773
"5459","Tuxtla Gutierrez",2.07480219988304,1.63701669143321
"5460","Tuymazy",-4.23236176610561,-0.578031398913451
"5461","Tuzla",-1.7996417866789,-1.20921080665221
"5462","Tver",-3.43098808860871,-1.55123494118472
"5463","Tweed Heads",2.42857936472815,-2.59661744872888
"5464","Twin Falls",-2.68734414475282,1.90224256873727
"5465","Tyler",0.132847007232367,-0.446100211688254
"5466","Tynda",-6.14472104849852,-0.861858412801039
"5467","Tyumen",-4.78769526150198,-0.817115334434838
"5468","Tzaneen",1.264863881749,0.841914550670426
"5469","Uba",2.45929482241951,0.4012444632928
"5470","Ubaitaba",3.16077519899151,-2.24476043350478
"5471","Uberaba",2.60188568308569,0.249765783927189
"5472","Uberlandia",2.23687771463041,0.710227322825741
"5473","Ubomba",0.651288457006249,0.432143288678816
"5474","Ubon Ratchathani",3.30470664151857,1.41576462390417
"5475","Udaipur",0.890477043101958,3.49247242073775
"5476","Udine",-0.601517534097152,-3.52012025081045
"5477","Udon Thani",2.89692640768841,1.21095622205385
"5478","Ufa",-4.12794265939389,-1.40368116710459
"5479","Uglegorsk",-4.01392279483828,-2.40329842291566
"5480","Uglich",-3.49073959747308,-1.57968718893664
"5481","Uige",2.24765920527282,0.644263963133963
"5482","Uitenhage",0.0484071419217396,0.309804264114006
"5483","Ujjain",1.97650443249872,3.51108116401695
"5484","Ujungpandang",5.92947384179406,-1.44598720174044
"5485","Ukhta",-4.89915428747077,-1.85322338876607
"5486","Ukiah",-0.107505281327184,0.540379550209807
"5487","Ulaanbaatar",-6.06532238828901,0.548686087493433
"5488","Ulaangom",-5.76391791114314,0.844333352328519
"5489","Ulan Ude",-5.48030833319481,0.433587306155499
"5490","Ulanhot",-4.40648709267762,0.709070075797859
"5491","Uliastay",-6.12119887969543,0.473418168686941
"5492","Ulladulla",0.899331548838987,-2.62376656650572
"5493","Ulm",-2.06287509492151,-1.70970096016924
"5494","Ulsan",-0.495002712828871,-1.0473320598536
"5495","Ulundi",0.364506964969649,0.862763572907414
"5496","Ulyanovsk",-3.89406608258964,-0.839814458446689
"5497","Uman",-2.53152465636722,-0.891420108312708
"5498","Umea",-3.46247971154763,-2.2665167379307
"5499","Umm al Qaywayn",1.18323605227814,3.94644309677135
"5500","Umm Ruwaba",1.80820232887034,4.33334293872236
"5501","Umtata",-0.00426475767485695,0.193800683775279
"5502","Unalakleet",-5.06976108385215,-1.33054369763072
"5503","Unalaska",-1.35292739096734,-4.61743729358515
"5504","Uncia",-2.10267226854446,0.961025646007027
"5505","Upata",2.67543010051093,0.57838956443708
"5506","Upington",-0.871151205059231,3.19296024364168
"5507","Upper Hutt",0.0768061831310655,-2.90227610446218
"5508","Uppsala",-2.9566906114041,-1.66177257188492
"5509","Uray",-4.9632938809393,-1.11080099280818
"5510","Urbana",-2.08454064785422,-1.09723526078628
"5511","Urgentch",-2.6976126752254,2.75245870956246
"5512","Urgut",-2.10161096347961,1.80234614917972
"5513","Uroteppa",-2.32180458784721,1.39415397561808
"5514","Uruapan",1.20366466078279,1.61302187312308
"5515","Urubamba",-0.816270322640567,0.0348277300746446
"5516","Uruguaiana",1.0346587579409,-1.20644736383094
"5517","Urumqi",-4.38115214535867,0.929494761969433
"5518","Uryupinsk",-3.42232899691241,-0.550157337241035
"5519","Urzhar",-4.38817862764874,0.180726162531218
"5520","Usak",-1.9237661059389,1.07379511642975
"5521","Usakos",0.159734132113541,3.71758728002479
"5522","Ushtobe",-3.47998008201589,1.25734428958795
"5523","Ushuaia",-2.6364885783736,-2.78425329732041
"5524","Usolye Sibirskoye",-5.1378327298457,-0.0444992195409121
"5525","Uspallata",-2.78194837055335,1.11021234368394
"5526","Ussuriysk",-3.86861113358525,-0.135788029522665
"5527","Ust Kut",-5.84584228344781,-0.999282390066118
"5528","Ust-Ulimsk",-5.88097832414973,-0.717195822265855
"5529","Uthai Thani",2.98029970669295,2.01942639996082
"5530","Utica",-2.47392798385679,-2.18841317592892
"5531","Utrecht",-1.75840811915094,-2.46086804408662
"5532","Utsunomiya",-0.261792992277307,-1.24880129752058
"5533","Uttaradit",2.93956209007736,1.6527278561781
"5534","Uvinza",1.84022885124711,1.84539810220994
"5535","Uvira",2.86054792647073,0.94349801457689
"5536","Uyar",-5.01816496291568,-0.770080673203796
"5537","Uyuni",-3.06812447159325,1.85989684998661
"5538","Uzhgorod",-2.15355277451818,-1.18071258228277
"5539","Uzhur",-4.92721241913608,-0.490807594012452
"5540","Vaasa",-3.588887719336,-2.01707609648277
"5541","Vac",-2.36896393193826,-0.563361437379327
"5542","Vacaria",1.22753696819238,-3.97706603923546
"5543","Vadodara",2.43009886186884,3.80272426802662
"5544","Vaduz",-1.2690112728261,-2.31845658845192
"5545","Val d'Or",-4.36804659739584,-2.54501939713684
"5546","Valdez",-1.7597370410634,-4.87840418700652
"5547","Valdivia",1.02874665056299,-2.8114598933487
"5548","Valdosta",0.71719475396853,-1.27640761611599
"5549","Valenca",4.12352895303478,-3.36574896652132
"5550","Valencia1",2.81049038224371,0.81283934758372
"5551","Valencia2",-0.407582366266806,1.01043525353499
"5552","Valera",2.64999730567273,0.221368024135839
"5553","Valladolid1",-1.78378172455407,0.748370316383172
"5554","Valladolid2",2.85642442317237,0.357225250518665
"5555","Valle de la Pascua",3.21472267535588,1.84432382451442
"5556","Valledupar",3.61575803616324,0.610443042553509
"5557","Vallegrande",0.0751995977643638,0.118816358872208
"5558","Vallejo",-0.540679338177395,1.20620783207607
"5559","Vallenar",-0.324545824173578,2.82133143771594
"5560","Valletta",-0.0269608659178809,0.558311268942906
"5561","Valparai",4.20645903327961,-0.639634651989363
"5562","Valparaiso1",-0.215676190655359,2.62676977275105
"5563","Valparaiso2",-0.451989474737783,1.34434914769503
"5564","Valuyki",-3.07251356206728,-0.859096690012434
"5565","Van",-3.14202831148708,1.23067041403819
"5566","Van Horn",-1.28864518882134,2.78579756060341
"5567","Vanadzor",-3.2958381263432,-0.0120491366104337
"5568","Vancouver1",-0.494915064707818,-0.73011572104605
"5569","Vancouver2",0.0979605694998876,-2.86507859068521
"5570","Vanhynsdorp",-0.450761445274313,2.36734180076623
"5571","Vanino",-4.40090258968798,-1.75797625094578
"5572","Varamin",-1.7387146126934,3.16696321290903
"5573","Varanasi",2.07520718191704,2.64912497189517
"5574","Varna",-1.99749342657506,-0.387006177266928
"5575","Varzea Grande",2.95068537509754,1.20970211414125
"5576","Vasteraas",-3.02748037223002,-1.40635882350996
"5577","Vatican City",-0.494783090533099,0.211895433559227
"5578","Vaxjo",-2.52034631125451,-1.90563731926402
"5579","Vegreville",-4.55992831474862,-0.538015223417068
"5580","Veinticinco de Mayo",-0.395279832206423,-0.622055090713035
"5581","Velikiy Ustyug",-4.17037178873824,-1.54717926325006
"5582","Velikiye Luki",-3.20700096820517,-1.40849735632173
"5583","Vellore",2.41796169384136,2.39861114645026
"5584","Velsk",-4.02266069612785,-1.74105945159751
"5585","Venado Tuerto",-0.306731985657479,-0.0326211817006273
"5586","Venice",-1.38006875984914,-1.24287120589612
"5587","Ventspils",-2.61019120800167,-2.12450250033852
"5588","Vera",0.608922058936352,0.114797564246459
"5589","Veracruz",3.41836157121975,0.494043817069862
"5590","Vereeniging",-0.877843676540778,1.52563781732983
"5591","Vergara",0.748066227632277,-2.06795849779605
"5592","Verkhniy Ufaley",-4.30513723315743,-1.18369929342395
"5593","Verkhnyaya Salda",-4.39466622799577,-1.02557617962412
"5594","Vernal",-3.79042328044287,1.17993929298437
"5595","Vernon",-1.19764858747683,1.47247738605051
"5596","Vero Beach",2.14569158519053,-1.21859643010112
"5597","Verona",-1.44820525734114,-0.808307708489207
"5598","Versailles",-1.91864668418596,-1.5949713832917
"5599","Viacha",-2.04702388196999,-0.094795749032489
"5600","Viana",4.95820960145957,-0.370811698787955
"5601","Vibo Valentia",-0.284415631415804,-0.514980609064838
"5602","Viborg",-2.17709993297948,-2.39950949164665
"5603","Vicente Guerrero",-0.0720553815768652,2.24728357649272
"5604","Vichuga",-3.72365697109622,-1.45476894443118
"5605","Vichy",-1.44222682723989,-1.32610860820257
"5606","Vicksburg",0.223126412993247,-1.35375019089959
"5607","Victor Harbor",-0.244032186231697,-0.676493370099544
"5608","Victoria Falls",0.975915823775979,2.59251713543491
"5609","Victoria1",0.579403668316364,-0.179898382778474
"5610","Victoria2",-0.822144061825007,-1.00363901953041
"5611","Victoria3",0.130967879464127,-1.33922499821001
"5612","Victoria5",0.0911462291708154,-0.370928856112949
"5613","Victoriaville",-3.04415472704723,-2.85070878980109
"5614","Victorica",-0.925783069897158,0.728472948700219
"5615","Viedma",-1.26015957842034,-0.140511892563491
"5616","Vienna",-2.27436049660139,-0.815669325501685
"5617","Vientiane",3.49273347178892,0.704636715014373
"5618","Viet Tri",2.79195285188291,-0.396290173628139
"5619","Vigo",0.791880242583271,-2.13453910097686
"5620","Vijayawada",2.72929932967772,2.61347765860432
"5621","Vikhorevka",-5.53204620198475,-0.43418293399431
"5622","Vila Velha",2.87550917818766,-0.902825831579462
"5623","Vilanculos",2.37437834271227,0.821232757450421
"5624","Vilhena",3.07201752870349,0.0989195271063438
"5625","Villa Ahumada",-0.800794282693357,3.12422977830308
"5626","Villa Angela",0.870182534363594,0.698449720551696
"5627","Villa Carlos Paz",-0.473104566261509,0.72419378811463
"5628","Villa Constitucion",0.0611812554105988,-0.577541211292601
"5629","Villa Hayes",1.79624251247166,-0.474297406158627
"5630","Villa Maria",-0.0534628621849243,0.48011888931212
"5631","Villa Rumipal",-0.471658631170345,0.86944383959741
"5632","Villa Union",2.65131341999794,1.4473791637634
"5633","Villahermosa",4.2445390426607,-1.24043993969239
"5634","Villanueva",-0.0703029682515849,2.51042390287682
"5635","Villarica",0.857196171819436,-2.53636671717386
"5636","Villavicencio",6.9974775370431,-4.3005357480195
"5637","Villazon",-2.72597069982019,1.24684566682182
"5638","Vilnius",-2.9496929116482,-1.80762357401238
"5639","Vilyuysk",-7.68671288160202,-1.11299471151771
"5640","Vina del Mar",-0.456060797284651,1.40855140581797
"5641","Vinh",3.75292095114483,-0.929453073448404
"5642","Vinnytsya",-2.60497581212118,-1.08834693619698
"5643","Virginia Beach",-0.213153397370151,-2.37020481995106
"5644","Visakhapatnam",2.82731396312693,1.75856625405002
"5645","Visalia",-0.713998694277971,3.24780029630012
"5646","Visby",-2.6436059190698,-2.46822721413826
"5647","Viseu",5.49475870784898,-0.615584485160284
"5648","Vitoria da Conquista",1.31362121745537,0.597931763020473
"5649","Vitoria1",2.89584108503189,-0.909776237617767
"5650","Vitoria2",-1.16536491529116,-1.10831431671855
"5651","Vitsyebsk",-3.16689126118529,-1.68893893462179
"5652","Vizianagaram",2.61339816082927,1.91099948439572
"5653","Vladikavkaz",-2.13295506895976,-0.615761200596623
"5654","Vladimir",-3.59276609717437,-1.47734133723712
"5655","Vladivostok",-3.445757667377,-0.876421056677486
"5656","Vlore",-0.260116507950456,0.144428757585832
"5657","Voi",1.77070322513833,1.96971335786236
"5658","Volgodonsk",-3.0561953981781,-0.162811182502108
"5659","Volgograd",-3.85610764291563,-0.291164274378639
"5660","Volkhov",-3.42803162413523,-1.79015213749469
"5661","Volksrust",-0.940675881899196,0.873821173468333
"5662","Vologda",-3.91835018084739,-1.55003081606425
"5663","Volos",-1.12245087657857,0.679246791970658
"5664","Volsk",-3.96466242857046,-1.30326443036373
"5665","Volta Redonda",2.37388052055163,-0.181040394635321
"5666","Volzhskiy",-3.86111361941697,-0.299275539005426
"5667","Vorkuta",-5.88796197164642,-2.93918824991046
"5668","Voronezh",-3.32295578430503,-1.07119762400799
"5669","Votkinsk",-4.18152714424742,-1.08263160712173
"5670","Voznesensk",-2.37997234511461,-0.130268654955625
"5671","Vratsa",-2.09605905571975,-0.443650472101937
"5672","Vryburg",-0.793024277084146,2.30513974516109
"5673","Vryheid",-0.326083767318924,0.740091291816569
"5674","Vung Tau",3.60718692620156,0.911246273487064
"5675","Vyazemskiy",-4.66180645301969,-0.782198409742409
"5676","Vyazma",-3.29386483503004,-1.69601814325769
"5677","Vyborg",-3.26145297568491,-2.02241377226732
"5678","Vyshnniy Volochek",-3.39172208978007,-1.63123754808429
"5679","Vyska",-3.57880853112861,-1.1528536219137
"5680","Wa",3.00879371141087,1.96443157264958
"5681","Waco",0.0624176018766679,0.519321153174085
"5682","Wafangdian",-2.19111082294598,0.101793754654613
"5683","Wagga Wagga",-0.884076907115687,-0.00327283939178025
"5684","Wagin",-0.79766667517726,0.947909131393446
"5685","Wahiawa",2.00177467506656,-1.02788280873749
"5686","Wailuku",2.27736252776036,-0.68933799488918
"5687","Waingapu",3.05262468502518,1.41875633446586
"5688","Wainwright",-7.09024698117449,-2.30883462357277
"5689","Waitakere",0.49401162420726,-3.43881320625293
"5690","Wajir",2.24915763982172,3.14194044144074
"5691","Wakayama",0.146151819749914,-0.937612391714291
"5692","Wakema",4.85583305267133,0.219845756172422
"5693","Waku Kungo",1.10274254919712,1.44650852551089
"5694","Walbrzych",-2.57719541456813,-1.53344454372487
"5695","Walla Walla",-1.98601727548762,0.839331682172911
"5696","Wallace",-2.67934766974999,-0.155358564664893
"5697","Wallaroo",-0.540305934261978,0.424569558746511
"5698","Walvis Bay",0.31778434269535,2.44387488146738
"5699","Wamba",3.26603592509399,-1.96971998240525
"5700","Wanganui",-0.167739685345676,-2.55351751987206
"5701","Wangaratta",-0.857284829296953,-0.164659686651802
"5702","Wangqing",-4.16355486589705,0.284772360586337
"5703","Wanxian",-0.066149535787219,0.201618992018329
"5704","Warangal",2.60212841424881,3.04743469770298
"5705","Warri",5.54241252541788,-1.7551606598648
"5706","Warrnambool",-0.249861120764609,-1.38290406694381
"5707","Warsaw",-2.65227835997548,-1.02852261395858
"5708","Warwick",-0.128713192582578,0.199459894849154
"5709","Washington, D.C.",-1.23256943836014,-1.70982934821366
"5710","Watampone",5.45548837261867,-3.0129494759606
"5711","Waterbury",-1.9890666368205,-3.11766076616465
"5712","Waterford",-0.857446855851081,-3.08256439280988
"5713","Waterloo",-2.96096321412418,-0.570635149618345
"5714","Watertown",-3.13153180635038,-2.68541108017104
"5715","Waterville",-3.14875561485,-2.71967326170587
"5716","Watsa",3.23386764832234,-1.56956365345335
"5717","Wau",2.85488206493294,2.26052998283654
"5718","Waukegan",-2.56629879068449,-1.35158556051891
"5719","Waukesha",-2.72111168414156,-1.22445386056436
"5720","Wausau",-3.42741086259746,-0.755119751956058
"5721","Wawa",-3.6452869767935,-2.83791955713242
"5722","Waycross",0.837769554922297,-1.21887342201993
"5723","Weifang",-1.65037336437903,0.733541217184927
"5724","Weihai",-1.42731914016974,-0.73935870133998
"5725","Weinan",-1.8394967235086,1.33213038709522
"5726","Welkom",-1.13094542596533,1.81172090958152
"5727","Wellington",-0.0434645483242061,-2.93158506217719
"5728","Wenatchee",-2.5612081228678,1.04188213575308
"5729","Wenshan",0.270980220638639,0.0607067799863574
"5730","Wenzhou",0.741158987598315,-1.4544824003977
"5731","West Bend",-2.93666821081147,-1.02358806855306
"5732","West Palm Beach",2.45825748838422,-1.39216045287972
"5733","Westport",1.31510637645825,-5.68570517198855
"5734","Wetaskiwin",-4.14560217198241,-0.678935470043343
"5735","Wewak",4.80250654510111,-3.49493220661415
"5736","Weyburn",-4.48975375325135,-0.127179605781275
"5737","Whakatane",0.901566856127905,-3.9336898596185
"5738","Whangarei",0.80547371658246,-3.43106425579066
"5739","Wheeling",-1.82944322437494,-1.4954585291997
"5740","White Sulphur Springs",-1.67778324038378,-1.33949633262703
"5741","Whitehorse",-4.81486669290993,-0.946244669394705
"5742","Whyalla",-0.66963706209255,1.01362492691511
"5743","Wiarton",-2.89765859110476,-3.11132097740758
"5744","Wichita",-1.89038532059551,0.609086193957594
"5745","Wichita Falls",-1.02729993280238,1.05986368683726
"5746","Wiener",-2.13717496727949,-0.969075557031392
"5747","Wiesbaden",-1.93227542299101,-1.43058797622652
"5748","Wilcannia",-0.657658583146909,1.78186928513194
"5749","Wilkes Barre",-2.17226273708657,-1.37868806574315
"5750","Willcox",-0.941063577404215,2.87771142458397
"5751","Willemstad",2.68725423525801,0.825639675314525
"5752","Williams Lake",-3.32317744799315,-0.15355839536435
"5753","Williamsport",-1.98676934978809,-1.64946018059266
"5754","Williston",-4.27438250865098,0.567516946233535
"5755","Willmar",-3.66323302283486,-0.379961394115249
"5756","Wilmington1",1.08818685853473,-2.33915434239257
"5757","Wilmington2",-0.712046098955954,-1.94455202542203
"5758","Winchester",-1.73355161151194,-1.24968957024609
"5759","Windhoek",-0.706906906704877,2.97649195226121
"5760","Windsor1",-2.62429519241157,-1.4565592096426
"5761","Windsor2",-2.30090750596374,-3.33994183121357
"5762","Winneba",3.30478221581286,0.472123806956977
"5763","Winnemucca",-2.89954327550989,1.91041881718769
"5764","Winnipeg",-4.86085823958286,-0.658495815492717
"5765","Winona",-3.19862269655142,-0.247964191081152
"5766","Winston-Salem",-0.569662950047352,-1.72040172812744
"5767","Winter Haven",1.65054747615703,-0.771394633569753
"5768","Winton",0.81207431233582,2.87991210659108
"5769","Witu",3.38375773066267,1.10209158366392
"5770","Wloclawek",-2.53843231582776,-0.888421407180219
"5771","Wollongong",0.865302274513844,-2.02149417231421
"5772","Wonju",-0.996632147344821,-0.718374256111111
"5773","Wonsan",-0.85248560778359,-1.70228547824025
"5774","Wonthaggi",-0.03099118218794,-1.96477808339874
"5775","Woodward",-2.08803978369202,1.3958292253858
"5776","Worcester1",-2.37874359485286,-2.81457335449388
"5777","Worcester2",-0.753737621174864,1.24727440272783
"5778","Wrangell",-0.530406883408765,-4.77665387007502
"5779","Wroclaw",-2.35665434606413,-0.909400096037888
"5780","Wuchuan",-4.68931461337247,0.812238395773968
"5781","Wuhan",-0.227307984049153,0.054246293415756
"5782","Wuhu",-0.270522165279265,-0.385492465071996
"5783","Wukari",3.41643785220397,1.7773411677732
"5784","Wum",4.82850238441542,-1.68990055093472
"5785","Wuppertal",-1.63233376403632,-3.19159641800234
"5786","Wurzburg",-2.19730622993692,-1.30723022229331
"5787","Wuwei",-3.88343727359032,1.82145429218687
"5788","Wuxi",-0.507205555938322,-0.214511963981146
"5789","Wuyuan",-4.13998171312484,2.24342417886689
"5790","Wuzhou",1.26983710777917,-0.0571081603949768
"5791","Xai-Xai",2.02661068320874,0.0551609566544743
"5792","Xalapa",1.67604033718668,-1.49937687260705
"5793","Xanthi",-1.40915939189686,0.382898291101159
"5794","Xapeco",1.83359974085882,-4.02280193608991
"5795","Xiamen",1.28396239640881,-0.277778016516139
"5796","Xian",-1.75436187054688,1.30401592216626
"5797","Xiangfan",-0.948478596562315,0.695671424105441
"5798","Xiangkhoang",1.90941931082623,-0.410937542554773
"5799","Xiangtai",-1.74145310731679,1.63794430523532
"5800","Xiangtan",0.317850872524484,-0.7659105926023
"5801","Xiantao",-0.360602708780232,-0.0851876133144222
"5802","Xiaogan",-0.476834842579654,0.127471421156976
"5803","Xichang",-0.511523135779563,0.643820733889879
"5804","Xigaze",-3.65303991080613,0.654634159820891
"5805","Xilinhot",-5.0953221863692,1.06576353222157
"5806","Xinguara",3.8164873618283,0.564175467236366
"5807","Xingyi",0.187666233255529,-0.043121304009245
"5808","Xining",-4.08072607233771,1.09521084115652
"5809","Xinqing",-5.04570768438819,-0.4194701345464
"5810","Xinxiang",-1.5607708026276,1.40966420983722
"5811","Xinyang",-0.602589963051549,-0.00637789212509287
"5812","Xinyi",-0.874509289658798,0.315206051299325
"5813","Xinyu",0.685544757374961,-0.787228279548411
"5814","Xinzhou",-3.07540804451417,1.35164180358862
"5815","Xique-Xique",2.16439909178744,2.94625012871034
"5816","Xuanhua",-3.67953278120811,1.3357423892554
"5817","Xuchang",-1.24201925082976,0.905760946376721
"5818","Xuzhou",-0.941410781729619,0.437828744630064
"5819","Yaan",1.01809096731454,-1.0593721071219
"5820","Yacuiba",1.13473984344996,1.14732203731801
"5821","Yakeshi",-5.90049215752743,0.0305120857045643
"5822","Yakima",-2.62903886073703,1.09818612418777
"5823","Yakutat",2.32737231222557,-10.3940929509073
"5824","Yakutsk",-8.26150372655448,-0.831925338166435
"5825","Yala",5.16635911866267,-1.16036584831849
"5826","Yalta",-1.72180568689811,-1.31063237430908
"5827","Yalutorovsk",-4.67021954057004,-0.676424496696827
"5828","Yamagata",-0.749180022549873,-2.22021595188326
"5829","Yamba",1.79052246197987,-1.85875613073067
"5830","Yambio",2.99136332587065,0.823959076971439
"5831","Yamoussoukro",2.84541173168676,0.819634118830712
"5832","Yanbu al Bahr",1.13825537107605,3.5428641576693
"5833","Yandoon",4.15644922796375,1.15849564617118
"5834","Yangambi",3.68690548421989,-2.03909637527422
"5835","Yangjiang",2.88615011521993,-1.2056419656458
"5836","Yangquan",-2.69564791608231,1.03562457162275
"5837","Yangzhou",-0.626822838488978,-0.205808001935991
"5838","Yanji",-3.90612735176123,0.343952571273073
"5839","Yankton",-3.13602788303547,0.480263972527289
"5840","Yantai",-1.56206224020196,-0.065212979773021
"5841","Yaounde",3.19091980210757,-0.531630192596644
"5842","Yarmouth",-1.67901665522122,-4.54050587803572
"5843","Yaroslave",-3.65929842369602,-1.43428021645566
"5844","Yaynangyoung",1.6540879001548,2.3943453438383
"5845","Yazd",-1.60484994563992,4.10248295021858
"5846","Ye",7.78725824454354,-1.21893045510319
"5847","Yefremov",-3.4250020614877,-1.26620483273309
"5848","Yegoryevsk",-3.45092220182741,-1.30619882920886
"5849","Yei",2.72510671025003,0.741367351334471
"5850","Yekaterinburg",-4.43878718288584,-1.07587897577829
"5851","Yelets",-3.38936207699099,-1.06920404850568
"5852","Yelimane",2.46351685744825,4.49340625445904
"5853","Yellowknife",-6.24846071734397,-1.47486682402255
"5854","Yemanzhelinsk",-4.43252725892128,-0.500220033669195
"5855","Yendi",3.40569991052362,1.77538252221572
"5856","Yeniseysk",-5.32266362032759,-1.11475634286366
"5857","Yeosu",-0.0319723510808057,-1.37554044529274
"5858","Yeppoon",2.35773265282082,-0.624541295162552
"5859","Yerevan",-2.5876641143199,1.01191576158894
"5860","Yevlax",-1.76015111036536,1.17147583472873
"5861","Yevpatoriya",-2.28391693820365,-0.890101614186707
"5862","Yeysk",-2.26024612489238,-0.545651883781341
"5863","Yian",-4.91633316402021,0.24844527058463
"5864","Yibin",0.403632265219459,-0.0314879379117853
"5865","Yichang",-0.200240022103749,0.141039958392393
"5866","Yichun",-5.01549231130299,-0.207076579176593
"5867","Yinchuan",-3.80323081438335,2.26318322505999
"5868","Yingkow",-2.60222835093877,0.293687158032665
"5869","Yining",-3.69021252534844,0.857841381196494
"5870","Yirga Alem",1.28985092116496,-0.617258335139421
"5871","Yishan",1.29036519387047,-0.448131762423703
"5872","Yishui",-1.29167375348001,0.451040508408162
"5873","Yitulihe",-6.19832005045998,-0.256450526292539
"5874","Yiyang",0.114422815725179,-0.709946469139449
"5875","Yogyakarta",4.70380919621615,-0.83108679772155
"5876","Yokohama",-0.139616758170484,-1.49703867956497
"5877","Yola",2.48422557396481,3.20697001156821
"5878","Yomou",3.887277879558,-0.418614272505815
"5879","Yongzhou",0.311623446470957,-0.726765146874942
"5880","York1",-1.53983034836358,-1.81810211851769
"5881","York2",-1.60538479069826,-2.12723870904343
"5882","Yorkton",-4.96352646678386,-0.802997394927718
"5883","Yoshkar Ola",-3.93337342176015,-1.11697615604279
"5884","Young",-1.13925812459551,-0.463662509877936
"5885","Youngstown",-2.13157392199633,-1.67545973872463
"5886","Ypacarai|Ita",1.80423981932555,-0.789630589132302
"5887","Yuanlin",2.91269263257232,-0.845948771257877
"5888","Yuba City",-0.603783942887619,2.44512864038552
"5889","Yuci",-2.80878328411522,1.2573226754305
"5890","Yueyang",0.0659102586866324,-0.522733414610461
"5891","Yulara",-0.271651498261579,2.75735597670014
"5892","Yulin1",1.77820546667797,-0.383231127660897
"5893","Yulin2",-3.43058938006263,1.63790354232004
"5894","Yuma",-0.381476324117323,4.16947164753966
"5895","Yunxian",-1.04446364143532,0.858175370022715
"5896","Yurga",-4.90414753258537,-1.07162559578419
"5897","Yuxi",-0.167964987964011,0.532313304047817
"5898","Yuzhno Sakhalinsk",-3.46123432046373,-2.86578073478088
"5899","Zabid",2.29703039662017,3.14798516423522
"5900","Zabol",-0.656144644925528,5.06118550628107
"5901","Zacatecas",-0.644990416415167,2.04412916913139
"5902","Zadar",-0.529316368845226,-0.941448802410219
"5903","Zagreb",-1.81379370673501,-1.27766549443601
"5904","Zahedan",-1.66955721614368,3.96153570828003
"5905","Zahle",-0.84132539550909,1.22535092235148
"5906","Zakho",-1.24738571740504,3.08092288648071
"5907","Zalantun",-4.71035091054505,0.251004280234276
"5908","Zambezi",1.34838375403822,2.19469400974377
"5909","Zamboanga",4.4456128337993,-1.09784744931786
"5910","Zamora1",0.678182941699032,2.42521404295718
"5911","Zamora2",2.01123462869647,-0.573337473863851
"5912","Zanesville",-1.82894837507418,-1.37558741962993
"5913","Zanjan",-3.09950069572185,1.63216551116497
"5914","Zanzibar",4.12681595241098,-0.970121614413064
"5915","Zaozernyy",-5.00529104196407,-0.50966799624453
"5916","Zaozhuang",-1.05049375011181,0.52210303471389
"5917","Zapala",-2.58186792047737,0.912480591098041
"5918","Zaporizhzhya",-2.64286401870699,-0.396867774896137
"5919","Zarafshon",-2.95759684710627,2.59650642072837
"5920","Zaragoza",-1.30650085773828,1.20809859385243
"5921","Zarate",0.0679286023328761,-1.27203663118171
"5922","Zaraza",3.56922064926373,1.83238441983883
"5923","Zaria",2.07342560330595,2.68633423660952
"5924","Zarzis",-0.0980149228960829,2.17749735405555
"5925","Zaysan",-4.5195145380698,0.545476953680376
"5926","Zelenodolsk",-3.934331530892,-1.03254867333434
"5927","Zelenokumsk",-2.64208270898481,0.430400867324422
"5928","Zenica",-2.09644099469413,-1.10740679660807
"5929","Zhaltyr",-4.84441513405062,-0.163120556311309
"5930","Zhangjiakou",-3.78684735341218,1.22686983031714
"5931","Zhangye",-3.79402306155622,1.9284248947299
"5932","Zhangzhou",1.52188340938346,-0.185542070733592
"5933","Zhanibek",-3.74939627850054,0.243349700521006
"5934","Zhanjiang",2.32207591408214,-0.413106734641811
"5935","Zhanyi",-0.544606372255291,0.0262074110147653
"5936","Zhaodong",-4.63176066614665,0.430448412225665
"5937","Zhaoqing",1.77321318278613,-0.247154927729598
"5938","Zhaotang",-1.6251689204072,0.329542189063445
"5939","Zharkent",-3.1017247851136,1.38861861668489
"5940","Zheleznogorsk",-3.24953399059953,-1.50768564015647
"5941","Zheleznogorsk Ilimskiy",-5.81694978270746,-0.896840604451743
"5942","Zhengzhou",-1.05900202215802,1.67408250980128
"5943","Zhenjiang",-0.63218245770787,-0.245235635615546
"5944","Zhetiqara",-4.63425904566389,-0.0171163689148404
"5945","Zhijiang",-0.0650556086554095,-0.310095545223005
"5946","Zhob",-1.69456019140235,2.62090193966024
"5947","Zholymbet",-4.76940474451627,-0.191642233864423
"5948","Zhosaly",-3.79982754613058,1.67297510847178
"5949","Zhoukou",-0.999028813392871,0.687017559935769
"5950","Zhuanghe",-1.98947476959419,-0.168933140631579
"5951","Zhucheng",-1.44050463909527,0.406318313890176
"5952","Zhuzhou",0.294057603874153,-0.715302315698062
"5953","Zhytomyr",-2.73718246746246,-1.17440540066275
"5954","Zibo",-1.76623428797522,0.985176734798535
"5955","Zicheng",-0.181556714273546,-0.0215202610488306
"5956","Zielona Gora",-2.26124216965066,-1.38117460889546
"5957","Zigong",0.391855737301356,0.0280658131998542
"5958","Ziguinchor",4.01911341056914,1.93469498800608
"5959","Zilina",-2.35496223943113,-1.59564406372063
"5960","Zima",-5.51094001582512,-0.137217323550253
"5961","Zinder",1.45476573483147,4.4448138000848
"5962","ZÌùrich",-1.29292627933725,-2.55777360392564
"5963","Zixing",0.579055595715439,-0.805402326967349
"5964","Zlatoust",-4.35555112905875,-1.44509020910743
"5965","Zlin",-2.32215189503332,-0.91102446057841
"5966","Zmeinogorsk",-4.47771233400552,-1.03594604074298
"5967","Zomba",1.72063572814079,1.18839085423139
"5968","Zongo",3.26444683517356,0.246685632902498
"5969","Zonguldak",-0.614290592705468,-2.16602609283067
"5970","Zouar",0.149414104204737,5.41809388076297
"5971","Zouirat",0.620024352243555,5.0108479230948
"5972","Zrenjanin",-2.05436575718116,-0.463064664086513
"5973","Zumpango",-0.34078291148409,1.2438502467876
"5974","Zunyi",-0.530190089549917,-0.102094691513518
"5975","Zuozhou",-2.10284847358191,1.58643202540825
"5976","Zuwarah",-0.165606811165878,2.58766768819723
"5977","Zvishavane",0.330931621683187,2.04253862984521
"5978","Zvolen",-2.46951640237759,-1.41084629038172
"5979","Zwedru",3.98896677974425,-0.591464631008163
"5980","Zyryanovsk",-4.67696272170699,-0.72943662003404
