"","City","Cluster","Baseline_Stability","Stability"
"1","Aalborg","B",0.999965659340659,0.916752564486858
"2","Aarhus","B",0.999965659340659,0.913637303422799
"3","Aba","D",1,0.901042526752677
"4","Abadan","C",1,0.921504151238413
"5","Abaetetuba","D",1,0.905071599996601
"6","Abai","D",1,0.69376175004156
"7","Abakan","A",0.999928926794598,0.936585221112733
"8","Abancay","C",1,0.602519514350889
"9","Abau","D",1,0.900320575743142
"10","Abaza","A",0.999928926794598,0.937939785948909
"11","Abbottabad","C",1,0.873546169887373
"12","Abeche","C",1,0.91424889949244
"13","Abengourou","D",1,0.90292629109741
"14","Abeokuta","D",1,0.896215088266108
"15","Aberdeen1","A",0.999928926794598,0.937217161916594
"16","Aberdeen2","B",0.999965659340659,0.809765595397906
"17","Aberdeen3","B",0.999965659340659,0.922696385036026
"18","Abha","C",1,0.908575450480651
"19","Abidjan","D",1,0.90860549863391
"20","Abilene","C",1,0.86343709886414
"21","Abohar","C",1,0.922550511737426
"22","Abomey","D",1,0.878756392034707
"23","Abong Mbang","D",1,0.936566492692608
"24","Abra Pampa","A",0.999928926794598,0.609333912236611
"25","Abu Dhabi","C",1,0.911059797078168
"26","Abu Kamal","C",1,0.909362610512769
"27","Abuja","D",1,0.872924212968679
"28","Acapulco","D",1,0.860018558819542
"29","Acarau","D",1,0.930451305903016
"30","Acarigua","D",1,0.93162267693452
"31","Acatlan","C",1,0.908857201221776
"32","Accra","D",1,0.873068925969262
"33","Achinsk","A",0.999928926794598,0.938444931668096
"34","Acu","C",1,0.892641109292763
"35","Ad Dakhla","C",1,0.917660537187127
"36","Ad Damman","C",1,0.914293078306982
"37","Ad Diwaniyah","C",1,0.909179501843531
"38","Ad Nabk","C",1,0.786838722279871
"39","Adana","C",1,0.906670043081033
"40","Adapazari","B",0.999965659340659,0.911742267397863
"41","Addis Ababa","C",1,0.859014389507772
"42","Adelaide","B",0.999965659340659,0.905703012329014
"43","Aden","C",1,0.914398752580546
"44","Adi Ugri","C",1,0.903834759728716
"45","Adigrat","C",1,0.910552189197126
"46","Adiyaman","C",1,0.898075265918482
"47","Ado Ekiti","D",1,0.901670185122768
"48","Adrar","C",1,0.90963311572849
"49","Afyon","A",0.999928926794598,0.194166178845151
"50","Agadez","C",1,0.914135723759277
"51","Agadir","C",1,0.915482243301094
"52","Agartala","D",1,0.927838965918808
"53","Agboville","D",1,0.940228558101417
"54","Agen","B",0.999965659340659,0.923640346836298
"55","Agordat","C",1,0.909438751673021
"56","Agra","C",1,0.918924211070179
"57","Agri","A",0.999928926794598,0.86039578822145
"58","Agrinio","C",1,0.764639247476419
"59","Agua Prieta","C",1,0.911629421221647
"60","Aguascalientes","C",1,0.918777245713721
"61","Ahar","A",0.999928926794598,0.702155367802735
"62","Ahmadabad","C",1,0.914883782270817
"63","Ahmednagar","C",1,0.911971177788938
"64","Ahwaz","C",1,0.912314616873319
"65","Aigua","B",0.999965659340659,0.910833683038297
"66","Aiken","B",0.999965659340659,0.913249055362436
"67","Aiquile","C",1,0.810672239879669
"68","Aix-en-Provence","B",0.999965659340659,0.911300345216747
"69","Aizawl","D",1,0.918987187426311
"70","Ajaccio","B",0.999965659340659,0.903088444998382
"71","Ajdabiya","C",1,0.908560404073081
"72","Ajmer","C",1,0.908884978481998
"73","Aketi","D",1,0.935831285438394
"74","Akhtubinsk","A",0.999928926794598,0.93705435680674
"75","Akita","B",0.999965659340659,0.921671109296691
"76","Akola","C",1,0.909753847506404
"77","Akron","B",0.999965659340659,0.874314531248568
"78","Aksu","A",0.999928926794598,0.906132869827586
"79","Aksum","C",1,0.889804873548446
"80","Akureyi","B",0.999965659340659,0.826630471870388
"81","Al Ahmadi","C",1,0.908888413776407
"82","Al Amarah","C",1,0.912004515898454
"83","Al Ayn","C",1,0.916913227283997
"84","Al Bayda","C",1,0.816010099275358
"85","Al Fallujah","C",1,0.911724286639869
"86","Al Fujayrah","C",1,0.917350378751977
"87","Al Hasakah","C",1,0.903811901300499
"88","Al Hillah","C",1,0.9147813387627
"89","Al Hudaydah","C",1,0.906050137773448
"90","Al Hufuf","C",1,0.918445834179275
"91","Al Jaghbub","C",1,0.90916007656561
"92","Al Jahra","C",1,0.919839154398811
"93","Al Jubayl","C",1,0.911818086727858
"94","Al Karak","C",1,0.90056529330266
"95","Al Khalil","C",1,0.909470476528942
"96","Al Kharj","C",1,0.913106657140938
"97","Al Khums","C",1,0.912084654143693
"98","Al Kut","C",1,0.910889753172802
"99","Al Ladhiqiyah","C",1,0.91112250234076
"100","Al Marj","C",1,0.882578910302734
"101","Al Mubarraz","C",1,0.91002161413827
"102","Al Mukalla","C",1,0.912922616137841
"103","Al Musayyib","C",1,0.909309670613464
"104","Al Qamishli","C",1,0.903814229242182
"105","Al Qunaytirah","C",1,0.832071602917253
"106","Al Quwayiyah","C",1,0.911239768452124
"107","Al Wajh","C",1,0.916419326816057
"108","Al-Qatif","C",1,0.914610219031045
"109","Alagoinhas","D",1,0.926289462488896
"110","Alajuela","D",1,0.915286147760642
"111","Alamogordo","C",1,0.903138716501024
"112","Alapayevsk","A",0.999928926794598,0.936577265763159
"113","Alatyr","A",0.999928926794598,0.936660595491486
"114","Alayat Samail","C",1,0.913092908331896
"115","Albacete","C",1,0.800476982260254
"116","Albany1","B",0.999965659340659,0.900951393022923
"117","Albany2","B",0.999965659340659,0.726410095326524
"118","Albany3","B",0.999965659340659,0.910844675896136
"119","Albany4","B",0.999965659340659,0.893478981408824
"120","Albert Lea","A",0.999928926794598,0.936484072738639
"121","Albuquerque","A",0.999928926794598,0.412750705988646
"122","Albury","B",0.999965659340659,0.897300637214601
"123","Aldama","C",1,0.435584310182976
"124","Aldan","A",0.999928926794598,0.937027763411025
"125","Aleksandrovsk","A",0.999928926794598,0.936849566113114
"126","Alekseyevka","A",0.999928926794598,0.935685052282081
"127","Aleksin","A",0.999928926794598,0.937376129269982
"128","Aleppo","C",1,0.904118307961768
"129","Alexandria1","B",0.999965659340659,0.907635211691326
"130","Alexandria2","B",0.999965659340659,0.915134107910511
"131","Alexandria3","C",1,0.913019312742662
"132","Alexandroupoli","B",0.999965659340659,0.868253945226182
"133","Aleysk","A",0.999928926794598,0.93611853045825
"134","Algeciras","C",1,0.8367311027529
"135","Algha","A",0.999928926794598,0.936063684314121
"136","Algiers","C",1,0.874930726802038
"137","Ali Bayramli","C",1,0.708064133924782
"138","Ali Sabih","C",1,0.927793895986467
"139","Alicante","C",1,0.845473612086867
"140","Alice","C",1,0.907450924570003
"141","Alice Springs","C",1,0.917049583123986
"142","Aligarh","C",1,0.909638945911517
"143","Alipur Duar","D",1,0.910494366328757
"144","Aliwal North","C",1,0.843400764028235
"145","Allahabad","C",1,0.926493021572471
"146","Allanmyo","C",1,0.888181455985602
"147","Allappey","D",1,0.909713765070298
"148","Allende","C",1,0.910366448271206
"149","Allentown","B",0.999965659340659,0.906922464153339
"150","Alliance","A",0.999928926794598,0.895591840693811
"151","Almaty","A",0.999928926794598,0.936828341215497
"152","Almenara","C",1,0.638741409877344
"153","Almeria","C",1,0.884371696936841
"154","Almetyevsk","A",0.999928926794598,0.937176381789161
"155","Almirante","D",1,0.903023127737982
"156","Alor Setar","D",1,0.917476533566679
"157","Alotau","D",1,0.908414281840809
"158","Alpena","A",0.999928926794598,0.919875459271333
"159","Alpine","C",1,0.900752759229488
"160","Alta Gracia","C",1,0.753669049930921
"161","Altagracia de Orituco","D",1,0.871599273489036
"162","Altamira","D",1,0.910794510524637
"163","Altay","A",0.999928926794598,0.935510071833279
"164","Alton","B",0.999965659340659,0.889864872853089
"165","Altoona","B",0.999965659340659,0.888116120771247
"166","Alvorada","D",1,0.925755688563913
"167","Alwar","C",1,0.912775016907256
"168","Alxa Zuoqi","A",0.999928926794598,0.911166502158533
"169","Am Timan","C",1,0.90607182573928
"170","Amahai","D",1,0.912093343048806
"171","Amapa","D",1,0.912092828603298
"172","Amarillo","A",0.999928926794598,0.464284459979603
"173","Amasya","B",0.999965659340659,0.488876384402833
"174","Ambala","C",1,0.910099533957874
"175","Ambanja","D",1,0.928233172932616
"176","Ambato","B",0.999965659340659,0.908007935151749
"177","Ambatondrazaka","D",1,0.917005468284719
"178","Ambon","D",1,0.913227612426272
"179","Americana","D",1,0.935301694511822
"180","Ames","A",0.999928926794598,0.937130174160891
"181","Amherst","B",0.999965659340659,0.91541280642556
"182","Amiens","B",0.999965659340659,0.919482874641352
"183","Amman","C",1,0.907303985676918
"184","Ammochostos","C",1,0.882327554267684
"185","Amol","B",0.999965659340659,0.894692617140272
"186","Amos","A",0.999928926794598,0.936983885264525
"187","Amravati","C",1,0.909587525858168
"188","Amritsar","C",1,0.918034445867889
"189","Amsterdam","B",0.999965659340659,0.92464358473959
"190","Amursk","A",0.999928926794598,0.936735344523659
"191","An Najaf","C",1,0.910012309509847
"192","An Nasiriyah","C",1,0.911392074262557
"193","Anaco","C",1,0.870218345285318
"194","Anapolis","D",1,0.930164270068109
"195","Anatuya","C",1,0.892153839829807
"196","Anbyon","A",0.999928926794598,0.75842090502339
"197","Anchorage","A",0.999928926794598,0.936370510699854
"198","Ancona","B",0.999965659340659,0.916864678891142
"199","Ancud","D",1,0.589017396337461
"200","Anda","A",0.999928926794598,0.936223758162247
"201","Anderson","B",0.999965659340659,0.917631475186457
"202","Andijon","C",1,0.716794245911999
"203","Andkhvoy","C",1,0.903603016058435
"204","Andoany","D",1,0.909221036362641
"205","Andong","A",0.999928926794598,0.906401174546369
"206","Andorra","B",0.999965659340659,0.84715151828113
"207","Andradina","D",1,0.927695517445866
"208","Androka","C",1,0.672425882148005
"209","Angangxi","A",0.999928926794598,0.938312939690709
"210","Angarsk","A",0.999928926794598,0.942734112899964
"211","Angeles","D",1,0.929908141578855
"212","Angers","B",0.999965659340659,0.917160362600464
"213","Angoche","D",1,0.88296478887103
"214","Angol","B",0.999965659340659,0.896416767519679
"215","Angren","A",0.999928926794598,0.261731035094381
"216","Ankang","C",1,0.816475377120858
"217","Ankara","B",0.999965659340659,0.66631922522712
"218","Anlu","B",0.999965659340659,0.69641209237393
"219","Ann Arbor","A",0.999928926794598,0.77262862947264
"220","Annaba","C",1,0.912764944001429
"221","Annapolis","B",0.999965659340659,0.918617668563933
"222","Annecy","B",0.999965659340659,0.91680735329186
"223","Anqing","B",0.999965659340659,0.874705655263841
"224","Ansan","B",0.999965659340659,0.346992256516147
"225","Anshan","A",0.999928926794598,0.937782384957917
"226","Anshun","B",0.999965659340659,0.825668625646192
"227","Antalaha","D",1,0.903992067958008
"228","Antalya","C",1,0.916152984285181
"229","Antananarivo","D",1,0.892625369164953
"230","Antigonish","B",0.999965659340659,0.916947777561334
"231","Antofagasta","C",1,0.915403517265691
"232","Antsirabe","D",1,0.754333016836392
"233","Antsiranana","D",1,0.916527867227459
"234","Antsohihy","D",1,0.923579088442424
"235","Antwerpen","B",0.999965659340659,0.917520948030602
"236","Anuradhapura","D",1,0.926690866932708
"237","Anxi","A",0.999928926794598,0.878090960584026
"238","Anyang","A",0.999928926794598,0.806157730334683
"239","Anzhero Sudzhensk","A",0.999928926794598,0.938778851913586
"240","Aomori","B",0.999965659340659,0.916619083793635
"241","Apalachicola","D",1,0.831538435253064
"242","Apatity","A",0.999928926794598,0.936961344505664
"243","Apatzingan","C",1,0.903300596384703
"244","Apia","D",1,0.908906235128163
"245","Apodi","C",1,0.88810803764523
"246","Apolo","D",1,0.837152014411506
"247","Appleton","A",0.999928926794598,0.938216513010758
"248","Apsheronsk","B",0.999965659340659,0.914885599816485
"249","Apucarana","D",1,0.918321997608864
"250","Aqadyr","A",0.999928926794598,0.936692314644053
"251","Aqsay","A",0.999928926794598,0.936812430787691
"252","Aqtau","B",0.999965659340659,0.787016010891818
"253","Aqtobe","A",0.999928926794598,0.93702829538845
"254","Aquidauana","D",1,0.865406725560822
"255","Ar Ramadi","C",1,0.913205422882727
"256","Ar Raqqah","C",1,0.909815315314133
"257","Ar Rutbah","C",1,0.909834860297811
"258","Aracaju","D",1,0.931233551128908
"259","Aracati","D",1,0.873463292358549
"260","Aracatuba","D",1,0.933069084512106
"261","Aracuai","C",1,0.888288140624664
"262","Arad","B",0.999965659340659,0.729869747517899
"263","Araguaina","D",1,0.93071409105696
"264","Araguari","D",1,0.930031740635213
"265","Arak","C",1,0.758166281473019
"266","Aral","A",0.999928926794598,0.921999660266358
"267","Aranyaprathet","D",1,0.884690699676465
"268","Arapiraca","D",1,0.872039506686415
"269","Arapongas","D",1,0.920238053962361
"270","Arar","C",1,0.912285529061324
"271","Ararangua","D",1,0.813665966695439
"272","Ararat","B",0.999965659340659,0.913395996825382
"273","Arauca","D",1,0.927621290742626
"274","Araxa","D",1,0.929948443392787
"275","Arba Minch","C",1,0.795429940164373
"276","Arcata","B",0.999965659340659,0.881527589904734
"277","Archangel","A",0.999928926794598,0.938023725600112
"278","Arcoverde","C",1,0.902308825279727
"279","Arctic Bay","A",0.999928926794598,0.936147027925355
"280","Ardabil","A",0.999928926794598,0.731252966164729
"281","Ardmore","B",0.999965659340659,0.889465318731148
"282","Arecibo","D",1,0.912863246274591
"283","Arequipa","C",1,0.851896163000055
"284","Arezzo","B",0.999965659340659,0.913445797194839
"285","Argentia","B",0.999965659340659,0.91557884938385
"286","Arica","C",1,0.908896449860437
"287","Arjona","D",1,0.93221855663205
"288","Armavir","A",0.999928926794598,0.776006271892337
"289","Armenia","D",1,0.900939112996357
"290","Armidale","B",0.999965659340659,0.916881632854563
"291","Arqalyq","A",0.999928926794598,0.936615397495166
"292","Arras","B",0.999965659340659,0.919031897924521
"293","Arrecife","C",1,0.618514576150908
"294","Arroyos y Esteros","D",1,0.925236633251292
"295","Arsenyev","A",0.999928926794598,0.938721353776095
"296","Artemisa","D",1,0.929770474943876
"297","Artemovsk","A",0.999928926794598,0.936772017082806
"298","Artemovskiy","A",0.999928926794598,0.937012008794178
"299","Artigas","B",0.999965659340659,0.882284055212867
"300","Arua","D",1,0.928936151591455
"301","Arusha","C",1,0.896483751604786
"302","Arvayheer","A",0.999928926794598,0.938114353116683
"303","Arviat","A",0.999928926794598,0.936771962732117
"304","Arxan","A",0.999928926794598,0.936284840267318
"305","Arys","C",1,0.796673600931468
"306","Arzamas","A",0.999928926794598,0.934924527661553
"307","As Salt","C",1,0.901788287860184
"308","As Samawah","C",1,0.912668484949174
"309","As Sulaymaniyah","C",1,0.90356761154287
"310","As Sulayyil","C",1,0.91448080883233
"311","As Suwayda","C",1,0.907748662747879
"312","Asahikawa","B",0.999965659340659,0.71217900223597
"313","Asbest","A",0.999928926794598,0.937016016299459
"314","Ascension","C",1,0.916296088538977
"315","Asela","C",1,0.617303465817481
"316","Ash Shatrah","C",1,0.911866377070626
"317","Ash Shihr","C",1,0.916910580093396
"318","Asha","A",0.999928926794598,0.936634071980826
"319","Ashburton1","B",0.999965659340659,0.915542537800903
"320","Ashburton2","B",0.999965659340659,0.91634895341737
"321","Asheville","B",0.999965659340659,0.916005771133146
"322","Ashgabat","C",1,0.90463936753889
"323","Asino","A",0.999928926794598,0.937839269782624
"324","Asmara","C",1,0.901747231332976
"325","Asosa","D",1,0.5991936748533
"326","Assab","C",1,0.909854718197451
"327","Assis","D",1,0.931181266791181
"328","Astana","A",0.999928926794598,0.937051146951363
"329","Asti","B",0.999965659340659,0.915535827689398
"330","Astoria","B",0.999965659340659,0.667010768413357
"331","Astrakhan","A",0.999928926794598,0.936310567042805
"332","Asuncion","D",1,0.716296541505895
"333","Aswan","C",1,0.911776137766493
"334","Asyut","C",1,0.912424977035346
"335","At Bashy","A",0.999928926794598,0.936898871801616
"336","At Taif","C",1,0.912288476457119
"337","Atakpame","D",1,0.932061828462491
"338","Atamyrat","C",1,0.904964001628583
"339","Atar","C",1,0.912927978956493
"340","Atasu","A",0.999928926794598,0.93880282791777
"341","Atbara","C",1,0.915335820445382
"342","Atbasar","A",0.999928926794598,0.937841469401781
"343","Athabasca","A",0.999928926794598,0.938825962943935
"344","Athens1","B",0.999965659340659,0.919701345175987
"345","Athens2","B",0.999965659340659,0.90523491164514
"346","Atherton","D",1,0.921952862713085
"347","Ati","C",1,0.91772249376361
"348","Atikokan","A",0.999928926794598,0.935589687349673
"349","Atkarsk","A",0.999928926794598,0.935168328603848
"350","Atlanta","B",0.999965659340659,0.916050346728121
"351","Atlantic City","B",0.999965659340659,0.915759439363018
"352","Atlixco","C",1,0.890713337065991
"353","Atoyac","C",1,0.702917609002174
"354","Atyrau","A",0.999928926794598,0.935725146632152
"355","Auburn","B",0.999965659340659,0.910900101517479
"356","Auckland","B",0.999965659340659,0.915814062065953
"357","Augsburg","B",0.999965659340659,0.917048292452875
"358","Augusta1","B",0.999965659340659,0.917346555099935
"359","Augusta2","B",0.999965659340659,0.816721801682669
"360","Aurangabad1","C",1,0.905229961163319
"361","Aurangabad2","C",1,0.911030298966802
"362","Aurora1","A",0.999928926794598,0.911326302791882
"363","Aurora2","A",0.999928926794598,0.873720070203288
"364","Austin","B",0.999965659340659,0.741392290920069
"365","Autlan","C",1,0.893480486126834
"366","Auxerre","B",0.999965659340659,0.922630210375067
"367","Avare","D",1,0.923917908623002
"368","Aweil","C",1,0.888066882469463
"369","Awka","D",1,0.933188337854873
"370","Ayacucho","C",1,0.490108275521408
"371","Ayakoz","A",0.999928926794598,0.938027073903524
"372","Ayapel","D",1,0.908884163530146
"373","Ayaviri","A",0.999928926794598,0.361460996582931
"374","Aydin","C",1,0.911180360921601
"375","Ayorou","C",1,0.914166755421392
"376","Ayounel el Atrous","C",1,0.920471954474165
"377","Ayr1","B",0.999965659340659,0.916592353759384
"378","Ayr2","D",1,0.916981122752256
"379","Ayutthaya","D",1,0.893749735290003
"380","Az Aubayr","C",1,0.914027765387285
"381","Az Zahran","C",1,0.915242239972127
"382","Az Zarqa","C",1,0.903335651510777
"383","Az Zawiyah","C",1,0.911193071484663
"384","Azare","C",1,0.904212777522817
"385","Azogues","B",0.999965659340659,0.763985369542145
"386","Azul","B",0.999965659340659,0.919655497307377
"387","Babahoyo","D",1,0.933164157745776
"388","Babanusa","C",1,0.913263389807155
"389","Babati","C",1,0.89561748162903
"390","Babruysk","A",0.999928926794598,0.938132710553607
"391","Bac Giang","D",1,0.928293796510149
"392","Bac Lieu","D",1,0.933338086225142
"393","Bacabal","D",1,0.927872568917013
"394","Bacau","A",0.999928926794598,0.936959297569796
"395","Bacolod","D",1,0.917505423596387
"396","Badajoz","C",1,0.876319850314029
"397","Baddeck","B",0.999965659340659,0.914989727085941
"398","Badulla","D",1,0.903025832509902
"399","Bafang","D",1,0.921897035086813
"400","Bafata","D",1,0.898396930212124
"401","Bafia","D",1,0.934357101356774
"402","Bafoussam","D",1,0.929934641196763
"403","Bafra","B",0.999965659340659,0.911845565105621
"404","Bagamoyo","D",1,0.930505399255043
"405","Bage","B",0.999965659340659,0.865299661675763
"406","Baghdad","C",1,0.915709875957091
"407","Baghlan","C",1,0.905054465179096
"408","Bago","D",1,0.921184056511156
"409","Baguio City","D",1,0.916752805235961
"410","Bahawalpur","C",1,0.912965854391703
"411","Bahia Blanca","B",0.999965659340659,0.897780905636171
"412","Bahir Dar","C",1,0.580849033243848
"413","Bahraich","C",1,0.897018275377012
"414","Baia Mare","B",0.999965659340659,0.906830586542156
"415","Baicheng","A",0.999928926794598,0.93730243980845
"416","Baie-Comeau","A",0.999928926794598,0.929272548346276
"417","Baiquan","A",0.999928926794598,0.936446592001744
"418","Bairnsdale","B",0.999965659340659,0.911597798301169
"419","Bakal","A",0.999928926794598,0.936983083202266
"420","Baker Lake","A",0.999928926794598,0.935838122473405
"421","Bakersfield","C",1,0.912995108198081
"422","Baku","B",0.999965659340659,0.90638883301788
"423","Balakhna","A",0.999928926794598,0.936888947360651
"424","Balakovo","A",0.999928926794598,0.93683814760446
"425","Balancan","D",1,0.925032197429991
"426","Balashov","A",0.999928926794598,0.937209018525675
"427","Balboa","D",1,0.922162573254132
"428","Balcarce","B",0.999965659340659,0.918095091967443
"429","Baleshwar","D",1,0.892816708099786
"430","Balikesir","C",1,0.778371958735833
"431","Balikpapan","D",1,0.906902996524154
"432","Balkanabat","C",1,0.872417298297524
"433","Balkh","C",1,0.906822860735172
"434","Ballarat","B",0.999965659340659,0.912355857519921
"435","Ballina","D",1,0.915767576665896
"436","Balqash","A",0.999928926794598,0.935877444701915
"437","Balsas","D",1,0.851978181326244
"438","Baltasar Brum","B",0.999965659340659,0.869859583824629
"439","Balti","A",0.999928926794598,0.935965013856018
"440","Baltimore","B",0.999965659340659,0.920943180770838
"441","Balykchy","A",0.999928926794598,0.938267467344648
"442","Balyqshy","A",0.999928926794598,0.937854451082436
"443","Bama","C",1,0.90819350084097
"444","Bamako","C",1,0.909329501004925
"445","Bambari","D",1,0.926914693742252
"446","Bamenda","D",1,0.903984002849776
"447","Bamian","A",0.999928926794598,0.922330928347983
"448","Banamba","C",1,0.909277556327562
"449","Banda Aceh","D",1,0.905553877691539
"450","Bandar Lampung","D",1,0.902362389615397
"451","Bandar Seri Begawan","D",1,0.901750825112358
"452","Bandar-e Bushehr","C",1,0.915786091016325
"453","Bandar-e-Abbas","C",1,0.913274259367356
"454","Bandjarmasin","D",1,0.914338378486654
"455","Bandundu","D",1,0.934424999164422
"456","Bandung","D",1,0.90030054326351
"457","Banes","D",1,0.92839180653946
"458","Banff","A",0.999928926794598,0.93870869756709
"459","Banfora","D",1,0.722824169034888
"460","Bangalore","C",1,0.909815136475819
"461","Bangassou","D",1,0.927150475863306
"462","Banghazi","C",1,0.914685744432872
"463","Bangkok","D",1,0.913731437806695
"464","Bangor","B",0.999965659340659,0.907073672510148
"465","Banguela","C",1,0.886424613570175
"466","Bangui","D",1,0.929746390412325
"467","Bani Walid","C",1,0.913385912588215
"468","Banja Luka","B",0.999965659340659,0.914929748478529
"469","Banjul","D",1,0.568485996333091
"470","Bannu","C",1,0.923287705361313
"471","Bansang","C",1,0.903435725738004
"472","Banska Bystrica","A",0.999928926794598,0.516118953601798
"473","Banyuwangi","D",1,0.928728588759628
"474","Baoding","A",0.999928926794598,0.865304710864521
"475","Baoji","A",0.999928926794598,0.905593128193217
"476","Baoshan","C",1,0.605540585196733
"477","Baotou","A",0.999928926794598,0.922663412861882
"478","Baqubah","C",1,0.911971177355606
"479","Bar Harbor","B",0.999965659340659,0.918214306249893
"480","Barabinsk","A",0.999928926794598,0.936327377587705
"481","Barahona","D",1,0.911819913884976
"482","Baramula","B",0.999965659340659,0.693037230582635
"483","Baranavichy","A",0.999928926794598,0.904798879819609
"484","Barbacena","D",1,0.919009422507815
"485","Barcaldine","C",1,0.908065226467823
"486","Barcelona1","B",0.999965659340659,0.916434940708796
"487","Barcelona2","C",1,0.717085333334025
"488","Barcelos","D",1,0.913101245688414
"489","Barddhaman","C",1,0.907836471179469
"490","Bareilly","C",1,0.905623081337098
"491","Bari","B",0.999965659340659,0.911219073704909
"492","Barinas","D",1,0.930557719908975
"493","Barisal","D",1,0.940055133325012
"494","Barlett","B",0.999965659340659,0.920509136288292
"495","Barletta","B",0.999965659340659,0.898419562375075
"496","Barnaul","A",0.999928926794598,0.935376274029181
"497","Barquisimeto","C",1,0.584052794465159
"498","Barra do Bugres","D",1,0.905791527032982
"499","Barra do Garcas","D",1,0.748934422588649
"500","Barra Mansa","D",1,0.923693099971041
"501","Barrancabermeja","D",1,0.907684861891167
"502","Barranquilla","D",1,0.878438990295581
"503","Barras","D",1,0.926631636549085
"504","Barreiras","C",1,0.894425787157439
"505","Barreiros","D",1,0.927302427604219
"506","Barretos","D",1,0.936836392964752
"507","Barrie","A",0.999928926794598,0.86576552931953
"508","Barrow","A",0.999928926794598,0.937551987985908
"509","Bartica","D",1,0.912809115871293
"510","Bartlesville","B",0.999965659340659,0.700802166044005
"511","Barysaw","A",0.999928926794598,0.939738707625714
"512","Basankusu","D",1,0.908574364873412
"513","Basel","B",0.999965659340659,0.91666065374229
"514","Basoko","D",1,0.917309675467493
"515","Basra","C",1,0.917058826550015
"516","Basse-terre","D",1,0.911288347117415
"517","Basseterre","D",1,0.940913402923335
"518","Bastia","B",0.999965659340659,0.910327260415892
"519","Bata","D",1,0.898843748557118
"520","Batangas","D",1,0.930656346315301
"521","Batatais","D",1,0.930568182501546
"522","Bataysk","B",0.999965659340659,0.786634457211532
"523","Batemans Bay","B",0.999965659340659,0.904066241021868
"524","Bath","B",0.999965659340659,0.91924634363176
"525","Bathurst1","B",0.999965659340659,0.880491686936606
"526","Bathurst2","B",0.999965659340659,0.883229868923523
"527","Bati","C",1,0.889782431660416
"528","Batman","C",1,0.917210501275903
"529","Batna","C",1,0.702298318285374
"530","Baton Rouge","B",0.999965659340659,0.868436626158472
"531","Batouri","D",1,0.932159942682338
"532","Battambang","D",1,0.893259389019866
"533","Batticaloa","D",1,0.911907520986836
"534","Battle Creek","A",0.999928926794598,0.910938549850992
"535","Batu Pahat","D",1,0.908299037118251
"536","Batumi","B",0.999965659340659,0.872254894469221
"537","Baturite","D",1,0.917613884154206
"538","Baubau","D",1,0.937897679008358
"539","Bauchi","C",1,0.893548334861978
"540","Bauru","D",1,0.937339118276582
"541","Bavaro","D",1,0.936006678374887
"542","Bawku","C",1,0.886949536965863
"543","Bay City","B",0.999965659340659,0.870224565135964
"544","Bayamo","D",1,0.917996771043357
"545","Bayan Obo","A",0.999928926794598,0.936158254736927
"546","Baydhabo","C",1,0.893312264759273
"547","Bayghanin","A",0.999928926794598,0.937563032405949
"548","Baytown","B",0.999965659340659,0.895861367599162
"549","Beaufort","B",0.999965659340659,0.819711214836694
"550","Beaufort West","C",1,0.90553291046846
"551","Beaumont","B",0.999965659340659,0.879717599006839
"552","Beaver Falls","B",0.999965659340659,0.877820976429844
"553","Bechar","C",1,0.912298777269364
"554","Beckley","B",0.999965659340659,0.918286482891277
"555","Beer Sheva","C",1,0.911526939432081
"556","Beeville","C",1,0.702182549904887
"557","Behbehan","C",1,0.912415487748463
"558","Beian","A",0.999928926794598,0.937773722499983
"559","Beihai","D",1,0.927559760489526
"560","Beijing","C",1,0.670333703792276
"561","Beipiao","A",0.999928926794598,0.935540833950234
"562","Beira","D",1,0.928631850909294
"563","Beirut","C",1,0.797517495426085
"564","Beitbridge","C",1,0.916392856331941
"565","Beja","C",1,0.892088221960348
"566","Bejaia","C",1,0.848580264366775
"567","Bekasi","D",1,0.922636254508048
"568","Bekiy","C",1,0.893622000578523
"569","Belabo","D",1,0.931447751808136
"570","Belaya Kalitva","A",0.999928926794598,0.937021293386128
"571","Belebey","A",0.999928926794598,0.937173259770991
"572","Beledweyne","C",1,0.914868592809119
"573","Belem","D",1,0.915579843255741
"574","Belen","C",1,0.916466542052358
"575","Belfast","B",0.999965659340659,0.919552550509054
"576","Belgaum","D",1,0.752690188290675
"577","Belgorod","A",0.999928926794598,0.935304304870635
"578","Belgrade","B",0.999965659340659,0.923799809645813
"579","Belize City","D",1,0.91425800339489
"580","Bell Ville","B",0.999965659340659,0.674549217775901
"581","Bella Union","B",0.999965659340659,0.880544202759376
"582","Bella Vista","D",1,0.930180973891648
"583","Bellary","C",1,0.914485217933551
"584","Belleville1","B",0.999965659340659,0.900269106504816
"585","Belleville2","B",0.999965659340659,0.916114544516687
"586","Bellingham","B",0.999965659340659,0.919201655881661
"587","Bello","D",1,0.921643949859692
"588","Belmopan","D",1,0.915527674885145
"589","Belo Horizonte","D",1,0.930032181807639
"590","Belogorsk","A",0.999928926794598,0.937828967612269
"591","Bemidji","A",0.999928926794598,0.937578242958055
"592","Ben Gardane","C",1,0.91785796960001
"593","Bend","A",0.999928926794598,0.548442334580684
"594","Bendigo","B",0.999965659340659,0.904991458537781
"595","Benevento","B",0.999965659340659,0.896600859309751
"596","Bengbu","A",0.999928926794598,0.752300272357123
"597","Bengkulu","D",1,0.904293116930155
"598","Beni","D",1,0.927681300326962
"599","Beni Mazar","C",1,0.905128633829378
"600","Beni Ounif","C",1,0.916474545439943
"601","Beni Suef","C",1,0.906294744006337
"602","Benin City","D",1,0.90428572442492
"603","Benoni","C",1,0.83216894976212
"604","Bento Goncalves","B",0.999965659340659,0.827424231476597
"605","Benton Harbor","B",0.999965659340659,0.772063901512178
"606","Benxi","A",0.999928926794598,0.935325738878882
"607","Berber","C",1,0.912531705266238
"608","Berbera","C",1,0.916380735143671
"609","Berberati","D",1,0.9301214652709
"610","Berdyansk","B",0.999965659340659,0.907439485301974
"611","Berekum","D",1,0.871278833453892
"612","Berezniki","A",0.999928926794598,0.939071956277611
"613","Bergamo","B",0.999965659340659,0.91664618294572
"614","Bergen","B",0.999965659340659,0.894280996094531
"615","Berkeley","C",1,0.653446255890987
"616","Berlin","B",0.999965659340659,0.917674989812647
"617","Bermejo","C",1,0.886988437609607
"618","Bern","B",0.999965659340659,0.917637978898848
"619","Berri","C",1,0.737583881609615
"620","Bertoua","D",1,0.936558360509819
"621","Besalampy","D",1,0.927879538359344
"622","Besancon","B",0.999965659340659,0.922158090127738
"623","Betanzos","A",0.999928926794598,0.341118617040156
"624","Bethal","C",1,0.826581315796475
"625","Bethanie","C",1,0.916869498818534
"626","Bethel","A",0.999928926794598,0.937016619041218
"627","Bethlehem","C",1,0.766081862382617
"628","Bezhetsk","A",0.999928926794598,0.936002174710632
"629","Beziers","B",0.999965659340659,0.904975855155284
"630","Bhagalpur","C",1,0.891823039264072
"631","Bharatpur","C",1,0.909805915824718
"632","Bhatpara","C",1,0.613153888539707
"633","Bhavnagar","C",1,0.909990176108685
"634","Bhilwara","C",1,0.917747377664073
"635","Bhisho","B",0.999965659340659,0.513424175037187
"636","Bhiwandi","D",1,0.909704051964983
"637","Bhiwani","C",1,0.91035797648763
"638","Bhopal","C",1,0.906611666696955
"639","Bhubaneshwar","D",1,0.763998203425863
"640","Bhusawal","C",1,0.909811025461998
"641","Biak","D",1,0.90590116342353
"642","Bialystok","A",0.999928926794598,0.874319875207256
"643","Biarritz","B",0.999965659340659,0.907522761678585
"644","Bicheno","B",0.999965659340659,0.917422221549556
"645","Bida","C",1,0.747123509168028
"646","Bidar","C",1,0.905945718666136
"647","Biel","B",0.999965659340659,0.915205303977589
"648","Bielefeld","B",0.999965659340659,0.916670417999865
"649","Bien Hoa","D",1,0.922429428445008
"650","Big Spring","C",1,0.903110229076946
"651","Biggar","A",0.999928926794598,0.937632382954683
"652","Biharamulo","C",1,0.760904738943813
"653","Bijapur","C",1,0.911113646894387
"654","Bijar","A",0.999928926794598,0.770033502610389
"655","Bikaner","C",1,0.91433175020543
"656","Bikin","A",0.999928926794598,0.93750592671852
"657","Bila Tserkva","A",0.999928926794598,0.939566049442891
"658","Bilaspur","C",1,0.901658136842441
"659","Bilbao","B",0.999965659340659,0.914255691832443
"660","Billings","A",0.999928926794598,0.923411715070298
"661","Biloela","C",1,0.892312894000417
"662","Biloxi","B",0.999965659340659,0.759453192605875
"663","Biltine","C",1,0.910130370170683
"664","Binghamton","B",0.999965659340659,0.62502935252767
"665","Binjai","D",1,0.917198790765413
"666","Bintulu","D",1,0.907496641871532
"667","Birak","C",1,0.915186013068432
"668","Birao","C",1,0.912836725433869
"669","Biratnagar","D",1,0.914924068378602
"670","Birganj","C",1,0.6445871312347
"671","Birjand","C",1,0.902126858771963
"672","Birmingham1","B",0.999965659340659,0.913747503762948
"673","Birmingham2","B",0.999965659340659,0.919530559370329
"674","Birni Nkonni","C",1,0.914016341690085
"675","Birnin Kebbi","C",1,0.914718085133681
"676","Birobidzhan","A",0.999928926794598,0.934209952298267
"677","Birsk","A",0.999928926794598,0.939225119338844
"678","Biryusinsk","A",0.999928926794598,0.937774687821041
"679","Bishkek","A",0.999928926794598,0.876405228295783
"680","Bishop","C",1,0.733042256952292
"681","Biskra","C",1,0.911885959351562
"682","Bismarck","A",0.999928926794598,0.937335600012823
"683","Bissau","D",1,0.927084648854152
"684","Bitam","D",1,0.928416082768345
"685","Bitola","B",0.999965659340659,0.913935021044395
"686","Biu","C",1,0.915275689847945
"687","Biysk","A",0.999928926794598,0.936840002894893
"688","Bizerte","C",1,0.732574107492754
"689","Blackpool","B",0.999965659340659,0.91984311051365
"690","Blacksburg","B",0.999965659340659,0.917376030368703
"691","Blagodarnyy","A",0.999928926794598,0.937986727863253
"692","Blagoveshchensk","A",0.999928926794598,0.93797156464555
"693","Blantyre","C",1,0.81135651589949
"694","Blenheim","B",0.999965659340659,0.917789494821463
"695","Blitar","D",1,0.916196278020109
"696","Bloemfontein","C",1,0.889188015134414
"697","Bloemhof","C",1,0.910702045823155
"698","Bloomington1","B",0.999965659340659,0.915218296605302
"699","Bloomington2","A",0.999928926794598,0.752271752501605
"700","Bluefields","D",1,0.917546515012012
"701","Blumenau","D",1,0.903685520649811
"702","Bo","D",1,0.914775895228603
"703","Boa Vista","D",1,0.920139672123186
"704","Boaco","D",1,0.887789062437451
"705","Bobo Dioulasso","C",1,0.887192739594565
"706","Bocaiuva","C",1,0.725032939823091
"707","Bocas del Toro","D",1,0.907425659891743
"708","Bodo","B",0.999965659340659,0.923137474407877
"709","Boende","D",1,0.919726305618707
"710","Bogor","D",1,0.90996759901795
"711","Bogoroditsk","A",0.999928926794598,0.937721008547068
"712","Bogota","B",0.999965659340659,0.855256925288115
"713","Bogotol","A",0.999928926794598,0.935002955476981
"714","Bogue","C",1,0.913746502491064
"715","Boise","A",0.999928926794598,0.309519924345486
"716","Bojnurd","C",1,0.744789286104409
"717","Boke","D",1,0.918568041385289
"718","Bol","C",1,0.910637032602175
"719","Bolama","D",1,0.925046803132609
"720","Bolgatanga","C",1,0.579414212208742
"721","Boli","A",0.999928926794598,0.935089702395918
"722","Bollnas","A",0.999928926794598,0.927190553847508
"723","Bolobo","D",1,0.942827095623039
"724","Bologna","B",0.999965659340659,0.913440385925935
"725","Bologoye","A",0.999928926794598,0.936413963607802
"726","Bolu","B",0.999965659340659,0.851410358541931
"727","Bolzano","B",0.999965659340659,0.812833310228013
"728","Boma","D",1,0.85344521205257
"729","Bondo","D",1,0.93060548650844
"730","Bondoukou","C",1,0.741975754486709
"731","Bongandanga","D",1,0.901700340006264
"732","Bongaree","D",1,0.92934707447154
"733","Bongor","C",1,0.901979560829973
"734","Bonn","B",0.999965659340659,0.923324290681418
"735","Boorama","C",1,0.921640798193718
"736","Boosaaso","C",1,0.913970833067477
"737","Boras","B",0.999965659340659,0.917921712709165
"738","Bordeaux","B",0.999965659340659,0.91234603685327
"739","Bordertown","B",0.999965659340659,0.905430027355561
"740","Borisoglebsk","A",0.999928926794598,0.935840955857454
"741","Borlange","A",0.999928926794598,0.920193287859047
"742","Borovichi","A",0.999928926794598,0.937570668054626
"743","Borzya","A",0.999928926794598,0.935341476518635
"744","Bose","C",1,0.743049064669287
"745","Bosobolo","D",1,0.935813785313916
"746","Bossangoa","D",1,0.876639073165149
"747","Bossembele","D",1,0.936072339933805
"748","Boston","B",0.999965659340659,0.920508016524699
"749","Botosani","A",0.999928926794598,0.938080871689286
"750","Botucatu","D",1,0.924153862508774
"751","Bouake","D",1,0.818778659439133
"752","Bouar","D",1,0.939384899116547
"753","Bougouni","C",1,0.890792920050407
"754","Bouira","C",1,0.837060231715973
"755","Boulder","A",0.999928926794598,0.914080573991295
"756","Boulder City","C",1,0.904388489593145
"757","Bourges","B",0.999965659340659,0.916613091307442
"758","Bournemouth","B",0.999965659340659,0.917104362726737
"759","Boutilimit","C",1,0.911518103321636
"760","Bowling Green1","B",0.999965659340659,0.922005382818105
"761","Bowling Green2","A",0.999928926794598,0.72860670619943
"762","Bozeman","A",0.999928926794598,0.937024612606274
"763","Bozoum","D",1,0.879986271225622
"764","Bradford","B",0.999965659340659,0.915870066300946
"765","Braga","B",0.999965659340659,0.893783207912772
"766","Braganca","D",1,0.91879774545338
"767","Braganca Paulista","D",1,0.925582776747951
"768","Brahmapur","C",1,0.620300977783871
"769","Brainerd","A",0.999928926794598,0.938381147540315
"770","Brandfort","C",1,0.888343731402513
"771","Brandon","A",0.999928926794598,0.935923752304511
"772","Brasilia","D",1,0.519251397103851
"773","Brasov","A",0.999928926794598,0.934669111024462
"774","Bratislava","B",0.999965659340659,0.857163701499936
"775","Bratsk","A",0.999928926794598,0.936491540323265
"776","Braunschweig","B",0.999965659340659,0.915758925617797
"777","Brazzaville","D",1,0.93474157835759
"778","Bredasdorp","B",0.999965659340659,0.905205328252071
"779","Bremen","B",0.999965659340659,0.918460142125046
"780","Bremerhaven","B",0.999965659340659,0.919490413820504
"781","Bremerton","B",0.999965659340659,0.912961489800312
"782","Brest1","B",0.999965659340659,0.916315320565304
"783","Brest2","A",0.999928926794598,0.877950898000795
"784","Breves","D",1,0.903809490149206
"785","Bria","D",1,0.848894655298685
"786","Bridgeport","B",0.999965659340659,0.915659643384927
"787","Bridgetown","D",1,0.932549249150426
"788","Brighton","B",0.999965659340659,0.914399531679755
"789","Brikama","D",1,0.885806676820675
"790","Brindisi","B",0.999965659340659,0.906295074829779
"791","Brisbane","B",0.999965659340659,0.811849023769858
"792","Bristol1","B",0.999965659340659,0.917414029766942
"793","Bristol2","B",0.999965659340659,0.917217421083306
"794","Brits","C",1,0.91724949691806
"795","Brive","B",0.999965659340659,0.918745013904277
"796","Brno","A",0.999928926794598,0.873049666279155
"797","Brochet","A",0.999928926794598,0.93667925690335
"798","Brockville","A",0.999928926794598,0.904127816740569
"799","Broken Hill","C",1,0.761029578988489
"800","Brookings","A",0.999928926794598,0.934759222493744
"801","Brooks","A",0.999928926794598,0.936328693061992
"802","Broome","C",1,0.891884517206226
"803","Brovary","A",0.999928926794598,0.843282663711343
"804","Brownsville","C",1,0.898353961800652
"805","Brownsweg","D",1,0.924849260885108
"806","Brownwood","C",1,0.887288353742678
"807","Brugge","B",0.999965659340659,0.920559591173757
"808","Brumado","C",1,0.903550997780311
"809","Brunswick","B",0.999965659340659,0.812027988715285
"810","Brusque","D",1,0.870120020835552
"811","Brussels","B",0.999965659340659,0.91769600406141
"812","Bryan","B",0.999965659340659,0.830740615537025
"813","Bryansk","A",0.999928926794598,0.938411946008229
"814","Bua Yai","D",1,0.834217533175774
"815","Bucaramanga","D",1,0.928204287667799
"816","Buchanan","D",1,0.904590679795999
"817","Buchans","B",0.999965659340659,0.870346122751121
"818","Bucharest","B",0.999965659340659,0.736367514592495
"819","Budapest","B",0.999965659340659,0.712138314256804
"820","Budaun","C",1,0.912493693772337
"821","Buenaventura","D",1,0.911996363418221
"822","Buenos Aires","B",0.999965659340659,0.917036577314633
"823","Buffalo","B",0.999965659340659,0.894773199369503
"824","Bugt","A",0.999928926794598,0.940765845143891
"825","Bugulma","A",0.999928926794598,0.93593576122939
"826","Buguruslan","A",0.999928926794598,0.939205800966851
"827","Buizhou","A",0.999928926794598,0.91985221426801
"828","Bujumbura","D",1,0.52539376462981
"829","Bukachacha","A",0.999928926794598,0.936224577947102
"830","Bukama","C",1,0.900323305704288
"831","Bukavu","D",1,0.923441333150945
"832","Bukittinggi","D",1,0.902080417868454
"833","Bukoba","D",1,0.903586030714992
"834","Bulaevo","A",0.999928926794598,0.936285393750758
"835","Bulandshahr","C",1,0.906085004694604
"836","Bulawayo","C",1,0.913859454564038
"837","Bulungu","D",1,0.926396710184594
"838","Bumba","D",1,0.912499678512202
"839","Bunbury","B",0.999965659340659,0.560530834942663
"840","Bundaberg","D",1,0.879141468245046
"841","Bungoma","D",1,0.929167677813015
"842","Bunia","D",1,0.872551872781451
"843","Buon Me Thuot","D",1,0.930537723362303
"844","Bur Safaga","C",1,0.912203500447641
"845","Bur Said","C",1,0.912004888925182
"846","Buraydah","C",1,0.917464528657005
"847","Burco","C",1,0.912625946186385
"848","Burgas","B",0.999965659340659,0.908519303761601
"849","Burgos","B",0.999965659340659,0.906824566994663
"850","Burhanpur","C",1,0.910099558465897
"851","Buriram","D",1,0.607936702906546
"852","Burley","A",0.999928926794598,0.65862340618873
"853","Burlington1","A",0.999928926794598,0.936785385257865
"854","Burlington2","A",0.999928926794598,0.883914032814727
"855","Burnie","B",0.999965659340659,0.91495239391713
"856","Burns Lake","A",0.999928926794598,0.936945203323933
"857","Bursa","B",0.999965659340659,0.908707939872346
"858","Bururi","D",1,0.503331907041614
"859","Busan","B",0.999965659340659,0.919810812007268
"860","Businga","D",1,0.932004093504638
"861","Busselton","B",0.999965659340659,0.696773474603128
"862","Buta","D",1,0.932804174457121
"863","Butare","D",1,0.733181796665189
"864","Butembo","D",1,0.838792330135743
"865","Butte","A",0.999928926794598,0.938217801395638
"866","Butterworth","D",1,0.911756208422187
"867","Butuan","D",1,0.915633040192107
"868","Buurhakaba","C",1,0.909704476788812
"869","Buxoro","C",1,0.884249384826702
"870","Buy","A",0.999928926794598,0.936899529355657
"871","Buyant-Uhaa","A",0.999928926794598,0.936769020688333
"872","Buynaksk","A",0.999928926794598,0.938126989182026
"873","Buzau","A",0.999928926794598,0.932078656711061
"874","Buzmeyin","C",1,0.917851675177347
"875","Buzuluk","A",0.999928926794598,0.935275137271315
"876","Bydgoszcz","A",0.999928926794598,0.763673038956606
"877","Byron Bay","D",1,0.901891478962127
"878","Bytom","B",0.999965659340659,0.868291765204162
"879","Byumba","D",1,0.737966393667467
"880","Ca Mau","D",1,0.934377279746793
"881","Caazapa","D",1,0.897868273848719
"882","Caballococha","D",1,0.901697512368556
"883","Cabanatuan","D",1,0.935398457503408
"884","Cabimas","D",1,0.732831017478657
"885","Cabinda","D",1,0.883927650773184
"886","Cabo de Santo Agostinho","D",1,0.916370080973453
"887","Cabo Frio","D",1,0.930584208047421
"888","Cabo San Lucas","C",1,0.888057547639204
"889","Caboolture","D",1,0.903946164025815
"890","Caborca","C",1,0.909918843405185
"891","Cacador","B",0.999965659340659,0.861239727545806
"892","Cachoeira do Sul","B",0.999965659340659,0.768848984045336
"893","Cachoeiro de Itapemirim","D",1,0.932247376702597
"894","Cacolo","D",1,0.686156888533378
"895","Cadillac","A",0.999928926794598,0.939106290631022
"896","Cadiz1","D",1,0.908970783130743
"897","Cadiz2","D",1,0.915747361125045
"898","Caen","B",0.999965659340659,0.919227041846902
"899","Cafayate","C",1,0.802935439879226
"900","Cagayan de Oro","D",1,0.90042595558678
"901","Cagliari","B",0.999965659340659,0.856146689857119
"902","Cahul","A",0.999928926794598,0.886411985037091
"903","Caibarien","D",1,0.934111578631961
"904","Caico","C",1,0.889708661028842
"905","Cairns","D",1,0.909423946490935
"906","Cairo","C",1,0.919072478137149
"907","Cajabamba","C",1,0.576602500781802
"908","Cajamarca","C",1,0.576820919929138
"909","Calabar","D",1,0.905892929232401
"910","Calabozo","D",1,0.856280046105038
"911","Calais1","B",0.999965659340659,0.914432313212488
"912","Calais2","B",0.999965659340659,0.916016112637978
"913","Calama","C",1,0.915874888444496
"914","Calarasi","A",0.999928926794598,0.822229581662945
"915","Calbayog","D",1,0.908614458765966
"916","Calbuco","B",0.999965659340659,0.848329156378683
"917","Calcutta","C",1,0.750681568396249
"918","Caldera","C",1,0.917590256228314
"919","Caldwell","C",1,0.513292188743211
"920","Calgary","A",0.999928926794598,0.935783746742274
"921","Cali","D",1,0.930083425731731
"922","Callao","C",1,0.877907067238981
"923","Caloundra","D",1,0.926890174839425
"924","Calucinga","C",1,0.885820833583287
"925","Calulo","C",1,0.887602603885732
"926","Cam Pha","D",1,0.933127968114051
"927","Cam Ranh","D",1,0.920831863903036
"928","Camabatela","D",1,0.807909246604899
"929","Camacupa","C",1,0.895194783539849
"930","Camaguey","D",1,0.931702842407232
"931","Camana","C",1,0.905717138632352
"932","Camaqua","B",0.999965659340659,0.852045690267661
"933","Cameta","D",1,0.90581136691231
"934","Camiri","C",1,0.913534064671897
"935","Camocim","D",1,0.923187342407627
"936","Campana","B",0.999965659340659,0.918610600598453
"937","Campbell River","B",0.999965659340659,0.914808197918431
"938","Campeche","D",1,0.907622720665652
"939","Campina Grande","D",1,0.618711104058812
"940","Campinas","D",1,0.934826838129658
"941","Campo Belo","D",1,0.884636197440448
"942","Campo Grande","D",1,0.93438425138472
"943","Campo Maior","D",1,0.92733029548948
"944","Campo Murao","D",1,0.918959060049524
"945","Campoalegre","D",1,0.934604563912818
"946","Campos","D",1,0.888167006478671
"947","Camrose","A",0.999928926794598,0.93733286443508
"948","Can Tho","D",1,0.919903909181135
"949","Canakkale","B",0.999965659340659,0.665757232204657
"950","Cananea","C",1,0.906557819381477
"951","Canas","D",1,0.925906027673878
"952","Canatlan","C",1,0.916124517107429
"953","Canberra","B",0.999965659340659,0.915254853694884
"954","Cancun","D",1,0.932023821590759
"955","Canela","B",0.999965659340659,0.844563196994543
"956","Cangamba","C",1,0.917464916492248
"957","Cangzhou","A",0.999928926794598,0.89434458873336
"958","Caninde","C",1,0.66499283170745
"959","Canoas","B",0.999965659340659,0.872566457270811
"960","Canoinhas","B",0.999965659340659,0.576001790759748
"961","Canton","B",0.999965659340659,0.877467659050042
"962","Cap-Haitien","D",1,0.929841260051002
"963","Capanema","D",1,0.912600069261674
"964","Cape Coast","D",1,0.936411404485111
"965","Cape Coral","D",1,0.927460636094919
"966","Cape Dorset","A",0.999928926794598,0.937798355602969
"967","Cape Girardeau","B",0.999965659340659,0.916432740049966
"968","Cape Town","B",0.999965659340659,0.89948494558935
"969","Caracarai","D",1,0.915317058520937
"970","Caracas","D",1,0.826434885992521
"971","Carahue","B",0.999965659340659,0.91358279817835
"972","Caratinga","D",1,0.573961778428382
"973","Carazinho","B",0.999965659340659,0.639759144211402
"974","Carbondale","B",0.999965659340659,0.920841344689221
"975","Cardiff","B",0.999965659340659,0.918861573132355
"976","Carhue","B",0.999965659340659,0.903706614815058
"977","Carlisle","B",0.999965659340659,0.917141555575754
"978","Carlsbad","C",1,0.899420768269315
"979","Carmelo","B",0.999965659340659,0.90972519726272
"980","Carnot","D",1,0.927836389853536
"981","Carora","C",1,0.791096372109993
"982","Carpina","D",1,0.924548282466501
"983","Carson City","C",1,0.590620244672895
"984","Cartagena1","D",1,0.916352581814035
"985","Cartagena2","C",1,0.814843523413161
"986","Cartago1","D",1,0.915692713934515
"987","Cartago2","D",1,0.90620826432861
"988","Cartwright","B",0.999965659340659,0.571313004344328
"989","Caruaru","C",1,0.841551331198372
"990","Carupano","D",1,0.884911132902156
"991","Casa Grande","C",1,0.911028575709593
"992","Casablanca","C",1,0.803820102558076
"993","Cascavel","D",1,0.572532582011454
"994","Caserta","B",0.999965659340659,0.895400656195406
"995","Casper","A",0.999928926794598,0.919095689209837
"996","Castanhal","D",1,0.902548113156593
"997","Castello","B",0.999965659340659,0.674988187429774
"998","Castries","D",1,0.903522702828163
"999","Castro1","B",0.999965659340659,0.86561489923286
"1000","Castro2","B",0.999965659340659,0.751805678808109
"1001","Catalao","D",1,0.911143247478235
"1002","Catamarca","C",1,0.911701485154173
"1003","Catanduva","D",1,0.932267777673145
"1004","Catania","C",1,0.784299799153943
"1005","Catanzaro","B",0.999965659340659,0.89836340790905
"1006","Cauquenes","C",1,0.669031708275273
"1007","Caxias","D",1,0.937201356575525
"1008","Caxias do Sul","B",0.999965659340659,0.877431664698842
"1009","Caxito","C",1,0.898116763178628
"1010","Cayambe","B",0.999965659340659,0.745229531461711
"1011","Cayenne","D",1,0.907085040125985
"1012","Cebu","D",1,0.929840857930361
"1013","Cedar City","A",0.999928926794598,0.700927326713921
"1014","Cedar Rapids","A",0.999928926794598,0.935740671418192
"1015","Ceduna","B",0.999965659340659,0.550162538312896
"1016","Celaya","C",1,0.915870882711068
"1017","Celeken","B",0.999965659340659,0.583538191578694
"1018","Central Coast","B",0.999965659340659,0.873103789745609
"1019","Centralia","B",0.999965659340659,0.914883303543502
"1020","Ceres","D",1,0.904733193316611
"1021","Cerrillos","C",1,0.872080188992112
"1022","Cerro de Pasco","B",0.999965659340659,0.636743319447462
"1023","Ceske Budejovice","A",0.999928926794598,0.667933953536068
"1024","Chabahar","C",1,0.911752769227842
"1025","Chacabuco","B",0.999965659340659,0.913879819817298
"1026","Chachapoyas","B",0.999965659340659,0.726896032056777
"1027","Chadron","A",0.999928926794598,0.922075274167152
"1028","Chaiyaphum","D",1,0.751852101311817
"1029","Chake Chake","D",1,0.922820392894689
"1030","Chalkida","B",0.999965659340659,0.714627855500642
"1031","Challapata","A",0.999928926794598,0.440015642493433
"1032","Chamical","C",1,0.913219987674745
"1033","Champoton","D",1,0.936129929379347
"1034","Chancay","C",1,0.888158214890952
"1035","Chandigarh","C",1,0.908661809291266
"1036","Chandrapur","C",1,0.907533148243705
"1037","Changchun","A",0.999928926794598,0.937958273824865
"1038","Changde","B",0.999965659340659,0.892807841968397
"1039","Changhua","D",1,0.934384681375536
"1040","Changling","A",0.999928926794598,0.937954614524257
"1041","Changping","A",0.999928926794598,0.913575203840199
"1042","Changsha","B",0.999965659340659,0.89748874879406
"1043","Changting","B",0.999965659340659,0.709843458450326
"1044","Changyon","A",0.999928926794598,0.940515820150259
"1045","Changzhi","A",0.999928926794598,0.93580735887333
"1046","Changzhou","B",0.999965659340659,0.919654734369069
"1047","Channel-Port aux Basques","B",0.999965659340659,0.916106403669894
"1048","Chanthaburi","D",1,0.917125139293505
"1049","Chaoyang","A",0.999928926794598,0.936760514614219
"1050","Chaozhou","D",1,0.93884233173555
"1051","Chapadinha","D",1,0.929846674922744
"1052","Chapaev","A",0.999928926794598,0.937069474854447
"1053","Chapayevsk","A",0.999928926794598,0.935991472721124
"1054","Chapleau","A",0.999928926794598,0.936235618440932
"1055","Charata","C",1,0.899781749355619
"1056","Charikar","C",1,0.694966605320549
"1057","Charleroi","B",0.999965659340659,0.918166361447315
"1058","Charleston1","B",0.999965659340659,0.864365291863903
"1059","Charleston2","B",0.999965659340659,0.917507087114724
"1060","Charleville","C",1,0.908686989253988
"1061","Charlotte","B",0.999965659340659,0.916913656784865
"1062","Charlottesville","B",0.999965659340659,0.914533959299315
"1063","Charlottetown","B",0.999965659340659,0.906342979585425
"1064","Charters Towers","C",1,0.901386455886389
"1065","Chascomus","B",0.999965659340659,0.920409316199717
"1066","Chattanooga","B",0.999965659340659,0.917240822230642
"1067","Chau Doc","D",1,0.88337849039551
"1068","Chauk","C",1,0.917590861090748
"1069","Cheboksary","A",0.999928926794598,0.937727825642322
"1070","Chegdomyn","A",0.999928926794598,0.938019372402694
"1071","Chelyabinsk","A",0.999928926794598,0.937369964346876
"1072","Chemnitz","B",0.999965659340659,0.911975069996698
"1073","Chengde","A",0.999928926794598,0.936369352901451
"1074","Chengdu","C",1,0.679465561434327
"1075","Chennai","C",1,0.722589931502324
"1076","Chenzhou","B",0.999965659340659,0.884035987652598
"1077","Cheongju","A",0.999928926794598,0.760498377205838
"1078","Chepes","C",1,0.912417875850516
"1079","Cherbourg","B",0.999965659340659,0.920581917034882
"1080","Cheremkhovo","A",0.999928926794598,0.936193041787597
"1081","Cherepanovo","A",0.999928926794598,0.938081256745229
"1082","Cherepovets","A",0.999928926794598,0.936958093002731
"1083","Cherkasy","A",0.999928926794598,0.935225763990769
"1084","Cherkessk","A",0.999928926794598,0.935974335204065
"1085","Cherlak","A",0.999928926794598,0.94160512979176
"1086","Chernihiv","A",0.999928926794598,0.939235768048825
"1087","Chernivtsi","A",0.999928926794598,0.936207519218257
"1088","Chernogorsk","A",0.999928926794598,0.938577346961295
"1089","Chernyakhovsk","A",0.999928926794598,0.613022776575915
"1090","Chester","B",0.999965659340659,0.915081044456338
"1091","Chesterfield Inlet","A",0.999928926794598,0.936184133156527
"1092","Chetumal","D",1,0.935513055548505
"1093","Chevery","B",0.999965659340659,0.819664982010212
"1094","Cheyenne","A",0.999928926794598,0.920505566059904
"1095","Chiai","D",1,0.923464296466932
"1096","Chiang Mai","C",1,0.893947899173847
"1097","Chiang Rai","D",1,0.919624620182216
"1098","Chibemba","C",1,0.910392600559426
"1099","Chibia","C",1,0.912799696488246
"1100","Chicago","A",0.999928926794598,0.630645673431624
"1101","Chiclayo","C",1,0.906382460815422
"1102","Chico","C",1,0.904379285117977
"1103","Chicoutimi","A",0.999928926794598,0.934954321300133
"1104","Chifeng","A",0.999928926794598,0.935344380173916
"1105","Chignik","A",0.999928926794598,0.520554062120033
"1106","Chihuahua","C",1,0.91085266488771
"1107","Chilca","C",1,0.898366458310105
"1108","Childress","C",1,0.83999930830855
"1109","Chilecito","C",1,0.914927719486948
"1110","Chililabombwe","C",1,0.903021635803802
"1111","Chillan","B",0.999965659340659,0.643286710314357
"1112","Chilpancingo","C",1,0.897487631669372
"1113","Chimbote","C",1,0.886373322032508
"1114","Chimboy","A",0.999928926794598,0.624008156420281
"1115","Chimoio","D",1,0.848564838822024
"1116","Chinandega","D",1,0.925260837156775
"1117","Chincha Alta","C",1,0.902228616776455
"1118","Chingola","C",1,0.905894900667147
"1119","Chinhoyi","C",1,0.901462133521516
"1120","Chiniot","C",1,0.913938369559603
"1121","Chinsali","C",1,0.888404087750384
"1122","Chipata","C",1,0.897535716098511
"1123","Chiquinquira","D",1,0.654253859176089
"1124","Chirala","C",1,0.8227570060872
"1125","Chiramba","C",1,0.907268181922169
"1126","Chirchiq","C",1,0.723440504294553
"1127","Chiredzi","C",1,0.903260628724144
"1128","Chisinau","A",0.999928926794598,0.938790468430413
"1129","Chistopol","A",0.999928926794598,0.936817627072574
"1130","Chita","A",0.999928926794598,0.935535203283807
"1131","Chitipa","C",1,0.87552770869468
"1132","Chitre","D",1,0.927347810401134
"1133","Chittagong","D",1,0.914165400036829
"1134","Chitungwiza","C",1,0.909701303034051
"1135","Chivilcoy","B",0.999965659340659,0.912452832546967
"1136","Chlef","C",1,0.906773013526816
"1137","Cholpon Ata","A",0.999928926794598,0.936847566698711
"1138","Choluteca","D",1,0.916351436996982
"1139","Choma","C",1,0.905811413141235
"1140","Chon Buri","D",1,0.921538155278157
"1141","Chonchi","B",0.999965659340659,0.867064118897081
"1142","Chone","D",1,0.909216203941434
"1143","Chongjin","A",0.999928926794598,0.938094503097881
"1144","Chongju","A",0.999928926794598,0.936626541718738
"1145","Chongqing","C",1,0.829716708628294
"1146","Chos Malal","C",1,0.531303609254474
"1147","Chosan","A",0.999928926794598,0.939394216322204
"1148","Chosica","C",1,0.89647565963321
"1149","Chota","C",1,0.483947722296609
"1150","Choybalsan","A",0.999928926794598,0.937543296434898
"1151","Christchurch","B",0.999965659340659,0.915566891404195
"1152","Christiansted","D",1,0.935378242836291
"1153","Chukai","D",1,0.911275314492816
"1154","Chulucanas","C",1,0.887326290127974
"1155","Chumbicha","C",1,0.913464464009021
"1156","Chumphon","D",1,0.90946872683047
"1157","Chuncheon","A",0.999928926794598,0.934706638761549
"1158","Chungli","D",1,0.870109110841829
"1159","Chuquicamata","C",1,0.91144590597217
"1160","Chur","B",0.999965659340659,0.91972344769562
"1161","Chusovoy","A",0.999928926794598,0.935627664752275
"1162","Chuxiong","C",1,0.836087632749034
"1163","Ciego de Avila","D",1,0.931962889094165
"1164","Cienaga","D",1,0.927623552650011
"1165","Cienfuegos","D",1,0.938019964586332
"1166","Cilacap","D",1,0.899610841270817
"1167","Cincinnati","B",0.999965659340659,0.916469658579862
"1168","Cirebon","D",1,0.900351633485096
"1169","Ciudad Bolivar","C",1,0.566963909330985
"1170","Ciudad Camargo","C",1,0.915506802253381
"1171","Ciudad Constitucion","C",1,0.914312282067348
"1172","Ciudad Cortes","D",1,0.907960048216914
"1173","Ciudad del Carmen","D",1,0.915324926259979
"1174","Ciudad del Este","D",1,0.894360395140798
"1175","Ciudad Guayana","D",1,0.882364433523743
"1176","Ciudad Guzman","C",1,0.915155194539026
"1177","Ciudad Hidalgo","C",1,0.916127016346941
"1178","Ciudad JuÌÁrez","C",1,0.912854873168615
"1179","Ciudad Madero","D",1,0.874099721078817
"1180","Ciudad Mante","C",1,0.710952073406067
"1181","Ciudad Obregon","C",1,0.920124715556672
"1182","Ciudad Valles","C",1,0.492767693447509
"1183","Ciudad Victoria","C",1,0.90827803177497
"1184","Civitavecchia","B",0.999965659340659,0.908824102477725
"1185","Clare","B",0.999965659340659,0.777399511490262
"1186","Clarksburg","B",0.999965659340659,0.923210847804937
"1187","Clarksville","B",0.999965659340659,0.920663125337773
"1188","Cleburne","B",0.999965659340659,0.836643408125736
"1189","Clermont-Ferrand","B",0.999965659340659,0.915945431448988
"1190","Cleveland","B",0.999965659340659,0.881571625460727
"1191","Cliza","C",1,0.580218837789801
"1192","Cloncurry","C",1,0.926131771548236
"1193","Clovis","C",1,0.840756820232932
"1194","Cluj-Napoca","A",0.999928926794598,0.928745731024882
"1195","Coalcoman","C",1,0.909684614231325
"1196","Coari","D",1,0.909643398647462
"1197","Coatzacoalcos","D",1,0.90655138521577
"1198","Cobalt","A",0.999928926794598,0.935950040942185
"1199","Coban","D",1,0.903045054830389
"1200","Cobija","D",1,0.92844620139828
"1201","Cobram","B",0.999965659340659,0.871039392354517
"1202","Coburg","B",0.999965659340659,0.916981314978663
"1203","Cochabamba","C",1,0.505673351232658
"1204","Cochin","D",1,0.912052268596743
"1205","Cochrane","A",0.999928926794598,0.937662450899642
"1206","Cody","A",0.999928926794598,0.919902749869999
"1207","Coffeyville","B",0.999965659340659,0.837806974118084
"1208","Coffs Harbour","D",1,0.921900639146388
"1209","Coihaique","B",0.999965659340659,0.915959546154493
"1210","Coimbatore","C",1,0.890738515155193
"1211","Coimbra","B",0.999965659340659,0.896778202284579
"1212","Colac","B",0.999965659340659,0.916010750441256
"1213","Colesberg","C",1,0.854721875242329
"1214","Colima","C",1,0.900176870138708
"1215","Colinas","D",1,0.878316456498632
"1216","Collipulli","B",0.999965659340659,0.906244302891421
"1217","Colombo","D",1,0.903660236371194
"1218","Colon1","D",1,0.904925726612561
"1219","Colon2","D",1,0.930099726319503
"1220","Colorado Springs","A",0.999928926794598,0.911746903438441
"1221","Columbia1","B",0.999965659340659,0.916912537132682
"1222","Columbia2","B",0.999965659340659,0.913772166208054
"1223","Columbia3","B",0.999965659340659,0.917151760778794
"1224","Columbus1","B",0.999965659340659,0.915356988077851
"1225","Columbus2","B",0.999965659340659,0.895275779878355
"1226","Comallo","B",0.999965659340659,0.653776269434652
"1227","Comandante Fontana","C",1,0.900050486689694
"1228","Comayagua","C",1,0.732733222404803
"1229","Combarbala","C",1,0.904024385489656
"1230","Comilla","D",1,0.927487036950572
"1231","Como","B",0.999965659340659,0.915902886767051
"1232","Comodoro Rivadavia","B",0.999965659340659,0.911448171114341
"1233","Comondante Luis Piedrabuena","B",0.999965659340659,0.753321675169607
"1234","Compostela","D",1,0.851470676629997
"1235","Conakry","D",1,0.905464784342876
"1236","Concepcion del Uruguay","B",0.999965659340659,0.898966412326348
"1237","Concepcion1","B",0.999965659340659,0.894401821649903
"1238","Concepcion2","D",1,0.940576271837478
"1239","Concord","B",0.999965659340659,0.882353432126959
"1240","Concordia1","B",0.999965659340659,0.900264649817975
"1241","Concordia2","B",0.999965659340659,0.771200483672344
"1242","Conselheiro Lafaiete","D",1,0.937410287695083
"1243","Constanta","B",0.999965659340659,0.913345745430252
"1244","Constantine","C",1,0.806559508004484
"1245","Constitucion","B",0.999965659340659,0.59647285033825
"1246","Contamana","D",1,0.929182700346277
"1247","Conway","B",0.999965659340659,0.904725174930914
"1248","Cooma","B",0.999965659340659,0.916992916650057
"1249","Coos Bay","B",0.999965659340659,0.886236476130266
"1250","Copenhagen","B",0.999965659340659,0.916521087988372
"1251","Copiapo","C",1,0.91431583681223
"1252","Coquimbo","C",1,0.909352834961073
"1253","Coracora","C",1,0.557965126417264
"1254","Coral Gables","D",1,0.9420923754589
"1255","Coral Springs","D",1,0.93088699431223
"1256","Cordoba1","C",1,0.782567347915354
"1257","Cordoba2","C",1,0.915265822381854
"1258","Cordoba3","D",1,0.928141894754098
"1259","Cordova","B",0.999965659340659,0.88594043307346
"1260","Cork","B",0.999965659340659,0.916032972385667
"1261","Corner Brook","B",0.999965659340659,0.899442124153023
"1262","Cornwall","A",0.999928926794598,0.883773869961218
"1263","Coro","C",1,0.564215999838226
"1264","Coronel","B",0.999965659340659,0.884877242457326
"1265","Coronel Bogado","D",1,0.640475881248705
"1266","Coronel Oviedo","D",1,0.920643590908482
"1267","Coronel Suarez","B",0.999965659340659,0.919635593406931
"1268","Corpus Christi","B",0.999965659340659,0.552705199061307
"1269","Corrientes","B",0.999965659340659,0.754343655391069
"1270","Corum","A",0.999928926794598,0.41950728049478
"1271","Corumba","D",1,0.939469792300555
"1272","Corvallis","B",0.999965659340659,0.909988713929591
"1273","Cotabato","D",1,0.913092075659827
"1274","Cotonou","D",1,0.928882490165469
"1275","Cottbus","B",0.999965659340659,0.908926167686036
"1276","Council Bluffs","A",0.999928926794598,0.937713977569396
"1277","Courtenay","B",0.999965659340659,0.916892343179514
"1278","Coventry","B",0.999965659340659,0.920129238976879
"1279","Covilha","B",0.999965659340659,0.753726850253172
"1280","Covington","B",0.999965659340659,0.919301784786145
"1281","Cowell","B",0.999965659340659,0.858983104560923
"1282","Cowra","B",0.999965659340659,0.916521390383064
"1283","Craig","A",0.999928926794598,0.936626778556423
"1284","Craiova","B",0.999965659340659,0.919713490957483
"1285","Cranbourne","B",0.999965659340659,0.91501028820844
"1286","Cranbrook","A",0.999928926794598,0.938977502084357
"1287","Crateus","C",1,0.774278759967914
"1288","Crato","C",1,0.883380214148707
"1289","Crescent City","D",1,0.611355532223589
"1290","Crestview","B",0.999965659340659,0.748172014230443
"1291","Criciuma","D",1,0.761869603889024
"1292","Cristalina","D",1,0.931391892938114
"1293","Crookston","A",0.999928926794598,0.935468040989741
"1294","Crotone","B",0.999965659340659,0.746452190536306
"1295","Cruzeiro do Sul","D",1,0.917264423986659
"1296","Cuamba","C",1,0.890022083962606
"1297","Cuauhtemoc","C",1,0.896516855577082
"1298","Cubal","C",1,0.882810870083744
"1299","Cucuta","D",1,0.929324715254209
"1300","Cuddalore","D",1,0.867639263288149
"1301","Cuenca","B",0.999965659340659,0.744882210481472
"1302","Cuencame","C",1,0.914394821255074
"1303","Cuernavaca","C",1,0.893098357204946
"1304","Cuevo","C",1,0.87623907570563
"1305","Cuiaba","D",1,0.890713404087074
"1306","Culiacan","C",1,0.867238560346502
"1307","Cumana","D",1,0.842628785663922
"1308","Cumberland","B",0.999965659340659,0.907867567004205
"1309","Curanilahue","B",0.999965659340659,0.880254526537783
"1310","Curepipe","D",1,0.905322448648999
"1311","Curico","C",1,0.885886815907265
"1312","Curitiba","B",0.999965659340659,0.803519188369284
"1313","Curvelo","D",1,0.764930424801645
"1314","Cusco","B",0.999965659340659,0.483708333602829
"1315","Cutral Co","C",1,0.711370553888551
"1316","Cuttack","D",1,0.858605025094532
"1317","Cyangugu","D",1,0.922793293533183
"1318","Da Lat","D",1,0.934301397347833
"1319","Da Nang","D",1,0.904123228504546
"1320","Daan","A",0.999928926794598,0.936436419225157
"1321","Dabou","D",1,0.918059063590707
"1322","Daegu","A",0.999928926794598,0.706425061147461
"1323","Daejeon","B",0.999965659340659,0.451926968194779
"1324","Dagupan","D",1,0.925862521654872
"1325","Dakar","C",1,0.837287201105985
"1326","Dalandzadgad","A",0.999928926794598,0.935018993879517
"1327","Dalby","C",1,0.852709095177457
"1328","Dalhart","A",0.999928926794598,0.494271913846241
"1329","Dali1","A",0.999928926794598,0.875292939269983
"1330","Dali2","C",1,0.618606131440675
"1331","Dalian","A",0.999928926794598,0.937908093714682
"1332","Dallas","B",0.999965659340659,0.812104675579509
"1333","Dalnegorsk","A",0.999928926794598,0.937024494104605
"1334","Dalnerechensk","A",0.999928926794598,0.938341498653875
"1335","Daloa","D",1,0.926621122618508
"1336","Dalton","B",0.999965659340659,0.920500475204278
"1337","DamanhÌÈr","C",1,0.911705762210616
"1338","Damascus","C",1,0.90550210119255
"1339","Dandong","A",0.999928926794598,0.935189710724509
"1340","Dangriga","D",1,0.910318194533116
"1341","Danjiangkou","A",0.999928926794598,0.308983203443987
"1342","Danville","B",0.999965659340659,0.916256265765623
"1343","Daqing","A",0.999928926794598,0.935769643343369
"1344","Dar es Salaam","D",1,0.909457642181119
"1345","Darnah","C",1,0.890158602789699
"1346","Darregueira","B",0.999965659340659,0.913385411386221
"1347","Darwin","D",1,0.924236227377581
"1348","Dasoguz","C",1,0.656804638431861
"1349","Datong","A",0.999928926794598,0.939722043705448
"1350","Daugavpils","A",0.999928926794598,0.937753924201854
"1351","Dauphin","A",0.999928926794598,0.935766405346202
"1352","Davangere","C",1,0.912738371817047
"1353","Davao","D",1,0.911161149165367
"1354","Davenport","A",0.999928926794598,0.936305589815788
"1355","David","D",1,0.907833313820943
"1356","Dawei","D",1,0.907308633919833
"1357","Dawmat al Jandal","C",1,0.917284791572163
"1358","Dawson Creek","A",0.999928926794598,0.936657978987819
"1359","Dayr az Azwr","C",1,0.909432495759508
"1360","Dayton","B",0.999965659340659,0.892692338676604
"1361","Daytona Beach","D",1,0.796297810984757
"1362","De Aar","C",1,0.898959586778517
"1363","Debre Birhan","C",1,0.803191091129104
"1364","Debre Markos","D",1,0.912400283203282
"1365","Debrecen","A",0.999928926794598,0.531730850903948
"1366","Decatur","B",0.999965659340659,0.63009845808179
"1367","Deer Lake","B",0.999965659340659,0.762513352181772
"1368","Dehibat","C",1,0.907033062427763
"1369","Dehra Dun","D",1,0.700939278244395
"1370","Del Rio","C",1,0.919524739512816
"1371","Delano","C",1,0.913107051154134
"1372","Delhi","C",1,0.919984963229291
"1373","Delicias","C",1,0.914747068048555
"1374","Demba","D",1,0.931184537229773
"1375","Dembi Dolo","D",1,0.930811333698085
"1376","Deming","C",1,0.912279970587909
"1377","Dengzhou","A",0.999928926794598,0.551956903923499
"1378","Deniliquin","B",0.999965659340659,0.827699177798711
"1379","Denizli","C",1,0.832657720939791
"1380","Denow","C",1,0.912137006110891
"1381","Denpasar","D",1,0.905370510438479
"1382","Denton","B",0.999965659340659,0.845564311603561
"1383","Denver","A",0.999928926794598,0.922472883961769
"1384","Dera Ghazi Khan","C",1,0.910050102424053
"1385","Dera Ismail Khan","C",1,0.913815927054078
"1386","Derbent","B",0.999965659340659,0.915401937440028
"1387","Derzhavinsk","A",0.999928926794598,0.937785289971144
"1388","Des Moines","A",0.999928926794598,0.937677325388478
"1389","Desaguadero","A",0.999928926794598,0.330896672260487
"1390","Dese","C",1,0.844943448848308
"1391","Detroit","B",0.999965659340659,0.566527754231098
"1392","Devils Lake","A",0.999928926794598,0.939724602537606
"1393","Devonport","B",0.999965659340659,0.917857384567033
"1394","Deyang","C",1,0.728520159612463
"1395","Dezful","C",1,0.909939710302299
"1396","Dezhou","A",0.999928926794598,0.869290381031304
"1397","Dhaka","D",1,0.927879355280403
"1398","Dhamar","C",1,0.915088294524631
"1399","Dhanbad","C",1,0.891416694996959
"1400","Dhule","C",1,0.912492153690143
"1401","Diamantina","D",1,0.850879099421699
"1402","Dibaya","D",1,0.929922582524174
"1403","Dibrugarh","D",1,0.916314429966228
"1404","Dickinson","A",0.999928926794598,0.936355273147313
"1405","Dieppe","B",0.999965659340659,0.916199396390059
"1406","Diffa","C",1,0.913283632934759
"1407","Digby","B",0.999965659340659,0.919591734643315
"1408","Dijon","B",0.999965659340659,0.914488973068217
"1409","Dila","D",1,0.63684599133936
"1410","Dili","D",1,0.872107939119721
"1411","Dillingham","A",0.999928926794598,0.938888449465463
"1412","Dillon","A",0.999928926794598,0.929977234574946
"1413","Dilolo","C",1,0.877720222672945
"1414","Dimbokro","D",1,0.87010544821975
"1415","Dimitrovgrad","A",0.999928926794598,0.937867235379083
"1416","Dindigul","C",1,0.892901814221196
"1417","Dingzhou","A",0.999928926794598,0.818010512709669
"1418","Diourbel","C",1,0.909313285923956
"1419","Dire Dawa","C",1,0.899519364785421
"1420","Dirj","C",1,0.905614344620611
"1421","DÌùsseldorf","B",0.999965659340659,0.917102700843021
"1422","Divinopolis","D",1,0.924094319386269
"1423","Diyarbakir","C",1,0.897632128455103
"1424","Djambala","D",1,0.920879630481723
"1425","Djanet","C",1,0.909204920477749
"1426","Djelfa","C",1,0.769883925168379
"1427","Djenne","C",1,0.914431993695122
"1428","Djibouti","C",1,0.916049414195273
"1429","Djougou","D",1,0.747544294465788
"1430","Dnipropetrovsk","A",0.999928926794598,0.934636310068204
"1431","Doba","C",1,0.583240710233921
"1432","Dobrich","B",0.999965659340659,0.804848019591593
"1433","Dodge City","A",0.999928926794598,0.893844458332968
"1434","Dodoma","C",1,0.912911959479936
"1435","Doha","C",1,0.917044605364869
"1436","Dolbeau","A",0.999928926794598,0.936669863927018
"1437","Dolinsk","A",0.999928926794598,0.89496839144788
"1438","Dolo Bay","C",1,0.905626108543334
"1439","Dolores","B",0.999965659340659,0.918866426266348
"1440","Dombarovskiy","A",0.999928926794598,0.937090723831921
"1441","Dondo1","D",1,0.930185412843097
"1442","Dondo2","C",1,0.844683027435091
"1443","Donegal","B",0.999965659340659,0.918042288194432
"1444","Donetsk","A",0.999928926794598,0.929424152849171
"1445","Dong Hoi","D",1,0.909543018321008
"1446","Dongola","C",1,0.915345188663108
"1447","Dortmund","B",0.999965659340659,0.915757276622039
"1448","Dosso","C",1,0.90892587197556
"1449","Dothan","B",0.999965659340659,0.902195226388977
"1450","Douala","D",1,0.907505000102479
"1451","Douglas1","B",0.999965659340659,0.888536991272072
"1452","Douglas2","A",0.999928926794598,0.915086667907907
"1453","Douglas3","B",0.999965659340659,0.920331087367084
"1454","Douglas4","C",1,0.913781919913968
"1455","Dourados","D",1,0.928379624099787
"1456","Dover1","B",0.999965659340659,0.917566365395178
"1457","Dover2","B",0.999965659340659,0.92220756449454
"1458","Drammen","B",0.999965659340659,0.910729508818508
"1459","Dresden","B",0.999965659340659,0.918698932589674
"1460","Drobeta-Turnu Severin","B",0.999965659340659,0.913250025089878
"1461","Drogheda","B",0.999965659340659,0.921053124550897
"1462","Drohobych","A",0.999928926794598,0.87753868250091
"1463","Drummondville","A",0.999928926794598,0.876516971971994
"1464","Dryden","A",0.999928926794598,0.93851358742314
"1465","Dubayy","C",1,0.916591859352494
"1466","Dubbo","B",0.999965659340659,0.850765157499131
"1467","Dublin1","B",0.999965659340659,0.911118464067653
"1468","Dublin2","B",0.999965659340659,0.91675488203467
"1469","Dubrovnik","B",0.999965659340659,0.919868768838883
"1470","Dubuque","A",0.999928926794598,0.936614773197789
"1471","Dudinka","A",0.999928926794598,0.937534936073976
"1472","Duisburg","B",0.999965659340659,0.916625650638411
"1473","Duitama","B",0.999965659340659,0.615296387609311
"1474","Duluth","A",0.999928926794598,0.935156733774237
"1475","Duma","C",1,0.901848666092615
"1476","Dumas","A",0.999928926794598,0.496994342003465
"1477","Dumfries","B",0.999965659340659,0.915507676292491
"1478","Dumyat","C",1,0.909231236729712
"1479","Dund-Us","A",0.999928926794598,0.936812662034637
"1480","Dundalk","B",0.999965659340659,0.917171241724141
"1481","Dundee","B",0.999965659340659,0.916023504499923
"1482","Dundo","D",1,0.933532069900165
"1483","Dunedin","B",0.999965659340659,0.915737883464181
"1484","Dunhua","A",0.999928926794598,0.937612725749239
"1485","Dunhuang","A",0.999928926794598,0.876898375086123
"1486","Duque de Caxias","D",1,0.933380517197314
"1487","Durango1","C",1,0.917594531826795
"1488","Durango2","A",0.999928926794598,0.839845041205919
"1489","Durazno","B",0.999965659340659,0.90464996032271
"1490","Durban","B",0.999965659340659,0.329573077431769
"1491","Durham","B",0.999965659340659,0.924796615111642
"1492","Durres","B",0.999965659340659,0.895012840160755
"1493","Dushanbe","C",1,0.833305799332039
"1494","Dyatkovo","A",0.999928926794598,0.935786646735154
"1495","Dzaoudzi","D",1,0.930574756674011
"1496","Dzerzhinsk","A",0.999928926794598,0.934899996296254
"1497","Dzhankoy","B",0.999965659340659,0.747169656912907
"1498","Dzuunharaa","A",0.999928926794598,0.937755677346543
"1499","Eagle","A",0.999928926794598,0.936068368785759
"1500","Eagle Pass","C",1,0.911009583197064
"1501","East London","B",0.999965659340659,0.863191337871814
"1502","Eastmain","A",0.999928926794598,0.936864385336532
"1503","Eau Claire","A",0.999928926794598,0.937595560986962
"1504","Ebolowa","D",1,0.929614567046243
"1505","Echuca","B",0.999965659340659,0.863166843140402
"1506","Ed Damazin","C",1,0.902930249805678
"1507","Ed Dueim","C",1,0.911241468919929
"1508","EdDamer","C",1,0.914365414933078
"1509","Edea","D",1,0.9183337658236
"1510","Edinburg","C",1,0.910015628806001
"1511","Edinburgh","B",0.999965659340659,0.92125409314653
"1512","Edirne","B",0.999965659340659,0.904746716172233
"1513","Edmonton","A",0.999928926794598,0.938049973517761
"1514","Edmundston","A",0.999928926794598,0.941400583172433
"1515","Egilsstadir","B",0.999965659340659,0.917389014592444
"1516","Eindhoven","B",0.999965659340659,0.917416035563443
"1517","Eirunepe","D",1,0.928993906900236
"1518","Ekibastuz","A",0.999928926794598,0.936426135722238
"1519","El Alamein","C",1,0.911450458312778
"1520","El Arish","C",1,0.913440629325299
"1521","El Banco","D",1,0.912542942571436
"1522","El Bayadh","C",1,0.824940736551694
"1523","El Calafate","B",0.999965659340659,0.781123479782046
"1524","El Carmen de Bolivar","D",1,0.935580266848257
"1525","El Centro","C",1,0.913730696025368
"1526","El Daba","C",1,0.911990177226589
"1527","El Dorado1","B",0.999965659340659,0.906092375662128
"1528","El Dorado2","D",1,0.923568058389767
"1529","El Faiyum","C",1,0.913379175427615
"1530","El Fasher","C",1,0.907203536660061
"1531","El Fuerte","C",1,0.910177283854267
"1532","El Giza","C",1,0.913461799641299
"1533","El Golea","C",1,0.911799706405088
"1534","El Jadida","C",1,0.829950585767766
"1535","El Kef","C",1,0.795602958214773
"1536","El Maiten","B",0.999965659340659,0.911150388975373
"1537","El Manaqil","C",1,0.9189260987724
"1538","El Mansura","C",1,0.911419733107088
"1539","El Manteco","D",1,0.931165796764393
"1540","El Minya","C",1,0.916403797927637
"1541","El Obeid","C",1,0.912778185584217
"1542","El Oued","C",1,0.907150724034489
"1543","El Paso","C",1,0.90906568668314
"1544","El Suweis","C",1,0.920601394401476
"1545","El Tigre","C",1,0.81161085594671
"1546","El Tur","C",1,0.919144240764259
"1547","Elazig","C",1,0.720339737321991
"1548","Elbasan","B",0.999965659340659,0.905449126267797
"1549","Elblag","B",0.999965659340659,0.880359998738218
"1550","Eldama Ravine","D",1,0.702296417549542
"1551","Eldorado","C",1,0.84731876874137
"1552","Eldoret","D",1,0.387353852825302
"1553","Elgin","A",0.999928926794598,0.936171424840272
"1554","Elista","A",0.999928926794598,0.936567182488531
"1555","Elk","A",0.999928926794598,0.927510025250464
"1556","Elkhart","A",0.999928926794598,0.564726853608115
"1557","Elko","A",0.999928926794598,0.714850428444982
"1558","Elmira","A",0.999928926794598,0.869408829235165
"1559","Ely1","A",0.999928926794598,0.895346275432798
"1560","Ely2","A",0.999928926794598,0.936238743347315
"1561","Embi","A",0.999928926794598,0.936184195396752
"1562","Embu","D",1,0.917958994279281
"1563","Emden","B",0.999965659340659,0.916443306303667
"1564","Emerald","C",1,0.911382329705604
"1565","Emmonak","A",0.999928926794598,0.937107416386432
"1566","Emporia","A",0.999928926794598,0.928094632990291
"1567","En Nuhud","C",1,0.915648406112735
"1568","Encarnacion","B",0.999965659340659,0.636880820376562
"1569","Ende","D",1,0.930818266302151
"1570","Engels","A",0.999928926794598,0.937658339451904
"1571","Enid","A",0.999928926794598,0.707687128421093
"1572","Ensenada","C",1,0.923865379891773
"1573","Entebbe","D",1,0.9091377412434
"1574","Enterprise","B",0.999965659340659,0.901237438913784
"1575","Enugu","D",1,0.931499908192049
"1576","Er Rachidia","C",1,0.90930150341907
"1577","Erechim","B",0.999965659340659,0.775492684756728
"1578","Eregli","C",1,0.715618202615086
"1579","Erenhot","A",0.999928926794598,0.937742301892381
"1580","Erfurt","B",0.999965659340659,0.715903283003892
"1581","Ergun Zuoqi","A",0.999928926794598,0.936568142262883
"1582","Erie","B",0.999965659340659,0.887654375491439
"1583","Ertis","A",0.999928926794598,0.939408741531962
"1584","Erymentau","A",0.999928926794598,0.938024346691128
"1585","Erzincan","A",0.999928926794598,0.738853996850412
"1586","Erzurum","A",0.999928926794598,0.885571769960718
"1587","Esbjerg","B",0.999965659340659,0.917935501654094
"1588","Escanaba","A",0.999928926794598,0.936377890058355
"1589","Escuinapa","D",1,0.920424940118134
"1590","Escuintla","D",1,0.934098762396534
"1591","Eseka","D",1,0.914568160648873
"1592","Esik","A",0.999928926794598,0.938076860723069
"1593","Esil","A",0.999928926794598,0.937027942543352
"1594","Eskisehir","B",0.999965659340659,0.519756549986577
"1595","Esmeraldas","D",1,0.892645455655085
"1596","Esperance","B",0.999965659340659,0.891276846224746
"1597","Esperanza","C",1,0.912306871581292
"1598","Espungabera","D",1,0.654929269972391
"1599","Esquel","B",0.999965659340659,0.915825966243679
"1600","Essen","B",0.999965659340659,0.917016742369696
"1601","Estancia","D",1,0.905721706943575
"1602","Esteli","C",1,0.642149482231153
"1603","Etawah","C",1,0.912597381441244
"1604","Eugene","B",0.999965659340659,0.909526325597381
"1605","Eumseong","A",0.999928926794598,0.938816610293922
"1606","Eureka","B",0.999965659340659,0.872003400865237
"1607","Evanston","B",0.999965659340659,0.635716452388239
"1608","Evansville","B",0.999965659340659,0.915856044672278
"1609","Everett","B",0.999965659340659,0.914443084851986
"1610","Ewo","D",1,0.928426250842723
"1611","Exeter","B",0.999965659340659,0.921074260228501
"1612","Exmouth","C",1,0.912403945564414
"1613","Eyl","C",1,0.916061162745279
"1614","Eyumojok","D",1,0.906033163438217
"1615","Fada","C",1,0.921861778207029
"1616","Fairbanks","A",0.999928926794598,0.935925090807709
"1617","Faisalabad","C",1,0.914358919689859
"1618","Faizabad","C",1,0.90568446023798
"1619","Falfurrias","C",1,0.912451761998616
"1620","Farafangana","D",1,0.902163458600086
"1621","Farah","C",1,0.910390139920308
"1622","Faranah","D",1,0.891988227826788
"1623","Fargo","A",0.999928926794598,0.936724568070318
"1624","Fargona","C",1,0.704938516836191
"1625","Faribault","A",0.999928926794598,0.936633062765704
"1626","Farmington","C",1,0.704966440732819
"1627","Faro","C",1,0.592061946752097
"1628","Fasa","C",1,0.908178127376445
"1629","Fatehpur","C",1,0.916929075617249
"1630","Fayetteville1","B",0.999965659340659,0.915926769397598
"1631","Fayetteville2","B",0.999965659340659,0.91676472990143
"1632","Feira de Santana","D",1,0.929966882749734
"1633","Felipe Carrillo Puerto","D",1,0.933637436718114
"1634","Fengcheng","B",0.999965659340659,0.770442621442084
"1635","Fengjie","B",0.999965659340659,0.552610368371138
"1636","Fengshan","D",1,0.940981220927629
"1637","Fengzhen","A",0.999928926794598,0.936465381461785
"1638","Ferkessedougou","D",1,0.711874648661691
"1639","Fernandopolis","D",1,0.938218063245791
"1640","Ferrara","B",0.999965659340659,0.915638097477949
"1641","Ferrenafe","C",1,0.895474492337091
"1642","Feyzabad","A",0.999928926794598,0.358126154883457
"1643","Fez","C",1,0.91064631931831
"1644","Fianarantsoa","D",1,0.867202379713064
"1645","Filadelfia","C",1,0.898655766424253
"1646","Finnsnes","B",0.999965659340659,0.919298078884072
"1647","Firozabad","C",1,0.909666939316327
"1648","Flagstaff","A",0.999928926794598,0.623573710341312
"1649","Flensburg","B",0.999965659340659,0.9150023711277
"1650","Flin Flon","A",0.999928926794598,0.936402643972211
"1651","Flint","A",0.999928926794598,0.93664794328982
"1652","Florence1","B",0.999965659340659,0.905991525503206
"1653","Florence2","B",0.999965659340659,0.9155323200262
"1654","Florence3","B",0.999965659340659,0.914771363044464
"1655","Florencia","D",1,0.896476242843426
"1656","Flores","D",1,0.934273275252075
"1657","Floriano","D",1,0.826264035190927
"1658","Florianopolis","D",1,0.855799915041908
"1659","Focsani","A",0.999928926794598,0.93133631979005
"1660","Foggia","B",0.999965659340659,0.899211555287853
"1661","Fond du Lac","A",0.999928926794598,0.937728521327762
"1662","Fonte Boa","D",1,0.914431570030296
"1663","Forbes","B",0.999965659340659,0.845754169929395
"1664","Formiga","D",1,0.832923606202291
"1665","Formosa1","B",0.999965659340659,0.379782471179127
"1666","Formosa2","D",1,0.929495861379248
"1667","Fort Chipewyan","A",0.999928926794598,0.935680575401203
"1668","Fort Collins","A",0.999928926794598,0.90541049124589
"1669","Fort Good Hope","A",0.999928926794598,0.935470894954405
"1670","Fort Lauderdale","D",1,0.931428436859907
"1671","Fort McMurray","A",0.999928926794598,0.938331851121921
"1672","Fort Pierce","D",1,0.932635117171799
"1673","Fort Resolution","A",0.999928926794598,0.939625824596397
"1674","Fort Severn","A",0.999928926794598,0.936966855997028
"1675","Fort Shevchenko","A",0.999928926794598,0.893441143846064
"1676","Fort Simpson","A",0.999928926794598,0.938753124044797
"1677","Fort Smith1","B",0.999965659340659,0.915548339510587
"1678","Fort Smith2","A",0.999928926794598,0.936428250383828
"1679","Fort St. John","A",0.999928926794598,0.937093138507274
"1680","Fort Stockton","C",1,0.907256615310722
"1681","Fort Wayne","B",0.999965659340659,0.654642741707377
"1682","Fort Yukon","A",0.999928926794598,0.938077755398384
"1683","Fort-de-France","D",1,0.905734247181148
"1684","Fortaleza","D",1,0.925002668988388
"1685","Foshan","D",1,0.934300683114918
"1686","Foumban","D",1,0.93718207838209
"1687","Foz do Iguacu","D",1,0.62044873547243
"1688","Franca","D",1,0.930518677578808
"1689","Franceville","D",1,0.926965719262601
"1690","Francistown","C",1,0.91118251943233
"1691","Frankfort","B",0.999965659340659,0.919434489347977
"1692","Frankfurt","B",0.999965659340659,0.915428822985645
"1693","Fredericksburg","B",0.999965659340659,0.92249756951699
"1694","Fredericton","B",0.999965659340659,0.882264260280667
"1695","Frederikshavn","B",0.999965659340659,0.915483214558664
"1696","Freeport1","B",0.999965659340659,0.852883658487314
"1697","Freeport2","D",1,0.931180730119491
"1698","Freetown","D",1,0.906636433184524
"1699","Freiburg","B",0.999965659340659,0.915753937284018
"1700","Fresnillo","C",1,0.918227929504874
"1701","Fresno","C",1,0.908409477387321
"1702","Fria","D",1,0.905621863044658
"1703","Frias","C",1,0.91598563671943
"1704","Frolovo","A",0.999928926794598,0.935084576557066
"1705","Frontera","D",1,0.92720934172373
"1706","Frutal","D",1,0.91773692599657
"1707","Ft. Dodge","A",0.999928926794598,0.938903735449439
"1708","Ft. Myers","D",1,0.92966792749175
"1709","Ft. Worth","B",0.999965659340659,0.823570767784969
"1710","Fuan","B",0.999965659340659,0.760880185048158
"1711","Fujin","A",0.999928926794598,0.934456183893571
"1712","Fukui","B",0.999965659340659,0.879736244510229
"1713","Fukuoka","B",0.999965659340659,0.563792499155831
"1714","Fukushima","B",0.999965659340659,0.919489094979915
"1715","Fulin","C",1,0.736945720515915
"1716","Funchal","D",1,0.656814491567599
"1717","Funtua","C",1,0.899088027247297
"1718","Furth","B",0.999965659340659,0.909670740452918
"1719","Fushun","A",0.999928926794598,0.936895887994209
"1720","Fuxin","A",0.999928926794598,0.936875884550967
"1721","Fuyang","A",0.999928926794598,0.631001570481353
"1722","Fuyu","A",0.999928926794598,0.936844788177946
"1723","Fuzhou","B",0.999965659340659,0.723897234217469
"1724","Gaalkacyo","C",1,0.912146129584771
"1725","Gabes","C",1,0.912104492029569
"1726","Gaborone","C",1,0.914640537863216
"1727","Gadsden","B",0.999965659340659,0.917114262732819
"1728","Gafsa","C",1,0.913784841923838
"1729","Gagnoa","D",1,0.93483852684293
"1730","Gainesville","D",1,0.591004068169135
"1731","Galati","A",0.999928926794598,0.914418770654692
"1732","Galesburg","A",0.999928926794598,0.938075979610199
"1733","Galle","D",1,0.910068534045265
"1734","Gallup","A",0.999928926794598,0.338129371892445
"1735","Galveston","B",0.999965659340659,0.872250555125675
"1736","Galway","B",0.999965659340659,0.914495947574113
"1737","Gamba","D",1,0.929161327234496
"1738","Ganca","A",0.999928926794598,0.837256870859835
"1739","Gandajika","D",1,0.930365544629592
"1740","Gander","B",0.999965659340659,0.909459514865497
"1741","Gandhinagar","C",1,0.908122796769138
"1742","Gangneung","B",0.999965659340659,0.909421467244637
"1743","Gangtok","D",1,0.923132872606943
"1744","Gannan","A",0.999928926794598,0.935649322604309
"1745","Ganzhou","B",0.999965659340659,0.86973912076712
"1746","Gao","C",1,0.909035257747041
"1747","Garanhuns","D",1,0.922304001977085
"1748","Garca","D",1,0.933908366129787
"1749","Garden City","A",0.999928926794598,0.875274887613606
"1750","Gardiz","A",0.999928926794598,0.855478978093256
"1751","Garissa","C",1,0.910027154585759
"1752","Garoowe","C",1,0.915640147346617
"1753","Garoua","C",1,0.915788788492865
"1754","Gary","B",0.999965659340659,0.640095411225077
"1755","Garzon","D",1,0.93065334365897
"1756","Gashua","C",1,0.913513588346019
"1757","Gaspe","B",0.999965659340659,0.635650220624017
"1758","Gatchina","A",0.999928926794598,0.938146569798995
"1759","Gavle","A",0.999928926794598,0.81277442305524
"1760","Gawler","B",0.999965659340659,0.904050589812999
"1761","Gay","A",0.999928926794598,0.938545457304405
"1762","Gaya1","C",1,0.914445266594902
"1763","Gaya2","C",1,0.907534220090721
"1764","Gaza","C",1,0.915081068695643
"1765","Gaziantep","C",1,0.811806865011951
"1766","Gbadolite","D",1,0.930503971824296
"1767","Gbarnga","D",1,0.915796269337745
"1768","Gdansk","B",0.999965659340659,0.877763509991533
"1769","Gdynia","B",0.999965659340659,0.840496941120176
"1770","Gedaref","C",1,0.911568830218398
"1771","Geelong","B",0.999965659340659,0.91229479104159
"1772","Geita","C",1,0.766830043947115
"1773","Gejiu","B",0.999965659340659,0.666094071153435
"1774","Gelendzhik","B",0.999965659340659,0.915425784956283
"1775","Gemena","D",1,0.925818247982033
"1776","Geneina","C",1,0.914806552030543
"1777","General Conesa","B",0.999965659340659,0.744738782975769
"1778","General Guemes","C",1,0.888189916801367
"1779","General Pico","B",0.999965659340659,0.896823144013922
"1780","General Roca","C",1,0.76152033155437
"1781","General Santos","D",1,0.926432703315612
"1782","Geneva","B",0.999965659340659,0.917708432346572
"1783","Genoa","B",0.999965659340659,0.915747586772175
"1784","Gent","B",0.999965659340659,0.918213600627849
"1785","George","B",0.999965659340659,0.896767736548265
"1786","George Town2","D",1,0.905174256053643
"1787","Georgetown1","D",1,0.905568228203778
"1788","Georgetown2","C",1,0.895850889471742
"1789","Georgievsk","A",0.999928926794598,0.936166696365181
"1790","Gera","B",0.999965659340659,0.786846335172459
"1791","Geraldton1","C",1,0.912813474455644
"1792","Geraldton2","A",0.999928926794598,0.936023159373484
"1793","Ghadamis","C",1,0.909966934251943
"1794","Ghanzi","C",1,0.913876652317463
"1795","Ghardaia","C",1,0.915057722543469
"1796","Gharyan","C",1,0.909665728733941
"1797","Ghat","C",1,0.908667298352388
"1798","Ghaziabad","C",1,0.910490106929519
"1799","Ghazni","A",0.999928926794598,0.736614397072452
"1800","Gibraltar","C",1,0.84671734356963
"1801","Giessen","B",0.999965659340659,0.919317425469015
"1802","Gifu","B",0.999965659340659,0.898441525741041
"1803","Gijon","B",0.999965659340659,0.913492141190586
"1804","Gila Bend","C",1,0.914281017521638
"1805","Gilgit","A",0.999928926794598,0.930010128231646
"1806","Gillette","A",0.999928926794598,0.930083109886475
"1807","Gimbi","D",1,0.926165318987071
"1808","Gimli","A",0.999928926794598,0.939084801860774
"1809","Gingin","C",1,0.90339029444637
"1810","Gingoog","D",1,0.897701118779614
"1811","Girardot","D",1,0.928230206177522
"1812","Gisborne","B",0.999965659340659,0.892474806497107
"1813","Gitarama","D",1,0.916264533071657
"1814","Gitega","D",1,0.539820227039379
"1815","Giyon","D",1,0.490243858896576
"1816","Gjovik","A",0.999928926794598,0.90222792354584
"1817","Gladstone","D",1,0.891271920432584
"1818","Glasgow1","A",0.999928926794598,0.937688819842453
"1819","Glasgow2","B",0.999965659340659,0.916194622069333
"1820","Glazov","A",0.999928926794598,0.938434615436069
"1821","Glendale","C",1,0.90916183030884
"1822","Glendive","A",0.999928926794598,0.937768137900509
"1823","Glenwood Springs","A",0.999928926794598,0.844351298570685
"1824","Gliwice","B",0.999965659340659,0.890311056434524
"1825","Goba","B",0.999965659340659,0.544543458926095
"1826","Gogrial","C",1,0.856516518345218
"1827","Goiana","D",1,0.924769964851142
"1828","Goianesia","D",1,0.902719672395025
"1829","Goiania","D",1,0.90160237155226
"1830","Gold Coast","D",1,0.922112625746465
"1831","Goldsboro","B",0.999965659340659,0.910649509954374
"1832","Golela","C",1,0.905789170877071
"1833","Golmud","A",0.999928926794598,0.929817962366412
"1834","Golyshmanovo","A",0.999928926794598,0.935577061834401
"1835","Goma","D",1,0.85398301979202
"1836","Gombe","C",1,0.909038186187655
"1837","Gomez Palacio","C",1,0.913027689266041
"1838","Gonaives","D",1,0.931805632487855
"1839","Gonbad-e Kavus","C",1,0.892940614343493
"1840","Gonder","C",1,0.848578450288828
"1841","Goodland","A",0.999928926794598,0.897953309424639
"1842","Goondiwindi","C",1,0.900414628555899
"1843","Gorakhpur","C",1,0.877332045659802
"1844","Gorgan","C",1,0.897040052075702
"1845","Gorno Altaysk","A",0.999928926794598,0.935818488098212
"1846","Gornyak","A",0.999928926794598,0.938821746169358
"1847","Goroka","D",1,0.903718157549511
"1848","Gorontalo","D",1,0.904616851143789
"1849","Gorzow Wielkopolski","B",0.999965659340659,0.888878970209652
"1850","Goteborg","B",0.999965659340659,0.923051651639036
"1851","Gottingen","B",0.999965659340659,0.91851404011634
"1852","Goulburn","B",0.999965659340659,0.914763558180914
"1853","Goulimine","C",1,0.905653469258364
"1854","Goundam","C",1,0.912640417356505
"1855","Goure","C",1,0.910218883392857
"1856","Governador Valadares","D",1,0.694982445642669
"1857","Goya","B",0.999965659340659,0.880016987781855
"1858","Goycay","A",0.999928926794598,0.438372523633908
"1859","Graaff Reinet","C",1,0.9107028456518
"1860","Grafton","B",0.999965659340659,0.867121877324689
"1861","Grahamstown","B",0.999965659340659,0.896362825942871
"1862","Granada1","D",1,0.877352679936387
"1863","Granada2","C",1,0.810616757663959
"1864","Grand Bassam","D",1,0.90314434243736
"1865","Grand Canyon","A",0.999928926794598,0.678291969093725
"1866","Grand Forks","A",0.999928926794598,0.937156131375714
"1867","Grand Island","A",0.999928926794598,0.936664041850272
"1868","Grand Junction","A",0.999928926794598,0.902662000938957
"1869","Grand Prairie1","B",0.999965659340659,0.823567436474057
"1870","Grand Prairie2","A",0.999928926794598,0.939423248010994
"1871","Grand Rapids","A",0.999928926794598,0.634235123690955
"1872","Granja","D",1,0.892204861245145
"1873","Grants Pass","B",0.999965659340659,0.500672986968107
"1874","Graz","A",0.999928926794598,0.621412073848153
"1875","Great Falls","A",0.999928926794598,0.937236375816081
"1876","Greeley","A",0.999928926794598,0.894079419521297
"1877","Green Bay","A",0.999928926794598,0.938758372405752
"1878","Green River","A",0.999928926794598,0.921503310187254
"1879","Greeneville","B",0.999965659340659,0.913225455154198
"1880","Greenock","B",0.999965659340659,0.919622944116518
"1881","Greensboro","B",0.999965659340659,0.919645767930638
"1882","Greenville1","B",0.999965659340659,0.911736064578593
"1883","Greenville2","B",0.999965659340659,0.916602917855196
"1884","Greenville3","D",1,0.90906991892644
"1885","Grenoble","B",0.999965659340659,0.918405173861466
"1886","Griffith","B",0.999965659340659,0.830771243579343
"1887","Groningen","B",0.999965659340659,0.915502715543609
"1888","Grootfontein","C",1,0.917486169357547
"1889","Groznyy","A",0.999928926794598,0.90346811257482
"1890","Grudziadz","A",0.999928926794598,0.807097665147582
"1891","Gryazi","A",0.999928926794598,0.936982715910483
"1892","Guadalajara1","C",1,0.92041824673376
"1893","Guadalajara2","C",1,0.590503650316747
"1894","Guaira","D",1,0.91252498515573
"1895","Guajara-Miram","D",1,0.933995174104068
"1896","Gualeguay","B",0.999965659340659,0.903747878893687
"1897","Gualeguaychu","B",0.999965659340659,0.903234713402162
"1898","Guamuchil","C",1,0.904215322184459
"1899","Guanajuato","C",1,0.915011980508833
"1900","Guanambi","C",1,0.887437645867399
"1901","Guanare","D",1,0.928555107008597
"1902","Guangshui","B",0.999965659340659,0.618458717548659
"1903","Guangyuan","C",1,0.774325753229156
"1904","Guangzhou","D",1,0.928565950843053
"1905","Guanhaes","D",1,0.912557647106343
"1906","Guantanamo","D",1,0.920841815759346
"1907","Guaranda","B",0.999965659340659,0.707179219234661
"1908","Guarapuava","B",0.999965659340659,0.808109590504443
"1909","Guaratingueta","D",1,0.932719653897011
"1910","Guasave","C",1,0.908384843297076
"1911","Guasdualito","D",1,0.927580136611471
"1912","Guatemala","D",1,0.461822428482752
"1913","Guaxupe","D",1,0.919906040102914
"1914","Guayaquil","D",1,0.926038235143105
"1915","Guaynas","C",1,0.910200583999914
"1916","Gubakha","A",0.999928926794598,0.937379283083785
"1917","Gubkin","A",0.999928926794598,0.936099171449616
"1918","Guide","A",0.999928926794598,0.929012470365625
"1919","Guider","C",1,0.907476531030839
"1920","Guiglo","D",1,0.93414596938701
"1921","Guilin","D",1,0.892204151546832
"1922","Guines","D",1,0.93594400880647
"1923","Guiyang","B",0.999965659340659,0.90784201210121
"1924","Gujranwala","C",1,0.913546734460241
"1925","Gujrat","C",1,0.911553998623059
"1926","Gulbarga","C",1,0.905115080087424
"1927","Gulfport","B",0.999965659340659,0.749062316618375
"1928","Guliston","C",1,0.884747913930162
"1929","Gulu","D",1,0.938798879667997
"1930","Gunnedah","B",0.999965659340659,0.852249647664141
"1931","Gunnison","A",0.999928926794598,0.928949503588233
"1932","Gunsan","B",0.999965659340659,0.907304636825868
"1933","Guntur","C",1,0.896548433875662
"1934","Gurgaon","C",1,0.915170113900502
"1935","Gurupi","D",1,0.934272596982802
"1936","Guryevsk","A",0.999928926794598,0.936864313481073
"1937","Gusau","C",1,0.907120224367707
"1938","Gusinoozyorsk","A",0.999928926794598,0.936134840521263
"1939","Guwahati","D",1,0.929731895576103
"1940","Guymon","A",0.999928926794598,0.517249389028253
"1941","Gwadar","C",1,0.918207269642413
"1942","Gwalior","C",1,0.914619975427951
"1943","Gwanda","C",1,0.911132022478934
"1944","Gwangju","B",0.999965659340659,0.916569115484245
"1945","Gweru","C",1,0.916968952092761
"1946","Gyeongju","B",0.999965659340659,0.889007268794283
"1947","Gympie","D",1,0.900078597145293
"1948","Gyor","B",0.999965659340659,0.88175392882925
"1949","Gyumri","A",0.999928926794598,0.935250046143103
"1950","Gyzlarbat","C",1,0.851057408246797
"1951","Ha Giang","D",1,0.926606514865823
"1952","Ha Tinh","D",1,0.926797472325417
"1953","Haarlem","B",0.999965659340659,0.917510172916107
"1954","Hachinohe","B",0.999965659340659,0.917936247717951
"1955","Hachioji","B",0.999965659340659,0.918935670257147
"1956","Hadiboh","C",1,0.86918419004166
"1957","Haeju","A",0.999928926794598,0.909208425847375
"1958","Hafar al Batin","C",1,0.916876608436873
"1959","Hagere Hiywet","C",1,0.543290127923448
"1960","Hagerstown","B",0.999965659340659,0.922360031464691
"1961","Haifa","C",1,0.889830460906601
"1962","Haikou","D",1,0.935375075188655
"1963","Hail","C",1,0.913329782800525
"1964","Hailar","A",0.999928926794598,0.936975849842144
"1965","Hailun","A",0.999928926794598,0.934877950638464
"1966","Haiphong","D",1,0.932495061986731
"1967","Hajjah","C",1,0.913463349895277
"1968","Hakkari","A",0.999928926794598,0.656542899566698
"1969","Hakodate","B",0.999965659340659,0.908998086437279
"1970","Halacho","D",1,0.898332256423592
"1971","Haldia","D",1,0.802296150002023
"1972","Halifax","B",0.999965659340659,0.917252173293223
"1973","Halmstad","B",0.999965659340659,0.91468583436985
"1974","Hamadan","C",1,0.665111480987654
"1975","Hamah","C",1,0.904575587917283
"1976","Hamamatsu","B",0.999965659340659,0.844260708689203
"1977","Hamburg","B",0.999965659340659,0.916461696500365
"1978","Hamhung","A",0.999928926794598,0.936467660026213
"1979","Hami","A",0.999928926794598,0.895496289312595
"1980","Hamilton2","B",0.999965659340659,0.659274607953706
"1981","Hamilton3","B",0.999965659340659,0.911355684860908
"1982","Hamilton4","B",0.999965659340659,0.910745241834283
"1983","Hammerfest","B",0.999965659340659,0.910466933807115
"1984","Hampton","B",0.999965659340659,0.916459961174934
"1985","Hancheng","A",0.999928926794598,0.896094627185811
"1986","Hancock","A",0.999928926794598,0.757077016702092
"1987","Handan","A",0.999928926794598,0.766522617139311
"1988","Hanggin Houqi","A",0.999928926794598,0.894207189533489
"1989","Hangu","A",0.999928926794598,0.929711150984424
"1990","Hangzhou","B",0.999965659340659,0.921014947104789
"1991","Hania","B",0.999965659340659,0.753874284759803
"1992","Hannover","B",0.999965659340659,0.917261848005633
"1993","Hanoi","D",1,0.930211082273178
"1994","Hanzhong","A",0.999928926794598,0.459573608832466
"1995","Haora","D",1,0.535818603537827
"1996","Happy Valley","A",0.999928926794598,0.936874737991736
"1997","Hapur","C",1,0.911881057053293
"1998","Harar","C",1,0.884749956208097
"1999","Harare","C",1,0.906829610289999
"2000","Harbin","A",0.999928926794598,0.937261413759618
"2001","Hardin","A",0.999928926794598,0.922636978173735
"2002","Hargeysa","C",1,0.917835156040128
"2003","Harlingen","C",1,0.91094213281446
"2004","Harper","D",1,0.911546334777054
"2005","Harrisburg","B",0.999965659340659,0.916142073005287
"2006","Harrisonburg","B",0.999965659340659,0.917859908959374
"2007","Harstad","B",0.999965659340659,0.918584009837044
"2008","Hartford","B",0.999965659340659,0.915649209416666
"2009","Hassi Messaoud","C",1,0.901648402816808
"2010","Hastings","B",0.999965659340659,0.919070956687987
"2011","Hat Yai","D",1,0.903882436686025
"2012","Hatay","C",1,0.895576548702532
"2013","Hathras","C",1,0.912226807130025
"2014","Hattiesburg","B",0.999965659340659,0.901595970937713
"2015","Haugesund","B",0.999965659340659,0.917698321901107
"2016","Havana","D",1,0.92575267704485
"2017","Havre","A",0.999928926794598,0.937079351692526
"2018","Hays","A",0.999928926794598,0.903370969994571
"2019","Hearst","A",0.999928926794598,0.936659658165022
"2020","Hebi","A",0.999928926794598,0.815995853665321
"2021","Hechi","D",1,0.925481021034958
"2022","Hefei","B",0.999965659340659,0.89720981294538
"2023","Hegang","A",0.999928926794598,0.936807723924769
"2024","Heidelberg","B",0.999965659340659,0.917049239924414
"2025","Heihe","A",0.999928926794598,0.935841691837446
"2026","Helena","A",0.999928926794598,0.932480654520242
"2027","Helong","A",0.999928926794598,0.934262979469462
"2028","Helsingborg","B",0.999965659340659,0.919243554751727
"2029","Helsinki","B",0.999965659340659,0.499441925443994
"2030","Hengshui","A",0.999928926794598,0.862436345588828
"2031","Hengyang","B",0.999965659340659,0.878720363728959
"2032","Herat","C",1,0.904149459653368
"2033","Hereford","C",1,0.758955790657458
"2034","Hermanus","B",0.999965659340659,0.898585001926784
"2035","Hermosillo","C",1,0.921500733799157
"2036","Hervey Bay","D",1,0.932114208941679
"2037","Hetauda","D",1,0.916046082482091
"2038","Heyuan","D",1,0.934511102482363
"2039","Heze","A",0.999928926794598,0.81017432603581
"2040","Hickory","B",0.999965659340659,0.915538745823687
"2041","Hidalgo del Parral","C",1,0.915178256261824
"2042","Hilo","D",1,0.912535384508393
"2043","Hims","C",1,0.910188366465417
"2044","Hindupur","C",1,0.916007543755974
"2045","Hinthada","D",1,0.929280630333439
"2046","Hinton","A",0.999928926794598,0.935066259144023
"2047","Hios","B",0.999965659340659,0.531657002979841
"2048","Hirosaki","B",0.999965659340659,0.922627327924606
"2049","Hiroshima","B",0.999965659340659,0.855829459563935
"2050","Hisar","C",1,0.916987927814681
"2051","Ho","D",1,0.931386159505181
"2052","Ho Chi Minh City","D",1,0.921527428431409
"2053","Hoa Binh","D",1,0.925565790065695
"2054","Hobart","B",0.999965659340659,0.924223112129544
"2055","Hobbs","C",1,0.89461836153786
"2056","Hof","B",0.999965659340659,0.869364822916218
"2057","Hohhot","A",0.999928926794598,0.938827615057373
"2058","Hokitika","B",0.999965659340659,0.666372605623276
"2059","Holguin","D",1,0.930201687583395
"2060","Homer","B",0.999965659340659,0.865779681080828
"2061","Homestead","D",1,0.929876417138634
"2062","Homyel","A",0.999928926794598,0.935180401022641
"2063","Hon Quan","D",1,0.930713351392055
"2064","Honda","D",1,0.919166043774458
"2065","Hong Gai","D",1,0.926870888863809
"2066","Hong Kong","D",1,0.930151334059166
"2067","Honiara","D",1,0.915224254691902
"2068","Honolulu","D",1,0.674897460654741
"2069","Hoonah","B",0.999965659340659,0.896767160244947
"2070","Hooper Bay","A",0.999928926794598,0.938115083732564
"2071","Hopedale","A",0.999928926794598,0.928569020409928
"2072","Hopkinsville","B",0.999965659340659,0.920324386481472
"2073","Horlivka","A",0.999928926794598,0.930569777844923
"2074","Horqueta","D",1,0.935721904266798
"2075","Horsham","B",0.999965659340659,0.905114050970086
"2076","Hosaina","D",1,0.52361011139235
"2077","Hoshiarpur","C",1,0.913654964800594
"2078","Hoskins","D",1,0.906192774292075
"2079","Hospet","C",1,0.910257067018299
"2080","Hot Springs","B",0.999965659340659,0.908346167855112
"2081","Hotan","A",0.999928926794598,0.8773375494012
"2082","Houlton","A",0.999928926794598,0.63561018542522
"2083","Houma1","B",0.999965659340659,0.549917260614992
"2084","Houma2","A",0.999928926794598,0.892645140461483
"2085","Houston","B",0.999965659340659,0.898801698644605
"2086","Hrodna","A",0.999928926794598,0.891667614203551
"2087","Hsinchu","D",1,0.913955048916618
"2088","Hua Hin","D",1,0.871423198715622
"2089","Huacho","C",1,0.896116413928914
"2090","Huaibei","A",0.999928926794598,0.825986628055879
"2091","Huainan","A",0.999928926794598,0.532436136404604
"2092","Huaiyin","A",0.999928926794598,0.645509041839155
"2093","Huajuapan de Leon","C",1,0.917787749819995
"2094","Hualien","D",1,0.901692408982736
"2095","Huamachuco","B",0.999965659340659,0.50144955548998
"2096","Huambo","C",1,0.887079254497035
"2097","Huancavelica","B",0.999965659340659,0.512254659439811
"2098","Huancayo","B",0.999965659340659,0.587689885613373
"2099","Huangshi","B",0.999965659340659,0.875845373647215
"2100","Huangyan","B",0.999965659340659,0.781082178220049
"2101","Huanren","A",0.999928926794598,0.938098754079074
"2102","Huanta","C",1,0.511625276306401
"2103","Huanuco","C",1,0.543762457471158
"2104","Huaraz","C",1,0.463853484247859
"2105","Huarmey","C",1,0.872191441603172
"2106","Huasco","C",1,0.915572277115655
"2107","Huatabampo","C",1,0.91137233525137
"2108","Huaura","C",1,0.896913332901378
"2109","Hubli","C",1,0.894211920890563
"2110","Hudson Bay","A",0.999928926794598,0.937415478916172
"2111","Hue","D",1,0.904516745445329
"2112","Huehuetenango","D",1,0.542749494428468
"2113","Huelva","C",1,0.883094077383931
"2114","Hughenden","C",1,0.913091361344478
"2115","Huinan","A",0.999928926794598,0.938508990006965
"2116","Huize","A",0.999928926794598,0.355787000722732
"2117","Huizhou","D",1,0.932355373364506
"2118","Hulan Ergi","A",0.999928926794598,0.937044910745009
"2119","Hulin","A",0.999928926794598,0.936847483430702
"2120","Hun","C",1,0.911421129179042
"2121","Hunanghua","A",0.999928926794598,0.918567432770737
"2122","Hungnam","A",0.999928926794598,0.935726844662344
"2123","Huntington","B",0.999965659340659,0.916884552810248
"2124","Huntsville1","B",0.999965659340659,0.887442125973787
"2125","Huntsville2","B",0.999965659340659,0.919188923756825
"2126","Hurghada","C",1,0.915618948034459
"2127","Hutchinson","A",0.999928926794598,0.923386569167162
"2128","Huzhou","B",0.999965659340659,0.914406227913366
"2129","Hwange","C",1,0.910588194833156
"2130","Hyderabad1","C",1,0.913819382917355
"2131","Hyderabad2","C",1,0.911387212655891
"2132","Hyeson","A",0.999928926794598,0.937890257893473
"2133","I-n-Amenas","C",1,0.913913076330682
"2134","I-n-Salah","C",1,0.916997663482828
"2135","Iasi","A",0.999928926794598,0.92983773363152
"2136","Ibadan","D",1,0.895613425439045
"2137","Ibague","D",1,0.901872310832791
"2138","Ibarra","B",0.999965659340659,0.720589450259607
"2139","Ibb","C",1,0.911223855141877
"2140","Ica","C",1,0.915300970348549
"2141","Icel","C",1,0.90729026062079
"2142","Ico","C",1,0.895484894304938
"2143","Idah","D",1,0.918296052879482
"2144","Idaho Falls","A",0.999928926794598,0.83438906812526
"2145","Idlib","C",1,0.909142929606075
"2146","Ifakara","D",1,0.921907393280993
"2147","Ife","D",1,0.930424183022823
"2148","Igarka","A",0.999928926794598,0.937126583168105
"2149","Iguala","C",1,0.903762022426784
"2150","Iguape","D",1,0.910850999237625
"2151","Iguatu","C",1,0.893159860357237
"2152","Ihosy","C",1,0.867401176365178
"2153","Ijebu Ode","D",1,0.93036678905271
"2154","Ijui","B",0.999965659340659,0.693093073987173
"2155","Ikare","D",1,0.862295241245054
"2156","Ikela","D",1,0.911979747701847
"2157","Iksan","B",0.999965659340659,0.863548360188274
"2158","Ilam","C",1,0.911693425868215
"2159","Ilebo","D",1,0.94021016483111
"2160","Ilheus","D",1,0.91023817887779
"2161","Iligan","D",1,0.911233938028042
"2162","Illapel","C",1,0.909576975200009
"2163","Illichivsk","B",0.999965659340659,0.849214188413939
"2164","Illizi","C",1,0.915306076242635
"2165","Ilo","C",1,0.922532798642771
"2166","Iloilo","D",1,0.911115432326884
"2167","Ilorin","D",1,0.812002469465049
"2168","Imbituba","D",1,0.913123854908055
"2169","Imperatriz","D",1,0.930693254204116
"2170","Imphal","D",1,0.932867780445891
"2171","Incheon","B",0.999965659340659,0.296173740984529
"2172","Independence","A",0.999928926794598,0.693849488160411
"2173","Indianapolis","B",0.999965659340659,0.884838606065884
"2174","Indore","C",1,0.920176381267303
"2175","Indramayu","D",1,0.897367035855722
"2176","Ingeniero Guillermo N. Juarez","C",1,0.898065514323876
"2177","Ingham","D",1,0.919000766021937
"2178","Ingolstadt","B",0.999965659340659,0.921174612790371
"2179","Inhambane","D",1,0.888582648534453
"2180","Inhumas","D",1,0.895640974856838
"2181","Innisfail","D",1,0.902576615103917
"2182","Innsbruck","A",0.999928926794598,0.493008768794607
"2183","Inongo","D",1,0.903867750427678
"2184","Inowroclaw","A",0.999928926794598,0.794955686664839
"2185","Inta","A",0.999928926794598,0.936526780147177
"2186","International Falls","A",0.999928926794598,0.939195404078816
"2187","Invercargill","B",0.999965659340659,0.916206695463776
"2188","Inverell","B",0.999965659340659,0.896733746629107
"2189","Inverness","B",0.999965659340659,0.919011129061715
"2190","Ioanina","B",0.999965659340659,0.908983938484355
"2191","Iowa City","A",0.999928926794598,0.938730790990479
"2192","Ipatinga","D",1,0.890442957004632
"2193","Ipiales","B",0.999965659340659,0.88082756228129
"2194","Ipoh","D",1,0.914707693443715
"2195","Ipora","D",1,0.894499387931162
"2196","Ipswich","B",0.999965659340659,0.915716946769644
"2197","Ipu","D",1,0.865254049900471
"2198","Iquique","C",1,0.913715069164694
"2199","Iquitos","D",1,0.905917596883301
"2200","Iracoubo","D",1,0.914246929961972
"2201","Iraklio","B",0.999965659340659,0.770966867680289
"2202","Irati","B",0.999965659340659,0.809132805248928
"2203","Irbid","C",1,0.907647872771981
"2204","Irbil","C",1,0.904218403688175
"2205","Irece","C",1,0.892009725159758
"2206","Iringa","C",1,0.895495870303873
"2207","Irkutsk","A",0.999928926794598,0.935998800440283
"2208","Iron Mountain","A",0.999928926794598,0.936320884290686
"2209","Ironwood","A",0.999928926794598,0.935640548858405
"2210","Irvine","C",1,0.920457468104896
"2211","Isafjordur","B",0.999965659340659,0.917476729005601
"2212","Iseyin","D",1,0.875893964316054
"2213","Isfahan","C",1,0.874474410721622
"2214","Ishim","A",0.999928926794598,0.936894788275223
"2215","Isikul","A",0.999928926794598,0.938960301166467
"2216","Isiro","D",1,0.903272742611992
"2217","Iskandar","C",1,0.720080052254822
"2218","Iskenderun","C",1,0.895502314561831
"2219","Iskitim","A",0.999928926794598,0.937315163616067
"2220","Islamabad","C",1,0.914660841491046
"2221","Ismailia","C",1,0.908121108726248
"2222","Isna","C",1,0.909420366354433
"2223","Isparta","B",0.999965659340659,0.434271380164621
"2224","Istanbul","B",0.999965659340659,0.914839109573762
"2225","Ita","D",1,0.895256882071954
"2226","Itaberaba","C",1,0.69450971180499
"2227","Itaberai","D",1,0.918253208539718
"2228","Itabuna","D",1,0.910487872201083
"2229","Itacoatiara","D",1,0.91398159565705
"2230","Itaituba","D",1,0.906121932193603
"2231","Itajai","D",1,0.91155750875052
"2232","Itamaraju","D",1,0.930437894394138
"2233","Itambe","C",1,0.754472410728568
"2234","Itanhaem","D",1,0.904682088860333
"2235","Itapecuru Mirim","D",1,0.921483819630335
"2236","Itapetinga","D",1,0.702349098048878
"2237","Itapetininga","D",1,0.920138362164778
"2238","Itapeva","D",1,0.789700438958573
"2239","Itapipoca","D",1,0.846260866945483
"2240","Itauna","D",1,0.919892435044661
"2241","Ithaca","A",0.999928926794598,0.801933548091297
"2242","Itigi","C",1,0.911619560427288
"2243","Itu","D",1,0.934768854767921
"2244","Ituiutaba","D",1,0.924777514101239
"2245","Itumbiara","D",1,0.734231348429537
"2246","Iturama","D",1,0.932411878719721
"2247","Ivano-Frankivsk","A",0.999928926794598,0.93805391606074
"2248","Ivanovo","A",0.999928926794598,0.935628018113889
"2249","Ivdel","A",0.999928926794598,0.936639539640741
"2250","Iwaki","B",0.999965659340659,0.917874669705879
"2251","Iwo","D",1,0.868323674126823
"2252","Izamal","D",1,0.891134886779067
"2253","Izaz","C",1,0.911999072435127
"2254","Izhevsk","A",0.999928926794598,0.940125327935355
"2255","Izmayil","A",0.999928926794598,0.709970042237096
"2256","Izmir","C",1,0.856947882894174
"2257","Jabalpur","C",1,0.908756666741751
"2258","Jaboatao","D",1,0.912202818288055
"2259","Jaboticabal","D",1,0.933800777799946
"2260","Jacarezinho","D",1,0.930624862507733
"2261","Jackson1","B",0.999965659340659,0.912680727175525
"2262","Jackson2","B",0.999965659340659,0.91922726219933
"2263","Jacksonville1","B",0.999965659340659,0.755115054897234
"2264","Jacksonville2","B",0.999965659340659,0.897641730500858
"2265","Jaen","C",1,0.508856057994036
"2266","Jaffna","D",1,0.926574987583409
"2267","Jaguaquara","D",1,0.587396505689114
"2268","Jaguarao","B",0.999965659340659,0.903115954162656
"2269","JaÌ©n","C",1,0.890308396673641
"2270","Jaipur","C",1,0.911906519821096
"2271","Jakarta","D",1,0.906530237979346
"2272","Jalal Abad","C",1,0.673027003582042
"2273","Jalalabad","C",1,0.900756721567896
"2274","Jalingo","C",1,0.897776500513439
"2275","Jaltipan","D",1,0.904463877881585
"2276","Jamaame","C",1,0.841065235506835
"2277","Jamalpur","D",1,0.9287595467954
"2278","Jambi","D",1,0.903347816580803
"2279","Jamestown1","B",0.999965659340659,0.735011438818466
"2280","Jamestown2","A",0.999928926794598,0.935317724718913
"2281","Jammu","C",1,0.907952705688154
"2282","Jamshedpur","C",1,0.892371872223133
"2283","Janauba","C",1,0.89936626317729
"2284","Janesville","A",0.999928926794598,0.935385781445861
"2285","Januaria","C",1,0.890138837606004
"2286","Jaque","D",1,0.911096906349116
"2287","Jaragua do Sul","D",1,0.912170814592551
"2288","Jardim","D",1,0.932214653158378
"2289","Jasper","A",0.999928926794598,0.935386546836661
"2290","Jatai","D",1,0.902999085240759
"2291","Jau","D",1,0.929593553183965
"2292","Jawhar","C",1,0.893953852050104
"2293","Jayapura","D",1,0.912376708050898
"2294","Jeddah","C",1,0.913097350749098
"2295","Jefferson City","B",0.999965659340659,0.856578414700662
"2296","Jeju","B",0.999965659340659,0.880293518663135
"2297","Jelgava","A",0.999928926794598,0.884378940008807
"2298","Jember","D",1,0.923412173997636
"2299","Jena","B",0.999965659340659,0.711985657191359
"2300","Jeonju","B",0.999965659340659,0.852781991332283
"2301","Jequie","C",1,0.507210780494334
"2302","Jerusalem","C",1,0.902424009505568
"2303","Jessore","D",1,0.77592058264244
"2304","Jhang","C",1,0.910556550720874
"2305","Jhansi","C",1,0.913083600253092
"2306","Ji-Parana","D",1,0.928697491389412
"2307","Jiamusi","A",0.999928926794598,0.93679533353392
"2308","Jian","B",0.999965659340659,0.850832597847742
"2309","Jiangmen","D",1,0.938363488135352
"2310","Jiaohe","A",0.999928926794598,0.937099142558162
"2311","Jiaojing","B",0.999965659340659,0.835619140092951
"2312","Jiaozuo","A",0.999928926794598,0.809141479232826
"2313","Jiaxing","B",0.999965659340659,0.915332360953131
"2314","Jiayuguan","A",0.999928926794598,0.929089774634079
"2315","Jieshou","A",0.999928926794598,0.720443980958822
"2316","Jiexiu","A",0.999928926794598,0.920777008051774
"2317","Jihlava","A",0.999928926794598,0.830230162814639
"2318","Jijiga","C",1,0.899942245726443
"2319","Jilin","A",0.999928926794598,0.937327138474671
"2320","Jima","D",1,0.925363216257054
"2321","Jinan","A",0.999928926794598,0.814210087919892
"2322","Jinchang","A",0.999928926794598,0.913241445785452
"2323","Jincheng","A",0.999928926794598,0.936954518462418
"2324","Jingdezhen","B",0.999965659340659,0.774424173076634
"2325","Jingmen","B",0.999965659340659,0.705550786872294
"2326","Jinhua","B",0.999965659340659,0.834304805183656
"2327","Jining1","A",0.999928926794598,0.936140039624366
"2328","Jining2","A",0.999928926794598,0.825587660121503
"2329","Jinja","D",1,0.914223351295429
"2330","Jinshi","B",0.999965659340659,0.890500979087229
"2331","Jinxi","A",0.999928926794598,0.936787215957696
"2332","Jinzhou","A",0.999928926794598,0.938776675227613
"2333","Jipijapa","D",1,0.711035672490165
"2334","Jiujiang","B",0.999965659340659,0.881867023917705
"2335","Jiutai","A",0.999928926794598,0.936198778341341
"2336","Jixi","A",0.999928926794598,0.93500847418986
"2337","Jizan","C",1,0.909229949763583
"2338","Jizzax","C",1,0.877061026426262
"2339","Joacaba","B",0.999965659340659,0.796403765931377
"2340","Joao Pessoa","D",1,0.92803597883266
"2341","Jodhpur","C",1,0.911232087779563
"2342","Johannesburg","C",1,0.830521905401435
"2343","John Day","A",0.999928926794598,0.603786826509002
"2344","Johnson City","B",0.999965659340659,0.915629411712536
"2345","Johnstown","B",0.999965659340659,0.891091331796021
"2346","Johor Bahru","D",1,0.904390517881376
"2347","Joinville","D",1,0.910379275810037
"2348","Joliet","A",0.999928926794598,0.817943343197026
"2349","Joliette","A",0.999928926794598,0.894137334585122
"2350","Jonesboro","B",0.999965659340659,0.920310865663276
"2351","Jonkoping","A",0.950071073205402,0.486135117337629
"2352","Joplin","B",0.999965659340659,0.916157086516059
"2353","Jorhat","D",1,0.92493541593952
"2354","Jos","C",1,0.848214380671081
"2355","Juan Aldama","C",1,0.919563532483035
"2356","Juan Jose Castelli","C",1,0.892161113679356
"2357","Juanjui","D",1,0.934539188950355
"2358","Juarez","B",0.999965659340659,0.916357284363279
"2359","Juazeiro","C",1,0.913076714806231
"2360","Juazeiro do Norte","C",1,0.889155309132851
"2361","Juba","C",1,0.689607848319085
"2362","Juchitan","C",1,0.59056996626215
"2363","Juifang","D",1,0.909056435788686
"2364","Juigalpa","D",1,0.896433408182445
"2365","Juina","D",1,0.930306814029452
"2366","Juiz de Fora","D",1,0.927206680629609
"2367","Juliaca","A",0.999928926794598,0.343273053077012
"2368","Jullundur","C",1,0.912175192650296
"2369","Jundiai","D",1,0.92654956485
"2370","Juneau","B",0.999965659340659,0.919092106245433
"2371","Junin1","B",0.999965659340659,0.909468309720048
"2372","Junin2","B",0.999965659340659,0.59616712888088
"2373","Jutiapa","C",1,0.675548272049353
"2374","Juticalpa","D",1,0.904929349989638
"2375","Jyvaskyla","A",0.999928926794598,0.935793824574921
"2376","Kaabong","C",1,0.900662437486956
"2377","Kabale","D",1,0.575311742976825
"2378","Kabalo","C",1,0.716538006210687
"2379","Kabinda","D",1,0.930012817528004
"2380","Kabul","A",0.999928926794598,0.228228768685274
"2381","Kabwe","C",1,0.89594305622289
"2382","Kachiry","A",0.999928926794598,0.936488148591572
"2383","Kadoma","C",1,0.907306206948832
"2384","Kadugli","C",1,0.911288509239605
"2385","Kaduna","C",1,0.522360513009297
"2386","Kaedi","C",1,0.909136629767154
"2387","Kaesong","A",0.999928926794598,0.877970594067025
"2388","Kafue","C",1,0.918622311998332
"2389","Kaga Bandoro","C",1,0.6522460745883
"2390","Kagoshima","D",1,0.899631534213734
"2391","Kahama","C",1,0.78132318617257
"2392","Kahramanmaras","C",1,0.880869955116982
"2393","Kaiapoi","B",0.999965659340659,0.923005087891789
"2394","Kaifeng","A",0.999928926794598,0.801927511120399
"2395","Kailu","A",0.999928926794598,0.936242359009986
"2396","Kaka","C",1,0.911099970100124
"2397","Kakamega","D",1,0.921599439343215
"2398","Kakinada","C",1,0.471709512363413
"2399","Kakonko","C",1,0.742860278946224
"2400","Kaktovik","A",0.999928926794598,0.937563136046141
"2401","Kalachinsk","A",0.999928926794598,0.937540603197849
"2402","Kalamata","C",1,0.886315299316847
"2403","Kalamazoo","A",0.999928926794598,0.856962686539104
"2404","Kalemie","D",1,0.710563126411131
"2405","Kalgoorlie","C",1,0.840440191741113
"2406","Kalima","D",1,0.912201257357851
"2407","Kaliningrad","B",0.999965659340659,0.916569813414873
"2408","Kalispell","A",0.999928926794598,0.930863206734796
"2409","Kalisz","A",0.999928926794598,0.760042109082442
"2410","Kalmar","B",0.999965659340659,0.907659047391836
"2411","Kaluga","A",0.999928926794598,0.936841282309157
"2412","Kalyan","D",1,0.905399239356429
"2413","Kambove","C",1,0.902390049577767
"2414","Kamenka","A",0.999928926794598,0.936534995537353
"2415","Kamenna Obi","A",0.999928926794598,0.936876469915618
"2416","Kamensk Shakhtinskiy","A",0.999928926794598,0.938415982814763
"2417","Kamensk Uralskiy","A",0.999928926794598,0.939581622917005
"2418","Kamina","D",1,0.868080804278076
"2419","Kamloops","A",0.999928926794598,0.94169467361396
"2420","Kampala","D",1,0.902238373261461
"2421","Kampene","D",1,0.944106049175269
"2422","Kampong Cham","D",1,0.906763976005953
"2423","Kampot","D",1,0.931598463730679
"2424","Kamsar","D",1,0.904713858841737
"2425","Kamyanets-Podilskyy","A",0.999928926794598,0.937424208134181
"2426","Kamyshin","A",0.999928926794598,0.936355402951486
"2427","Kanab","C",1,0.743451767334628
"2428","Kananga","D",1,0.934986007833935
"2429","Kanash","A",0.999928926794598,0.936504589878779
"2430","Kanazawa","B",0.999965659340659,0.849087004142456
"2431","Kanchipuram","C",1,0.836640024828313
"2432","Kandahar","C",1,0.912838377119147
"2433","Kandalaksha","A",0.999928926794598,0.938190494964799
"2434","Kandi","C",1,0.910357829192949
"2435","Kandy","D",1,0.913163630506623
"2436","Kanggye","A",0.999928926794598,0.935617755292264
"2437","Kaniama","D",1,0.846575811104022
"2438","Kankakee","A",0.999928926794598,0.855953642389309
"2439","Kankan","D",1,0.885216612472801
"2440","Kano","C",1,0.907264357888087
"2441","Kanoya","D",1,0.899989328981177
"2442","Kanpur","C",1,0.90501450640727
"2443","Kansas City1","A",0.999928926794598,0.682302939684783
"2444","Kansas City2","A",0.999928926794598,0.713674800814911
"2445","Kansk","A",0.999928926794598,0.937241120141061
"2446","Kanyato","D",1,0.663034144894641
"2447","Kanye","C",1,0.913534079875072
"2448","Kaohsiung","D",1,0.931963802326974
"2449","Kaolack","C",1,0.902119095849985
"2450","Kaoma","C",1,0.908705008967226
"2451","Kapan","A",0.999928926794598,0.574541090423578
"2452","Kapiri Mposhi","C",1,0.891941934958126
"2453","Kapoeta","C",1,0.875849366902136
"2454","Kaposvar","B",0.999965659340659,0.908302810071853
"2455","Kapuskasing","A",0.999928926794598,0.940266233754704
"2456","Kara Balta","A",0.999928926794598,0.826536432791051
"2457","Karabuk","B",0.999965659340659,0.908224488077032
"2458","Karachi","C",1,0.913459954996861
"2459","Karaj","C",1,0.835754677173243
"2460","Karakol","A",0.999928926794598,0.937866490558896
"2461","Karaman","C",1,0.675633194608662
"2462","Karamay","A",0.999928926794598,0.91036151968226
"2463","Karasburg","C",1,0.916315436981939
"2464","Karasuk","A",0.999928926794598,0.936468398823438
"2465","Karbala","C",1,0.914475579940335
"2466","Karema","C",1,0.740146627850364
"2467","Kargat","A",0.999928926794598,0.938815647637944
"2468","Kariba","C",1,0.906070811448225
"2469","Karimnagar","C",1,0.90292034311405
"2470","Karlovac","B",0.999965659340659,0.920295765550167
"2471","Karlsruhe","B",0.999965659340659,0.916360102614175
"2472","Karlstad","A",0.999928926794598,0.636835605025995
"2473","Karluk","B",0.999965659340659,0.914536157210146
"2474","Karnal","C",1,0.910640798696103
"2475","Karoi","C",1,0.891110831203506
"2476","Karokh","C",1,0.902302158562567
"2477","Karonga","C",1,0.89372902089522
"2478","Karpinsk","A",0.999928926794598,0.934707872159488
"2479","Karratha","C",1,0.908733851887393
"2480","Kars","A",0.999928926794598,0.936817402861188
"2481","Kartaly","A",0.999928926794598,0.937361094151548
"2482","Karur","C",1,0.894208608076245
"2483","Kasaji","D",1,0.871295739622972
"2484","Kasama","C",1,0.896549235078784
"2485","Kasane","C",1,0.914509748332248
"2486","Kasangulu","D",1,0.905396015216358
"2487","Kashi","A",0.999928926794598,0.913607287536991
"2488","Kashmar","C",1,0.906753894023687
"2489","Kasimov","A",0.999928926794598,0.937803834125684
"2490","Kasongo","D",1,0.926938806413047
"2491","Kasongo-Lunda","D",1,0.927514934978645
"2492","Kaspiysk","B",0.999965659340659,0.917342733110425
"2493","Kassala","C",1,0.915225193659298
"2494","Kassel","B",0.999965659340659,0.917197041225304
"2495","Kasulu","C",1,0.561226420803079
"2496","Kasur","C",1,0.915469275086362
"2497","Katanning","B",0.999965659340659,0.590788377849036
"2498","Katerini","B",0.999965659340659,0.615310965294784
"2499","Katherine","C",1,0.891881784945768
"2500","Kathmandu","D",1,0.900234570452342
"2501","Kati","C",1,0.9108793072195
"2502","Katima Mulilo","C",1,0.913340467653313
"2503","Katoomba","B",0.999965659340659,0.919045648918037
"2504","Katowice","B",0.999965659340659,0.862045393293739
"2505","Katsina","C",1,0.913009615110816
"2506","Kattaqorgon","C",1,0.850426189851076
"2507","Katwe","D",1,0.93240765891056
"2508","Kaunas","A",0.999928926794598,0.876821359348051
"2509","Kavala","B",0.999965659340659,0.90107111807916
"2510","Kavalerovo","A",0.999928926794598,0.936869920731068
"2511","Kavieng","D",1,0.917632245890565
"2512","Kawagoe","B",0.999965659340659,0.916102953392346
"2513","Kawambwa","C",1,0.896375863040392
"2514","Kawasaki","B",0.999965659340659,0.915807176547835
"2515","Kaya","C",1,0.914997301745179
"2516","Kayes1","D",1,0.934137371239864
"2517","Kayes2","C",1,0.909435805938547
"2518","Kayseri","A",0.999928926794598,0.559479078552886
"2519","Kazan","A",0.999928926794598,0.938123896989605
"2520","Kearney","A",0.999928926794598,0.936409951488761
"2521","Kecskemet","A",0.999928926794598,0.679746381137753
"2522","Kediri","D",1,0.898402606362349
"2523","Kedougou","C",1,0.890342397644783
"2524","Keelung","D",1,0.902242024441483
"2525","Keetmanshoop","C",1,0.913217347879815
"2526","Keffi","D",1,0.873017933643208
"2527","Keflavik","B",0.999965659340659,0.917378026163357
"2528","Kelang","D",1,0.900646879233436
"2529","Kelo","C",1,0.897709559494376
"2530","Keluang","D",1,0.903516622156029
"2531","Kemerovo","A",0.999928926794598,0.937825193744833
"2532","Kemi","A",0.999928926794598,0.936187476209455
"2533","Kempsey","B",0.999965659340659,0.861314420217511
"2534","Kenai","A",0.999928926794598,0.936023407513936
"2535","Kendari","D",1,0.919541574284568
"2536","Kendu Bay","D",1,0.927026587267353
"2537","Kenema","D",1,0.906276372272261
"2538","Kenge","D",1,0.927932550597896
"2539","Kenitra","C",1,0.897005679805794
"2540","Kennewick","C",1,0.57890694254787
"2541","Kenora","A",0.999928926794598,0.938154418378607
"2542","Kentau","A",0.999928926794598,0.825019206205792
"2543","Kerch","B",0.999965659340659,0.914780997031772
"2544","Kericho","D",1,0.873804320433583
"2545","Kerkira","B",0.999965659340659,0.89851906181244
"2546","Kerman","C",1,0.902817647623754
"2547","Kermanshah","C",1,0.881371185032874
"2548","Kerouane","D",1,0.929191849832511
"2549","Keshan","A",0.999928926794598,0.937932005996537
"2550","Ketchikan","B",0.999965659340659,0.520009993114206
"2551","Khabarovsk","A",0.999928926794598,0.937545749318469
"2552","Khammam","C",1,0.897236658262397
"2553","Khammouan","D",1,0.933196404559256
"2554","Khanty Mansiysk","A",0.999928926794598,0.937043211000045
"2555","Kharkiv","A",0.999928926794598,0.93935606683247
"2556","Khartoum","C",1,0.911571389841041
"2557","Khaskovo","B",0.999965659340659,0.912900445355008
"2558","Kherson","A",0.999928926794598,0.929816870094612
"2559","Khilok","A",0.999928926794598,0.935289261740802
"2560","Khiwa","C",1,0.712755226810078
"2561","Khmelnytskyy","A",0.999928926794598,0.935058631640556
"2562","Kholmsk","A",0.999928926794598,0.897319132980441
"2563","Khomeini Shahr","C",1,0.873543218484488
"2564","Khon Kaen","D",1,0.823961545586797
"2565","Khoramabad","C",1,0.907605913908525
"2566","Khorugh","A",0.999928926794598,0.921327219340449
"2567","Khromtau","A",0.999928926794598,0.936132376178561
"2568","Khujand","C",1,0.857366532900648
"2569","Khujayli","A",0.999928926794598,0.36911546519753
"2570","Khulna","D",1,0.872895190058908
"2571","Khvoy","C",1,0.662893319107977
"2572","Kibiti","D",1,0.927510079476853
"2573","Kiel","B",0.999965659340659,0.9196267443624
"2574","Kielce","A",0.999928926794598,0.758338179387786
"2575","Kieta","D",1,0.905528947111988
"2576","Kiev","A",0.999928926794598,0.896157685409509
"2577","Kiffa","C",1,0.918983297368338
"2578","Kigali","D",1,0.767147816541313
"2579","Kikwit","D",1,0.928569409298048
"2580","Kilchu","A",0.999928926794598,0.938483988621958
"2581","Kilifi","D",1,0.877092989514955
"2582","Kilindoni","D",1,0.933036327030612
"2583","Kilinochchi","D",1,0.933502835265295
"2584","Kilis","C",1,0.885053036589358
"2585","Kilkenny","B",0.999965659340659,0.922480438495105
"2586","Killarney","B",0.999965659340659,0.913159884033687
"2587","Killeen","B",0.999965659340659,0.690896571121723
"2588","Kilosa","D",1,0.510097390745012
"2589","Kilowna","A",0.999928926794598,0.713899434394416
"2590","Kimberley","C",1,0.907160472460801
"2591","Kimchaek","A",0.999928926794598,0.937101914456577
"2592","Kimhyonggwon","A",0.999928926794598,0.936518587686164
"2593","Kimmirut","A",0.999928926794598,0.937521744652177
"2594","Kimpese","D",1,0.60650003362064
"2595","Kimry","A",0.999928926794598,0.937904681675352
"2596","Kindersley","A",0.999928926794598,0.938974435536049
"2597","Kindia","D",1,0.917130718136545
"2598","Kindu","D",1,0.929672783445555
"2599","Kineshma","A",0.999928926794598,0.936477699094944
"2600","King Salmon","A",0.999928926794598,0.937310417923126
"2601","Kingaroy","B",0.999965659340659,0.750751893386371
"2602","Kingman","C",1,0.91394986926124
"2603","Kingsport","B",0.999965659340659,0.922882984034827
"2604","Kingston South East","B",0.999965659340659,0.915389389442583
"2605","Kingston upon Hull","B",0.999965659340659,0.917899495649851
"2606","Kingston1","D",1,0.932491816702128
"2607","Kingston2","B",0.999965659340659,0.733624210481973
"2608","Kingston3","B",0.999965659340659,0.919575480150616
"2609","Kingstown","D",1,0.914043592731998
"2610","Kingsville","C",1,0.912789677520754
"2611","Kinshasa","D",1,0.927919507306657
"2612","Kipushi","C",1,0.888182914345212
"2613","Kirensk","A",0.999928926794598,0.939633250178192
"2614","Kirikkale","C",1,0.540290328570945
"2615","Kirkenes","A",0.999928926794598,0.935731187789887
"2616","Kirksville","A",0.999928926794598,0.9372613169626
"2617","Kirkuk","C",1,0.91130296412146
"2618","Kirkwall","B",0.999965659340659,0.918017652605278
"2619","Kirov1","A",0.999928926794598,0.937318041895073
"2620","Kirov2","A",0.999928926794598,0.936042225290373
"2621","Kirovo-Chepetsk","A",0.999928926794598,0.936340193377218
"2622","Kirovohrad","A",0.999928926794598,0.938903910579965
"2623","Kirovsk","A",0.999928926794598,0.935835573712427
"2624","Kirs","A",0.999928926794598,0.938339300975431
"2625","Kirsanov","A",0.999928926794598,0.937324643863426
"2626","Kiruna","A",0.999928926794598,0.936234428645258
"2627","Kisangani","D",1,0.906017966121503
"2628","Kiselevsk","A",0.999928926794598,0.93710084188919
"2629","Kisii","D",1,0.909375143812916
"2630","Kislovodsk","A",0.999928926794598,0.935651818056043
"2631","Kismaayo","C",1,0.814723943929035
"2632","Kissidougou","D",1,0.925169913377718
"2633","Kissimmee","D",1,0.843211621994767
"2634","Kisumu","D",1,0.924771038418574
"2635","Kita","C",1,0.90793669080986
"2636","Kitakyushu","B",0.999965659340659,0.706764037164869
"2637","Kitale","D",1,0.664166022912875
"2638","Kitami","A",0.999928926794598,0.901993025956695
"2639","Kitchener","B",0.999965659340659,0.648342841315325
"2640","Kitgum","C",1,0.720994802132595
"2641","Kitwe","C",1,0.889514699516024
"2642","Kizel","A",0.999928926794598,0.934946627385337
"2643","Klagenfurt","B",0.999965659340659,0.906054576907144
"2644","Klaipeda","B",0.999965659340659,0.910540296189848
"2645","Klamath Falls","A",0.999928926794598,0.581364309243541
"2646","Klerksdorp","C",1,0.911496456012713
"2647","Klin","A",0.999928926794598,0.93719526687378
"2648","Klintsy","A",0.999928926794598,0.936877620980429
"2649","Klyuchi","A",0.999928926794598,0.935309838436485
"2650","Knoxville","B",0.999965659340659,0.91853011495645
"2651","Knysna","B",0.999965659340659,0.907279727888453
"2652","Kobe","B",0.999965659340659,0.916677444305045
"2653","Koblenz","B",0.999965659340659,0.91892419315941
"2654","Kocaeli","B",0.999965659340659,0.903257168105526
"2655","Kochi","D",1,0.85969940367974
"2656","Kodiak","B",0.999965659340659,0.920623695309276
"2657","Koforidua","D",1,0.929994535102803
"2658","Kofu","B",0.999965659340659,0.896784579762932
"2659","Kogon","C",1,0.882248647290773
"2660","Kohat","C",1,0.90886486751704
"2661","Kohtla-Jarve","A",0.999928926794598,0.929932256950868
"2662","Koidu","D",1,0.928069201478344
"2663","Koko","C",1,0.906535558297517
"2664","Kokomo","B",0.999965659340659,0.734179641786705
"2665","Kokshetau","A",0.999928926794598,0.939581634224235
"2666","Kolar","C",1,0.904202293158866
"2667","Kolda","C",1,0.888320283245452
"2668","Kolhapur","C",1,0.522677162776914
"2669","Koln","B",0.999965659340659,0.915852482952388
"2670","Kolomna","A",0.999928926794598,0.934340356958577
"2671","Kolpino","A",0.999928926794598,0.893940182977811
"2672","Kolwezi","C",1,0.884217449568261
"2673","Kom Ombo","C",1,0.914436113627017
"2674","Komatipoort","C",1,0.894673509824892
"2675","Kompong Chhnang","D",1,0.900299503856707
"2676","Komsomolets","A",0.999928926794598,0.936636641425639
"2677","Komsomolsk na Amure","A",0.999928926794598,0.936993224189384
"2678","Kon Tum","D",1,0.927155671858685
"2679","Kondopoga","A",0.999928926794598,0.937526064022105
"2680","Kondoz","C",1,0.908043912684636
"2681","Koneurgench","A",0.999928926794598,0.366812589563288
"2682","Kongolo","C",1,0.70731572618638
"2683","Konibodom","C",1,0.845854087840185
"2684","Konotop","A",0.999928926794598,0.938558968798373
"2685","Kontagora","C",1,0.699893286103793
"2686","Kontcha","C",1,0.742619233655679
"2687","Konya","C",1,0.581507619524467
"2688","Korhogo","D",1,0.817812924300812
"2689","Koriyama","B",0.999965659340659,0.917348755115467
"2690","Korla","A",0.999928926794598,0.890338404226858
"2691","Korosten","A",0.999928926794598,0.938832029642501
"2692","Korsakov","A",0.999928926794598,0.893741446827435
"2693","Kos","C",1,0.763572750191536
"2694","Kosice","A",0.999928926794598,0.886048496283669
"2695","Kosti","C",1,0.916274797984949
"2696","Kostroma","A",0.999928926794598,0.937262276957865
"2697","Koszalin","B",0.999965659340659,0.917715341443267
"2698","Kota","C",1,0.912956557856375
"2699","Kota Baharu","D",1,0.904140873455913
"2700","Kota Kinabalu","D",1,0.908368952195272
"2701","Kotabumi","D",1,0.926390389647793
"2702","Kotelnich","A",0.999928926794598,0.935411382352084
"2703","Kotlas","A",0.999928926794598,0.937449367573323
"2704","Kotlit","A",0.999928926794598,0.935198452574563
"2705","Kotovsk","A",0.999928926794598,0.935354633001876
"2706","Kotte","D",1,0.908107940563473
"2707","Kotzebue","A",0.999928926794598,0.938261921624267
"2708","Koudougou","C",1,0.908237692358843
"2709","Koulamoutou","D",1,0.929448424388248
"2710","Koulikoro","C",1,0.907017404092059
"2711","Kourou","D",1,0.90932327950606
"2712","Koutiala","C",1,0.913319622147115
"2713","Kovel","A",0.999928926794598,0.927961454993064
"2714","Kovrov","A",0.999928926794598,0.936813531910039
"2715","Kozhikode","D",1,0.912550659204026
"2716","Kpalime","D",1,0.929305324039344
"2717","Kragujevac","B",0.999965659340659,0.911364847436459
"2718","Krakow","B",0.999965659340659,0.609321956402086
"2719","Kramatorsk","A",0.999928926794598,0.930365608523484
"2720","Krasnoarmeysk","A",0.999928926794598,0.937488619295512
"2721","Krasnodar","B",0.999965659340659,0.914321325081448
"2722","Krasnogorsk","A",0.999928926794598,0.938579275935399
"2723","Krasnokamensk","A",0.999928926794598,0.937420289337337
"2724","Krasnokamsk","A",0.999928926794598,0.937234813841868
"2725","Krasnoufimsk","A",0.999928926794598,0.936664144989287
"2726","Krasnouralsk","A",0.999928926794598,0.93669799780491
"2727","Krasnoyarsk","A",0.999928926794598,0.938789072988571
"2728","Kremenchuk","A",0.999928926794598,0.939146862319084
"2729","Kribi","D",1,0.908430282194652
"2730","Krishnanagar","C",1,0.886420872160026
"2731","Kristiansand","B",0.999965659340659,0.914429649071442
"2732","Kristianstad","B",0.999965659340659,0.92011144639764
"2733","Krong Koh Kong","D",1,0.90232597559586
"2734","Kroonstad","C",1,0.906499515786664
"2735","Kropotkin","B",0.999965659340659,0.776278419338857
"2736","Kryvyy Rih","A",0.999928926794598,0.936056779026409
"2737","Ksar El Kebir","C",1,0.900763361191669
"2738","Kuala Lumpur","D",1,0.906871493313245
"2739","Kuala Terengganu","D",1,0.906736575186725
"2740","Kualakapuas","D",1,0.899326053353397
"2741","Kuantan","D",1,0.910012048030301
"2742","Kuching","D",1,0.914932044872653
"2743","Kudymkar","A",0.999928926794598,0.936311805526308
"2744","Kuga","A",0.999928926794598,0.893944339119886
"2745","Kuito","C",1,0.897467674549756
"2746","Kulob","C",1,0.901109969813657
"2747","Kulunda","A",0.999928926794598,0.936676084846734
"2748","Kumamoto","D",1,0.906581301035494
"2749","Kumasi","D",1,0.928868732135091
"2750","Kumba","D",1,0.916750955480543
"2751","Kumbakonam","D",1,0.908008678620748
"2752","Kumbo","D",1,0.92075798896326
"2753","Kumertau","A",0.999928926794598,0.936317394069789
"2754","Kumo","C",1,0.907463695924403
"2755","Kundian","C",1,0.921196246526177
"2756","Kungur","A",0.999928926794598,0.939589745737634
"2757","Kunming","B",0.999965659340659,0.449881558134019
"2758","Kununurra","C",1,0.900889198437564
"2759","Kuopio","A",0.999928926794598,0.934657550670044
"2760","Kupang","D",1,0.928101177125679
"2761","Kupina","A",0.999928926794598,0.936421530189261
"2762","Kupyansk","A",0.999928926794598,0.937918773475393
"2763","Kure","B",0.999965659340659,0.818337440699258
"2764","Kurgan","A",0.999928926794598,0.938154805814624
"2765","Kurnool","C",1,0.906249863007992
"2766","Kursk","A",0.999928926794598,0.935257952409075
"2767","Kurtamysh","A",0.999928926794598,0.939542403219554
"2768","Kuruman","C",1,0.908836186472844
"2769","Kushiro","B",0.999965659340659,0.668101055747648
"2770","Kuta","D",1,0.908507746385319
"2771","Kutahya","B",0.999965659340659,0.735362780556054
"2772","Kutaisi","B",0.999965659340659,0.909829170477833
"2773","Kuujjuaq","A",0.999928926794598,0.937087050676083
"2774","Kuujjuarapik","A",0.999928926794598,0.93960264495743
"2775","Kuwait","C",1,0.912018860718098
"2776","Kuybyshevskiy","C",1,0.91047027767683
"2777","Kuznetsk","A",0.999928926794598,0.939435732876952
"2778","Kwekwe","C",1,0.91495530204666
"2779","Kwinana","C",1,0.739767498640919
"2780","Kyakhta","A",0.999928926794598,0.935064112128574
"2781","Kyaukphyu","D",1,0.904128164313878
"2782","Kyoto","B",0.999965659340659,0.915033549091478
"2783","Kyshtym","A",0.999928926794598,0.936137279313572
"2784","Kyustendil","B",0.999965659340659,0.908202249908489
"2785","Kyzyl","A",0.999928926794598,0.936378538436937
"2786","L'Aquila","B",0.999965659340659,0.917174883155117
"2787","La Barca","C",1,0.912054796230968
"2788","La Ceiba","D",1,0.919217454826661
"2789","La Coruna","B",0.999965659340659,0.912734035797847
"2790","La Crosse","A",0.999928926794598,0.936935659022413
"2791","La Cruz1","D",1,0.931742620829463
"2792","La Cruz2","C",1,0.668494922953358
"2793","La Grande","A",0.999928926794598,0.484002862997488
"2794","La Grange","B",0.999965659340659,0.912269862398546
"2795","La Libertad","D",1,0.933391057555793
"2796","La Ligua","C",1,0.910709994992089
"2797","La Paloma","B",0.999965659340659,0.915885312836585
"2798","La Paz1","C",1,0.917660167872662
"2799","La Paz2","C",1,0.90642254350312
"2800","La Paz3","A",0.999928926794598,0.361711547340709
"2801","La Plata","B",0.999965659340659,0.914986354887596
"2802","La Rioja","C",1,0.910684825894208
"2803","La Rochelle","B",0.999965659340659,0.915972732452607
"2804","La Romana","D",1,0.931035188071672
"2805","La Ronge","A",0.999928926794598,0.937007911724566
"2806","La Sarre","A",0.999928926794598,0.939023609198096
"2807","La Scie","B",0.999965659340659,0.905920661501505
"2808","La Serena","C",1,0.90847894236842
"2809","La Union","B",0.999965659340659,0.916402578507116
"2810","La Vega","D",1,0.917481085403048
"2811","La Victoria","D",1,0.933123698233801
"2812","Laayoune","C",1,0.91362964307105
"2813","Labe","D",1,0.878572489014955
"2814","Labinsk","B",0.999965659340659,0.895259557344967
"2815","Labrador City","A",0.999928926794598,0.93585780008345
"2816","Labutta","D",1,0.921564754793859
"2817","Lac La Biche","A",0.999928926794598,0.937109673170779
"2818","Ladysmith","C",1,0.914448820290321
"2819","Lae","D",1,0.907841034893724
"2820","Lafayette1","B",0.999965659340659,0.867715728054205
"2821","Lafayette2","B",0.999965659340659,0.552494762813131
"2822","Lafia","D",1,0.85969428556274
"2823","Laghouat","C",1,0.915913123028377
"2824","Lagos","D",1,0.936167795064517
"2825","Lagos de Moreno","C",1,0.919734825843581
"2826","Laguna","D",1,0.798494312083912
"2827","Lahad Datu","D",1,0.907469824112232
"2828","Lahat","D",1,0.903122455164158
"2829","Lahij","C",1,0.914275903509397
"2830","Lahore","C",1,0.914118005497504
"2831","Lahti","A",0.999928926794598,0.928676766948325
"2832","Laiwu","A",0.999928926794598,0.919146918602634
"2833","Laiyang","A",0.999928926794598,0.938527329187661
"2834","Lajes","B",0.999965659340659,0.869609000790686
"2835","Lake Charles","B",0.999965659340659,0.870952380544345
"2836","Lake City","B",0.999965659340659,0.591464290684355
"2837","Lake Havasu City","C",1,0.911775262658618
"2838","Lake Louise","A",0.999928926794598,0.93698150750109
"2839","Lakeville","A",0.999928926794598,0.937298026083061
"2840","Lalitpur","D",1,0.91045604441892
"2841","Lamar","A",0.999928926794598,0.876030018959621
"2842","Lamas","D",1,0.910933819674281
"2843","Lambarene","D",1,0.935601756525631
"2844","Lampang","C",1,0.8914759079858
"2845","Lamu","D",1,0.872200420087757
"2846","Lancaster1","C",1,0.904700370953104
"2847","Lancaster2","B",0.999965659340659,0.884848343513735
"2848","Lancaster3","B",0.999965659340659,0.920533949920115
"2849","Lander","A",0.999928926794598,0.920588807151483
"2850","Langfang","A",0.999928926794598,0.904082164918794
"2851","Langzhong","C",1,0.547561547599313
"2852","Lankaran","B",0.999965659340659,0.539041295770489
"2853","Lansdowne House","A",0.999928926794598,0.937165335524853
"2854","Lansing","A",0.999928926794598,0.885995456173564
"2855","Lanxi","A",0.999928926794598,0.936426082707486
"2856","Lanzhou","A",0.999928926794598,0.896204102716267
"2857","Lao Chi","D",1,0.928110615995027
"2858","Laoag","D",1,0.917529709141046
"2859","Lapa","B",0.999965659340659,0.8445495790713
"2860","Lappeenranta","A",0.999928926794598,0.927836566647313
"2861","Larache","C",1,0.824992476986196
"2862","Laramie","A",0.999928926794598,0.932352396546611
"2863","Laredo","C",1,0.912439646214615
"2864","Larissa","B",0.999965659340659,0.562782994623998
"2865","Larkana","C",1,0.915021007738142
"2866","Las Cruces","C",1,0.915183909866818
"2867","Las Heras","C",1,0.889411671031522
"2868","Las Lajas","C",1,0.439832112147978
"2869","Las Lomitas","C",1,0.900367301933187
"2870","Las Palmas","B",0.999965659340659,0.585801534173633
"2871","Las Tablas","D",1,0.933457302344602
"2872","Las Tunas","D",1,0.895440106330167
"2873","Las Vegas1","A",0.999928926794598,0.888508673907072
"2874","Las Vegas2","C",1,0.90985165934301
"2875","Lascano","B",0.999965659340659,0.911919342722252
"2876","Latacunga","B",0.999965659340659,0.74849355148582
"2877","Latur","C",1,0.90725224463109
"2878","Launceston","B",0.999965659340659,0.91840598319365
"2879","Laurel","B",0.999965659340659,0.900276244664481
"2880","Lausanne","B",0.999965659340659,0.916250141813795
"2881","Lautoka","D",1,0.907098953521752
"2882","Lavras","D",1,0.93332297560267
"2883","Lavrentiya","A",0.999928926794598,0.936736470392308
"2884","Lawrence","A",0.999928926794598,0.901351475870037
"2885","Lawton","B",0.999965659340659,0.494174174672796
"2886","Lazaro Cardenas","D",1,0.886288367155018
"2887","Le Havre","B",0.999965659340659,0.920059923626512
"2888","Le Mans","B",0.999965659340659,0.924167881583336
"2889","Lead","A",0.999928926794598,0.937694119991932
"2890","Lebowakgomo","C",1,0.913659403980803
"2891","Lebu","B",0.999965659340659,0.876265184719327
"2892","Lecce","B",0.999965659340659,0.908502804859667
"2893","Leeds","B",0.999965659340659,0.91396674163673
"2894","Leesburg","D",1,0.812521590120551
"2895","Leeton","B",0.999965659340659,0.861370114279881
"2896","Leeuwarden","B",0.999965659340659,0.915147881628329
"2897","Legazpi","D",1,0.905875093538724
"2898","Legnica","B",0.999965659340659,0.515046270422679
"2899","Leicester","B",0.999965659340659,0.916933832091823
"2900","Leipzig","B",0.999965659340659,0.911811425812177
"2901","Lemosos","C",1,0.881265310831076
"2902","Lenger","A",0.999928926794598,0.211261198780399
"2903","Leninogorsk","A",0.999928926794598,0.939041893203051
"2904","Leninsk Kuznetsky","A",0.999928926794598,0.937362645379203
"2905","Lensk","A",0.999928926794598,0.936452982852512
"2906","Leon1","D",1,0.927434415383779
"2907","Leon2","C",1,0.91358175488205
"2908","Leon3","B",0.999965659340659,0.908913527044132
"2909","Leonara","C",1,0.912182596970761
"2910","Leopoldina","D",1,0.931105887764976
"2911","Lerwick","B",0.999965659340659,0.916216946599828
"2912","Les Cayes","D",1,0.908669415133997
"2913","Leshan","D",1,0.790721613449782
"2914","Lesosibirsk","A",0.999928926794598,0.936873710909562
"2915","Lesozavodsk","A",0.999928926794598,0.935563144263915
"2916","Lethbridge","A",0.999928926794598,0.936809255623211
"2917","Lethem","D",1,0.932791221970405
"2918","Leticia","D",1,0.922505364670502
"2919","Letpadan","D",1,0.934214692144122
"2920","Levin","B",0.999965659340659,0.919247540491986
"2921","Lewiston1","B",0.999965659340659,0.88047689680433
"2922","Lewiston2","B",0.999965659340659,0.477980087516481
"2923","Lexington","B",0.999965659340659,0.921210845045076
"2924","Lgov","A",0.999928926794598,0.938364491278112
"2925","Lhasa","A",0.999928926794598,0.92199978835182
"2926","Lhokseumawe","D",1,0.91841849515258
"2927","Lianxian","B",0.999965659340659,0.741751583873984
"2928","Lianyungang","A",0.999928926794598,0.781015261419711
"2929","Liaocheng","A",0.999928926794598,0.827770028711414
"2930","Liaoyang","A",0.999928926794598,0.936576658440572
"2931","Liaoyuan","A",0.999928926794598,0.936795477838242
"2932","Libenge","D",1,0.924808783951728
"2933","Liberec","B",0.999965659340659,0.829106520800225
"2934","Liberia","D",1,0.925969463836011
"2935","Libertador General San Martin","C",1,0.893241696988453
"2936","Libreville","D",1,0.906974317975268
"2937","Lichinga","C",1,0.746777556587513
"2938","Lida","A",0.999928926794598,0.898864496294182
"2939","Liege","B",0.999965659340659,0.916791412652957
"2940","Liepaga","B",0.999965659340659,0.899717725332803
"2941","Lihue","D",1,0.913858758859945
"2942","Lijiang","A",0.999928926794598,0.3085717537352
"2943","Likasi","C",1,0.898322767736136
"2944","Lille","B",0.999965659340659,0.913492328904788
"2945","Lillehammer","A",0.999928926794598,0.669742026308315
"2946","Lillooet","A",0.999928926794598,0.767038996522358
"2947","Lilongwe","C",1,0.897563155926936
"2948","Lima1","B",0.999965659340659,0.668021031936299
"2949","Lima2","C",1,0.891589742154802
"2950","Limbe","D",1,0.909064051839261
"2951","Limeira","D",1,0.926794998026397
"2952","Limerick","B",0.999965659340659,0.915524628274813
"2953","Limoges","B",0.999965659340659,0.918737618412642
"2954","Linares1","C",1,0.789535947525484
"2955","Linares2","C",1,0.899503531605285
"2956","Linares3","C",1,0.909707770489567
"2957","Linchuan","B",0.999965659340659,0.654346022344236
"2958","Lincoln1","A",0.999928926794598,0.937952189781291
"2959","Lincoln2","B",0.999965659340659,0.914929045570676
"2960","Linden","D",1,0.906527011878069
"2961","Lindi","D",1,0.887084301230127
"2962","Linfen","A",0.999928926794598,0.897244785715788
"2963","Linhai","B",0.999965659340659,0.617170435901011
"2964","Linhares","D",1,0.936744145094599
"2965","Linjiang","A",0.999928926794598,0.938945569789156
"2966","Linkoping","A",0.999928926794598,0.644437884830489
"2967","Linkou","A",0.999928926794598,0.934538690426041
"2968","Linqing","A",0.999928926794598,0.812999874788751
"2969","Linxi","A",0.999928926794598,0.936948887858042
"2970","Linxia","A",0.999928926794598,0.929859588259359
"2971","Linyi","A",0.999928926794598,0.829187043745954
"2972","Linz","B",0.999965659340659,0.914890126266667
"2973","Lipetsk","A",0.999928926794598,0.934941277129196
"2974","Lira","D",1,0.928825866665145
"2975","Lisala","D",1,0.899949706637381
"2976","Lisbon","B",0.999965659340659,0.903917193883246
"2977","Lisburn","B",0.999965659340659,0.91834516050008
"2978","Lishui","B",0.999965659340659,0.860319952691555
"2979","Lismore","B",0.999965659340659,0.495279449009919
"2980","Lithgow","B",0.999965659340659,0.917953839062328
"2981","Little Current","A",0.999928926794598,0.866874232080813
"2982","Little Rock","B",0.999965659340659,0.904756212726784
"2983","LÌùderitz","C",1,0.891220449308675
"2984","Liuhe","A",0.999928926794598,0.939506237077319
"2985","Liuzhou","D",1,0.805990788396175
"2986","Liverpool1","B",0.999965659340659,0.918975965126799
"2987","Liverpool2","B",0.999965659340659,0.921920823858116
"2988","Livingston","D",1,0.902888066305736
"2989","Livingstone","C",1,0.91126691656745
"2990","Livny","A",0.999928926794598,0.936691931486291
"2991","Livorno","B",0.999965659340659,0.901519832333571
"2992","Ljubljana","B",0.999965659340659,0.91569782020313
"2993","Lobamba","C",1,0.88964795963808
"2994","Lobatse","C",1,0.912671492425867
"2995","Lobito","C",1,0.891834474590773
"2996","Lobos","B",0.999965659340659,0.919707660429732
"2997","Lodwar","C",1,0.908516551434543
"2998","Lodz","A",0.999928926794598,0.764452200635553
"2999","Loei","D",1,0.674429858433452
"3000","Logan","A",0.999928926794598,0.765976162168598
"3001","Logrono","B",0.999965659340659,0.906202054382894
"3002","Loja","B",0.999965659340659,0.725019594919245
"3003","Lokoja","C",1,0.67452023895246
"3004","Lome","D",1,0.871578145822736
"3005","Lomza","A",0.999928926794598,0.891950860837354
"3006","Loncoche","B",0.999965659340659,0.890822687648256
"3007","London1","B",0.999965659340659,0.892793744768078
"3008","London2","B",0.999965659340659,0.920037740412351
"3009","Londonderry","B",0.999965659340659,0.916568392253956
"3010","Londrina","D",1,0.924032238188054
"3011","Long Beach","C",1,0.916132946381204
"3012","Long Xuyen","D",1,0.897936969323222
"3013","Longjiang","A",0.999928926794598,0.937911481280826
"3014","Longreach","C",1,0.910236747047946
"3015","Longview1","B",0.999965659340659,0.899822294367693
"3016","Longview2","B",0.999965659340659,0.914569936706744
"3017","Longxi","A",0.999928926794598,0.938168810792385
"3018","Longyan","B",0.999965659340659,0.517631110015415
"3019","Lop Buri","D",1,0.891646508056356
"3020","Lorca","C",1,0.894250313737067
"3021","Loreto","C",1,0.915831921224509
"3022","Lorica","D",1,0.932797054330804
"3023","Lorient","B",0.999965659340659,0.916844479355206
"3024","Los Alamos","A",0.999928926794598,0.914088702838198
"3025","Los Andes","C",1,0.9035159651844
"3026","Los Angeles1","C",1,0.909162667835682
"3027","Los Angeles2","B",0.999965659340659,0.897166844262197
"3028","Los Blancos","C",1,0.908096397860101
"3029","Los Lagos","B",0.999965659340659,0.842919992303187
"3030","Los Mochis","C",1,0.906893813697348
"3031","Los Teques","D",1,0.733228364222716
"3032","Lota","B",0.999965659340659,0.617009173318754
"3033","Louangphrabang","D",1,0.881512812012149
"3034","Loubomo","D",1,0.92425445798559
"3035","Louga","C",1,0.913058258931434
"3036","Louisville","B",0.999965659340659,0.919507921889197
"3037","Lowell","B",0.999965659340659,0.917937251467935
"3038","Luan","B",0.999965659340659,0.86861146958469
"3039","Luanda","C",1,0.889320596645177
"3040","Luanshya","C",1,0.892337304680424
"3041","Luau","C",1,0.814433101923972
"3042","Lubango","C",1,0.914320579316428
"3043","Lubao","D",1,0.931503477485327
"3044","Lubbock","C",1,0.836884180379413
"3045","Lubeck","B",0.999965659340659,0.914727096868496
"3046","Lublin","A",0.999928926794598,0.866425486103319
"3047","Lubumbashi","C",1,0.892374435792483
"3048","Lubutu","D",1,0.912344402626562
"3049","Lucapa","D",1,0.927841451912825
"3050","Lucknow","C",1,0.908391777363213
"3051","Ludhiana","C",1,0.913745749888164
"3052","Luebo","D",1,0.93029320570639
"3053","Luena","C",1,0.889942989038933
"3054","Lufkin","B",0.999965659340659,0.903610309175687
"3055","Luga","A",0.999928926794598,0.936578270330411
"3056","Lugano","B",0.999965659340659,0.920045033246406
"3057","Luganville","D",1,0.90643433631424
"3058","Luhansk","A",0.999928926794598,0.936674362135997
"3059","Lujan","B",0.999965659340659,0.91365174537415
"3060","Lulea","A",0.999928926794598,0.92932832683583
"3061","Luleburgaz","B",0.999965659340659,0.908732292947052
"3062","Lumberton","B",0.999965659340659,0.912154448521248
"3063","Lundazi","C",1,0.892670342756861
"3064","Luohe","A",0.999928926794598,0.780714376485124
"3065","Luoyang","A",0.999928926794598,0.886962196611925
"3066","Lupanshui","B",0.999965659340659,0.723490181667113
"3067","Lusaka","C",1,0.904156649723533
"3068","Lusambo","D",1,0.915487878092624
"3069","Lusanga","D",1,0.876093056794176
"3070","Luton","B",0.999965659340659,0.916647577443951
"3071","Lutselke","A",0.999928926794598,0.937366260471039
"3072","Lutsk","A",0.999928926794598,0.938117608756921
"3073","Luwuk","D",1,0.918266218239194
"3074","Luxembourg","B",0.999965659340659,0.915038655996028
"3075","Luxor","C",1,0.912816877810241
"3076","Luzern","B",0.999965659340659,0.922461782600235
"3077","Luzhou","B",0.999965659340659,0.735926774607425
"3078","Lvov","A",0.999928926794598,0.778490637382359
"3079","Lynchburg","B",0.999965659340659,0.923852858224295
"3080","Lyon","B",0.999965659340659,0.917495037332607
"3081","Lysychansk","A",0.999928926794598,0.936697040352897
"3082","Maanshan","B",0.999965659340659,0.920921197554168
"3083","Mabaruma","D",1,0.905310205367615
"3084","Macae","D",1,0.925076547045995
"3085","Macapa","D",1,0.903993653549374
"3086","Macara","C",1,0.889884755964306
"3087","Macas","D",1,0.906019299932015
"3088","Macau","D",1,0.927117114585964
"3089","Maceio","D",1,0.911159025879175
"3090","Macenta","D",1,0.908065146468628
"3091","Machakos","C",1,0.894468658625015
"3092","Machala","D",1,0.877232344390989
"3093","Macheng","B",0.999965659340659,0.876353350833003
"3094","Machilipatnam","C",1,0.567123439210114
"3095","Machiques","D",1,0.93004533983234
"3096","Macia","D",1,0.901115248113845
"3097","Mackay","D",1,0.928740451894539
"3098","Macon","B",0.999965659340659,0.910799050108734
"3099","Madang","D",1,0.90741168290174
"3100","Madaoua","C",1,0.912675714343844
"3101","Madinat ath Thawrah","C",1,0.910175873739517
"3102","Madison","A",0.999928926794598,0.939367389289424
"3103","Madisonville","B",0.999965659340659,0.916360063945255
"3104","Madiun","D",1,0.904295346087146
"3105","Madrid","B",0.999965659340659,0.611814649415672
"3106","Madurai","C",1,0.635380392955721
"3107","Mae Sot","D",1,0.730507452674309
"3108","Maebashi","B",0.999965659340659,0.907907554685834
"3109","Mafetang","C",1,0.756535184795634
"3110","Magadan","A",0.999928926794598,0.937642233086465
"3111","Magangue","D",1,0.931723358045568
"3112","Magdagachi","A",0.999928926794598,0.937640495376164
"3113","Magdalena","D",1,0.930649641876619
"3114","Magdeburg","B",0.999965659340659,0.899298447240828
"3115","Magelang","D",1,0.905705777367563
"3116","Magnitogorsk","A",0.999928926794598,0.935252536983949
"3117","Magway","C",1,0.897124384977632
"3118","Mahabad","C",1,0.764789080905541
"3119","Mahajanga","D",1,0.927872727537315
"3120","Mahalapye","C",1,0.912530418983061
"3121","Mahilyow","A",0.999928926794598,0.938719966838446
"3122","Maiduguri","C",1,0.909269730439873
"3123","Maintirano","D",1,0.923822631222483
"3124","Maiquetia","D",1,0.810000721814042
"3125","Maitland","B",0.999965659340659,0.885356014330695
"3126","Maizaru","B",0.999965659340659,0.868207021578676
"3127","Majene","D",1,0.912482302158147
"3128","Makale","D",1,0.913283773580001
"3129","Makarov","A",0.999928926794598,0.938411099500474
"3130","Makeni","D",1,0.905048890441778
"3131","Makhachkala","B",0.999965659340659,0.899966797497345
"3132","Makhambet","A",0.999928926794598,0.935254780163349
"3133","Makinsk","A",0.999928926794598,0.937942377475265
"3134","Makiyivka","A",0.999928926794598,0.928677335604915
"3135","Makkah","C",1,0.913366678175436
"3136","Makokou","D",1,0.932361469717011
"3137","Makoua","D",1,0.938653546344532
"3138","Makurdi","D",1,0.849768776208853
"3139","Malabo","D",1,0.91232026777774
"3140","Malacca","D",1,0.914404438093271
"3141","Maladzyechna","A",0.999928926794598,0.936488393466439
"3142","Malaga","C",1,0.905821379858692
"3143","Malakal","C",1,0.889966908251699
"3144","Malang","D",1,0.905313463122456
"3145","Malanje","C",1,0.780819575730209
"3146","Malargue","B",0.999965659340659,0.660406458977432
"3147","Malatya","C",1,0.731151417079884
"3148","Maldonado","B",0.999965659340659,0.91741102944512
"3149","Malegaon","C",1,0.914977911916933
"3150","Malindi","D",1,0.884188079596429
"3151","Mallawi","C",1,0.915690605836411
"3152","Malmo","B",0.999965659340659,0.916590768459046
"3153","Mamou","D",1,0.924818088058277
"3154","Man","D",1,0.929285323351368
"3155","Manacapuru","D",1,0.914793122278932
"3156","Manado","D",1,0.909069367911989
"3157","Managua","D",1,0.928671192012552
"3158","Manama","C",1,0.913382565659056
"3159","Mananjary","D",1,0.904322184663049
"3160","Manaus","D",1,0.910358919517977
"3161","Manbij","C",1,0.904607715851956
"3162","Manchester1","B",0.999965659340659,0.890907191627261
"3163","Manchester2","B",0.999965659340659,0.917008477394184
"3164","Mandalay","C",1,0.90657369497479
"3165","Mandalgovi","A",0.999928926794598,0.939026448496418
"3166","Mandali","C",1,0.916720145636241
"3167","Mandera","C",1,0.921021163961136
"3168","Mandritsara","D",1,0.928444803049626
"3169","Mandurah","C",1,0.59813659855934
"3170","Mandya","C",1,0.892685689655828
"3171","Mangai","D",1,0.930637967093231
"3172","Mangalore","D",1,0.904990731026438
"3173","Mango","C",1,0.556964979777322
"3174","Mangochi","C",1,0.893425337198693
"3175","Manhattan","A",0.999928926794598,0.926837198386778
"3176","Manicore","D",1,0.900339461663899
"3177","Manila","D",1,0.925475134726758
"3178","Manisa","C",1,0.895159449369833
"3179","Manizales","D",1,0.913236288407176
"3180","Manja","C",1,0.904811840895698
"3181","Manjimup","B",0.999965659340659,0.884507819258931
"3182","Mankato","A",0.999928926794598,0.935617367852863
"3183","Mannheim","B",0.999965659340659,0.915698278563642
"3184","Manokwari","D",1,0.903027578845593
"3185","Manono","C",1,0.672805516283478
"3186","Manpo","A",0.999928926794598,0.937841953750978
"3187","Mansa","C",1,0.891809642933427
"3188","Mansehra","B",0.999965659340659,0.478361879616665
"3189","Mansfield","B",0.999965659340659,0.769937677781423
"3190","Manta","C",1,0.767761645993977
"3191","Manukau","B",0.999965659340659,0.92180233629342
"3192","Manyoni","C",1,0.91242581444864
"3193","Manzanillo1","D",1,0.698785364176868
"3194","Manzanillo2","D",1,0.927153024252054
"3195","Manzhouli","A",0.999928926794598,0.937577257304886
"3196","Mao","C",1,0.921252813649123
"3197","Maoming","D",1,0.932941936634107
"3198","Mapai","C",1,0.910902089745346
"3199","Maputo","C",1,0.505496193661195
"3200","Maqat","A",0.999928926794598,0.920656707565486
"3201","Mar de Ajo","B",0.999965659340659,0.915343794702213
"3202","Mar del Plata","B",0.999965659340659,0.914846647076579
"3203","Maraba","D",1,0.90736932967781
"3204","Maracaibo","C",1,0.812263314573553
"3205","Maracaju","D",1,0.925256223762902
"3206","Maradi","C",1,0.913635044157734
"3207","Maragheh","C",1,0.664284682508849
"3208","Marbella","C",1,0.88806542310872
"3209","Mardan","C",1,0.914221863039998
"3210","Mardin","C",1,0.860407917318245
"3211","Maria Elena","C",1,0.912720747289101
"3212","Maribor","B",0.999965659340659,0.916036043154168
"3213","Maridi","D",1,0.871177514041677
"3214","Mariental","C",1,0.914564975850293
"3215","Marietta","B",0.999965659340659,0.917052493372023
"3216","Mariinsk","A",0.999928926794598,0.93582411324295
"3217","Marilia","D",1,0.925012876513551
"3218","Marinette","A",0.999928926794598,0.935698003917987
"3219","Maringa","D",1,0.92126225652799
"3220","Marion","B",0.999965659340659,0.60879752044567
"3221","Mariupol","B",0.999965659340659,0.785615173773072
"3222","Markala","C",1,0.911407683970691
"3223","Maroantsetra","D",1,0.904969806240713
"3224","Maroua","C",1,0.902668846561338
"3225","Marovoay","D",1,0.926503426901565
"3226","Marquette","A",0.999928926794598,0.928699130125206
"3227","Marrakesh","C",1,0.90875716469654
"3228","Marrupa","C",1,0.77574884778805
"3229","Marsabit","D",1,0.936244846431386
"3230","Marsala","B",0.999965659340659,0.78445750617679
"3231","Marseille","B",0.999965659340659,0.90346352476922
"3232","Martapura","D",1,0.904893741828516
"3233","Mary","C",1,0.909065908407947
"3234","Mary borough","D",1,0.934441809191069
"3235","Maryborough","B",0.999965659340659,0.902347804297594
"3236","Marzuq","C",1,0.91110379218827
"3237","Masaka","D",1,0.930591681304194
"3238","Masan","B",0.999965659340659,0.919771779203215
"3239","Masasi","C",1,0.858763291973573
"3240","Mascara","C",1,0.909031089615659
"3241","Maseru","C",1,0.809456482814968
"3242","Mashhad","C",1,0.886092995053557
"3243","Masindi-Port","D",1,0.927933000354479
"3244","Masjed Soleyman","C",1,0.916661375250888
"3245","Mason City","A",0.999928926794598,0.936874353122934
"3246","Massawa","C",1,0.9118627037039
"3247","Masterton","B",0.999965659340659,0.915844550986238
"3248","Masvingo","C",1,0.89297234133961
"3249","Matadi","D",1,0.812239350564643
"3250","Matagalpa","D",1,0.88693615297882
"3251","Matagami","A",0.999928926794598,0.936687739852821
"3252","Matamoros","C",1,0.887481290190312
"3253","Matanzas","D",1,0.935413689033378
"3254","Matara","D",1,0.905887331146352
"3255","Mataram","D",1,0.929044688396956
"3256","Mataro","B",0.999965659340659,0.917545278882204
"3257","Matehuala","C",1,0.924990014507068
"3258","Mathura","C",1,0.911592335064093
"3259","Mato Grosso","D",1,0.886377920969284
"3260","Matola","C",1,0.684081396149847
"3261","Matruh","C",1,0.910118467843664
"3262","Matsue","B",0.999965659340659,0.864287134846823
"3263","Matsumoto","B",0.999965659340659,0.763624352831231
"3264","Matsuyama","B",0.999965659340659,0.877392278489109
"3265","Maturin","D",1,0.928019572125913
"3266","Maues","D",1,0.908859068240461
"3267","Maumere","D",1,0.867002739518567
"3268","Maun","C",1,0.921848366892906
"3269","Mawlamyine","D",1,0.910746997748327
"3270","Maxixe","D",1,0.922442111369044
"3271","May Pen","D",1,0.93775489444471
"3272","Mayaguez","D",1,0.926827707530648
"3273","Maykop","B",0.999965659340659,0.91931902276548
"3274","Mazabuka","C",1,0.900465650794933
"3275","Mazar-e Sharif","C",1,0.909749424605739
"3276","Mazatenango","D",1,0.91702911556276
"3277","Mazatlan","D",1,0.70191572990175
"3278","Mazyr","A",0.999928926794598,0.935847594612396
"3279","Mbabane","B",0.999965659340659,0.484537933241509
"3280","Mbaiki","D",1,0.927494773492962
"3281","Mbala","C",1,0.897478652585936
"3282","Mbale","D",1,0.935649358389843
"3283","Mbalmayo","D",1,0.933382657921751
"3284","Mbandaka","D",1,0.903021558374412
"3285","Mbanza-Congo","D",1,0.911188795932035
"3286","Mbanza-Ngungu","D",1,0.921061196519365
"3287","Mbarara","D",1,0.759754152113889
"3288","Mbe","D",1,0.871505139427399
"3289","Mbeya","C",1,0.894268296179362
"3290","Mbuji-Mayi","D",1,0.929757710799096
"3291","Mbulu","C",1,0.896463513531384
"3292","McAlester","B",0.999965659340659,0.909814833994141
"3293","McAllen","C",1,0.915864876737749
"3294","McCook","A",0.999928926794598,0.894137421785467
"3295","McGrath","A",0.999928926794598,0.939829983948694
"3296","Meadow Lake","A",0.999928926794598,0.936834263224007
"3297","Medan","D",1,0.903242903698965
"3298","Medani","C",1,0.911879113130715
"3299","Medea","C",1,0.591867266950302
"3300","Medellin","D",1,0.922785609773112
"3301","Medford","C",1,0.595328381995971
"3302","Medicine Hat","A",0.999928926794598,0.936328317621656
"3303","Medina","C",1,0.91146729538187
"3304","Medinipur","C",1,0.674186978055283
"3305","Mednogorsk","A",0.999928926794598,0.937120775438273
"3306","Meekatharra","C",1,0.922540373055895
"3307","Meerut","C",1,0.92073365553667
"3308","Megion","A",0.999928926794598,0.936270442507356
"3309","Meiganga","D",1,0.862494706758666
"3310","Meizhou","D",1,0.668303820945046
"3311","Mejillones","C",1,0.910204084812563
"3312","Mekambo","D",1,0.929196367290094
"3313","Mekele","C",1,0.89433799533902
"3314","Meknes","C",1,0.913473863725086
"3315","Mekoryuk","A",0.999928926794598,0.935637062677763
"3316","Melbourne1","D",1,0.932953723892709
"3317","Melbourne2","B",0.999965659340659,0.912983545408997
"3318","Melilla","C",1,0.592108827354668
"3319","Melitopol","A",0.999928926794598,0.633096273063698
"3320","Melo","B",0.999965659340659,0.908112316043409
"3321","Melton","B",0.999965659340659,0.910621614323412
"3322","Melun","B",0.999965659340659,0.917571408830818
"3323","Melut","C",1,0.907931691801651
"3324","Melville","A",0.999928926794598,0.939143957791521
"3325","Memphis","B",0.999965659340659,0.919317461379722
"3326","Mendi","D",1,0.907551142831259
"3327","Mendocino","B",0.999965659340659,0.854524401461591
"3328","Mendoza","C",1,0.879953315801419
"3329","Mengzi","C",1,0.718766395132912
"3330","Meningie","B",0.999965659340659,0.902693623281106
"3331","Menongue","C",1,0.91348117246421
"3332","Merauke","D",1,0.929700286307138
"3333","Merced","C",1,0.909982675148871
"3334","Mercedes1","B",0.999965659340659,0.91664980874016
"3335","Mercedes2","B",0.999965659340659,0.558496751684864
"3336","Mercedes3","B",0.999965659340659,0.902290889716328
"3337","Mercedes4","B",0.999965659340659,0.880567132346018
"3338","Merida","D",1,0.628833049784149
"3339","Meridian","B",0.999965659340659,0.911325937207085
"3340","Merimbula","B",0.999965659340659,0.916759256139837
"3341","Merowe","C",1,0.909899258960212
"3342","Merredin","C",1,0.901316828017331
"3343","Meru","D",1,0.91181292465262
"3344","Mesa","C",1,0.915361413698434
"3345","Messina","B",0.999965659340659,0.823536524880922
"3346","Metairie","B",0.999965659340659,0.852417533037967
"3347","Metz","B",0.999965659340659,0.919079580630718
"3348","Mexicali","C",1,0.917343613036578
"3349","Mexico City","C",1,0.881658124587241
"3350","Meymaneh","C",1,0.914501785534099
"3351","Mezen","A",0.999928926794598,0.93651537000177
"3352","Miahuatlan","C",1,0.896304483954009
"3353","Miami","D",1,0.927549094867173
"3354","Miami Beach","D",1,0.933605521989393
"3355","Miandrivazo","C",1,0.849143999847337
"3356","Mianyang","C",1,0.81483768692306
"3357","Miass","A",0.999928926794598,0.934875165459131
"3358","Michurinsk","A",0.999928926794598,0.936708683709884
"3359","Middelburg1","C",1,0.861179125144627
"3360","Middelburg2","C",1,0.891745345889289
"3361","Middlesbrough","B",0.999965659340659,0.915399432544372
"3362","Midland","C",1,0.901429718826774
"3363","Mikhaylovka","A",0.999928926794598,0.936367338950482
"3364","Mikumi","D",1,0.723051324331894
"3365","Milagro","D",1,0.938659384350445
"3366","Milan","B",0.999965659340659,0.916780632330813
"3367","Mildura","B",0.999965659340659,0.604991331549127
"3368","Miles City","A",0.999928926794598,0.922707256786386
"3369","Millerovo","A",0.999928926794598,0.93505547773059
"3370","Milwaukee","A",0.999928926794598,0.863274460875658
"3371","Minas","B",0.999965659340659,0.91602733209242
"3372","Minatitlan","D",1,0.905277081735487
"3373","Mindelo","C",1,0.887050636098861
"3374","Mineiros","D",1,0.930599142031585
"3375","Mingan","A",0.999928926794598,0.681885652275925
"3376","Minna","D",1,0.869767377275746
"3377","Minneapolis","A",0.999928926794598,0.936682658537619
"3378","Minot","A",0.999928926794598,0.937283181196354
"3379","Minsk","A",0.999928926794598,0.913449918318293
"3380","Minxian","A",0.999928926794598,0.930355727277201
"3381","Miracema","D",1,0.834642670784701
"3382","Miri","D",1,0.909745932558724
"3383","Mirnyy","A",0.999928926794598,0.936707147577362
"3384","Mirput Khas","C",1,0.920168347680125
"3385","Mirzapur","C",1,0.908087945814717
"3386","Mishan","A",0.999928926794598,0.936119136956698
"3387","Miskolc","A",0.999928926794598,0.904966015040731
"3388","Misratah","C",1,0.907584823486606
"3389","Missoula","A",0.999928926794598,0.929902536277927
"3390","Mistassini","A",0.999928926794598,0.936845433199477
"3391","Mitchell","A",0.999928926794598,0.935044203705333
"3392","Mitilini","C",1,0.663196800038506
"3393","Mitla","C",1,0.902329468188078
"3394","Mito","B",0.999965659340659,0.91908469092647
"3395","Mityana","D",1,0.928521952355279
"3396","Mitzik","D",1,0.929335000625997
"3397","MÌùnster","B",0.999965659340659,0.920621839266383
"3398","Miyazaki","D",1,0.912173771488567
"3399","Mizdah","C",1,0.916184264375067
"3400","Mmabatho","C",1,0.918038868962188
"3401","Mo i Rana","B",0.999965659340659,0.91661007872392
"3402","Moab","A",0.999928926794598,0.817531407965827
"3403","Moanda1","D",1,0.87113948770236
"3404","Moanda2","D",1,0.934014836075809
"3405","Moba","D",1,0.791508281433874
"3406","Mobile","B",0.999965659340659,0.79726505427758
"3407","Mobridge","A",0.999928926794598,0.935911180512249
"3408","Mocambique","D",1,0.854207443872505
"3409","Modena","B",0.999965659340659,0.9148925592694
"3410","Modesto","C",1,0.902186059431325
"3411","Moengo","D",1,0.916654532897975
"3412","Mogadishu","C",1,0.808747714506894
"3413","Mogocha","A",0.999928926794598,0.938264305620708
"3414","Mojokerto","D",1,0.911367040975281
"3415","Mokpo","B",0.999965659340659,0.916619704586337
"3416","Molde","B",0.999965659340659,0.922090474935708
"3417","Molepolole","C",1,0.917552566113409
"3418","Mollendo","C",1,0.908063595980516
"3419","Moloundou","D",1,0.93195911633879
"3420","Mombasa","D",1,0.904069268667033
"3421","Monaco","B",0.999965659340659,0.913955199955487
"3422","Monchegorsk","A",0.999928926794598,0.938388194182904
"3423","Monclova","C",1,0.909067196428295
"3424","Moncton","B",0.999965659340659,0.903380334937097
"3425","Mongbwalu","D",1,0.922421335903392
"3426","Mongo","C",1,0.90447215759557
"3427","Mongomo","D",1,0.930042259905196
"3428","Mongu","C",1,0.912165276960357
"3429","Monroe","B",0.999965659340659,0.902293285926237
"3430","Monrovia","D",1,0.910624478153706
"3431","Mont-Laurier","A",0.999928926794598,0.93823311671166
"3432","Monte Cristi","D",1,0.887000643226974
"3433","Montego Bay","D",1,0.928535152430766
"3434","Montemorelos","C",1,0.902133399332534
"3435","Montepuez","C",1,0.896446880425961
"3436","Monterey1","B",0.999965659340659,0.527101858222063
"3437","Monterey2","B",0.999965659340659,0.618608708981747
"3438","Monteria","D",1,0.932991071769743
"3439","Montero","D",1,0.928945005228021
"3440","Monterrey","C",1,0.911083261948106
"3441","Montes Claros","C",1,0.712872481449843
"3442","Montevideo","B",0.999965659340659,0.915751910098084
"3443","Montgomery","B",0.999965659340659,0.914375446734115
"3444","Monticello","A",0.999928926794598,0.897487665798609
"3445","Montpelier1","A",0.999928926794598,0.854627601824353
"3446","Montpelier2","A",0.999928926794598,0.92058158877939
"3447","Montpellier","B",0.999965659340659,0.919751378138016
"3448","Montreal","A",0.999928926794598,0.676489925309489
"3449","Montrose","A",0.999928926794598,0.91942549335471
"3450","Monywa","C",1,0.907651287544394
"3451","Moorhead","A",0.999928926794598,0.936855660223062
"3452","Moose Jaw","A",0.999928926794598,0.93589457524631
"3453","Mopti","C",1,0.919128155802561
"3454","Moquegua","C",1,0.914619489325567
"3455","Moradabad","C",1,0.907959152154285
"3456","Moranbah","C",1,0.908790026630154
"3457","Moratuwa","D",1,0.91805925244534
"3458","Morawa","C",1,0.915872442942709
"3459","Moree","C",1,0.844484249869391
"3460","Morelia","C",1,0.912410841628106
"3461","Morgantown","B",0.999965659340659,0.921404779252309
"3462","Morioka","B",0.999965659340659,0.898937998259653
"3463","Morogoro","C",1,0.580245505774215
"3464","Moron1","D",1,0.938167789023256
"3465","Moron2","A",0.999928926794598,0.93876090986704
"3466","Morondava","D",1,0.717389834070985
"3467","Moroni","D",1,0.915182332074813
"3468","Moroto","C",1,0.901132858737526
"3469","Morrinhos","D",1,0.91371306210118
"3470","Morshansk","A",0.999928926794598,0.936364826428981
"3471","Moscow","A",0.999928926794598,0.88432621431433
"3472","Moshi","C",1,0.814960034534495
"3473","Moss","B",0.999965659340659,0.920378356863779
"3474","Mossel Bay","B",0.999965659340659,0.898714266289487
"3475","Mossendjo","D",1,0.930181742190852
"3476","Mossoro","C",1,0.865118465975156
"3477","Mostaganem","C",1,0.907175532725829
"3478","Mostar","B",0.999965659340659,0.910563575397573
"3479","Mosul","C",1,0.910547364792224
"3480","Motul","D",1,0.806807681623894
"3481","Motupe","C",1,0.894660667260566
"3482","Mouila","D",1,0.930108001097636
"3483","Moundou","C",1,0.786226758586371
"3484","Mount Barker","B",0.999965659340659,0.909335032728878
"3485","Mount Gambier","B",0.999965659340659,0.912948721343129
"3486","Mount Isa","C",1,0.914392270111598
"3487","Moyale","C",1,0.893158643122033
"3488","Moyo","D",1,0.769020683067022
"3489","Moyobamba","D",1,0.939991826371154
"3490","Mozdok","A",0.999928926794598,0.926241613481802
"3491","Mozhga","A",0.999928926794598,0.936835402478316
"3492","Mpika","C",1,0.889848852857156
"3493","Mpwapwa","C",1,0.891216249351287
"3494","Mt. Hagen","D",1,0.904619060332217
"3495","Mt. Shasta","B",0.999965659340659,0.567259921130881
"3496","Mtsensk","A",0.999928926794598,0.937664318287813
"3497","Mtwara","D",1,0.911086055245488
"3498","Muar","D",1,0.911468972372542
"3499","Mubende","D",1,0.915987492825941
"3500","Mubi","C",1,0.893541519193808
"3501","Muconda","C",1,0.800589625437858
"3502","Mudangiang","A",0.999928926794598,0.936039995187588
"3503","Mudgee","B",0.999965659340659,0.907876548252055
"3504","Mudon","D",1,0.909257369953828
"3505","Mufulira","C",1,0.892447682656465
"3506","Mugla","C",1,0.772141143446745
"3507","Muglad","C",1,0.909127610697877
"3508","Muisne","D",1,0.892738004825688
"3509","Mulhouse","B",0.999965659340659,0.917871498440739
"3510","Multan","C",1,0.928564059588093
"3511","Mumbai","D",1,0.91511279403282
"3512","Mumbwa","C",1,0.904302199366343
"3513","Munchon","A",0.999928926794598,0.936322183425531
"3514","Muncie","B",0.999965659340659,0.777259346578752
"3515","Munich","B",0.999965659340659,0.91676977076559
"3516","Murcia","C",1,0.905383902864155
"3517","Murfreesboro","B",0.999965659340659,0.923267294756692
"3518","Muriae","D",1,0.884637188244849
"3519","Murmansk","A",0.999928926794598,0.926608923026518
"3520","Murom","A",0.999928926794598,0.935793351574909
"3521","Muroran","B",0.999965659340659,0.889735899266536
"3522","Murray Bridge","B",0.999965659340659,0.904660853915055
"3523","Mus","A",0.999928926794598,0.390223327383827
"3524","Musan","A",0.999928926794598,0.937528360422688
"3525","Muscat","C",1,0.914089087710931
"3526","Mushie","D",1,0.933048799301319
"3527","Musina","C",1,0.914710353705786
"3528","Muskegon","B",0.999965659340659,0.572600090880716
"3529","Muskogee","B",0.999965659340659,0.907659505162371
"3530","Musoma","D",1,0.892102220591171
"3531","Muswellbrook","B",0.999965659340659,0.896910586694403
"3532","Mutare","C",1,0.816042329655055
"3533","Muyinga","D",1,0.485361078233898
"3534","Muzaffarnagar","C",1,0.912656475102739
"3535","Muzaffarpur","C",1,0.871704752674943
"3536","Mwanza","D",1,0.865416594135907
"3537","Mweka","D",1,0.934811983347829
"3538","Mwene-Ditu","D",1,0.933494853356818
"3539","Mwenga","D",1,0.928172691182634
"3540","Mwingi","C",1,0.89100269794093
"3541","Mwinilunga","C",1,0.897824479224999
"3542","My Tho","D",1,0.877039487168632
"3543","Myeik","D",1,0.902948875772744
"3544","Myingyan","C",1,0.908792387492205
"3545","Myitkyina","D",1,0.928905100691396
"3546","Mykolayiv","A",0.999928926794598,0.895651149763168
"3547","Mymensingh","D",1,0.91746342454134
"3548","Myrtle Beach","B",0.999965659340659,0.888363737163017
"3549","Mysore","C",1,0.904101234828083
"3550","Mzuzu","C",1,0.782940420672381
"3551","Naberezhnyye Chelny","A",0.999928926794598,0.938130092613758
"3552","Nabeul","C",1,0.805061564291571
"3553","Nabire","D",1,0.902929098792672
"3554","Nablus","C",1,0.908775614479281
"3555","Nacala","D",1,0.856011344199135
"3556","Nacaome","D",1,0.881253624666882
"3557","Nadym","A",0.999928926794598,0.9355524377408
"3558","Naga","D",1,0.910460673306366
"3559","Nagano","B",0.999965659340659,0.919232055218172
"3560","Nagaoka","B",0.999965659340659,0.904283861144277
"3561","Nagasaki","D",1,0.845389288139691
"3562","Nagele","C",1,0.916805124702857
"3563","Nagercoil","D",1,0.873490648529251
"3564","Nagoya","B",0.999965659340659,0.886386821255324
"3565","Nagpur","C",1,0.907023050512919
"3566","Naha","D",1,0.907697666638821
"3567","Nain","A",0.999928926794598,0.937084997470064
"3568","Nairobi","C",1,0.872099712232305
"3569","Naivasha","C",1,0.646903743794871
"3570","Najran","C",1,0.910130410713137
"3571","Nakhodka","A",0.999928926794598,0.936576073188351
"3572","Nakhon Phanom","D",1,0.931951638835965
"3573","Nakhon Ratchasima","D",1,0.706947000167675
"3574","Nakhon Sawan","C",1,0.581706086038226
"3575","Nakhon Si Thammarat","D",1,0.915043069539287
"3576","Nakuru","C",1,0.859304946741326
"3577","Naltchik","A",0.999928926794598,0.930473374028676
"3578","Nalut","C",1,0.906502440347755
"3579","Nam Dinh","D",1,0.935868012849144
"3580","Namanga","C",1,0.895707999100863
"3581","Namangan","C",1,0.74529516428875
"3582","Namibe","C",1,0.920907417531266
"3583","Nampo","A",0.999928926794598,0.936506692286258
"3584","Nampula","C",1,0.808348724317884
"3585","Namtu","C",1,0.891726940825596
"3586","Namur","B",0.999965659340659,0.916028859838806
"3587","Nan","D",1,0.871338382592707
"3588","Nanaimo","B",0.999965659340659,0.917915405810408
"3589","Nancha","A",0.999928926794598,0.937125873307885
"3590","Nanchang","B",0.999965659340659,0.740473553147901
"3591","Nanchong","C",1,0.759034295851234
"3592","Nancy","B",0.999965659340659,0.92307411343192
"3593","Nanded","C",1,0.907100831669802
"3594","Nandi","D",1,0.908383227954591
"3595","Nandyal","C",1,0.911934511347784
"3596","Nangong","A",0.999928926794598,0.804975656837921
"3597","Nanjing","B",0.999965659340659,0.913233031234213
"3598","Nanning","D",1,0.76465451160934
"3599","Nanping","B",0.999965659340659,0.374152396997949
"3600","Nantes","B",0.999965659340659,0.916836087491906
"3601","Nantong","B",0.999965659340659,0.916367834776261
"3602","Nanuque","D",1,0.883142379893434
"3603","Nanyang","A",0.999928926794598,0.761512863461395
"3604","Nanyuki","C",1,0.701714930801544
"3605","Naples1","D",1,0.930116382583132
"3606","Naples2","B",0.999965659340659,0.895797339037483
"3607","Nara","C",1,0.915658063461322
"3608","Narathiwat","D",1,0.91815363120442
"3609","Narayanganj","D",1,0.929144021165992
"3610","Narrabri","B",0.950034340659341,0.427628572833683
"3611","Narrogin","C",1,0.733159112782314
"3612","Narsarsuaq","A",0.999928926794598,0.931187372719221
"3613","Narva","A",0.999928926794598,0.919026676396174
"3614","Naryan Mar","A",0.999928926794598,0.938586062066467
"3615","Naryn","A",0.999928926794598,0.938235126352996
"3616","Nasca","C",1,0.911598279566339
"3617","Nashville","B",0.999965659340659,0.919484004419745
"3618","Nasik","C",1,0.908586706829125
"3619","Nassau","D",1,0.924147833708133
"3620","Nata","C",1,0.916658872868639
"3621","Natal","D",1,0.928059706427398
"3622","Natchez","B",0.999965659340659,0.900622588359271
"3623","National City","C",1,0.919436766609621
"3624","Natitingou","D",1,0.872482290654046
"3625","Nautla","D",1,0.926887612525525
"3626","Navajoa","C",1,0.919802834932707
"3627","Navoi","C",1,0.836863854653673
"3628","Navsari","D",1,0.922622428557727
"3629","Nawabganj","D",1,0.674032267741411
"3630","Nawabshah","C",1,0.91670280375451
"3631","Naxcivan","C",1,0.738820436631616
"3632","Naypyidaw","C",1,0.732219715067069
"3633","Nazareth","C",1,0.902996217166302
"3634","Nazret","C",1,0.896565153598009
"3635","Nazyvayevsk","A",0.999928926794598,0.937149207371018
"3636","Nchelenge","C",1,0.888636520918932
"3637","Ndalatando","C",1,0.71584837932841
"3638","Ndele","C",1,0.698682994915068
"3639","Ndende","D",1,0.94009542583807
"3640","Ndjamena","C",1,0.911792665634965
"3641","Ndola","C",1,0.893578189703498
"3642","Necochea","B",0.999965659340659,0.917123405082256
"3643","Needles","C",1,0.912396727422063
"3644","Neftekamsk","A",0.999928926794598,0.934552635445822
"3645","Nehe","A",0.999928926794598,0.938351399667464
"3646","Neiafu","D",1,0.904117731443763
"3647","Neiba","C",1,0.702130969388653
"3648","Neijiang","C",1,0.705326990061687
"3649","Neiva","D",1,0.930224422883955
"3650","Nekemte","D",1,0.929531359817335
"3651","Nelidovo","A",0.999928926794598,0.936714300771316
"3652","Nellore","C",1,0.552599850422405
"3653","Nelson1","B",0.999965659340659,0.920877375940417
"3654","Nelson2","B",0.999965659340659,0.767083740221195
"3655","Nelspruit","C",1,0.897196214529011
"3656","Nenana","A",0.999928926794598,0.937050574170462
"3657","Nenjiang","A",0.999928926794598,0.935915444385883
"3658","Nepalganj","C",1,0.872278449160792
"3659","Nephi","A",0.999928926794598,0.7488046773966
"3660","Nerchinsk","A",0.999928926794598,0.936550776974666
"3661","Neryungri","A",0.999928926794598,0.938798306383946
"3662","Neuquen","C",1,0.753621388188162
"3663","Nevelsk","A",0.999928926794598,0.885042765032071
"3664","Nevers","B",0.999965659340659,0.916291991649845
"3665","Nevinnomyssk","A",0.999928926794598,0.931482052348689
"3666","Nevyansk","A",0.999928926794598,0.938482764926701
"3667","New Albany","B",0.999965659340659,0.918167236235202
"3668","New Amsterdam","D",1,0.913648438042766
"3669","New Bedford","B",0.999965659340659,0.920268919034269
"3670","New Braunfels","B",0.999965659340659,0.7626484284209
"3671","New Delhi","C",1,0.906236271624288
"3672","New Glasgow","B",0.999965659340659,0.921837992252662
"3673","New Haven","B",0.999965659340659,0.916384325580038
"3674","New Iberia","B",0.999965659340659,0.824289006516181
"3675","New Liskeard","A",0.999928926794598,0.934940157500309
"3676","New London","B",0.999965659340659,0.914105949840847
"3677","New Orleans","B",0.999965659340659,0.844857649407774
"3678","New Plymouth","B",0.999965659340659,0.801542997381679
"3679","New York","B",0.999965659340659,0.914493866203848
"3680","Newark","B",0.999965659340659,0.91625377235473
"3681","Newcastle","B",0.999965659340659,0.915183436459308
"3682","Newman","C",1,0.913248714286579
"3683","Newport","B",0.999965659340659,0.916760603010081
"3684","Neyshabur","C",1,0.843153725220917
"3685","Nezahualcoyotl","C",1,0.893216024692187
"3686","Ngaoundere","D",1,0.860991964530209
"3687","Ngara","C",1,0.809067019546509
"3688","Nguigmi","C",1,0.912105770962297
"3689","Nguru","C",1,0.910926991537172
"3690","Nha Trang","D",1,0.937345414287005
"3691","Niagara Falls","B",0.999965659340659,0.819611580125957
"3692","Niamey","C",1,0.909415420978877
"3693","Nice","B",0.999965659340659,0.919510594267692
"3694","Nicosia","C",1,0.805537493342251
"3695","Nicuadala","D",1,0.931616943578471
"3696","Nieuw Nickerie","D",1,0.91272069139358
"3697","Niigata","B",0.999965659340659,0.91546145434553
"3698","Nikel","A",0.999928926794598,0.938542195558137
"3699","Nikolayevsk","A",0.999928926794598,0.937582156841615
"3700","Nikolayevsk na Amure","A",0.999928926794598,0.934698938248521
"3701","Nikopol","A",0.999928926794598,0.839959163493319
"3702","Nimes","B",0.999965659340659,0.910573683560536
"3703","Nimule","C",1,0.773235794483766
"3704","Ninde","D",1,0.630231493678417
"3705","Ningan","A",0.999928926794598,0.934256522495707
"3706","Ningbo","B",0.999965659340659,0.918145008631384
"3707","Ninh Binh","D",1,0.929268456176719
"3708","Nioro du Sahel","C",1,0.915718126686497
"3709","Nipigon","A",0.999928926794598,0.936654576906683
"3710","Niquelandia","D",1,0.854783262748358
"3711","Nis","B",0.999965659340659,0.916536365634052
"3712","Niteroi","D",1,0.928758541649762
"3713","Niyala","C",1,0.918656281466637
"3714","Nizamabad","C",1,0.907454974680671
"3715","Nizhenvartovsk","A",0.999928926794598,0.938888215346249
"3716","Nizhnekamsk","A",0.999928926794598,0.935229612457113
"3717","Nizhneudinsk","A",0.999928926794598,0.935542130059326
"3718","Nizhny Novgorod","A",0.999928926794598,0.935819610455115
"3719","Nizhny Tagil","A",0.999928926794598,0.937104284603614
"3720","Nizhnyaya Tura","A",0.999928926794598,0.936203157759511
"3721","Nizhyn","A",0.999928926794598,0.937889331162114
"3722","Nizwa","C",1,0.913704922705296
"3723","Njombe","C",1,0.850790277916565
"3724","Nkawkaw","D",1,0.9396891405012
"3725","Nkhata Bay","D",1,0.872502959143344
"3726","Nkhotakota","D",1,0.860578767126695
"3727","Nkongsamba","D",1,0.90773361686031
"3728","Nogales","C",1,0.911582356544715
"3729","Noginsk","A",0.999928926794598,0.937593295939077
"3730","Nola","D",1,0.931171099831157
"3731","Nome","A",0.999928926794598,0.937026663935834
"3732","Nong Khai","D",1,0.939178398645465
"3733","Nongan","A",0.999928926794598,0.937392964224427
"3734","Nonthaburi","D",1,0.892628769719123
"3735","Norfolk1","B",0.999965659340659,0.92113268017577
"3736","Norfolk2","A",0.999928926794598,0.93711469238057
"3737","Norilsk","A",0.999928926794598,0.936323091615894
"3738","Norman","B",0.999965659340659,0.872361674317482
"3739","Norman Wells","A",0.999928926794598,0.937739623492447
"3740","Norrkoping","A",0.999928926794598,0.510905811804014
"3741","Norseman","B",0.999965659340659,0.576932186196727
"3742","North Battleford","A",0.999928926794598,0.936020922587757
"3743","North Bay","A",0.999928926794598,0.937764604137128
"3744","North Platte","A",0.999928926794598,0.921310288713295
"3745","Northam","C",1,0.905891125659565
"3746","Norwich","B",0.999965659340659,0.919609491951033
"3747","Nottingham","B",0.999965659340659,0.918088818816121
"3748","Nouadhibou","C",1,0.918769692862827
"3749","Nouakchott","C",1,0.91839793539304
"3750","Noumea","D",1,0.925136435467872
"3751","Nova Cruz","D",1,0.8905226386317
"3752","Nova Friburgo","D",1,0.933512708598509
"3753","Nova Iguacu","D",1,0.928804620275456
"3754","Nova Lima","D",1,0.919194905628935
"3755","Nova Vicosa","D",1,0.901059501413042
"3756","Novara","B",0.999965659340659,0.921139480056837
"3757","Novi Sad","B",0.999965659340659,0.899066620793213
"3758","Novo Airao","D",1,0.911968046778615
"3759","Novo Hamburgo","B",0.999965659340659,0.8706662679257
"3760","Novo Horizonte","D",1,0.933970617346102
"3761","Novoaltaysk","A",0.999928926794598,0.940489796949526
"3762","Novocherkassk","B",0.999965659340659,0.73231361080223
"3763","Novokuybishevsk","A",0.999928926794598,0.936857035846766
"3764","Novokuznetsk","A",0.999928926794598,0.934624273145289
"3765","Novomoskovsk","A",0.999928926794598,0.936330939283018
"3766","Novorossiysk","B",0.999965659340659,0.916708865702524
"3767","Novoshakhtinsk","A",0.999928926794598,0.543019829727257
"3768","Novosibirsk","A",0.999928926794598,0.936839897998433
"3769","Novotroitsk","A",0.999928926794598,0.936123864511032
"3770","Novozybkov","A",0.999928926794598,0.936331940054492
"3771","Novyy Urengoy","A",0.999928926794598,0.940043432487078
"3772","Nowra","B",0.999965659340659,0.902778260491162
"3773","Nowy Sacz","A",0.999928926794598,0.809979677693906
"3774","Nsukka","D",1,0.93272044546797
"3775","Nueva Gerona","D",1,0.928171412753047
"3776","Nueva Imperial","B",0.999965659340659,0.918720484018319
"3777","Nueva Rosita","C",1,0.91613423853564
"3778","Nueve de Julio","B",0.999965659340659,0.916126502268185
"3779","Nuevitas","D",1,0.935163207943469
"3780","Nuevo Casas Grandes","C",1,0.910306874591493
"3781","Nuevo Laredo","C",1,0.913989889618799
"3782","Nukualofa","D",1,0.907844304669874
"3783","Nukus","A",0.999928926794598,0.434850697220781
"3784","Numan","C",1,0.9144573032866
"3785","Nuqui","D",1,0.912822891539572
"3786","Nurnberg","B",0.999965659340659,0.917068118815974
"3787","Nusaybin","C",1,0.905672029601047
"3788","Nyagan","A",0.999928926794598,0.937237551107918
"3789","Nyanza","D",1,0.867624468188815
"3790","Nyimba","C",1,0.908534145601837
"3791","Nyiregyhaza","A",0.999928926794598,0.67632701063412
"3792","Nyunzu","C",1,0.692928246351956
"3793","Nzega","C",1,0.889544532108385
"3794","Nzerekore","D",1,0.928852163498556
"3795","Nzeto","C",1,0.580513816172056
"3796","Oak Ridge","B",0.999965659340659,0.915842534187064
"3797","Oakland","C",1,0.644919665357209
"3798","Oamaru","B",0.999965659340659,0.920161887147372
"3799","Oatlands","B",0.999965659340659,0.919164399538943
"3800","Oaxaca","C",1,0.914796440761645
"3801","Ob","A",0.999928926794598,0.937054752755843
"3802","Obando","D",1,0.905368610361766
"3803","Obidos","D",1,0.907709384480424
"3804","Obihiro","A",0.999928926794598,0.857751790054874
"3805","Obninsk","A",0.999928926794598,0.938473810878031
"3806","Obo","D",1,0.895717471057762
"3807","Obock","C",1,0.915011573043886
"3808","Obuasi","D",1,0.936782738804031
"3809","Ocala","D",1,0.726768859025083
"3810","Ocana","D",1,0.934947708343906
"3811","Oceanside","C",1,0.907426630651749
"3812","Ocumare del Tuy","D",1,0.902519969942448
"3813","Odense","B",0.999965659340659,0.91941500520935
"3814","Odessa1","C",1,0.907528997464958
"3815","Odessa2","B",0.999965659340659,0.867740020086986
"3816","Odienne","D",1,0.888813541756254
"3817","Ogbomosho","D",1,0.821979494171897
"3818","Ogden","A",0.999928926794598,0.616538873140341
"3819","Oita","B",0.999965659340659,0.608091687148055
"3820","Ojinaga","C",1,0.912800049006058
"3821","Okahandja","C",1,0.91446403171289
"3822","Okara","C",1,0.919366215151968
"3823","Okayama","B",0.999965659340659,0.90863373607745
"3824","Okha","A",0.999928926794598,0.935910144773645
"3825","Oklahoma City","B",0.999965659340659,0.808401029955891
"3826","Oktyabrsk","A",0.999928926794598,0.936874338158378
"3827","Oktyabrskiy","A",0.999928926794598,0.93592704156918
"3828","Olavarria","B",0.999965659340659,0.918800548093131
"3829","Olbia","B",0.999965659340659,0.907206618805467
"3830","Oldenburg","B",0.999965659340659,0.916538913849894
"3831","Olgiy","A",0.999928926794598,0.937642911243751
"3832","Olinda","D",1,0.913281688384022
"3833","Olmaliq","C",1,0.836382060555966
"3834","Olmos","C",1,0.886956380575938
"3835","Olomouc","A",0.999928926794598,0.582585877339308
"3836","Olongapo","D",1,0.90864734534409
"3837","Olovyannaya","A",0.999928926794598,0.937481103212122
"3838","Olsztyn","A",0.999928926794598,0.767450848215064
"3839","Olympia","B",0.999965659340659,0.911628618746566
"3840","Omagh","B",0.999965659340659,0.917422341907587
"3841","Omaha","A",0.999928926794598,0.9378528010162
"3842","Omdurman","C",1,0.915482811861757
"3843","Ometepec","D",1,0.9177934388661
"3844","Omsk","A",0.999928926794598,0.936072085576796
"3845","Omutninsk","A",0.999928926794598,0.937082522187583
"3846","Ondjiva","C",1,0.920036239665679
"3847","Ondo","D",1,0.935827774369096
"3848","Ondorhaan","A",0.999928926794598,0.938238539270295
"3849","Onega","A",0.999928926794598,0.938057476389995
"3850","Ongjin","A",0.999928926794598,0.929646606789611
"3851","Ongole","C",1,0.873279335602465
"3852","Ongwediva","C",1,0.911441286141851
"3853","Onitsha","D",1,0.927636729155094
"3854","Ontario","C",1,0.567048125508776
"3855","Oostanay","A",0.999928926794598,0.9368708418128
"3856","Opobo","D",1,0.906630230030691
"3857","Opole","B",0.999965659340659,0.563132162284919
"3858","Oradea","B",0.999965659340659,0.890124197691765
"3859","Oral","A",0.999928926794598,0.936955383157937
"3860","Oran","C",1,0.761201255667539
"3861","Orange","B",0.999965659340659,0.916140903517296
"3862","Orange Walk","D",1,0.928789638139804
"3863","Orangeburg","B",0.999965659340659,0.905576066007569
"3864","Orangeville","A",0.999928926794598,0.928229765626771
"3865","Oranjemund","C",1,0.915672309139686
"3866","Oranjestad","C",1,0.541280460892635
"3867","Ordu","B",0.999965659340659,0.915101320265777
"3868","Orebro","A",0.999928926794598,0.607280999741453
"3869","Orekhovo-Zuevo","A",0.999928926794598,0.935809526336359
"3870","Orel","A",0.999928926794598,0.93842362262939
"3871","Orenburg","A",0.999928926794598,0.935299834640892
"3872","Orillia","A",0.999928926794598,0.558544654383308
"3873","Oriximina","D",1,0.90571260274506
"3874","Orizaba","D",1,0.926800049340013
"3875","Orlando","D",1,0.667393833860747
"3876","Orleans","B",0.999965659340659,0.920228731872285
"3877","Orlu","D",1,0.932378252315993
"3878","Ormac","D",1,0.901993699367587
"3879","Ornskoldsvik","A",0.999928926794598,0.79028292941113
"3880","Orocue","D",1,0.89904310146109
"3881","Orongen Zizhiqi","A",0.999928926794598,0.936312601811662
"3882","Orsha","A",0.999928926794598,0.938202094641965
"3883","Orsk","A",0.999928926794598,0.937771200770032
"3884","Orumiyeh","C",1,0.68561426519611
"3885","Oruro","A",0.999928926794598,0.416490285533677
"3886","Osaka","B",0.999965659340659,0.923325695688113
"3887","Osakarovka","A",0.999928926794598,0.938126249760248
"3888","Osh","A",0.999928926794598,0.674340362493259
"3889","Oshawa","A",0.999928926794598,0.676063557026866
"3890","Oshikango","C",1,0.915840996883963
"3891","Oshkosh","A",0.999928926794598,0.937105581934486
"3892","Oshogbo","D",1,0.863536642310006
"3893","Osijek","B",0.999965659340659,0.911799510372279
"3894","Oskemen","A",0.999928926794598,0.936602420678979
"3895","Oslo","B",0.999965659340659,0.894545989532076
"3896","OsnabrÌùck","B",0.999965659340659,0.916227960202197
"3897","Osorio","B",0.999965659340659,0.51598102426488
"3898","Osorno","B",0.999965659340659,0.917025990656166
"3899","Ostersund","A",0.999928926794598,0.938562811521085
"3900","Ostrava","B",0.999965659340659,0.870761287672634
"3901","Otar","A",0.999928926794598,0.921643250643402
"3902","Otaru","B",0.999965659340659,0.917300862598066
"3903","Otjiwarongo","C",1,0.913928369523661
"3904","Otradnyy","A",0.999928926794598,0.937044237403855
"3905","Otsu","B",0.999965659340659,0.914756819064954
"3906","Ottawa","A",0.999928926794598,0.867590692965931
"3907","Ottumwa","A",0.999928926794598,0.936139586898239
"3908","Oturkpo","D",1,0.932669388322321
"3909","Otuzco","C",1,0.49736718405273
"3910","Ouadda","C",1,0.829673820431037
"3911","Ouagadougou","C",1,0.905189112967419
"3912","Ouahigouya","C",1,0.913805333857373
"3913","Ouargla","C",1,0.908445304407704
"3914","Oudtshoorn","C",1,0.741544324200575
"3915","Ouesso","D",1,0.934591105634053
"3916","Ouezzane","C",1,0.895216775720938
"3917","Ouidah","D",1,0.876743981638323
"3918","Oujda","C",1,0.912900143576287
"3919","Oulu","A",0.999928926794598,0.936819555433743
"3920","Oum Hadjer","C",1,0.912878212466685
"3921","Ourense","B",0.999965659340659,0.895575559985293
"3922","Ourinhos","D",1,0.927830308767303
"3923","Outjo","C",1,0.908261752176828
"3924","Ouyen","B",0.999965659340659,0.648972903965328
"3925","Ovalle","C",1,0.909165257502798
"3926","Oviedo","B",0.999965659340659,0.920367553650864
"3927","Owando","D",1,0.931027338849678
"3928","Owensboro","B",0.999965659340659,0.916504123644406
"3929","Owo","D",1,0.926697826622288
"3930","Oxford","B",0.999965659340659,0.918319042896656
"3931","Oxford House","A",0.999928926794598,0.936100851575156
"3932","Oyem","D",1,0.932301381087971
"3933","Oyo","D",1,0.85456231777374
"3934","Oytal","A",0.999928926794598,0.836478931945446
"3935","Ozamis","D",1,0.923251317391077
"3936","Paarl","B",0.999965659340659,0.825756307564043
"3937","Pabna","D",1,0.903042733985187
"3938","Pacasmayo","C",1,0.913032652073709
"3939","Pachuca","C",1,0.567496690329682
"3940","Padang","D",1,0.919380712210537
"3941","Padangpanjang","D",1,0.898927503902876
"3942","Padangsidempuan","D",1,0.906449502960943
"3943","Padilla","C",1,0.746797764311515
"3944","Paducah","B",0.999965659340659,0.917596274064232
"3945","Pagadian","D",1,0.916597922975944
"3946","Pago Pago","D",1,0.911652522126654
"3947","Paita","C",1,0.912591262070939
"3948","Pakalongan","D",1,0.910726996782925
"3949","Pakanbaru","D",1,0.916713543354233
"3950","Pakokku","C",1,0.912815983773026
"3951","Pakwach","D",1,0.805683184849628
"3952","Pakxe","D",1,0.9344843026327
"3953","Pala","C",1,0.910180884827511
"3954","Palangkaraya","D",1,0.91067786326785
"3955","Palapye","C",1,0.914998812367975
"3956","Palatka","B",0.999965659340659,0.424554070480715
"3957","Palembang","D",1,0.916415002731309
"3958","Palermo","B",0.999965659340659,0.903645089477133
"3959","Pali","C",1,0.910273174272113
"3960","Pallasovka","A",0.999928926794598,0.938104971898243
"3961","Palm Coast","D",1,0.728348596648126
"3962","Palm Springs","C",1,0.909538728306063
"3963","Palma","B",0.999965659340659,0.906708118258112
"3964","Palma Soriano","D",1,0.922161773627574
"3965","Palmas","B",0.999965659340659,0.654113417314975
"3966","Palmeira dos Indios","D",1,0.934115360962529
"3967","Palmer","A",0.999928926794598,0.937706783717363
"3968","Palmerston North","B",0.999965659340659,0.918552379011656
"3969","Palopo","D",1,0.917401368280732
"3970","Palu","D",1,0.924494484049514
"3971","Pampa del Infierno","C",1,0.893121638568646
"3972","Pamplona1","B",0.999965659340659,0.459825167130535
"3973","Pamplona2","B",0.999965659340659,0.914859219027112
"3974","Panama City1","D",1,0.907195613986709
"3975","Panama City2","B",0.999965659340659,0.470826520288628
"3976","Panda","C",1,0.560710710101109
"3977","Panevezy","A",0.999928926794598,0.891704161720866
"3978","Pangkalpinang","D",1,0.90270694391967
"3979","Panipat","C",1,0.915506273786425
"3980","Panshi","A",0.999928926794598,0.935894015016171
"3981","Panuco","D",1,0.799317756749487
"3982","Panzhihua","C",1,0.903305199501667
"3983","Papasquiaro","C",1,0.914225752581095
"3984","Paracatu","D",1,0.907112685120702
"3985","Parachinar","A",0.999928926794598,0.640972795377261
"3986","Paracuru","D",1,0.926034795456097
"3987","Paragominas","D",1,0.901934847603059
"3988","Paragould","B",0.999965659340659,0.9157415088045
"3989","Paraguari","D",1,0.834387952305864
"3990","Paraiso","D",1,0.92720146818784
"3991","Parakou","C",1,0.601195336776586
"3992","Paramaribo","D",1,0.907798897221904
"3993","Parana","B",0.999965659340659,0.88309653828416
"3994","Paranagua","D",1,0.90437293078544
"3995","Paranaiba","D",1,0.93862214661599
"3996","Parbhani","C",1,0.913653044601443
"3997","Pardubice","B",0.999965659340659,0.899375926560358
"3998","Parepare","D",1,0.911453544042294
"3999","Paris","B",0.999965659340659,0.916231874331857
"4000","Parkersburg","B",0.999965659340659,0.914196911878186
"4001","Parkes","B",0.999965659340659,0.889866389438551
"4002","Parma","B",0.999965659340659,0.907276168131466
"4003","Parnaiba","D",1,0.926432740954911
"4004","Parnu","A",0.999928926794598,0.868180744703855
"4005","Parowan","A",0.999928926794598,0.741442780190565
"4006","Parras","C",1,0.914815672047216
"4007","Parry Sound","B",0.999965659340659,0.898745248072393
"4008","Partizansk","A",0.999928926794598,0.937595911108921
"4009","Pasadena1","B",0.999965659340659,0.893488125355567
"4010","Pasadena2","C",1,0.909027972007014
"4011","Pasay City","D",1,0.935672719078865
"4012","Paso de los Toros","B",0.999965659340659,0.910635333112063
"4013","Paso Rio Mayo","B",0.999965659340659,0.810320454372246
"4014","Paso Robles","C",1,0.910577532890438
"4015","Passau","B",0.999965659340659,0.920645555432263
"4016","Passo Fundo","B",0.999965659340659,0.77648708715993
"4017","Passos","D",1,0.922292884253879
"4018","Pasto","B",0.999965659340659,0.893359205029127
"4019","Pasuruan","D",1,0.9294590167803
"4020","Paterson","B",0.999965659340659,0.917822973422815
"4021","Pathankot","C",1,0.916175304714916
"4022","Pathein","D",1,0.919768755304888
"4023","Pathum Thani","D",1,0.902677222472953
"4024","Pati","D",1,0.910133996795023
"4025","Patiala","C",1,0.909375598731535
"4026","Pativilca","C",1,0.892802969938744
"4027","Patna","C",1,0.901060281040644
"4028","Patos","C",1,0.892422415656446
"4029","Patra","C",1,0.892378828756795
"4030","Pavlodar","A",0.999928926794598,0.938405150716072
"4031","Paysandu","B",0.999965659340659,0.901131097759231
"4032","Peace River","A",0.999928926794598,0.937881323913052
"4033","Pec1","B",0.999965659340659,0.916637913536425
"4034","Pec2","B",0.999965659340659,0.919326571147615
"4035","Pechora","A",0.999928926794598,0.941254170703448
"4036","Pecos","C",1,0.911111227313038
"4037","Pecs","B",0.999965659340659,0.837940764394552
"4038","Pedreiras","D",1,0.927363753812097
"4039","Pedro Juan Caballero","D",1,0.923701403291193
"4040","Pedro Luro","B",0.999965659340659,0.896392370644433
"4041","Pelotas","B",0.999965659340659,0.867892503379525
"4042","Pematangsiantar","D",1,0.907715805514227
"4043","Pemba","D",1,0.879232122187193
"4044","Penapolis","D",1,0.926637748016613
"4045","Pendleton","B",0.999965659340659,0.590806918892079
"4046","Penedo","D",1,0.928893516273993
"4047","Penola","B",0.999965659340659,0.908644720530353
"4048","Penonome","D",1,0.914266298333511
"4049","Pensacola","B",0.999965659340659,0.789156955423228
"4050","Penticton","A",0.999928926794598,0.660975573798177
"4051","Penza","A",0.999928926794598,0.93670326070677
"4052","Penzance","B",0.999965659340659,0.91835901715341
"4053","Peoria","A",0.999928926794598,0.802467789611748
"4054","Perabumulih","D",1,0.906209178103358
"4055","Pereira","D",1,0.900811628925595
"4056","Pergamino","B",0.999965659340659,0.899308515184412
"4057","Perito Moreno","B",0.999965659340659,0.767421327818864
"4058","Perm","A",0.999928926794598,0.935992404568214
"4059","Pernik","B",0.999965659340659,0.905177735084423
"4060","Perpignan","B",0.999965659340659,0.902236452539025
"4061","Perth1","B",0.999965659340659,0.91751011798674
"4062","Perth2","C",1,0.795676029667534
"4063","Perugia","B",0.999965659340659,0.905120958019658
"4064","Pervouralsk","A",0.999928926794598,0.937498251098784
"4065","Pescara","B",0.999965659340659,0.925005471082298
"4066","Peshawar","C",1,0.910771594695956
"4067","Petatlan","D",1,0.876192295049238
"4068","Peterborough1","A",0.999928926794598,0.893280467538603
"4069","Peterborough2","B",0.999965659340659,0.651203019750303
"4070","Petersburg","B",0.999965659340659,0.919313318833121
"4071","Peto","D",1,0.932312346220567
"4072","Petoskey","A",0.999928926794598,0.885819992572761
"4073","Petrolina","C",1,0.903908958101329
"4074","Petropavlovsk","A",0.999928926794598,0.935942001681262
"4075","Petropavlovsk Kamchatskiy","B",0.999965659340659,0.685009740250991
"4076","Petropolis","D",1,0.92725393989341
"4077","Petrovsk Zabaykalskiy","A",0.999928926794598,0.938635302281137
"4078","Petrozavodsk","A",0.999928926794598,0.93677238771105
"4079","Phan Rang","D",1,0.89576659431314
"4080","Phan Thiet","D",1,0.812972293819262
"4081","Phayao","D",1,0.831782273405725
"4082","Phetchaburi","D",1,0.868121514758028
"4083","Philadelphia","B",0.999965659340659,0.916332915883253
"4084","Phitsanulok","C",1,0.479291165140971
"4085","Phnom Penh","D",1,0.877945184269572
"4086","Phoenix","C",1,0.911035865910623
"4087","Phrae","D",1,0.656053498566476
"4088","Phuket","D",1,0.932522274701073
"4089","Phyarpon","D",1,0.926097146304717
"4090","Pichilemu","C",1,0.542339363353291
"4091","Picos","C",1,0.885916970339521
"4092","Piedras Negras","C",1,0.910497859480464
"4093","Pierre","A",0.999928926794598,0.937097977635074
"4094","Pietermaritzburg","C",1,0.806466626416815
"4095","Pijijiapan","D",1,0.933029132333652
"4096","Pilar","D",1,0.824889973601461
"4097","Pilibhit","C",1,0.899676014037615
"4098","Pimentel","C",1,0.903165681638283
"4099","Pinar del Rio","D",1,0.929714800597043
"4100","Pindamonhangaba","D",1,0.938232922056382
"4101","Pine Bluff","B",0.999965659340659,0.904165076009947
"4102","Pingdingshan","A",0.999928926794598,0.823632147009068
"4103","Pingdu","A",0.999928926794598,0.938841194501103
"4104","Pingliang","A",0.999928926794598,0.929662380033947
"4105","Pingtung","D",1,0.928983943255532
"4106","Pingxiang1","D",1,0.827399528443959
"4107","Pingxiang2","B",0.999965659340659,0.879857050643817
"4108","Pingyi","A",0.999928926794598,0.918426854383456
"4109","Pinheiro","D",1,0.918746150702162
"4110","Pinrang","D",1,0.901932384734672
"4111","Pinsk","A",0.999928926794598,0.936899628128635
"4112","Piracicaba","D",1,0.936069557785922
"4113","PiraiÌ©vs","B",0.999965659340659,0.76095062982306
"4114","Pirapora","C",1,0.859230089352385
"4115","Pirassununga","D",1,0.935543234869017
"4116","Pires do Rio","D",1,0.889613866753391
"4117","Pirgos","C",1,0.860479049229179
"4118","Piripiri","D",1,0.906817245219439
"4119","Pisa","B",0.999965659340659,0.910472417995971
"4120","Pisco","C",1,0.906952293192445
"4121","Pitesti","A",0.999928926794598,0.598612388496224
"4122","Pittsburgh","B",0.999965659340659,0.895287616453001
"4123","Pittsfield","B",0.999965659340659,0.727903488261254
"4124","Piura","C",1,0.907952379326982
"4125","Pizen","A",0.999928926794598,0.693312088976566
"4126","Placetas","D",1,0.926419859179671
"4127","Plast","A",0.999928926794598,0.9374020174981
"4128","Plattsburg","A",0.999928926794598,0.93840800131322
"4129","Play Ku","D",1,0.928379751124232
"4130","Pleven","B",0.999965659340659,0.636673695920181
"4131","Plock","A",0.999928926794598,0.774819446242381
"4132","Ploiesti","A",0.999928926794598,0.690345048809643
"4133","Plovdiv","B",0.999965659340659,0.916756567113665
"4134","Plumtree","C",1,0.916442253680486
"4135","Plymouth","B",0.999965659340659,0.918155146567378
"4136","Pocatello","A",0.999928926794598,0.789245735084089
"4137","Pochutla","D",1,0.873503721519148
"4138","Pocos de Caldas","D",1,0.934779947726394
"4139","Podgorica","B",0.999965659340659,0.914561454375838
"4140","Podolsk","A",0.999928926794598,0.935719251435122
"4141","Poffader","C",1,0.915492592558765
"4142","Pohang","B",0.999965659340659,0.917156568115253
"4143","Pointe-a-Pitre","D",1,0.92605928571172
"4144","Pointe-Noire","D",1,0.913903123118886
"4145","Poitier","B",0.999965659340659,0.914101800066045
"4146","Pokrovsk","A",0.999928926794598,0.938100836760108
"4147","Pol-e Khomri","C",1,0.918306258885024
"4148","Polatli","B",0.999965659340659,0.491544808660241
"4149","Polatsk","A",0.999928926794598,0.928916472534447
"4150","Polevskoy","A",0.999928926794598,0.935903795522225
"4151","Polokwane","C",1,0.913165018036639
"4152","Polson","A",0.999928926794598,0.928556156314793
"4153","Poltava","A",0.999928926794598,0.937135762435892
"4154","Polyarnyy","A",0.999928926794598,0.927201916946027
"4155","Ponca City","A",0.999928926794598,0.667139129908394
"4156","Ponce","D",1,0.932441275406487
"4157","Pondicherry","C",1,0.603766824483551
"4158","Ponta Grossa","B",0.999965659340659,0.792541872944915
"4159","Ponta Pora","D",1,0.92591400593556
"4160","Ponte Nova","D",1,0.909145069585737
"4161","Pontes e Lacerda","D",1,0.920270527393644
"4162","Pontiac","A",0.999928926794598,0.817485482616031
"4163","Pontianak","D",1,0.912973382740654
"4164","Popayan","D",1,0.932778258437275
"4165","Poplar Bluff","B",0.999965659340659,0.915230400588091
"4166","Popondetta","D",1,0.903948012761327
"4167","Porbandar","C",1,0.860773166994247
"4168","Pori","A",0.999928926794598,0.881980866502614
"4169","Porlamar","D",1,0.841166487039862
"4170","Poronaysk","A",0.999928926794598,0.936346957979762
"4171","Port Alfred","B",0.999965659340659,0.873549583919811
"4172","Port Arthur","B",0.999965659340659,0.872156432796385
"4173","Port Augusta","C",1,0.807572221762676
"4174","Port Blair","D",1,0.908418311571347
"4175","Port Charlotte","D",1,0.928337477167687
"4176","Port Douglas","D",1,0.925986943618819
"4177","Port Elizabeth","B",0.999965659340659,0.906488425864774
"4178","Port Harcourt","D",1,0.91028721783991
"4179","Port Hardy","B",0.999965659340659,0.90852747140573
"4180","Port Hedland","C",1,0.923570222188966
"4181","Port Hope Simpson","A",0.999928926794598,0.706870423966382
"4182","Port Lavaca","B",0.999965659340659,0.879429587840033
"4183","Port Lincoln","B",0.999965659340659,0.913079894877869
"4184","Port Louis","D",1,0.927270886324523
"4185","Port Macquarie","D",1,0.708557398979774
"4186","Port Moresby","D",1,0.927939184708951
"4187","Port Pirie","C",1,0.705485260815082
"4188","Port Shepstone","D",1,0.886038715383033
"4189","Port Sudan","C",1,0.912211932067498
"4190","Port-au-Prince","D",1,0.926685326181772
"4191","Port-Gentil","D",1,0.927392469040741
"4192","Port-of-Spain","D",1,0.919843997024338
"4193","Port-Vila","D",1,0.906177599805587
"4194","Portachuelo","D",1,0.929372428273263
"4195","Portel","D",1,0.912749651378554
"4196","Portimao","B",0.999965659340659,0.746513512086524
"4197","Portland1","B",0.999965659340659,0.917112079537561
"4198","Portland2","B",0.999965659340659,0.908117115931807
"4199","Portland3","B",0.999965659340659,0.913422719957811
"4200","Porto","B",0.999965659340659,0.905023971264041
"4201","Porto Alegre","B",0.999965659340659,0.880078937012601
"4202","Porto Nacional","D",1,0.931236736615643
"4203","Porto Santana","D",1,0.911966483940551
"4204","Porto Seguro","D",1,0.908135925161197
"4205","Porto Uniao","B",0.999965659340659,0.855784899643587
"4206","Porto Velho","D",1,0.927361238612987
"4207","Porto-Novo","D",1,0.931901796561431
"4208","Portoviejo","C",1,0.672310354625398
"4209","Portsmouth","B",0.999965659340659,0.917016076612679
"4210","Porvoo","A",0.950071073205402,0.529052063328711
"4211","Posadas","B",0.999965659340659,0.532320350951325
"4212","Poso","D",1,0.909994439374297
"4213","Potchefstroom","C",1,0.8977261365637
"4214","Poti","B",0.999965659340659,0.840753706419216
"4215","Potiskum","C",1,0.91111541888184
"4216","Potosi","A",0.999928926794598,0.587163114317957
"4217","Potsdam","B",0.999965659340659,0.91625817934566
"4218","Poughkeepsie","B",0.999965659340659,0.878699430985364
"4219","Pouso Alegre","D",1,0.932863119378119
"4220","Powell","A",0.999928926794598,0.902527399026914
"4221","Powell River","B",0.999965659340659,0.915539995819347
"4222","Poza Rica de Hidalgo","D",1,0.928667427150267
"4223","Poznan","B",0.999965659340659,0.691858405687187
"4224","Prachin Buri","D",1,0.928063291077734
"4225","Prague","A",0.999928926794598,0.70630656168761
"4226","Praia","C",1,0.854996943645697
"4227","Praya","D",1,0.929136825823266
"4228","Prescott","C",1,0.866430690244748
"4229","Presidencia Roque Saenz Pena","C",1,0.887249309828087
"4230","Presidente Prudente","D",1,0.929254060860613
"4231","Presov","A",0.999928926794598,0.921430398510227
"4232","Pretoria","C",1,0.917559677915885
"4233","Price","A",0.999928926794598,0.871841909834014
"4234","Prieska","C",1,0.913277147591248
"4235","Prijedor","B",0.999965659340659,0.920022634610871
"4236","Prince Albert","A",0.999928926794598,0.937050456654212
"4237","Prince George","A",0.999928926794598,0.919806227584051
"4238","Principe da Beira","D",1,0.895211855504557
"4239","Pristina","B",0.999965659340659,0.915278524646625
"4240","Prizren","B",0.999965659340659,0.914672070364385
"4241","Probolinggo","D",1,0.928480194128384
"4242","Proddatur","C",1,0.91142279041923
"4243","Progreso","C",1,0.559799659545909
"4244","Progress","A",0.999928926794598,0.93661377990028
"4245","Prokopyevsk","A",0.999928926794598,0.936482907072378
"4246","Proserpine","D",1,0.930773003447444
"4247","Providence","B",0.999965659340659,0.917137647567021
"4248","Provideniya","A",0.999928926794598,0.935433162071835
"4249","Provo","A",0.999928926794598,0.703957085503685
"4250","Przemysl","A",0.999928926794598,0.86161286892562
"4251","Pskov","A",0.999928926794598,0.926955417042873
"4252","Pucallpa","D",1,0.927441922165613
"4253","Puebla","C",1,0.858438697140926
"4254","Pueblo","A",0.999928926794598,0.875106399527143
"4255","Puerto Aisen","B",0.999965659340659,0.860050311511074
"4256","Puerto Armuelles","D",1,0.903941295033721
"4257","Puerto Ayacucho","D",1,0.914565038600881
"4258","Puerto Barrios","D",1,0.90314988163838
"4259","Puerto Berrio","D",1,0.90569182081581
"4260","Puerto Cabezas","D",1,0.908022140068155
"4261","Puerto Carreno","D",1,0.902140853464423
"4262","Puerto Deseado","B",0.999965659340659,0.921485538546042
"4263","Puerto Escondido","D",1,0.763896150458183
"4264","Puerto la Cruz","C",1,0.742277513336538
"4265","Puerto Lempira","D",1,0.903380887353556
"4266","Puerto Limon","D",1,0.901375238149173
"4267","Puerto Lopez","D",1,0.911513710570197
"4268","Puerto Madryn","B",0.999965659340659,0.896043257598723
"4269","Puerto Maldonado","D",1,0.900130507422723
"4270","Puerto Montt","B",0.999965659340659,0.862125607527441
"4271","Puerto Natales","B",0.999965659340659,0.916870757881171
"4272","Puerto Princesa","D",1,0.940740878647282
"4273","Puerto San Julian","B",0.999965659340659,0.915488317175219
"4274","Puerto Vallarta","D",1,0.924298309146011
"4275","Puerto Varas","B",0.999965659340659,0.866502701184347
"4276","Pugachev","A",0.999928926794598,0.937915691807137
"4277","Pukatawagan","A",0.999928926794598,0.935531069996398
"4278","Pula","B",0.999965659340659,0.912697339764405
"4279","Punata","C",1,0.517250997950758
"4280","Pune","C",1,0.914317439272753
"4281","Puno","A",0.999928926794598,0.360138681883858
"4282","Punta Alta","B",0.999965659340659,0.901675749807928
"4283","Punta Arenas","B",0.999965659340659,0.91937772770191
"4284","Punta del Este","B",0.999965659340659,0.915299378743775
"4285","Punta Gorda","D",1,0.90930487489336
"4286","Punta Prieta","C",1,0.91537624092899
"4287","Puntarenas","D",1,0.904927060508843
"4288","Punto Fijo","C",1,0.867794068114962
"4289","Puqi","B",0.999965659340659,0.894546167528717
"4290","Puquio","C",1,0.546973918247147
"4291","Puri","D",1,0.874346579319679
"4292","Purnia","D",1,0.889440237121731
"4293","Pursat","D",1,0.907433134864927
"4294","Putian","B",0.999965659340659,0.58422998195791
"4295","Putrajaya","D",1,0.905841840347887
"4296","Puyang","A",0.999928926794598,0.82015068650074
"4297","Pyatigorsk","A",0.999928926794598,0.936806412956703
"4298","Pyay","C",1,0.676169022679942
"4299","Pyongsan","A",0.999928926794598,0.928991148255507
"4300","Pyongyang","A",0.999928926794598,0.937022553996459
"4301","Pyu","D",1,0.911247892602717
"4302","Qaanaq","A",0.999928926794598,0.93672721476006
"4303","Qairouan","C",1,0.910768364396048
"4304","Qal at Bishah","C",1,0.913792795334437
"4305","Qaminis","C",1,0.909718059476978
"4306","Qapshaghay","A",0.999928926794598,0.871995884459464
"4307","Qaraghandy","A",0.999928926794598,0.937039302729396
"4308","Qaratau","A",0.999928926794598,0.474428113585815
"4309","Qarazhal","A",0.999928926794598,0.938608728930592
"4310","Qarqaraly","A",0.999928926794598,0.936643602105729
"4311","Qarshi","C",1,0.910423588095766
"4312","Qasr-e Shirin","C",1,0.911158835878707
"4313","Qasserine","C",1,0.900149355439909
"4314","Qazaly","A",0.999928926794598,0.918571185064467
"4315","Qazvin","C",1,0.668994047241019
"4316","Qena","C",1,0.914897074636805
"4317","Qingan","A",0.999928926794598,0.937420920610887
"4318","Qingdao","A",0.999928926794598,0.937869581164173
"4319","Qinggang","A",0.999928926794598,0.937664193632486
"4320","Qingyuan","D",1,0.930666682797773
"4321","Qinhuangdao","A",0.999928926794598,0.933667945276169
"4322","Qinzhou","D",1,0.924152504395739
"4323","Qiqihar","A",0.999928926794598,0.936767923220059
"4324","Qitaihe","A",0.999928926794598,0.936441404039284
"4325","Qom","C",1,0.90087849518693
"4326","Qomsheh","C",1,0.84120723300378
"4327","Qoqon","C",1,0.775373674940577
"4328","Quang Ngai","D",1,0.901672835188916
"4329","Quang Tri","D",1,0.905023032231183
"4330","Quanzhou","B",0.999965659340659,0.319942892130712
"4331","Quarai","B",0.999965659340659,0.86905376597256
"4332","Quchan","C",1,0.708331793852265
"4333","Queanbeyan","B",0.999965659340659,0.917726209228249
"4334","Quebec","A",0.999928926794598,0.679646683649726
"4335","Queenstown1","C",1,0.836788644523001
"4336","Queenstown2","B",0.999965659340659,0.914669857057081
"4337","Queenstown3","B",0.999965659340659,0.85131506018585
"4338","Quelimane","D",1,0.932220865569097
"4339","Quellon","B",0.999965659340659,0.863818290213384
"4340","Queretaro","C",1,0.912244254720704
"4341","Quesada","D",1,0.905932892808629
"4342","Quetta","C",1,0.90831203037593
"4343","Quetzaltenango","D",1,0.905750679552862
"4344","Quezon City","D",1,0.932690490459046
"4345","Qui Nhon","D",1,0.916270351786477
"4346","Quibala","C",1,0.891947816856082
"4347","Quibdo","D",1,0.910743910794478
"4348","Quiemo","A",0.999928926794598,0.869196673837697
"4349","Quillacollo","C",1,0.488605650258541
"4350","Quillota","C",1,0.916776986060589
"4351","Quilon","D",1,0.907793021329878
"4352","Quime","B",0.999965659340659,0.458348604378463
"4353","Quincy","B",0.999965659340659,0.578613423031725
"4354","Quinhagak","A",0.999928926794598,0.937905760829549
"4355","Quipungo","C",1,0.908690654573083
"4356","Quirihue","B",0.999965659340659,0.714371998715008
"4357","Quissico","D",1,0.928696562454398
"4358","Quito","B",0.999965659340659,0.830461775085293
"4359","Quixada","C",1,0.780038778858146
"4360","Qulan","A",0.999928926794598,0.857267092265468
"4361","Qulsary","A",0.999928926794598,0.92180578418414
"4362","Qunghirot","A",0.999928926794598,0.783542915360788
"4363","Qurghonteppa","C",1,0.904149674834349
"4364","Qusmuryn","A",0.999928926794598,0.93605329510157
"4365","Quzhou","B",0.999965659340659,0.689306426016058
"4366","Qyzylorda","A",0.999928926794598,0.904367765194132
"4367","Raba","D",1,0.921433735584256
"4368","Rabat","C",1,0.890451324387726
"4369","Rabaul","D",1,0.907119025506804
"4370","Rach Gia","D",1,0.920405094446895
"4371","Racine","A",0.999928926794598,0.81579932401105
"4372","Radom","A",0.999928926794598,0.838175775057975
"4373","Rafaela","B",0.999965659340659,0.882895598653559
"4374","Rafha","C",1,0.912895515237854
"4375","Ragusa","B",0.999965659340659,0.769015617670108
"4376","Rahimyar Khan","C",1,0.914665752861206
"4377","Raichur","C",1,0.915451284612844
"4378","Raipur","C",1,0.90257277908496
"4379","Rajahmundry","C",1,0.789008913109733
"4380","Rajapalaiyam","C",1,0.837088211205682
"4381","Rajkot","C",1,0.909035523821476
"4382","Rajshahi","D",1,0.836453771398108
"4383","Raleigh","B",0.999965659340659,0.919493268404889
"4384","Rampur","C",1,0.912618683193845
"4385","Rancagua","C",1,0.893493003547972
"4386","Ranchi","C",1,0.890671323944681
"4387","Rangoon","D",1,0.933417412607206
"4388","Rangpur","D",1,0.924472274836365
"4389","Rankin Inlet","A",0.999928926794598,0.935884744399637
"4390","Rapid City","A",0.999928926794598,0.920977144405178
"4391","Ras al Khaymah","C",1,0.913654380003854
"4392","Rashid","C",1,0.915919081567958
"4393","Rasht","B",0.999965659340659,0.888536492110086
"4394","Ratchaburi","D",1,0.873066892036131
"4395","Ratlam","C",1,0.909616836165774
"4396","Raton","A",0.999928926794598,0.904967384192196
"4397","Raub","D",1,0.910214560445223
"4398","Raurkela","C",1,0.766732102128278
"4399","Ravenna","B",0.999965659340659,0.913838894913219
"4400","Ravensthorpe","B",0.999965659340659,0.894203357635665
"4401","Rawalpindi","C",1,0.91297452608949
"4402","Rawlins","A",0.999928926794598,0.929980122324321
"4403","Rawson","B",0.999965659340659,0.9032417608486
"4404","Rayevskiy","A",0.999928926794598,0.936653307561377
"4405","Rayong","D",1,0.927688628507414
"4406","Reading","B",0.999965659340659,0.915419375290908
"4407","Recife","D",1,0.901776299563918
"4408","Reconquista","B",0.999965659340659,0.878503686400598
"4409","Red Deer","A",0.999928926794598,0.937871321372381
"4410","Red Lake","A",0.999928926794598,0.937527393859834
"4411","Redding","C",1,0.892924009009838
"4412","Regensburg","B",0.999965659340659,0.917309497130719
"4413","Reggane","C",1,0.910902802449716
"4414","Reggio di Calabria","B",0.999965659340659,0.887234057266499
"4415","Regina","A",0.999928926794598,0.936825608514182
"4416","Registro","D",1,0.912695521356661
"4417","Rehoboth","C",1,0.920035118962409
"4418","Reims","B",0.999965659340659,0.916263139526503
"4419","Rennes","B",0.999965659340659,0.922514711963552
"4420","Reno","A",0.999928926794598,0.30424990662734
"4421","Resistencia","B",0.999965659340659,0.74605763899601
"4422","Resita","B",0.999965659340659,0.906431257731126
"4423","Revelstoke","B",0.999965659340659,0.91849651316689
"4424","Reykjavik","B",0.999965659340659,0.914750357960282
"4425","Reynosa","C",1,0.912193636743045
"4426","Rezekne","A",0.999928926794598,0.936765785182528
"4427","Rhinelander","A",0.999928926794598,0.93706815576871
"4428","Ribeirao Preto","D",1,0.928219046340379
"4429","Riberalta","D",1,0.926871357334278
"4430","Richland","C",1,0.65754399317929
"4431","Richmond1","B",0.999965659340659,0.918870669629983
"4432","Richmond2","A",0.999928926794598,0.903800898596012
"4433","Richmond3","B",0.999965659340659,0.892309615205202
"4434","Richmond4","B",0.999965659340659,0.89045055814824
"4435","Richmond5","C",1,0.912057358277998
"4436","Rida","C",1,0.913254009740844
"4437","Ridder","A",0.999928926794598,0.935186261793921
"4438","Riga","A",0.999928926794598,0.756908125799241
"4439","Rigolet","A",0.999928926794598,0.928940605906035
"4440","Rijeka","B",0.999965659340659,0.915201257810615
"4441","Rimouski","A",0.999928926794598,0.574786029407207
"4442","Rio Bueno","B",0.999965659340659,0.915355194073477
"4443","Rio Claro","D",1,0.9303053145086
"4444","Rio Colorado","B",0.999965659340659,0.869602727902552
"4445","Rio Cuarto","B",0.999965659340659,0.527385679781856
"4446","Rio de Janeiro","D",1,0.931435597421813
"4447","Rio Gallegos","B",0.999965659340659,0.889143451164664
"4448","Rio Grande1","B",0.999965659340659,0.909234810155137
"4449","Rio Grande2","B",0.999965659340659,0.919256186868423
"4450","Rio Largo","D",1,0.903207598560089
"4451","Rio Negro","B",0.999965659340659,0.8066474635763
"4452","Rio Tercero","C",1,0.786882733029096
"4453","Rio Verde1","C",1,0.91254174509448
"4454","Rio Verde2","D",1,0.911532986798766
"4455","Riobamba","B",0.999965659340659,0.907183027232697
"4456","Riohacha","D",1,0.875742593298452
"4457","Rivas","D",1,0.926338152544648
"4458","Rivera","B",0.999965659340659,0.879492782191408
"4459","Riverside","C",1,0.907830930988649
"4460","Riverton","A",0.999928926794598,0.904813695400054
"4461","Riviere-du-Loup","A",0.999928926794598,0.902504033755007
"4462","Rivne","A",0.999928926794598,0.939942694096652
"4463","Riyadh","C",1,0.910321507456444
"4464","Rize","B",0.999965659340659,0.913468295893698
"4465","Rizhao","A",0.999928926794598,0.919583281095264
"4466","Roanne","B",0.999965659340659,0.915162310024239
"4467","Roanoke","B",0.999965659340659,0.916620752981806
"4468","Robertsport","D",1,0.909479695451066
"4469","Robore","C",1,0.556091396579401
"4470","Rocha","B",0.999965659340659,0.917951486684751
"4471","Rochester1","B",0.999965659340659,0.743452450338765
"4472","Rochester2","A",0.999928926794598,0.93813836131812
"4473","Rock Hill","B",0.999965659340659,0.919581960987098
"4474","Rock Island","A",0.999928926794598,0.937443567140107
"4475","Rockford","A",0.999928926794598,0.93832246764312
"4476","Rockhampton","C",1,0.74097901678069
"4477","Rocky Mount","B",0.999965659340659,0.91742414317382
"4478","Rodeo","C",1,0.660061825085375
"4479","Rodos","C",1,0.810593915828853
"4480","Roebourne","C",1,0.913844035107505
"4481","Rohtak","C",1,0.912645822395637
"4482","Rolim de Moura","D",1,0.928683884993994
"4483","Roma","C",1,0.910805056147882
"4484","Rome","B",0.999965659340659,0.905197818484579
"4485","Rondonopolis","D",1,0.834966135760785
"4486","Rosario do Sul","B",0.999965659340659,0.840224602622992
"4487","Rosario1","B",0.999965659340659,0.906127735385031
"4488","Rosario2","D",1,0.910793558791217
"4489","Rosario3","D",1,0.935025437561065
"4490","Roseau","D",1,0.934183268736717
"4491","Roseburg","B",0.999965659340659,0.784688448733044
"4492","Rosenheim","B",0.999965659340659,0.916153665764185
"4493","Roskilde","B",0.999965659340659,0.920749897597685
"4494","Roslavl","A",0.999928926794598,0.93648420583952
"4495","Rosso","C",1,0.917338652107185
"4496","Rostock","B",0.999965659340659,0.91491735468882
"4497","Rostov1","B",0.999965659340659,0.878974746431677
"4498","Rostov2","A",0.999928926794598,0.937737374464448
"4499","Roswell","C",1,0.913256510582257
"4500","Rotorua","B",0.999965659340659,0.912666482209203
"4501","Rotterdam","B",0.999965659340659,0.919124342951559
"4502","Rouen","B",0.999965659340659,0.917750176613102
"4503","Roura","D",1,0.912524084491986
"4504","Rouyn-Noranda","A",0.999928926794598,0.93579684232714
"4505","Rovaniemi","A",0.999928926794598,0.938205627240428
"4506","Roxas","D",1,0.906758460926552
"4507","Rubtsovsk","A",0.999928926794598,0.938129834903964
"4508","Rudny","A",0.999928926794598,0.937807829078891
"4509","Ruhengeri","D",1,0.843020503743025
"4510","Rumbek","C",1,0.895973986995786
"4511","Rundu","C",1,0.923408748937095
"4512","Ruse","B",0.999965659340659,0.752839794870814
"4513","Russas","C",1,0.722034090367615
"4514","Rustavi","A",0.999928926794598,0.855014414092316
"4515","Rustenburg","C",1,0.917896743919445
"4516","Ruteng","D",1,0.905260104343381
"4517","Ruzayevka","A",0.999928926794598,0.93991542843567
"4518","Ryazan","A",0.999928926794598,0.937677361216045
"4519","Rybinsk","A",0.999928926794598,0.93607969009523
"4520","Rzeszow","A",0.999928926794598,0.812428544383044
"4521","Rzhev","A",0.999928926794598,0.937333526518554
"4522","Saarbrucken","B",0.999965659340659,0.916966224510811
"4523","Sabanalarga","D",1,0.931841027434358
"4524","Sabha","C",1,0.912592359103193
"4525","Sabinas Hidalgo","C",1,0.910500431841594
"4526","Sabzewar","C",1,0.916000246430326
"4527","Sacramento","C",1,0.901375989598556
"4528","Sadah","C",1,0.913093631374837
"4529","Sadiqabad","C",1,0.915391518414996
"4530","Safford","C",1,0.909560745501134
"4531","Safi","C",1,0.919330086518853
"4532","Safonovo","A",0.999928926794598,0.936559253663919
"4533","Sagar","C",1,0.90032715321734
"4534","Saginaw1","A",0.999928926794598,0.936411163818413
"4535","Saginaw2","A",0.999928926794598,0.935820437864834
"4536","Sagua la Grande","D",1,0.930254714040855
"4537","Saharanpur","C",1,0.909027073875408
"4538","Sahiwal","C",1,0.92157552592999
"4539","Saida1","C",1,0.890169370978623
"4540","Saida2","C",1,0.870272134564869
"4541","Saidpur","D",1,0.928348712395967
"4542","Saidu","B",0.999965659340659,0.590689343141651
"4543","Saint GeorgeÛªs","D",1,0.928551582021275
"4544","Saint John's","D",1,0.931297544840155
"4545","Saint-Etienne","B",0.999965659340659,0.917708106319295
"4546","Saint-Georges1","A",0.999928926794598,0.929498133027829
"4547","Saint-Georges2","D",1,0.906518354572936
"4548","Saint-Laurent-du-Maroni","D",1,0.909838767198832
"4549","Saint-Louis","C",1,0.913107693606723
"4550","Sakata","B",0.999965659340659,0.914499940950363
"4551","Sakhon Nakhon","D",1,0.936028025345693
"4552","Saki","A",0.999928926794598,0.853103696075605
"4553","Salalah","C",1,0.90987946165693
"4554","Salamanca1","C",1,0.914683629789671
"4555","Salamanca2","C",1,0.912218105292179
"4556","Salamanca3","B",0.999965659340659,0.695865869076598
"4557","Salatiga","D",1,0.903143314154951
"4558","Salavat","A",0.999928926794598,0.93820276450559
"4559","Salaverry","C",1,0.881780008252515
"4560","Saldanha","C",1,0.718479383030203
"4561","Sale","B",0.999965659340659,0.916638651143684
"4562","Salekhard","A",0.999928926794598,0.937494418893564
"4563","Salem1","B",0.999965659340659,0.915510965704013
"4564","Salem2","B",0.999965659340659,0.911290863398061
"4565","Salem3","C",1,0.889643337896893
"4566","Salerno","B",0.999965659340659,0.897868218478018
"4567","Salgueiro","C",1,0.892651441271663
"4568","Salima","C",1,0.862038701939242
"4569","Salina","A",0.999928926794598,0.92422773005183
"4570","Salina Cruz","C",1,0.868594684030475
"4571","Salinas1","C",1,0.785658952106759
"4572","Salinas2","C",1,0.818845084787147
"4573","Salinopolis","D",1,0.903886394220693
"4574","Salisbury","B",0.999965659340659,0.91815282812784
"4575","Salluit","A",0.999928926794598,0.937833167698931
"4576","Salmon","A",0.999928926794598,0.928644215760932
"4577","Salsk","A",0.999928926794598,0.938056284918767
"4578","Salt Lake City","A",0.999928926794598,0.60907855853916
"4579","Salta","C",1,0.894098404941273
"4580","Saltillo","C",1,0.904278158301372
"4581","Salto","B",0.999965659340659,0.921839917517135
"4582","Salum","C",1,0.909854262213949
"4583","Salvador","D",1,0.903382899064198
"4584","Salzburg","B",0.999965659340659,0.916553082457449
"4585","Samalut","C",1,0.918005625763333
"4586","Samandagi","C",1,0.882277610709701
"4587","Samara","A",0.999928926794598,0.936869929708854
"4588","Samarinda","D",1,0.903346883767636
"4589","Samarqand","C",1,0.798311873051226
"4590","Sambalpur","C",1,0.635797508571613
"4591","Sambava","D",1,0.916626592620123
"4592","Same","C",1,0.892768411080929
"4593","Sampit","D",1,0.91406154126084
"4594","Samsun","B",0.999965659340659,0.914408975842648
"4595","Samut Prakan","D",1,0.93877601558952
"4596","San","C",1,0.913484327958799
"4597","San Angelo","C",1,0.888387973553808
"4598","San Antonio de los Banos","D",1,0.927539070123587
"4599","San Antonio Oeste","B",0.999965659340659,0.853644236587245
"4600","San Antonio1","B",0.999965659340659,0.569247204653177
"4601","San Antonio2","C",1,0.756761494830187
"4602","San Bernardino","C",1,0.913734429765496
"4603","San Bernardo","C",1,0.899654896780023
"4604","San Carlos","D",1,0.922380696869575
"4605","San Carlos de Bariloche","B",0.999965659340659,0.925018205969399
"4606","San Carlos del Zulia","D",1,0.904567852985804
"4607","San Cristobal","D",1,0.934175839125636
"4608","San Cristobal de Las Casas","B",0.999965659340659,0.507863855971315
"4609","San Diego","C",1,0.911570985571143
"4610","San Felipe1","C",1,0.913560594206578
"4611","San Felipe2","C",1,0.908325332001993
"4612","San Fernando de Apure","D",1,0.920001312131011
"4613","San Fernando1","D",1,0.927073826769766
"4614","San Fernando2","C",1,0.894038596243932
"4615","San Fernando3","C",1,0.906113386845166
"4616","San Francisco de Macoris","D",1,0.919360645738291
"4617","San Francisco1","C",1,0.547990304320273
"4618","San Francisco2","B",0.999965659340659,0.322146763895354
"4619","San Gabriel","B",0.999965659340659,0.891449314030998
"4620","San Ignacio","D",1,0.888194469780719
"4621","San Javier","D",1,0.934204152211713
"4622","San Jose de Mayo","B",0.999965659340659,0.915258319004811
"4623","San Jose del Guaviare","D",1,0.913284944338631
"4624","San Jose1","D",1,0.903165807927352
"4625","San Jose2","D",1,0.91785103447075
"4626","San Jose3","C",1,0.588897662135242
"4627","San Juan Bautista","D",1,0.886532082519896
"4628","San Juan del Rio","C",1,0.913267020999136
"4629","San Juan del Sur","D",1,0.911192204595297
"4630","San Juan1","D",1,0.904415440227635
"4631","San Juan2","C",1,0.901019753992479
"4632","San Justo","B",0.999965659340659,0.888899542308848
"4633","San Lorenzo1","B",0.999965659340659,0.646774365394989
"4634","San Lorenzo2","D",1,0.737383480899196
"4635","San Luis Obispo","C",1,0.895761753243498
"4636","San Luis Potosi","C",1,0.91728971712884
"4637","San Luis1","D",1,0.900751307742258
"4638","San Luis2","C",1,0.763149899860774
"4639","San Marcos","B",0.999965659340659,0.793635225934533
"4640","San Marino","B",0.999965659340659,0.920274684374472
"4641","San Martin1","C",1,0.870282112792093
"4642","San Martin2","D",1,0.90948810244708
"4643","San Mateo","B",0.999965659340659,0.564934522272237
"4644","San Miguel","D",1,0.905108058911525
"4645","San Miguel de Tucuman","C",1,0.851091608564024
"4646","San Nicolas","B",0.999965659340659,0.918247782696875
"4647","San Pablo","D",1,0.933408714417757
"4648","San Pedro de las Colonias","C",1,0.908466707594377
"4649","San Pedro de Macoris","D",1,0.929101649275461
"4650","San Pedro Sula","D",1,0.926198239316482
"4651","San Pedro1","C",1,0.893469141694493
"4652","San Pedro2","D",1,0.93295811370044
"4653","San Rafael1","C",1,0.771912683061258
"4654","San Rafael2","C",1,0.717423882726312
"4655","San Ramon","D",1,0.936625604799762
"4656","San Ramon de la Nueva Oran","C",1,0.897845159617704
"4657","San Salvador","D",1,0.927103266823625
"4658","San Salvador de Jujuy","C",1,0.856220021380123
"4659","San SebastiÌÁn","B",0.999965659340659,0.892004127335524
"4660","San-Pedro","D",1,0.935288688125341
"4661","Sanaa","C",1,0.91881551481187
"4662","Sanandaj","C",1,0.777275039158731
"4663","Sancti Spiritus","D",1,0.938959682140148
"4664","Sandakan","D",1,0.906415174392008
"4665","Sandnes","B",0.999965659340659,0.918280157263861
"4666","Sanford","D",1,0.769891648724117
"4667","Sangli","C",1,0.917841164833918
"4668","Sangolqui","B",0.999965659340659,0.740198187095046
"4669","Sanliurfa","C",1,0.905299257954373
"4670","Sanming","B",0.999965659340659,0.442914414739962
"4671","Santa Ana","D",1,0.93737177918762
"4672","Santa Barbara1","C",1,0.910033176139435
"4673","Santa Barbara2","C",1,0.909131293103167
"4674","Santa Barbara3","B",0.999965659340659,0.901665426465394
"4675","Santa Clara","D",1,0.931566152309675
"4676","Santa Cruz Cabralia","D",1,0.922735590062365
"4677","Santa Cruz de Tenerife","B",0.999965659340659,0.72204454457358
"4678","Santa Cruz do Sul","B",0.999965659340659,0.882069081661558
"4679","Santa Cruz1","D",1,0.927353922914825
"4680","Santa Cruz2","C",1,0.899007108838935
"4681","Santa Fe1","A",0.999928926794598,0.923166389507033
"4682","Santa Fe2","B",0.999965659340659,0.886555494133283
"4683","Santa Ines","D",1,0.899299034857281
"4684","Santa Lucia","B",0.999965659340659,0.909395351233793
"4685","Santa Maria da Vitoria","C",1,0.898316686144819
"4686","Santa Maria1","C",1,0.892487373030131
"4687","Santa Maria2","B",0.999965659340659,0.845532563014926
"4688","Santa Marta","D",1,0.931657851240378
"4689","Santa Rita","C",1,0.775198681486634
"4690","Santa Rosa de Copan","D",1,0.926698671254724
"4691","Santa Rosa1","C",1,0.734356391018835
"4692","Santa Rosa2","B",0.999965659340659,0.897333278854738
"4693","Santa Rosa3","B",0.999965659340659,0.698801463821857
"4694","Santa Rosalia","C",1,0.912893354539544
"4695","Santa Vitoria do Palmar","B",0.999965659340659,0.900255914241663
"4696","Santana do Livramento","B",0.999965659340659,0.871264626446364
"4697","Santander","B",0.999965659340659,0.921197150724924
"4698","Santarem","D",1,0.91161961562028
"4699","Santiago de Compostela","B",0.999965659340659,0.898167572772717
"4700","Santiago de Cuba","D",1,0.93596172678491
"4701","Santiago del Estero","C",1,0.91469160286668
"4702","Santiago Ixcuintla","D",1,0.935483706028941
"4703","Santiago Tuxtla","D",1,0.932718762890026
"4704","Santiago1","D",1,0.917819137129151
"4705","Santiago2","D",1,0.928282462613196
"4706","Santiago3","C",1,0.888414943227617
"4707","Santo Andre","D",1,0.91706414697035
"4708","Santo angelo","B",0.999965659340659,0.709491107528381
"4709","Santo Domingo","D",1,0.921688051470067
"4710","Santo Tomas","A",0.999928926794598,0.345083333782214
"4711","Santos","D",1,0.904895898794098
"4712","Sanya","D",1,0.918343818224737
"4713","Sao Borja","D",1,0.531837431678595
"4714","Sao Carlos","D",1,0.936046544729175
"4715","Sao Francisco do Sul","D",1,0.901533842437172
"4716","Sao Gabriel","B",0.999965659340659,0.858774561390829
"4717","Sao Joao da Boa Vista","D",1,0.928905671659239
"4718","Sao Joao del Rei","D",1,0.934797161659219
"4719","Sao Jose de Ribamar","D",1,0.905921839658151
"4720","Sao Jose do Rio Preto","D",1,0.929448502028747
"4721","Sao Jose dos Campos","D",1,0.930512773163645
"4722","Sao Jose dos Pinhais","B",0.999965659340659,0.809744547902779
"4723","Sao Lourenco do Sul","B",0.999965659340659,0.858221137669203
"4724","Sao Luis","D",1,0.903718626256109
"4725","Sao Luiz Gonzaga","B",0.999965659340659,0.631806414985092
"4726","Sao Mateus","D",1,0.926680863012768
"4727","Sao Paolo","D",1,0.90508795803319
"4728","Sao Tome","D",1,0.861762014985566
"4729","Sapele","D",1,0.913050433128873
"4730","Sapporo","B",0.999965659340659,0.916458240315579
"4731","Saraburi","D",1,0.87883786476923
"4732","Sarajevo","B",0.999965659340659,0.91660776201938
"4733","Saransk","A",0.999928926794598,0.938034665931126
"4734","Sarapul","A",0.999928926794598,0.935911044780333
"4735","Sarasota","D",1,0.934098792954033
"4736","Saratoga Springs","B",0.999965659340659,0.732279561670754
"4737","Saratov","A",0.999928926794598,0.937096879050358
"4738","Sargodha","C",1,0.917193958078662
"4739","Sarh","C",1,0.85195251748728
"4740","Sari","B",0.999965659340659,0.78595545876681
"4741","Sarmiento","B",0.999965659340659,0.697948317367009
"4742","Sarnia","B",0.999965659340659,0.563915658558601
"4743","Sarqan","A",0.999928926794598,0.937562819166781
"4744","Saryshaghan","A",0.999928926794598,0.935976419103997
"4745","Saseba","D",1,0.820573763442795
"4746","Saskatoon","A",0.999928926794598,0.936290863456507
"4747","Sasovo","A",0.999928926794598,0.936692413083683
"4748","Sassandra","D",1,0.93239483490634
"4749","Sassari","B",0.999965659340659,0.901559631293381
"4750","Satadougou","C",1,0.907751020676515
"4751","Saudarkrokur","B",0.999965659340659,0.816546484772341
"4752","Sault Ste. Marie","A",0.999928926794598,0.927341114379715
"4753","Saurimo","D",1,0.680720681285443
"4754","Savannah","B",0.999965659340659,0.873904057772506
"4755","Savannakhet","D",1,0.920707362488676
"4756","Saveh","C",1,0.910426286910051
"4757","Savetskaya Gavan","A",0.999928926794598,0.936658980410025
"4758","Savonlinna","A",0.999928926794598,0.936218520082208
"4759","Sawahlunto","D",1,0.911049409437485
"4760","Sayanogorsk","A",0.999928926794598,0.938854533216506
"4761","Saywun","C",1,0.920899385027564
"4762","Scarborough","B",0.999965659340659,0.915284431163315
"4763","Schefferville","A",0.999928926794598,0.937495553844202
"4764","Schenectady","B",0.999965659340659,0.742174932399589
"4765","Scottsbluff","A",0.999928926794598,0.881878226242776
"4766","Scottsdale1","B",0.999965659340659,0.915552326453973
"4767","Scottsdale2","C",1,0.910538188129843
"4768","Scranton","B",0.999965659340659,0.742129899779088
"4769","Seattle","B",0.999965659340659,0.914745870558616
"4770","Sechura","C",1,0.907056287902616
"4771","Sefra","C",1,0.909618673698149
"4772","Segezha","A",0.999928926794598,0.937643200533796
"4773","Segou","C",1,0.909932303062915
"4774","Seguela","D",1,0.86338022573644
"4775","Sekondi","D",1,0.926699770907069
"4776","Selawik","A",0.999928926794598,0.938685086497279
"4777","Selfoss","B",0.999965659340659,0.921967961522781
"4778","Selibaby","C",1,0.916324491512921
"4779","Selkirk","A",0.999928926794598,0.935694293694445
"4780","Selma","B",0.999965659340659,0.914840188613769
"4781","Semarang","D",1,0.912749100907481
"4782","Sembe","D",1,0.928521419904192
"4783","Semey","A",0.999928926794598,0.935930823366478
"4784","Semnan","C",1,0.80892084236943
"4785","Sena Madureira","D",1,0.931790517594669
"4786","Sendai","B",0.999965659340659,0.920823174535841
"4787","Senhor do Bonfim","C",1,0.623509701678365
"4788","Sennar","C",1,0.911225968639929
"4789","Sensuntepeque","D",1,0.939795383085658
"4790","Seoul","A",0.999928926794598,0.704701994679198
"4791","Serang","D",1,0.904038328417978
"4792","Serdobsk","A",0.999928926794598,0.938239395388358
"4793","Seremban","D",1,0.902430812743446
"4794","Seres","B",0.999965659340659,0.869219925803845
"4795","Sergiyev Posad","A",0.999928926794598,0.937032389066814
"4796","Serov","A",0.999928926794598,0.93781245484716
"4797","Serowe","C",1,0.91683555708926
"4798","Serpukhov","A",0.999928926794598,0.934806504400146
"4799","Serrinha","D",1,0.907985137991674
"4800","Sesheke","C",1,0.912112699325228
"4801","Sete Lagoas","D",1,0.928791796596815
"4802","Setif","B",0.999965659340659,0.579852277361389
"4803","Settat","C",1,0.899569839203785
"4804","Setubal","B",0.999965659340659,0.676619103927199
"4805","Sevastapol","B",0.999965659340659,0.915432727046119
"4806","Severnyy","A",0.999928926794598,0.939819248488143
"4807","Severodvinsk","A",0.999928926794598,0.938648797806191
"4808","Severomorsk","A",0.999928926794598,0.92957891737732
"4809","Severouralsk","A",0.999928926794598,0.937983660946538
"4810","Seville","C",1,0.906704865654042
"4811","Seymour","B",0.999965659340659,0.903607067039105
"4812","Sfax","C",1,0.914265089702002
"4813","Shache","A",0.999928926794598,0.877025570229684
"4814","Shadrinsk","A",0.999928926794598,0.939417413736955
"4815","Shahjahanpur","C",1,0.910518874811045
"4816","Shahrisabz","C",1,0.899219609796008
"4817","Shahrud","C",1,0.712061378980053
"4818","Shakhty","A",0.999928926794598,0.581923906247782
"4819","Shalqar","A",0.999928926794598,0.93629709485607
"4820","Shamattawa","A",0.999928926794598,0.93733386335899
"4821","Shamva","C",1,0.910532582779848
"4822","Shangdu","A",0.999928926794598,0.937006297228579
"4823","Shanghai","B",0.999965659340659,0.916886517449477
"4824","Shangqiu","A",0.999928926794598,0.826371189544732
"4825","Shangrao","D",1,0.509210239269415
"4826","Shangzhi","A",0.999928926794598,0.937193192146214
"4827","Shannon","B",0.999965659340659,0.920668238884851
"4828","Shantou","D",1,0.926540390271723
"4829","Shanxian","A",0.999928926794598,0.83422360021721
"4830","Shaoguan","B",0.999965659340659,0.616780847865578
"4831","Shaowu","B",0.999965659340659,0.745187830340251
"4832","Shaoxing","B",0.999965659340659,0.905727492463217
"4833","Shaoyang","B",0.999965659340659,0.899920799830667
"4834","Shar","A",0.999928926794598,0.9386877027356
"4835","Sharbaqty","A",0.999928926794598,0.937093925242819
"4836","Sharjah","C",1,0.911083863267866
"4837","Sharya","A",0.999928926794598,0.937203936655904
"4838","Shashemene","C",1,0.485990136139302
"4839","Shashi","B",0.999965659340659,0.895468718468402
"4840","Shawinigan","A",0.999928926794598,0.937537786048331
"4841","Shawnee","B",0.999965659340659,0.898990789022559
"4842","Shchekino","A",0.999928926794598,0.937662236173741
"4843","Shebekino","A",0.999928926794598,0.939051484535539
"4844","Sheberghan","C",1,0.898467358122772
"4845","Sheboygan","A",0.999928926794598,0.910727266438349
"4846","Sheffield","B",0.999965659340659,0.914337193040094
"4847","Sheikhu Pura","C",1,0.909489432873556
"4848","Shelburne","B",0.999965659340659,0.91657469518857
"4849","Shemonaikha","A",0.999928926794598,0.936665303133534
"4850","Shendi","C",1,0.921064046149173
"4851","Shenyeng","A",0.999928926794598,0.936898636152157
"4852","Shenzhen","D",1,0.9308247954795
"4853","Shepparton","B",0.999965659340659,0.895901194345297
"4854","Sherbrooke","A",0.999928926794598,0.8551747841018
"4855","Sherlovaya Gora","A",0.999928926794598,0.936807722162108
"4856","Sherman","B",0.999965659340659,0.897319047603808
"4857","Shieli","A",0.999928926794598,0.839470498849987
"4858","Shihezi","A",0.999928926794598,0.93701224126678
"4859","Shijianzhuang","A",0.999928926794598,0.806953157140751
"4860","Shilka","A",0.999928926794598,0.938689530209411
"4861","Shillong","D",1,0.909545815793743
"4862","Shimanovsk","A",0.999928926794598,0.939075900183321
"4863","Shimoga","C",1,0.710256756884969
"4864","Shimonoseki","B",0.999965659340659,0.581939970965114
"4865","Shinyanga","C",1,0.89321001223639
"4866","Shira","A",0.999928926794598,0.936142655005664
"4867","Shiraz","C",1,0.906667417864462
"4868","Shishou","B",0.999965659340659,0.915108705221902
"4869","Shiyan","A",0.999928926794598,0.412967237024602
"4870","Shizuishan","A",0.999928926794598,0.8969599285291
"4871","Shizuoka","B",0.999965659340659,0.831193148900807
"4872","Shkoder","B",0.999965659340659,0.909060480096517
"4873","Sholapur","C",1,0.911506190154136
"4874","Shonzhy","A",0.999928926794598,0.935191953870557
"4875","Shostka","A",0.999928926794598,0.937956681804263
"4876","Shouzhou","A",0.999928926794598,0.938148668334221
"4877","Shreveport","B",0.999965659340659,0.903072759544828
"4878","Shu","A",0.999928926794598,0.821172350547694
"4879","Shuangcheng","A",0.999928926794598,0.937512193974409
"4880","Shulan","A",0.999928926794598,0.936726304004921
"4881","Shumen","A",0.999928926794598,0.632513207328174
"4882","Shumerlya","A",0.999928926794598,0.936101830015765
"4883","Shuya","A",0.999928926794598,0.936906047243505
"4884","Shuyang","A",0.999928926794598,0.82833766390702
"4885","Shwebo","C",1,0.900901537055709
"4886","Shymkent","C",1,0.662486189964837
"4887","Si Racha","D",1,0.908878698271608
"4888","Sialkote","C",1,0.910858705331813
"4889","Siauliai","A",0.999928926794598,0.909900563922553
"4890","Sibay","A",0.999928926794598,0.940890495715206
"4891","Sibiti","D",1,0.931541068795085
"4892","Sibiu","A",0.999928926794598,0.902208255616996
"4893","Sibolga","D",1,0.900654165590594
"4894","Sibu","D",1,0.916787946357678
"4895","Sibut","D",1,0.829595194228062
"4896","Sica Sica","A",0.999928926794598,0.456468930201448
"4897","Sicuani","A",0.999928926794598,0.381577381486839
"4898","Sidi bel Abbes","C",1,0.892879633030001
"4899","Sidney","A",0.999928926794598,0.903478393639619
"4900","Siedlce","A",0.999928926794598,0.928507508376381
"4901","Siem Reap","D",1,0.892563303874306
"4902","Siena","B",0.999965659340659,0.906763119667279
"4903","Siguiri","C",1,0.899191135717486
"4904","Sikar","C",1,0.909821865563868
"4905","Sikasso","C",1,0.894772704615604
"4906","Sikonge","C",1,0.89734114088024
"4907","Silchar","D",1,0.901948059956942
"4908","Siliguri","D",1,0.902887406236219
"4909","Simao","D",1,0.881832481980652
"4910","Simferopol","B",0.999965659340659,0.919005173040084
"4911","Sincelejo","D",1,0.927022675290792
"4912","Singapore","D",1,0.906565507565697
"4913","Singaraja","D",1,0.92592710581316
"4914","Singida","C",1,0.899608155567221
"4915","Singkawang","D",1,0.902241472528344
"4916","Singleton","B",0.999965659340659,0.888314957365956
"4917","Sinnamary","D",1,0.908550204420406
"4918","Sinop","D",1,0.925087545771064
"4919","Sinuiju","A",0.999928926794598,0.938514683798402
"4920","Sioux City","A",0.999928926794598,0.934402428801488
"4921","Sioux Falls","A",0.999928926794598,0.935397969498094
"4922","Siping","A",0.999928926794598,0.938000968066125
"4923","Siracusa","C",1,0.799474319724791
"4924","Sirsa","C",1,0.910199961069595
"4925","Sisaket","D",1,0.879878132113242
"4926","Sisophon","D",1,0.899051246984513
"4927","Sitapur","C",1,0.907153160635606
"4928","Sitia","B",0.999965659340659,0.642008965733727
"4929","Sitka","B",0.999965659340659,0.865004766333277
"4930","Sittwe","D",1,0.909018059528024
"4931","Sivas","A",0.999928926794598,0.765720867414704
"4932","Siwa","C",1,0.918389409740073
"4933","Sixaola","D",1,0.905288454644585
"4934","Skagway","A",0.999928926794598,0.935766766948207
"4935","Skelleftea","A",0.999928926794598,0.938933379391252
"4936","Skien","B",0.999965659340659,0.915430657759125
"4937","Skikda","C",1,0.788862910342264
"4938","Skopje","B",0.999965659340659,0.911158403558354
"4939","Skovorodino","A",0.999928926794598,0.936998642805548
"4940","Slantsy","A",0.999928926794598,0.937120073919182
"4941","Slavgorod","A",0.999928926794598,0.936464155894857
"4942","Slavonski Brod","B",0.999965659340659,0.921158190141916
"4943","Slidell","B",0.999965659340659,0.681719520159595
"4944","Sligo","B",0.999965659340659,0.917358990243437
"4945","Sliven","B",0.999965659340659,0.9161597317483
"4946","Slobodskoy","A",0.999928926794598,0.936311281700302
"4947","Slupsk","B",0.999965659340659,0.919115002576039
"4948","Slyudyanka","A",0.999928926794598,0.93869451047226
"4949","Smara","C",1,0.913099425097283
"4950","Smithers","A",0.999928926794598,0.937396107213344
"4951","Smithton","B",0.999965659340659,0.916414361943074
"4952","Smolensk","A",0.999928926794598,0.930451132549099
"4953","Sobral","D",1,0.691932289069623
"4954","Soc Trang","D",1,0.928103464695312
"4955","Sochi","B",0.999965659340659,0.926062054678852
"4956","Socorro1","C",1,0.905035073045987
"4957","Socorro2","D",1,0.924465834502696
"4958","Sodankyla","A",0.999928926794598,0.936880441719042
"4959","Sodo","D",1,0.883043330560824
"4960","Sofia","B",0.999965659340659,0.917451359888479
"4961","Sogamoso","B",0.999965659340659,0.720746441977974
"4962","Sohag","C",1,0.913869593599346
"4963","Sohano","D",1,0.904193662431814
"4964","Sokcho","B",0.999965659340659,0.879292097594908
"4965","Soke","C",1,0.907644336258901
"4966","Sokode","D",1,0.865303624159593
"4967","Sokol","A",0.999928926794598,0.935223543300274
"4968","Sokolo","C",1,0.911936494248614
"4969","Sokoto","C",1,0.915934765873809
"4970","Sol-lletsk","A",0.999928926794598,0.93899055255626
"4971","Soledad","D",1,0.88873700456378
"4972","Solikamsk","A",0.999928926794598,0.937038009551404
"4973","Solnechnogorsk","A",0.999928926794598,0.93827868703958
"4974","Solwezi","C",1,0.91798629205545
"4975","Son Tay","D",1,0.926617193547968
"4976","Sonbong","A",0.999928926794598,0.936404775526848
"4977","Songea","C",1,0.871267100578926
"4978","Songkhla","D",1,0.900571163566398
"4979","Songo","D",1,0.869316663324299
"4980","Sonipat","C",1,0.913409452624027
"4981","Sonson","D",1,0.908198980816431
"4982","Sonsonate","D",1,0.922270981245339
"4983","Sopur","B",0.999965659340659,0.64481199326618
"4984","Sorocaba","D",1,0.927404111728675
"4985","Sorong","D",1,0.907411687507042
"4986","Soroti","D",1,0.929074144245625
"4987","Sosnogorsk","A",0.999928926794598,0.935857383415578
"4988","Sotik","D",1,0.834891622525895
"4989","Soubre","D",1,0.929499882549127
"4990","Souk Ahras","C",1,0.810266294749526
"4991","Sousse","C",1,0.909083717688881
"4992","South Bend","B",0.999965659340659,0.639003410239961
"4993","Southampton","B",0.999965659340659,0.916984632248141
"4994","Southaven","B",0.999965659340659,0.915991625340309
"4995","Southend","B",0.999965659340659,0.914886995633338
"4996","Southern Cross","C",1,0.911999394618894
"4997","Sovetsk1","B",0.999965659340659,0.748322410955071
"4998","Sovetsk2","A",0.999928926794598,0.938546591750617
"4999","Soyo","D",1,0.759465020690935
"5000","Spanish Town","D",1,0.926865218455064
"5001","Spartanburg","B",0.999965659340659,0.91610411106399
"5002","Sparti","C",1,0.821125338683256
"5003","Spassk Dalniy","A",0.999928926794598,0.938272988036842
"5004","Spencer","A",0.999928926794598,0.939008754231365
"5005","Split","B",0.999965659340659,0.912293886433353
"5006","Spokane","B",0.999965659340659,0.771384599729481
"5007","Spring Hill","D",1,0.925193896354649
"5008","Springbok","C",1,0.873774944118097
"5009","Springfield1","B",0.999965659340659,0.922264764381408
"5010","Springfield2","B",0.999965659340659,0.588607504103576
"5011","Springfield3","B",0.999965659340659,0.883111404456891
"5012","Springfield4","B",0.999965659340659,0.881565770655124
"5013","Springfield5","B",0.999965659340659,0.899943289451014
"5014","Springs","C",1,0.824839511051013
"5015","Srinagar","A",0.999928926794598,0.481795770113061
"5016","St. Anthony","B",0.999965659340659,0.719638957275479
"5017","St. Augustine","D",1,0.630076995908518
"5018","St. Charles1","B",0.999965659340659,0.907805977430652
"5019","St. Charles2","B",0.999965659340659,0.923466297003293
"5020","St. Cloud","A",0.999928926794598,0.938204232505473
"5021","St. George","C",1,0.868982918297074
"5022","St. John","B",0.999965659340659,0.915906066135558
"5023","St. JohnÛªs","B",0.999965659340659,0.916011926926472
"5024","St. Joseph","A",0.999928926794598,0.937445646116325
"5025","St. Louis","B",0.999965659340659,0.913684917816535
"5026","St. Paul","A",0.999928926794598,0.936835298774224
"5027","St. Petersburg1","D",1,0.930214717690496
"5028","St. Petersburg2","A",0.999928926794598,0.827312513550962
"5029","St.-Benoit","D",1,0.90696690215713
"5030","St.-Brieuc","B",0.999965659340659,0.915153550298584
"5031","St.-Denis","D",1,0.906375977513936
"5032","St.-Jerome","A",0.999928926794598,0.885756774507617
"5033","Stamford","B",0.999965659340659,0.921847498727096
"5034","Standerton","C",1,0.863782710216599
"5035","Stanley","B",0.999965659340659,0.918385128626667
"5036","Stara Zagora","B",0.999965659340659,0.914680687943618
"5037","Staraya Russa","A",0.999928926794598,0.94001291665451
"5038","Starsy Oskol","A",0.999928926794598,0.936438803713848
"5039","State College","B",0.999965659340659,0.879776308034559
"5040","Stavanger","B",0.999965659340659,0.920151630637616
"5041","Stavropol","A",0.999928926794598,0.937083208823489
"5042","Stawell","B",0.999965659340659,0.906258942638994
"5043","Steinbach","A",0.999928926794598,0.937881145486998
"5044","Steinkjer","B",0.999965659340659,0.917334294745398
"5045","Stepanakert","A",0.999928926794598,0.904704599977872
"5046","Stephenville","B",0.999965659340659,0.872920856487199
"5047","Sterlitamak","A",0.999928926794598,0.937830207498057
"5048","Stettler","A",0.999928926794598,0.935479328772163
"5049","Stillwater","B",0.999965659340659,0.556634828079239
"5050","Stockholm","B",0.999965659340659,0.72302264869098
"5051","Stoke","B",0.999965659340659,0.917420214911204
"5052","Stony Rapids","A",0.999928926794598,0.937000323538776
"5053","Stralsund","B",0.999965659340659,0.916114640941375
"5054","Strasbourg","B",0.999965659340659,0.919550314776539
"5055","Streaky Bay","C",1,0.478028599025669
"5056","Strezhevoy","A",0.999928926794598,0.936643576608543
"5057","Stuttgart","B",0.999965659340659,0.914526024753939
"5058","Subotica","B",0.999965659340659,0.657829984640445
"5059","Suceava","A",0.999928926794598,0.937464295949594
"5060","Sucre","C",1,0.592546547623368
"5061","Sudbury","A",0.999928926794598,0.93711025688865
"5062","Suhar","C",1,0.91470438189111
"5063","Suihua","A",0.999928926794598,0.936897730375974
"5064","Suileng","A",0.999928926794598,0.936102514488592
"5065","Sukabumi","D",1,0.909459510828914
"5066","Sukhothai","C",1,0.813897408709344
"5067","Sukhumi","B",0.999965659340659,0.906959661223024
"5068","Sukkur","C",1,0.907346516356497
"5069","Sullana","C",1,0.902861124619211
"5070","Sumbawanga","C",1,0.893458236997351
"5071","Sumbe","C",1,0.754270317419834
"5072","Sumenep","D",1,0.933844587008475
"5073","Sumqayt","B",0.999965659340659,0.891721024549248
"5074","Sumter","B",0.999965659340659,0.909215491061222
"5075","Sumy","A",0.999928926794598,0.936234753290488
"5076","Sunbury","B",0.999965659340659,0.913965675696882
"5077","Sunchales","B",0.999965659340659,0.691316723388334
"5078","Sunchon","A",0.999928926794598,0.937697621830601
"5079","Sunderland","B",0.999965659340659,0.917990011191377
"5080","Sundsvall","A",0.999928926794598,0.89613854824822
"5081","Sungai Petani","D",1,0.909464607907816
"5082","Sungaipenuh","D",1,0.908127643840912
"5083","Sunshine Coast","D",1,0.92342938932823
"5084","Suntar","A",0.999928926794598,0.937193755066566
"5085","Superior","A",0.999928926794598,0.937178721266397
"5086","Sur","C",1,0.914273575660759
"5087","Surabaya","D",1,0.915608366468825
"5088","Surakarta","D",1,0.908128550730194
"5089","Surat","D",1,0.610196672969494
"5090","Surat Thani","D",1,0.931814303427561
"5091","Surgut","A",0.999928926794598,0.935942753108208
"5092","Surigao","D",1,0.912357125503895
"5093","Surin","D",1,0.872408678154539
"5094","Surt","C",1,0.912304988582758
"5095","Suva","D",1,0.905877483417363
"5096","Suwalki","A",0.999928926794598,0.926806506759033
"5097","Suwon","A",0.999928926794598,0.691531393026255
"5098","Suzhou","B",0.999965659340659,0.918317586072685
"5099","Svendborg","B",0.999965659340659,0.915038648530992
"5100","Svetogorsk","A",0.999928926794598,0.936464515867801
"5101","Svobodnyy","A",0.999928926794598,0.936377685943792
"5102","Swakopmund","C",1,0.913510032610013
"5103","Swan Hill","B",0.999965659340659,0.769200594457718
"5104","Swansea","B",0.999965659340659,0.915488400777239
"5105","Swellendam","B",0.999965659340659,0.898736159565202
"5106","Swift Current","A",0.999928926794598,0.936369971906835
"5107","Sydney1","B",0.999965659340659,0.895396479754045
"5108","Sydney2","B",0.999965659340659,0.91764787375164
"5109","Syktyvkar","A",0.999928926794598,0.939657033944056
"5110","Sylhet","D",1,0.905407156988188
"5111","Syracuse","B",0.999965659340659,0.804605881086987
"5112","Syzran","A",0.999928926794598,0.937438247436587
"5113","Szczecin","B",0.999965659340659,0.88697453750178
"5114","Szeged","B",0.999965659340659,0.646789484301182
"5115","Szekesfehervar","B",0.999965659340659,0.72642523816045
"5116","Szolnok","A",0.999928926794598,0.698346907382951
"5117","Szombathely","A",0.999928926794598,0.638832069198676
"5118","Tabora","C",1,0.887592069223056
"5119","Tabriz","A",0.999928926794598,0.46923407444302
"5120","Tabuk","C",1,0.91496728718359
"5121","Tacheng","A",0.999928926794598,0.939257711898823
"5122","Tacloban","D",1,0.90764521894163
"5123","Tacna","C",1,0.919604561346051
"5124","Tacoma","B",0.999965659340659,0.915132631383983
"5125","Tacuarembo","B",0.999965659340659,0.900377608545772
"5126","Tadmur","C",1,0.904688324459571
"5127","Taedong","A",0.999928926794598,0.9361205739159
"5128","Taganrog","B",0.999965659340659,0.671218674331627
"5129","Tagum","D",1,0.920255428762555
"5130","Tahoua","C",1,0.908815046729962
"5131","Taian","A",0.999928926794598,0.908858257062618
"5132","Taichung","D",1,0.930406948014142
"5133","Tailai","A",0.999928926794598,0.938779392567675
"5134","Tainan","D",1,0.935283702710418
"5135","Taipei","D",1,0.894962803795322
"5136","Taiping","D",1,0.910232436685748
"5137","Taitung","D",1,0.914872426893705
"5138","Taiyuan","A",0.999928926794598,0.913226886524081
"5139","Taizhou","B",0.999965659340659,0.867917010391615
"5140","Taizz","C",1,0.919631855706445
"5141","Tak","C",1,0.895979620187527
"5142","Takamatsu","B",0.999965659340659,0.900719295273787
"5143","Takaoka","B",0.999965659340659,0.869352808272824
"5144","Takapuna","B",0.999965659340659,0.917087842263697
"5145","Takeo","D",1,0.892833206297563
"5146","Talara","C",1,0.907922316522098
"5147","Talas","A",0.999928926794598,0.913656660029653
"5148","Talca","C",1,0.878168141407225
"5149","Talcahuano","B",0.999965659340659,0.902335225734608
"5150","Taldyqorghan","A",0.999928926794598,0.928369329150283
"5151","Tall Afar","C",1,0.910540693314528
"5152","Tallahassee","B",0.999965659340659,0.772032945854597
"5153","Tallinn","A",0.999928926794598,0.746055299089253
"5154","Taloyoak","A",0.999928926794598,0.937863772953104
"5155","Taltal","C",1,0.910528386592574
"5156","Tamale","D",1,0.854701519887468
"5157","Tamanrasset","C",1,0.912615042172473
"5158","Tamazunchale","D",1,0.93342495785264
"5159","Tambacounda","C",1,0.903965698062849
"5160","Tambov","A",0.999928926794598,0.936777481255323
"5161","Tame","D",1,0.904909730792011
"5162","Tampa","D",1,0.93062003874595
"5163","Tampere","A",0.999928926794598,0.936086675966982
"5164","Tampico","D",1,0.876819672520114
"5165","Tamuin","D",1,0.794896802138937
"5166","Tamworth","B",0.999965659340659,0.898925228617807
"5167","Tan An","D",1,0.879895211570453
"5168","Tan Tan","C",1,0.917488904233025
"5169","Tandil","B",0.999965659340659,0.916239808448758
"5170","Tanga","D",1,0.940617601852951
"5171","Tangail","D",1,0.920056328408922
"5172","Tangier","C",1,0.803767565709725
"5173","Tangshan","A",0.999928926794598,0.917691811780757
"5174","Tanjungkarang-Telubketung","D",1,0.920305167893639
"5175","Tanjungpandan","D",1,0.915265096483385
"5176","Tanjungpinang","D",1,0.915731805228818
"5177","Tanta","C",1,0.912620393607721
"5178","Taonan","A",0.999928926794598,0.933124559820304
"5179","Tapachula","D",1,0.922345053375591
"5180","Tara","A",0.999928926794598,0.935698670899186
"5181","Tarabuco","A",0.999928926794598,0.302554064499357
"5182","Tarakan","D",1,0.912225725142645
"5183","Taranto","B",0.999965659340659,0.903566128806951
"5184","Tarapoto","D",1,0.927471712771949
"5185","Taraz","A",0.999928926794598,0.740179526630888
"5186","Tarbes","B",0.999965659340659,0.9125544180529
"5187","Taree","B",0.999965659340659,0.8432721833719
"5188","Tarija","C",1,0.885874942032078
"5189","Tarlac","D",1,0.934510854316686
"5190","Tarma","B",0.999965659340659,0.655249900044957
"5191","Tarnow","A",0.999928926794598,0.797674595140119
"5192","Tarragona","B",0.999965659340659,0.869446781791451
"5193","Tarsus","C",1,0.909323210278745
"5194","Tartagal","C",1,0.76373501906861
"5195","Tartu","A",0.999928926794598,0.884712147117121
"5196","Tartus","C",1,0.909313793336403
"5197","Tarutung","D",1,0.904325290199641
"5198","Tash Komur","C",1,0.661616785803746
"5199","Tashkent","C",1,0.792359374521725
"5200","Tashtagol","A",0.999928926794598,0.936596125668007
"5201","Tasikmalaya","D",1,0.917601690624933
"5202","Tatarsk","A",0.999928926794598,0.93768718952359
"5203","Tatui","D",1,0.935061604525209
"5204","Tatvan","A",0.999928926794598,0.731253223195408
"5205","Taubate","D",1,0.928189863093651
"5206","Taungoo","D",1,0.898421432310427
"5207","Taupo","B",0.999965659340659,0.914672584273537
"5208","Tauranga","B",0.999965659340659,0.860092306727345
"5209","Tavda","A",0.999928926794598,0.937816039008122
"5210","Tawau","D",1,0.907122307655916
"5211","Tayshet","A",0.999928926794598,0.936914807694953
"5212","Tayynsha","A",0.999928926794598,0.93725630884247
"5213","Taza","C",1,0.9038013263125
"5214","Tbilisi","A",0.999928926794598,0.85152669790054
"5215","Tebessa","C",1,0.790171467338919
"5216","Tebingtinggi","D",1,0.91147393785452
"5217","Tecoman","C",1,0.88902510530824
"5218","Tecuala","D",1,0.925682357461051
"5219","Tefe","D",1,0.90745315231189
"5220","Tegal","D",1,0.900555224293418
"5221","Tegucigalpa","C",1,0.776536052838995
"5222","Tehran","C",1,0.79653920976983
"5223","Tehuacan","C",1,0.915061582122482
"5224","Tehuantepec","C",1,0.857878848983564
"5225","Tejen","C",1,0.912631263453723
"5226","Tekax","D",1,0.927280647158298
"5227","Tekirdag","B",0.999965659340659,0.912548663842823
"5228","Tel Aviv-Yafo","C",1,0.925826703515101
"5229","Telemaco Borba","D",1,0.774079009816909
"5230","Teller","A",0.999928926794598,0.934824514060365
"5231","Teluk Intan","D",1,0.900180300055597
"5232","Tema","D",1,0.869564738199959
"5233","Temirtau","A",0.999928926794598,0.936206996430886
"5234","Temple","B",0.999965659340659,0.724610313394206
"5235","Temuco","B",0.999965659340659,0.916123616322283
"5236","Tena","D",1,0.914960117355884
"5237","Tengchong","D",1,0.514847371754643
"5238","Tenkodogo","C",1,0.908092303643495
"5239","Tennant Creek","C",1,0.913992427263487
"5240","Tenosique","D",1,0.918679765260699
"5241","Teofilo Otoni","C",1,0.560344186454211
"5242","Tepic","D",1,0.829869856902534
"5243","Teresina","D",1,0.922355487688033
"5244","Termiz","C",1,0.917575425391968
"5245","Ternate","D",1,0.904878145932791
"5246","Ternopil","A",0.999928926794598,0.936335972596359
"5247","Terrace","B",0.999965659340659,0.920345343699123
"5248","Terre Haute","B",0.999965659340659,0.893703904219806
"5249","Tessenei","C",1,0.91413296936343
"5250","Tete","C",1,0.913208621875782
"5251","Tetovo","B",0.999965659340659,0.908290894761258
"5252","Texarkana","B",0.999965659340659,0.904051461182836
"5253","Texas City","B",0.999965659340659,0.884280013179694
"5254","Teziutlan","D",1,0.921255388660942
"5255","Tezpur","D",1,0.934011882431572
"5256","Thai Nguyen","D",1,0.940315915517227
"5257","Thanh Hoa","D",1,0.933992102957001
"5258","Thanjavur","D",1,0.802686538339403
"5259","The Hague","B",0.999965659340659,0.919547095736573
"5260","The Pas","A",0.999928926794598,0.936663233514241
"5261","Theodore","C",1,0.910349930477396
"5262","Thermopolis","A",0.999928926794598,0.906152926817326
"5263","Thessalon","A",0.999928926794598,0.936193321717471
"5264","Thessaloniki","B",0.999965659340659,0.822671350314942
"5265","Thies","C",1,0.880434841575752
"5266","Thika","C",1,0.859948421771304
"5267","Thimphu","A",0.999928926794598,0.640471243581656
"5268","Thohoyandou","C",1,0.882347591846168
"5269","Thompson","A",0.999928926794598,0.934940230674835
"5270","Thongwa","D",1,0.908500996885994
"5271","Thorshavn","B",0.999965659340659,0.914108529756843
"5272","Three Springs","C",1,0.90742499355158
"5273","Thunder Bay","A",0.999928926794598,0.938292053285923
"5274","Thung Song","D",1,0.910256993378832
"5275","Tianjin","A",0.999928926794598,0.796915803488977
"5276","Tianmen","B",0.999965659340659,0.857820588099398
"5277","Tianshui","A",0.999928926794598,0.93089169021205
"5278","Tiarat","C",1,0.807910952826726
"5279","Tibati","D",1,0.900286072831593
"5280","Ticul","D",1,0.913032965077611
"5281","Tidjikdja","C",1,0.907168617573901
"5282","Tidore","D",1,0.902743317198052
"5283","Tieli","A",0.999928926794598,0.935716358428814
"5284","Tieling","A",0.999928926794598,0.937088674382477
"5285","Tijuana","C",1,0.91110156110487
"5286","Tikhoretsk","B",0.999965659340659,0.586177556438783
"5287","Tikhvin","A",0.999928926794598,0.938349176320386
"5288","Tikrit","C",1,0.909725100035809
"5289","Tillaberi","C",1,0.910432132306822
"5290","Tillamook","D",1,0.499060695105911
"5291","Timaru","B",0.999965659340659,0.91726579796477
"5292","Timashevsk","B",0.999965659340659,0.918038314218648
"5293","Timbauba","D",1,0.925671966962012
"5294","Timbedra","C",1,0.911352239140942
"5295","Timbuktu","C",1,0.919142107432748
"5296","Timika","D",1,0.909503632402376
"5297","Timimoun","C",1,0.911193222292562
"5298","Timiryazevskiy","A",0.999928926794598,0.935882535232992
"5299","Timisoara","B",0.999965659340659,0.917678150617153
"5300","Timmins","A",0.999928926794598,0.935719903876921
"5301","Timon","D",1,0.927538414926824
"5302","Tindouf","C",1,0.91221703043626
"5303","Tingo Maria","D",1,0.90733729190602
"5304","Tinogasta","C",1,0.915472295386151
"5305","Tirana","B",0.999965659340659,0.904399528938658
"5306","Tiraspol","A",0.999928926794598,0.932608418604406
"5307","Tirgu Mures","A",0.999928926794598,0.937361308117547
"5308","Tiruchchirappalli","D",1,0.617618869331267
"5309","Tirunelveli","D",1,0.802800699885914
"5310","Tirupati","C",1,0.900194241316516
"5311","Tiruppur","C",1,0.887082491965084
"5312","Tiruvannamalai","C",1,0.89080204948859
"5313","Titusville","D",1,0.927575274150076
"5314","Tizimin","D",1,0.928600628104884
"5315","Tiznit","C",1,0.909901428039251
"5316","Tlaxcala","C",1,0.853848223586504
"5317","Tlaxiaco","C",1,0.876287045102999
"5318","Tlimcen","C",1,0.839696817492436
"5319","Toamasina","D",1,0.905560548239246
"5320","Tobol","A",0.999928926794598,0.935257213179389
"5321","Tobolsk","A",0.999928926794598,0.937454836279844
"5322","Tocache","D",1,0.907266050676082
"5323","Tocantinopolis","D",1,0.933494526338535
"5324","Toconao","C",1,0.863979297245418
"5325","Togiak","A",0.999928926794598,0.926807210790297
"5326","Toguchin","A",0.999928926794598,0.936494589454486
"5327","Tokar","C",1,0.91148799768007
"5328","Tokmak","A",0.999928926794598,0.90446306260754
"5329","Toktogul","A",0.999928926794598,0.754419247691151
"5330","Tokushima","B",0.999965659340659,0.806815774062376
"5331","Tokyo","B",0.999965659340659,0.918641550053249
"5332","Tolanaro","D",1,0.91225963102732
"5333","Toledo1","B",0.999965659340659,0.608109722943036
"5334","Toledo2","C",1,0.795435781300434
"5335","Toliara","C",1,0.891948037608632
"5336","Tolu","D",1,0.935354507051848
"5337","Toluca","C",1,0.788438891268741
"5338","Tolyatti","A",0.999928926794598,0.935430589648413
"5339","Tom Price","C",1,0.915689525533286
"5340","Tomah","A",0.999928926794598,0.939096537788911
"5341","Tomakomai","B",0.999965659340659,0.853655302779754
"5342","Tombstone","C",1,0.912121369755509
"5343","Tomsk","A",0.999928926794598,0.936025654620388
"5344","Tonantins","D",1,0.908389971557011
"5345","Tongchuan","A",0.999928926794598,0.930808299464492
"5346","Tonghua","A",0.999928926794598,0.937022697533624
"5347","Tongliao","A",0.999928926794598,0.93789400243256
"5348","Tongling","B",0.999965659340659,0.913478949162746
"5349","Tongren","B",0.999965659340659,0.841137317816921
"5350","Tonk","C",1,0.909329945288449
"5351","Tonopah","A",0.999928926794598,0.876322507927762
"5352","Toowoomba","B",0.999965659340659,0.875583669706398
"5353","Topeka","A",0.999928926794598,0.935604442072872
"5354","Topki","A",0.999928926794598,0.937654392642965
"5355","Torbat-e Jam","C",1,0.906529491600015
"5356","Toronto","B",0.999965659340659,0.574818685461203
"5357","Tororo","D",1,0.925868402993867
"5358","Torreon","C",1,0.919881270951119
"5359","Torzhok","A",0.999928926794598,0.935450236965877
"5360","Totness","D",1,0.92059709470421
"5361","Tottori","B",0.999965659340659,0.872774176196291
"5362","Touggourt","C",1,0.917177357370739
"5363","Toulon","B",0.999965659340659,0.903036720706315
"5364","Toulouse","B",0.999965659340659,0.921999601770761
"5365","Tournavista","D",1,0.909162387786499
"5366","Tours","B",0.999965659340659,0.916954828471407
"5367","Townsville","D",1,0.865044872235746
"5368","Toyama","B",0.999965659340659,0.854786537456463
"5369","Tozeur","C",1,0.910895038236431
"5370","Trablous","C",1,0.915532874508864
"5371","Trabzon","B",0.999965659340659,0.91412265579484
"5372","Tralee","B",0.999965659340659,0.918571257206239
"5373","Trancas","C",1,0.802934044175787
"5374","Trang","D",1,0.93072755035583
"5375","Tranqueras","B",0.999965659340659,0.885965970631233
"5376","Traralgon","B",0.999965659340659,0.915038598438292
"5377","Traverse City","A",0.999928926794598,0.867300124607212
"5378","Treinta y Tres","B",0.999965659340659,0.908806436791846
"5379","Trelew","B",0.999965659340659,0.890748936735728
"5380","Trento","B",0.999965659340659,0.919460403412336
"5381","Trenton","B",0.999965659340659,0.916645785149648
"5382","Trepassey","B",0.999965659340659,0.915483990675081
"5383","Tres Arroyos","B",0.999965659340659,0.916662662227994
"5384","Tres Lagoas","D",1,0.93098118053911
"5385","Treviso","B",0.999965659340659,0.91357333371876
"5386","Trieste","B",0.999965659340659,0.916194284891683
"5387","Trindade","D",1,0.915857195778172
"5388","Trinidad1","A",0.999928926794598,0.886811280384521
"5389","Trinidad2","D",1,0.938805402643458
"5390","Tripoli1","C",1,0.917920551636255
"5391","Tripoli2","B",0.999965659340659,0.516770361544504
"5392","Trivandrum","D",1,0.917243210561648
"5393","Trnava","B",0.999965659340659,0.558145249624367
"5394","Trois Rivieres","A",0.999928926794598,0.937041812929974
"5395","Troitsk","A",0.999928926794598,0.934385659905308
"5396","Trollhattan","B",0.999965659340659,0.91476566716124
"5397","Tromso","B",0.999965659340659,0.915886160831232
"5398","Trondheim","B",0.999965659340659,0.923777671333675
"5399","Trout River","B",0.999965659340659,0.9153600157649
"5400","Troyes","B",0.999965659340659,0.923115333451786
"5401","Trujillo1","D",1,0.930222200470294
"5402","Trujillo2","D",1,0.903758919931585
"5403","Trujillo3","C",1,0.888235057197852
"5404","Truth or Consequences","C",1,0.905789579752308
"5405","Tsavo","C",1,0.892660031647827
"5406","Tsetserleg","A",0.999928926794598,0.939008575056589
"5407","Tshabong","C",1,0.914817042470157
"5408","Tshela","D",1,0.934071639634913
"5409","Tshikapa","D",1,0.861619477015404
"5410","Tskhinvali","B",0.999965659340659,0.917643587519368
"5411","Tsu","B",0.999965659340659,0.852401175259626
"5412","Tsumeb","C",1,0.91239886203101
"5413","Tsuruoka","B",0.999965659340659,0.919059967565387
"5414","Tuapse","B",0.999965659340659,0.914777818264996
"5415","Tuban","D",1,0.925557928456729
"5416","Tubarao","D",1,0.864795694168619
"5417","Tubruq","C",1,0.914703823442982
"5418","Tucano","C",1,0.846907702962172
"5419","Tucson","C",1,0.909667541717318
"5420","Tucumcari","C",1,0.871283833962654
"5421","Tucupita","D",1,0.942086390598593
"5422","Tucurui","D",1,0.904153229696632
"5423","Tukuyu","D",1,0.920801934401402
"5424","Tula1","A",0.999928926794598,0.939622193726234
"5425","Tula2","C",1,0.91549511934682
"5426","Tulare","C",1,0.915444966509293
"5427","Tulcea","B",0.999965659340659,0.621222812408584
"5428","Tulsa","B",0.999965659340659,0.90828762136496
"5429","Tulua","D",1,0.924704795804729
"5430","Tulun","A",0.999928926794598,0.939919213946681
"5431","Tumbes","C",1,0.705036119413431
"5432","Tumen","A",0.999928926794598,0.936589827943616
"5433","Tumkur","C",1,0.914909507038035
"5434","Tumut","B",0.999965659340659,0.904506001507494
"5435","Tunduma","C",1,0.668688023946277
"5436","Tunduru","C",1,0.890082238287496
"5437","Tungkang","D",1,0.937203763979314
"5438","Tunis","C",1,0.778203753579747
"5439","Tunja","B",0.999965659340659,0.787230861581585
"5440","Tununak","A",0.999928926794598,0.935953806355675
"5441","Tunuyan","C",1,0.690442248317043
"5442","Tupa","D",1,0.936319232874075
"5443","Tupelo","B",0.999965659340659,0.917495999160388
"5444","Tupiza","C",1,0.709547584136013
"5445","Tuquerres","B",0.999965659340659,0.852988157130826
"5446","Turbat","C",1,0.919855987866517
"5447","Turbo","D",1,0.904413189824257
"5448","Turin","B",0.999965659340659,0.914302300541123
"5449","Turkistan","A",0.999928926794598,0.401171299053944
"5450","Turkmenabat","C",1,0.884760671763402
"5451","Turkmenbasy","B",0.999965659340659,0.649717016404616
"5452","Turku","B",0.999965659340659,0.513070629779891
"5453","Turnovo","B",0.999965659340659,0.919713836186832
"5454","Turpan","A",0.999928926794598,0.856250249348391
"5455","Tuscaloosa","B",0.999965659340659,0.923007130558462
"5456","Tuticorin","C",1,0.660334634794171
"5457","Tuxpam","D",1,0.930232630061065
"5458","Tuxpan","D",1,0.932292342584998
"5459","Tuxtla Gutierrez","C",1,0.891205471753239
"5460","Tuymazy","A",0.999928926794598,0.937208166905071
"5461","Tuzla","B",0.999965659340659,0.915289830783668
"5462","Tver","A",0.999928926794598,0.939377017377381
"5463","Tweed Heads","D",1,0.906840625867314
"5464","Twin Falls","A",0.999928926794598,0.32366106694522
"5465","Tyler","B",0.999965659340659,0.915080539714276
"5466","Tynda","A",0.999928926794598,0.937062513232956
"5467","Tyumen","A",0.999928926794598,0.937795691461831
"5468","Tzaneen","C",1,0.847866641227648
"5469","Uba","D",1,0.93480707524476
"5470","Ubaitaba","D",1,0.908439216215212
"5471","Uberaba","D",1,0.929132523451571
"5472","Uberlandia","D",1,0.852142528504436
"5473","Ubomba","C",1,0.803456003822485
"5474","Ubon Ratchathani","D",1,0.881886566710416
"5475","Udaipur","C",1,0.911563480519173
"5476","Udine","B",0.999965659340659,0.916151493772155
"5477","Udon Thani","D",1,0.894172141084147
"5478","Ufa","A",0.999928926794598,0.936534810444182
"5479","Uglegorsk","A",0.999928926794598,0.936940895533818
"5480","Uglich","A",0.999928926794598,0.938312339706887
"5481","Uige","D",1,0.901863569615653
"5482","Uitenhage","B",0.999965659340659,0.847172394250852
"5483","Ujjain","C",1,0.911680915409715
"5484","Ujungpandang","D",1,0.911092886418921
"5485","Ukhta","A",0.999928926794598,0.936681907366072
"5486","Ukiah","C",1,0.677952956765329
"5487","Ulaanbaatar","A",0.999928926794598,0.939793167101621
"5488","Ulaangom","A",0.999928926794598,0.936847630955512
"5489","Ulan Ude","A",0.999928926794598,0.937105666218226
"5490","Ulanhot","A",0.999928926794598,0.937015864432023
"5491","Uliastay","A",0.999928926794598,0.936931793619515
"5492","Ulladulla","B",0.999965659340659,0.876647164539779
"5493","Ulm","B",0.999965659340659,0.919788985516081
"5494","Ulsan","B",0.999965659340659,0.916709240900983
"5495","Ulundi","C",1,0.878865399174932
"5496","Ulyanovsk","A",0.999928926794598,0.937579237264371
"5497","Uman","A",0.999928926794598,0.804304070305996
"5498","Umea","A",0.999928926794598,0.851684020077806
"5499","Umm al Qaywayn","C",1,0.913810993385291
"5500","Umm Ruwaba","C",1,0.913275063576919
"5501","Umtata","B",0.999965659340659,0.53308294429115
"5502","Unalakleet","A",0.999928926794598,0.93854969731869
"5503","Unalaska","B",0.999965659340659,0.915864588745024
"5504","Uncia","A",0.999928926794598,0.405509547129831
"5505","Upata","D",1,0.888778349816217
"5506","Upington","C",1,0.909909772002277
"5507","Upper Hutt","B",0.999965659340659,0.91663898585021
"5508","Uppsala","A",0.999928926794598,0.81471918941586
"5509","Uray","A",0.999928926794598,0.934174071633655
"5510","Urbana","B",0.999965659340659,0.584599416377361
"5511","Urgentch","C",1,0.688991153776088
"5512","Urgut","C",1,0.739001126907018
"5513","Uroteppa","A",0.999928926794598,0.419584560594732
"5514","Uruapan","C",1,0.892151614300984
"5515","Urubamba","B",0.999965659340659,0.5142958098169
"5516","Uruguaiana","B",0.999965659340659,0.880689299169043
"5517","Urumqi","A",0.999928926794598,0.936416286779464
"5518","Uryupinsk","A",0.999928926794598,0.937153078858606
"5519","Urzhar","A",0.999928926794598,0.937401286634465
"5520","Usak","B",0.999965659340659,0.472256826400622
"5521","Usakos","C",1,0.91571930151703
"5522","Ushtobe","A",0.999928926794598,0.921086727131723
"5523","Ushuaia","B",0.999965659340659,0.914029472647287
"5524","Usolye Sibirskoye","A",0.999928926794598,0.936947957436453
"5525","Uspallata","A",0.999928926794598,0.833767351986025
"5526","Ussuriysk","A",0.999928926794598,0.936152511733862
"5527","Ust Kut","A",0.999928926794598,0.93667217066057
"5528","Ust-Ulimsk","A",0.999928926794598,0.93657781564975
"5529","Uthai Thani","C",1,0.667679560797714
"5530","Utica","B",0.999965659340659,0.729145513539725
"5531","Utrecht","B",0.999965659340659,0.919200379786234
"5532","Utsunomiya","B",0.999965659340659,0.916770988201828
"5533","Uttaradit","D",1,0.825984955447825
"5534","Uvinza","C",1,0.887970531641688
"5535","Uvira","D",1,0.908533951648507
"5536","Uyar","A",0.999928926794598,0.936078504073055
"5537","Uyuni","A",0.999928926794598,0.572738878324751
"5538","Uzhgorod","B",0.999965659340659,0.87268186151395
"5539","Uzhur","A",0.999928926794598,0.935910501204956
"5540","Vaasa","A",0.999928926794598,0.90521793321311
"5541","Vac","A",0.999928926794598,0.568083324194449
"5542","Vacaria","B",0.999965659340659,0.862264758867904
"5543","Vadodara","C",1,0.915955475395008
"5544","Vaduz","B",0.999965659340659,0.919437434253032
"5545","Val d'Or","A",0.999928926794598,0.935311132955778
"5546","Valdez","B",0.999965659340659,0.906595871306048
"5547","Valdivia","B",0.999965659340659,0.886901422446759
"5548","Valdosta","B",0.999965659340659,0.896050863309431
"5549","Valenca","D",1,0.909415451959976
"5550","Valencia1","D",1,0.864911266143246
"5551","Valencia2","C",1,0.565294227708689
"5552","Valera","D",1,0.932044972460697
"5553","Valladolid1","B",0.999965659340659,0.853591953246741
"5554","Valladolid2","D",1,0.930523150108197
"5555","Valle de la Pascua","C",1,0.478330626050397
"5556","Valledupar","D",1,0.930047365716743
"5557","Vallegrande","C",1,0.510055320793715
"5558","Vallejo","C",1,0.804676851961648
"5559","Vallenar","C",1,0.920858540529545
"5560","Valletta","B",0.999965659340659,0.649008889857883
"5561","Valparai","D",1,0.926554369177061
"5562","Valparaiso1","C",1,0.915114136124861
"5563","Valparaiso2","C",1,0.866941899953209
"5564","Valuyki","A",0.999928926794598,0.937200406733525
"5565","Van","A",0.999928926794598,0.819795965031597
"5566","Van Horn","C",1,0.909903445456131
"5567","Vanadzor","A",0.999928926794598,0.93643465930547
"5568","Vancouver1","B",0.999965659340659,0.915215238570218
"5569","Vancouver2","B",0.999965659340659,0.919252883111068
"5570","Vanhynsdorp","C",1,0.908772323296202
"5571","Vanino","A",0.999928926794598,0.936876515835539
"5572","Varamin","C",1,0.903978462325421
"5573","Varanasi","C",1,0.901508334847447
"5574","Varna","B",0.999965659340659,0.912432526987356
"5575","Varzea Grande","D",1,0.891556615906796
"5576","Vasteraas","A",0.999928926794598,0.882788999573652
"5577","Vatican City","B",0.999965659340659,0.914533751927272
"5578","Vaxjo","B",0.999965659340659,0.8708899872998
"5579","Vegreville","A",0.999928926794598,0.935360253313725
"5580","Veinticinco de Mayo","B",0.999965659340659,0.917286587238584
"5581","Velikiy Ustyug","A",0.999928926794598,0.938405680849309
"5582","Velikiye Luki","A",0.999928926794598,0.937453376272383
"5583","Vellore","C",1,0.896947338485525
"5584","Velsk","A",0.999928926794598,0.93800734922078
"5585","Venado Tuerto","B",0.999965659340659,0.897252123225392
"5586","Venice","B",0.999965659340659,0.920018663342671
"5587","Ventspils","B",0.999965659340659,0.837953865140731
"5588","Vera","B",0.999965659340659,0.769721619860835
"5589","Veracruz","D",1,0.926949615094448
"5590","Vereeniging","C",1,0.874539430716766
"5591","Vergara","B",0.999965659340659,0.898685637639336
"5592","Verkhniy Ufaley","A",0.999928926794598,0.940172625744659
"5593","Verkhnyaya Salda","A",0.999928926794598,0.936851392935448
"5594","Vernal","A",0.999928926794598,0.927743994141334
"5595","Vernon","C",1,0.860465236434774
"5596","Vero Beach","D",1,0.929998229948066
"5597","Verona","B",0.999965659340659,0.917965106538763
"5598","Versailles","B",0.999965659340659,0.916737588002476
"5599","Viacha","A",0.999928926794598,0.374971665185613
"5600","Viana","D",1,0.920208895518874
"5601","Vibo Valentia","B",0.999965659340659,0.908184422902938
"5602","Viborg","B",0.999965659340659,0.921603919649351
"5603","Vicente Guerrero","C",1,0.909234892678075
"5604","Vichuga","A",0.999928926794598,0.933178691043592
"5605","Vichy","B",0.999965659340659,0.925920693246206
"5606","Vicksburg","B",0.999965659340659,0.907586888660707
"5607","Victor Harbor","B",0.999965659340659,0.911223390006495
"5608","Victoria Falls","C",1,0.915233331232135
"5609","Victoria1","B",0.999965659340659,0.881144108179949
"5610","Victoria2","B",0.999965659340659,0.91237273643132
"5611","Victoria3","B",0.999965659340659,0.905987524881421
"5612","Victoria5","B",0.999965659340659,0.897488916832685
"5613","Victoriaville","A",0.999928926794598,0.846932290809537
"5614","Victorica","C",1,0.620473462101387
"5615","Viedma","B",0.999965659340659,0.913537230013456
"5616","Vienna","B",0.999965659340659,0.771650665110895
"5617","Vientiane","D",1,0.937330382143512
"5618","Viet Tri","D",1,0.926188367612699
"5619","Vigo","B",0.999965659340659,0.8960878430472
"5620","Vijayawada","C",1,0.892855605070257
"5621","Vikhorevka","A",0.999928926794598,0.937032219843168
"5622","Vila Velha","D",1,0.933535028950972
"5623","Vilanculos","D",1,0.814949613149278
"5624","Vilhena","D",1,0.932413392118895
"5625","Villa Ahumada","C",1,0.913691277158901
"5626","Villa Angela","C",1,0.900986421567027
"5627","Villa Carlos Paz","C",1,0.736732155818338
"5628","Villa Constitucion","B",0.999965659340659,0.91211690744501
"5629","Villa Hayes","D",1,0.932800275299363
"5630","Villa Maria","C",1,0.633775845374245
"5631","Villa Rumipal","C",1,0.833476901482182
"5632","Villa Union","D",1,0.791219115664281
"5633","Villahermosa","D",1,0.909636522923396
"5634","Villanueva","C",1,0.916714144900324
"5635","Villarica","B",0.999965659340659,0.863373338004941
"5636","Villavicencio","D",1,0.90917418182285
"5637","Villazon","A",0.999928926794598,0.608979501442477
"5638","Vilnius","A",0.999928926794598,0.876824676190706
"5639","Vilyuysk","A",0.999928926794598,0.936997119267377
"5640","Vina del Mar","C",1,0.879646756350539
"5641","Vinh","D",1,0.919060785104466
"5642","Vinnytsya","A",0.999928926794598,0.936639480969356
"5643","Virginia Beach","B",0.999965659340659,0.918691786318082
"5644","Visakhapatnam","C",1,0.424453185153565
"5645","Visalia","C",1,0.907078035756429
"5646","Visby","B",0.999965659340659,0.917513941711908
"5647","Viseu","D",1,0.904454227704598
"5648","Vitoria da Conquista","C",1,0.817494139137498
"5649","Vitoria1","D",1,0.926403038452845
"5650","Vitoria2","B",0.999965659340659,0.916157582853733
"5651","Vitsyebsk","A",0.999928926794598,0.928427441290859
"5652","Vizianagaram","C",1,0.810138996184591
"5653","Vladikavkaz","A",0.999928926794598,0.912683566366596
"5654","Vladimir","A",0.999928926794598,0.937297384600486
"5655","Vladivostok","A",0.999928926794598,0.936791049310268
"5656","Vlore","B",0.999965659340659,0.895385018321039
"5657","Voi","C",1,0.899091305509196
"5658","Volgodonsk","A",0.999928926794598,0.936558682833003
"5659","Volgograd","A",0.999928926794598,0.920246823094952
"5660","Volkhov","A",0.999928926794598,0.937225691428691
"5661","Volksrust","C",1,0.726486546194001
"5662","Vologda","A",0.999928926794598,0.935423423174235
"5663","Volos","B",0.999965659340659,0.895162679207819
"5664","Volsk","A",0.999928926794598,0.936934949586481
"5665","Volta Redonda","D",1,0.935073498515101
"5666","Volzhskiy","A",0.999928926794598,0.927388138222486
"5667","Vorkuta","A",0.999928926794598,0.938355354132876
"5668","Voronezh","A",0.999928926794598,0.936793153323676
"5669","Votkinsk","A",0.999928926794598,0.936155359954744
"5670","Voznesensk","A",0.999928926794598,0.894853215371588
"5671","Vratsa","A",0.999928926794598,0.762705916331773
"5672","Vryburg","C",1,0.909812931448015
"5673","Vryheid","C",1,0.743387831501002
"5674","Vung Tau","D",1,0.923796899937109
"5675","Vyazemskiy","A",0.999928926794598,0.9360322451107
"5676","Vyazma","A",0.999928926794598,0.937199098218082
"5677","Vyborg","A",0.999928926794598,0.894842153198818
"5678","Vyshnniy Volochek","A",0.999928926794598,0.935895149533592
"5679","Vyska","A",0.999928926794598,0.937249639415182
"5680","Wa","C",1,0.689025372656655
"5681","Waco","B",0.999965659340659,0.655234269340657
"5682","Wafangdian","A",0.999928926794598,0.935913089712036
"5683","Wagga Wagga","B",0.999965659340659,0.898570546575947
"5684","Wagin","C",1,0.658818184957971
"5685","Wahiawa","D",1,0.780263421071646
"5686","Wailuku","D",1,0.887132280174239
"5687","Waingapu","D",1,0.843088519001712
"5688","Wainwright","A",0.999928926794598,0.937217341350578
"5689","Waitakere","B",0.999965659340659,0.91991688042205
"5690","Wajir","C",1,0.907374446029496
"5691","Wakayama","B",0.999965659340659,0.897414327598652
"5692","Wakema","D",1,0.928692726380695
"5693","Waku Kungo","C",1,0.894583038044098
"5694","Walbrzych","A",0.999928926794598,0.791415782300705
"5695","Walla Walla","B",0.999965659340659,0.757840177711496
"5696","Wallace","B",0.999965659340659,0.749804455021376
"5697","Wallaroo","B",0.999965659340659,0.905453239767694
"5698","Walvis Bay","C",1,0.916806691638355
"5699","Wamba","D",1,0.901657633924639
"5700","Wanganui","B",0.999965659340659,0.920389954498302
"5701","Wangaratta","B",0.999965659340659,0.896669097229268
"5702","Wangqing","A",0.999928926794598,0.936252406021561
"5703","Wanxian","B",0.999965659340659,0.570188283138046
"5704","Warangal","C",1,0.903515105196685
"5705","Warri","D",1,0.910963447794581
"5706","Warrnambool","B",0.999965659340659,0.917888900477865
"5707","Warsaw","A",0.999928926794598,0.746713223563772
"5708","Warwick","B",0.999965659340659,0.778608464230825
"5709","Washington, D.C.","B",0.999965659340659,0.916352680618731
"5710","Watampone","D",1,0.9137466511676
"5711","Waterbury","B",0.999965659340659,0.920368464703845
"5712","Waterford","B",0.999965659340659,0.919947050360215
"5713","Waterloo","A",0.999928926794598,0.936306720921361
"5714","Watertown","B",0.999965659340659,0.886212104299377
"5715","Waterville","B",0.999965659340659,0.761095083362592
"5716","Watsa","D",1,0.918230315623786
"5717","Wau","C",1,0.880663172124409
"5718","Waukegan","A",0.999928926794598,0.848903612538401
"5719","Waukesha","A",0.999928926794598,0.934617755124771
"5720","Wausau","A",0.999928926794598,0.93612136219841
"5721","Wawa","A",0.999928926794598,0.936404685723497
"5722","Waycross","B",0.999965659340659,0.870997471319248
"5723","Weifang","A",0.999928926794598,0.91879641052187
"5724","Weihai","A",0.999928926794598,0.823644817705035
"5725","Weinan","A",0.999928926794598,0.824832964300608
"5726","Welkom","C",1,0.904841920847192
"5727","Wellington","B",0.999965659340659,0.919520964103773
"5728","Wenatchee","B",0.999965659340659,0.64811814385683
"5729","Wenshan","B",0.999965659340659,0.450832781058251
"5730","Wenzhou","B",0.999965659340659,0.819581187566814
"5731","West Bend","A",0.999928926794598,0.939317253019066
"5732","West Palm Beach","D",1,0.93437872094418
"5733","Westport","B",0.999965659340659,0.870827093510771
"5734","Wetaskiwin","A",0.999928926794598,0.934269332976029
"5735","Wewak","D",1,0.910374392422
"5736","Weyburn","A",0.999928926794598,0.936440352800317
"5737","Whakatane","B",0.999965659340659,0.869542951392115
"5738","Whangarei","B",0.999965659340659,0.904288988716224
"5739","Wheeling","B",0.999965659340659,0.891405493558978
"5740","White Sulphur Springs","B",0.999965659340659,0.920857803869157
"5741","Whitehorse","A",0.999928926794598,0.937905506998572
"5742","Whyalla","C",1,0.582197826274006
"5743","Wiarton","B",0.999965659340659,0.906900651725853
"5744","Wichita","A",0.999928926794598,0.888363616078133
"5745","Wichita Falls","C",1,0.691478660674028
"5746","Wiener","B",0.999965659340659,0.611280962362699
"5747","Wiesbaden","B",0.999965659340659,0.922632291921326
"5748","Wilcannia","C",1,0.916778223061226
"5749","Wilkes Barre","B",0.999965659340659,0.796862091757222
"5750","Willcox","C",1,0.9104901632633
"5751","Willemstad","D",1,0.841864546919535
"5752","Williams Lake","A",0.999928926794598,0.938830934806472
"5753","Williamsport","B",0.999965659340659,0.879591232912044
"5754","Williston","A",0.999928926794598,0.936573857022897
"5755","Willmar","A",0.999928926794598,0.936244513289841
"5756","Wilmington1","B",0.999965659340659,0.859012711602129
"5757","Wilmington2","B",0.999965659340659,0.915143577374143
"5758","Winchester","B",0.999965659340659,0.916935621778403
"5759","Windhoek","C",1,0.909448911008855
"5760","Windsor1","B",0.999965659340659,0.605982137683411
"5761","Windsor2","B",0.999965659340659,0.914599803667465
"5762","Winneba","D",1,0.902343324322312
"5763","Winnemucca","A",0.999928926794598,0.377442001601185
"5764","Winnipeg","A",0.999928926794598,0.937502536924951
"5765","Winona","A",0.999928926794598,0.93700556246536
"5766","Winston-Salem","B",0.999965659340659,0.918042295380316
"5767","Winter Haven","D",1,0.880765349084175
"5768","Winton","C",1,0.917587687250102
"5769","Witu","D",1,0.871227106477323
"5770","Wloclawek","A",0.999928926794598,0.851355271262339
"5771","Wollongong","B",0.999965659340659,0.885495467376748
"5772","Wonju","A",0.999928926794598,0.899694013287203
"5773","Wonsan","A",0.999928926794598,0.880458479685956
"5774","Wonthaggi","B",0.999965659340659,0.911903671033659
"5775","Woodward","A",0.999928926794598,0.822157276987216
"5776","Worcester1","B",0.999965659340659,0.918191794546112
"5777","Worcester2","C",1,0.775342691733798
"5778","Wrangell","B",0.999965659340659,0.921352506853733
"5779","Wroclaw","A",0.999928926794598,0.554618516074055
"5780","Wuchuan","A",0.999928926794598,0.936596271287384
"5781","Wuhan","B",0.999965659340659,0.753813339907527
"5782","Wuhu","B",0.999965659340659,0.91138034309421
"5783","Wukari","D",1,0.836649178423506
"5784","Wum","D",1,0.900121323765637
"5785","Wuppertal","B",0.999965659340659,0.917382579970854
"5786","Wurzburg","B",0.999965659340659,0.920530792104711
"5787","Wuwei","A",0.999928926794598,0.895221887058553
"5788","Wuxi","B",0.999965659340659,0.918240895491004
"5789","Wuyuan","A",0.999928926794598,0.90712054043627
"5790","Wuzhou","D",1,0.726412298106827
"5791","Xai-Xai","D",1,0.910208895303776
"5792","Xalapa","D",1,0.923809592764421
"5793","Xanthi","B",0.999965659340659,0.898297825438519
"5794","Xapeco","B",0.999965659340659,0.770242497555785
"5795","Xiamen","B",0.999965659340659,0.339801457775441
"5796","Xian","A",0.999928926794598,0.810144045415929
"5797","Xiangfan","A",0.999928926794598,0.571179086317404
"5798","Xiangkhoang","D",1,0.930983680809772
"5799","Xiangtai","A",0.999928926794598,0.796020973096268
"5800","Xiangtan","B",0.999965659340659,0.880830846758263
"5801","Xiantao","B",0.999965659340659,0.896229754447185
"5802","Xiaogan","B",0.999965659340659,0.774636521395562
"5803","Xichang","C",1,0.707462732473445
"5804","Xigaze","A",0.999928926794598,0.927477983152973
"5805","Xilinhot","A",0.999928926794598,0.936794276157387
"5806","Xinguara","D",1,0.93089706262339
"5807","Xingyi","B",0.999965659340659,0.505154227952906
"5808","Xining","A",0.999928926794598,0.928748398111682
"5809","Xinqing","A",0.999928926794598,0.935421825539472
"5810","Xinxiang","A",0.999928926794598,0.814023644858567
"5811","Xinyang","B",0.999965659340659,0.69932857223698
"5812","Xinyi","A",0.999928926794598,0.832849697412148
"5813","Xinyu","B",0.999965659340659,0.792707438336981
"5814","Xinzhou","A",0.999928926794598,0.913098248100557
"5815","Xique-Xique","C",1,0.905351616631061
"5816","Xuanhua","A",0.999928926794598,0.936708919778884
"5817","Xuchang","A",0.999928926794598,0.809449311644295
"5818","Xuzhou","A",0.999928926794598,0.852720302418788
"5819","Yaan","D",1,0.88512183905789
"5820","Yacuiba","C",1,0.893508737832026
"5821","Yakeshi","A",0.999928926794598,0.93563468857747
"5822","Yakima","B",0.999965659340659,0.613733916390185
"5823","Yakutat","B",0.999965659340659,0.470983446313717
"5824","Yakutsk","A",0.999928926794598,0.937164814927495
"5825","Yala","D",1,0.915189559655355
"5826","Yalta","B",0.999965659340659,0.917546157133982
"5827","Yalutorovsk","A",0.999928926794598,0.937205592634963
"5828","Yamagata","B",0.999965659340659,0.916768572541192
"5829","Yamba","D",1,0.917612716177562
"5830","Yambio","D",1,0.901442183004543
"5831","Yamoussoukro","D",1,0.878222163043395
"5832","Yanbu al Bahr","C",1,0.916586039315339
"5833","Yandoon","D",1,0.923595830084053
"5834","Yangambi","D",1,0.90945189544921
"5835","Yangjiang","D",1,0.924802734535342
"5836","Yangquan","A",0.999928926794598,0.936339809544188
"5837","Yangzhou","B",0.999965659340659,0.854657426886633
"5838","Yanji","A",0.999928926794598,0.936958736775276
"5839","Yankton","A",0.999928926794598,0.935195137186015
"5840","Yantai","A",0.999928926794598,0.929531466825154
"5841","Yaounde","D",1,0.930661579190556
"5842","Yarmouth","B",0.999965659340659,0.916193066767993
"5843","Yaroslave","A",0.999928926794598,0.938031632654118
"5844","Yaynangyoung","C",1,0.903945881306651
"5845","Yazd","C",1,0.912565068572792
"5846","Ye","D",1,0.91525629512262
"5847","Yefremov","A",0.999928926794598,0.937590987496251
"5848","Yegoryevsk","A",0.999928926794598,0.936472837066411
"5849","Yei","D",1,0.892608812188407
"5850","Yekaterinburg","A",0.999928926794598,0.936533262456085
"5851","Yelets","A",0.999928926794598,0.937224974358631
"5852","Yelimane","C",1,0.913985595269678
"5853","Yellowknife","A",0.999928926794598,0.93564053145554
"5854","Yemanzhelinsk","A",0.999928926794598,0.93796007232893
"5855","Yendi","D",1,0.824428198526987
"5856","Yeniseysk","A",0.999928926794598,0.939537171279286
"5857","Yeosu","B",0.999965659340659,0.883604898971873
"5858","Yeppoon","D",1,0.924003428740736
"5859","Yerevan","A",0.999928926794598,0.729553480870959
"5860","Yevlax","A",0.999928926794598,0.395375875653655
"5861","Yevpatoriya","B",0.999965659340659,0.91629020268713
"5862","Yeysk","B",0.999965659340659,0.66102621588062
"5863","Yian","A",0.999928926794598,0.937306428403017
"5864","Yibin","B",0.999965659340659,0.495102116284413
"5865","Yichang","B",0.999965659340659,0.695921213112104
"5866","Yichun","A",0.999928926794598,0.936452465289731
"5867","Yinchuan","A",0.999928926794598,0.896132552967641
"5868","Yingkow","A",0.999928926794598,0.935656932345381
"5869","Yining","A",0.999928926794598,0.937982444774956
"5870","Yirga Alem","D",1,0.512230381390798
"5871","Yishan","D",1,0.904026895080897
"5872","Yishui","A",0.999928926794598,0.927298522454574
"5873","Yitulihe","A",0.999928926794598,0.937498551764277
"5874","Yiyang","B",0.999965659340659,0.901874461444875
"5875","Yogyakarta","D",1,0.920511889182976
"5876","Yokohama","B",0.999965659340659,0.916411988149137
"5877","Yola","C",1,0.904284580788048
"5878","Yomou","D",1,0.927096813717097
"5879","Yongzhou","B",0.999965659340659,0.886915878538984
"5880","York1","B",0.999965659340659,0.922239360922425
"5881","York2","B",0.999965659340659,0.917365045855763
"5882","Yorkton","A",0.999928926794598,0.935188646796552
"5883","Yoshkar Ola","A",0.999928926794598,0.94012042537008
"5884","Young","B",0.999965659340659,0.903028246665318
"5885","Youngstown","B",0.999965659340659,0.893442911970997
"5886","Ypacarai|Ita","D",1,0.914344235005386
"5887","Yuanlin","D",1,0.928576664732785
"5888","Yuba City","C",1,0.908403074203898
"5889","Yuci","A",0.999928926794598,0.919824713204359
"5890","Yueyang","B",0.999965659340659,0.894287347332863
"5891","Yulara","C",1,0.915834208222788
"5892","Yulin1","D",1,0.935293299993845
"5893","Yulin2","A",0.999928926794598,0.908244959924309
"5894","Yuma","C",1,0.912777095510068
"5895","Yunxian","C",1,0.477322431133227
"5896","Yurga","A",0.999928926794598,0.937589600564214
"5897","Yuxi","C",1,0.64816458618477
"5898","Yuzhno Sakhalinsk","A",0.999928926794598,0.883508036922848
"5899","Zabid","C",1,0.905364219402628
"5900","Zabol","C",1,0.916534666837679
"5901","Zacatecas","C",1,0.915414914710263
"5902","Zadar","B",0.999965659340659,0.913292548960813
"5903","Zagreb","B",0.999965659340659,0.918240320018865
"5904","Zahedan","C",1,0.909720160772505
"5905","Zahle","C",1,0.803007527139977
"5906","Zakho","C",1,0.906674483337356
"5907","Zalantun","A",0.999928926794598,0.936403206180651
"5908","Zambezi","C",1,0.902190475024959
"5909","Zamboanga","D",1,0.935975475681827
"5910","Zamora1","C",1,0.910748802407017
"5911","Zamora2","D",1,0.847836020971999
"5912","Zanesville","B",0.999965659340659,0.89214127589854
"5913","Zanjan","A",0.999928926794598,0.802085278951396
"5914","Zanzibar","D",1,0.930849777970677
"5915","Zaozernyy","A",0.999928926794598,0.938865272077157
"5916","Zaozhuang","A",0.999928926794598,0.854174539139002
"5917","Zapala","A",0.999928926794598,0.313510372567523
"5918","Zaporizhzhya","A",0.999928926794598,0.816304615521001
"5919","Zarafshon","C",1,0.58854906924148
"5920","Zaragoza","B",0.999965659340659,0.52782317710457
"5921","Zarate","B",0.999965659340659,0.91794853802541
"5922","Zaraza","D",1,0.835919444954664
"5923","Zaria","C",1,0.893788135673684
"5924","Zarzis","C",1,0.914647118903078
"5925","Zaysan","A",0.999928926794598,0.93652267415568
"5926","Zelenodolsk","A",0.999928926794598,0.938337066518176
"5927","Zelenokumsk","A",0.999928926794598,0.936282909381917
"5928","Zenica","B",0.999965659340659,0.92220087422501
"5929","Zhaltyr","A",0.999928926794598,0.935556322504067
"5930","Zhangjiakou","A",0.999928926794598,0.936140077042078
"5931","Zhangye","A",0.999928926794598,0.900603725252351
"5932","Zhangzhou","D",1,0.903524896726091
"5933","Zhanibek","A",0.999928926794598,0.936936256083092
"5934","Zhanjiang","D",1,0.928336042713853
"5935","Zhanyi","B",0.999965659340659,0.507863665989501
"5936","Zhaodong","A",0.999928926794598,0.938964022988653
"5937","Zhaoqing","D",1,0.918320752122218
"5938","Zhaotang","A",0.999928926794598,0.652075739737641
"5939","Zharkent","A",0.999928926794598,0.891314454148913
"5940","Zheleznogorsk","A",0.999928926794598,0.93820064151436
"5941","Zheleznogorsk Ilimskiy","A",0.999928926794598,0.936784251706356
"5942","Zhengzhou","C",1,0.685418349354787
"5943","Zhenjiang","B",0.999965659340659,0.915939441075107
"5944","Zhetiqara","A",0.999928926794598,0.937459350256348
"5945","Zhijiang","B",0.999965659340659,0.883474549656245
"5946","Zhob","C",1,0.91367796687668
"5947","Zholymbet","A",0.999928926794598,0.938493997785694
"5948","Zhosaly","A",0.999928926794598,0.905524541492135
"5949","Zhoukou","A",0.999928926794598,0.792938831726844
"5950","Zhuanghe","A",0.999928926794598,0.938424698621039
"5951","Zhucheng","A",0.999928926794598,0.938680468142816
"5952","Zhuzhou","B",0.999965659340659,0.878963115966212
"5953","Zhytomyr","A",0.999928926794598,0.938720992195763
"5954","Zibo","A",0.999928926794598,0.920602623736223
"5955","Zicheng","B",0.999965659340659,0.819201480963803
"5956","Zielona Gora","B",0.999965659340659,0.887774370120826
"5957","Zigong","B",0.999965659340659,0.40918042753972
"5958","Ziguinchor","D",1,0.914995328413414
"5959","Zilina","B",0.999965659340659,0.791703021808791
"5960","Zima","A",0.999928926794598,0.935911541386923
"5961","Zinder","C",1,0.912732503457002
"5962","ZÌùrich","B",0.999965659340659,0.914559421070198
"5963","Zixing","B",0.999965659340659,0.804690556235025
"5964","Zlatoust","A",0.999928926794598,0.937341529313409
"5965","Zlin","A",0.999928926794598,0.729067589285904
"5966","Zmeinogorsk","A",0.999928926794598,0.937841379583364
"5967","Zomba","C",1,0.880450832866377
"5968","Zongo","D",1,0.933688844778137
"5969","Zonguldak","B",0.999965659340659,0.91824730656645
"5970","Zouar","C",1,0.915674901859992
"5971","Zouirat","C",1,0.91200857931162
"5972","Zrenjanin","B",0.999965659340659,0.82931566173215
"5973","Zumpango","C",1,0.878023358386329
"5974","Zunyi","B",0.999965659340659,0.92521071165036
"5975","Zuozhou","A",0.999928926794598,0.892334000040212
"5976","Zuwarah","C",1,0.914775941597663
"5977","Zvishavane","C",1,0.920930849865195
"5978","Zvolen","B",0.999965659340659,0.730272984943611
"5979","Zwedru","D",1,0.936849730457831
"5980","Zyryanovsk","A",0.999928926794598,0.936436426966502
