"","City","PC1","PC2"
"1","Aalborg",-0.0481443306083201,-0.10864953866937
"2","Aarhus",0.0150607715571585,-0.151518868493214
"3","Aba",0.381878449081551,-0.464410638644384
"4","Abadan",-3.89233038481545,3.72412285388249
"5","Abaetetuba",-0.0766974021653407,-0.104016020564876
"6","Abai",0.396732486015075,-0.580071832649053
"7","Abakan",-0.551578642048809,0.384484038998982
"8","Abancay",0.424262227555114,-0.604468436832841
"9","Abau",0.464148982427405,-0.648307606672584
"10","Abaza",0.383829931891969,-0.564658887119706
"11","Abbottabad",0.486768465654525,-0.473515577896451
"12","Abeche",0.434185587922071,-0.614395338837822
"13","Abengourou",0.373138407198056,-0.542685712196071
"14","Abeokuta",0.449712313550442,-0.544733379324156
"15","Aberdeen1",-0.268481539472327,0.0926325898850384
"16","Aberdeen2",0.0638263754753321,-0.237110454873034
"17","Aberdeen3",-0.847581293841107,0.691042462638947
"18","Abha",-1.39995401737642,1.22858288086946
"19","Abidjan",-0.277574632334846,0.266661484000187
"20","Abilene",-0.50140316303045,0.353523950726702
"21","Abohar",0.506143239121486,-0.35166488724613
"22","Abomey",0.677725519496651,-0.420438220977933
"23","Abong Mbang",0.459026326025072,-0.642868827226718
"24","Abra Pampa",0.444615632756525,-0.627347212265386
"25","Abu Dhabi",-4.98429363496584,4.83494698675134
"26","Abu Kamal",0.405095836722787,-0.565474781825047
"27","Abuja",-0.33027187106642,0.209484004103138
"28","Acapulco",-0.243953933933912,0.107451408846283
"29","Acarau",0.139265275929534,-0.322481991346996
"30","Acarigua",-0.656072967061772,0.496918601846164
"31","Acatlan",0.38491517216029,-0.567298456196959
"32","Accra",-0.355071584987495,0.403258161387611
"33","Achinsk",-0.700238400234018,0.533665142461677
"34","Acu",-0.106692252135109,-0.0755942472070508
"35","Ad Dakhla",-0.483706141306309,0.304120962592939
"36","Ad Damman",-5.55861258721708,5.48769364931113
"37","Ad Diwaniyah",-0.980039783618768,0.810758136302864
"38","Ad Nabk",0.344376611569947,-0.523374434587743
"39","Adana",-1.4162400511441,1.29329811270621
"40","Adapazari",-0.456083458703581,0.311435095001082
"41","Addis Ababa",0.596777300996611,-0.348381530756272
"42","Adelaide",-0.262550436778855,0.321905212984443
"43","Aden",-0.574553623791045,0.402911585935488
"44","Adi Ugri",0.508670532062589,-0.601428769379752
"45","Adigrat",0.456609149900064,-0.628934687751814
"46","Adiyaman",0.122695645600739,-0.273594411396047
"47","Ado Ekiti",0.730307218677751,-0.355104785399859
"48","Adrar",-0.15992170554914,-0.0145569870931326
"49","Afyon",-0.0180005169308985,-0.145860689676927
"50","Agadez",0.410399430671957,-0.583181096078151
"51","Agadir",-1.00298324954716,0.863206565821937
"52","Agartala",1.1092012249472,0.139193260098777
"53","Agboville",0.36715795760905,-0.541040871150264
"54","Agen",-0.172374328060148,0.00597340442099566
"55","Agordat",0.465502727609708,-0.646951903690514
"56","Agra",0.815137932536751,0.191317343596168
"57","Agri",0.263396290962974,-0.438666767946029
"58","Agrinio",0.108192900887297,-0.281355199329527
"59","Agua Prieta",0.0355127425916927,-0.205225267707783
"60","Aguascalientes",-0.2342379538943,0.102420893891078
"61","Ahar",0.273434575568932,-0.452976578335933
"62","Ahmadabad",1.39260222597585,0.807524094556004
"63","Ahmednagar",0.249940488130612,-0.389989873174247
"64","Ahwaz",-2.28632273711808,2.17349833071806
"65","Aigua",0.413026320225359,-0.596453571397444
"66","Aiken",-0.178161423140726,0.017526755873562
"67","Aiquile",0.440578179592196,-0.623854406583141
"68","Aix-en-Provence",-0.575266824029444,0.412490723413093
"69","Aizawl",0.402635147369462,-0.572744900092564
"70","Ajaccio",-0.149907681538608,-0.0200401887316995
"71","Ajdabiya",-1.73586326438718,1.55733304289093
"72","Ajmer",0.213497545123064,-0.33982108853676
"73","Aketi",0.466651773280829,-0.64580481581916
"74","Akhtubinsk",0.179239495850095,-0.356992068938423
"75","Akita",0.1068055788792,-0.254733279877704
"76","Akola",0.353228836585579,-0.474654975429344
"77","Akron",-0.675634770945276,0.692456902066722
"78","Aksu",0.0783254296625154,-0.243837921710372
"79","Aksum",0.453394248706754,-0.629660382409805
"80","Akureyi",-0.971051019958842,0.790362855695126
"81","Al Ahmadi",-3.70160549411968,3.52207633656627
"82","Al Amarah",-0.981303667498017,0.818448668734418
"83","Al Ayn",-2.522747709803,2.39378158903342
"84","Al Bayda",0.0854881031160237,-0.269690776150029
"85","Al Fallujah",0.263166816328739,-0.438972644104105
"86","Al Fujayrah",-1.89624411411685,1.7222874124784
"87","Al Hasakah",0.410196069187981,-0.582531886011983
"88","Al Hillah",-0.510531249813504,0.36607861034396
"89","Al Hudaydah",-0.0566082635077317,-0.0963662267966409
"90","Al Hufuf",-4.0952194100733,3.9450428779983
"91","Al Jaghbub",-0.116868741120967,-0.0673255460692844
"92","Al Jahra",-3.5366684701588,3.36670759984025
"93","Al Jubayl",-4.30589034420885,4.13456524885377
"94","Al Karak",0.214960080283334,-0.375774068988491
"95","Al Khalil",-0.136922697031452,-0.00872457297097616
"96","Al Kharj",-3.682747298348,3.51716835065547
"97","Al Khums",-0.849328420373432,0.668829312028831
"98","Al Kut",-1.29394954400827,1.12113842081953
"99","Al Ladhiqiyah",0.0946386618651922,-0.230005813071158
"100","Al Marj",-0.706000812686791,0.52709837573646
"101","Al Mubarraz",-3.70126720860755,3.53449716366231
"102","Al Mukalla",-0.453738276082708,0.278972119452819
"103","Al Musayyib",-0.203464486724772,0.0306190521370197
"104","Al Qamishli",0.281532418340183,-0.458250124450746
"105","Al Qunaytirah",0.364266679242281,-0.546365366686327
"106","Al Quwayiyah",-0.632700814281716,0.453102059553664
"107","Al Wajh",-2.11870477048572,1.9370519009378
"108","Al-Qatif",-3.79550658657269,3.63184890737329
"109","Alagoinhas",-0.555507397661846,0.377775105028886
"110","Alajuela",-0.202985439337753,0.0729037759022308
"111","Alamogordo",0.217930286400151,-0.393165551402813
"112","Alapayevsk",-0.012229777502036,-0.163326386390473
"113","Alatyr",0.223553880752528,-0.402020637255444
"114","Alayat Samail",0.0375664763159463,-0.219153252662342
"115","Albacete",-0.167117269072739,-0.00365736985600942
"116","Albany1",-0.561501975324881,0.424657297127435
"117","Albany2",-0.532564040812595,0.452711533823658
"118","Albany3",-0.0711213751916154,-0.0969807517828576
"119","Albany4",0.257674126802477,-0.435447648729363
"120","Albert Lea",-0.0287177555515122,-0.147773706645762
"121","Albuquerque",-0.379638037577513,0.386410598123387
"122","Albury",0.0573734208709993,-0.229387969619866
"123","Aldama",0.360860763677396,-0.543594815035074
"124","Aldan",0.15352607124459,-0.332891214717384
"125","Aleksandrovsk",0.346664950431794,-0.527550380433301
"126","Alekseyevka",0.137474749707573,-0.315538661750966
"127","Aleksin",0.0191539516309209,-0.193355955201474
"128","Aleppo",0.386525238394206,-0.497173192768223
"129","Alexandria1",-0.470000137053888,0.321488173969614
"130","Alexandria2",-1.25655099954605,1.42030805788885
"131","Alexandria3",-1.60739942896975,1.55591465173831
"132","Alexandroupoli",-0.109018499567956,-0.069259067102547
"133","Aleysk",0.283979476536024,-0.461336520169652
"134","Algeciras",-1.80819485697437,1.63797337598867
"135","Algha",0.392567617467231,-0.572971889459876
"136","Algiers",-1.16641528081042,1.44854683489362
"137","Ali Bayramli",0.2089988419639,-0.386952327281328
"138","Ali Sabih",0.442420319764158,-0.624429833248477
"139","Alicante",-1.09730838439806,0.957466718340356
"140","Alice",-0.355368689852613,0.179511560957816
"141","Alice Springs",0.153937262115001,-0.329789379947385
"142","Aligarh",1.7825219189838,0.843622734748435
"143","Alipur Duar",1.38924014022297,0.359724646564959
"144","Aliwal North",0.386593803962989,-0.567820455185794
"145","Allahabad",1.73114603706559,0.822029373961824
"146","Allanmyo",0.414209901657969,-0.593058887706008
"147","Allappey",0.796612738438317,-0.236165364159631
"148","Allende",0.296169879886243,-0.477045532984459
"149","Allentown",-0.469233460772888,0.436667876184685
"150","Alliance",-0.03328395314111,-0.14697857364249
"151","Almaty",-0.508221111774067,0.43976105623589
"152","Almenara",0.235355832318634,-0.416212522283131
"153","Almeria",-1.17772318237659,1.00684242870715
"154","Almetyevsk",-0.406267673625997,0.236324228013368
"155","Almirante",0.416455967451553,-0.599378239515783
"156","Alor Setar",0.0249937042690715,-0.120769781020211
"157","Alotau",0.41608138119459,-0.599008229381346
"158","Alpena",0.0909533291342231,-0.266297338655287
"159","Alpine",0.379224724988719,-0.560169416161144
"160","Alta Gracia",-0.203454425063582,0.0248693063414144
"161","Altagracia de Orituco",0.0371728547752039,-0.216396547296212
"162","Altamira",-0.167118797423845,-0.0151609216622645
"163","Altay",0.19605974416094,-0.377776292767382
"164","Alton",-0.728153647728156,0.579186833439703
"165","Altoona",-0.0328661944294672,-0.124792658966754
"166","Alvorada",0.311065056623625,-0.495226210710676
"167","Alwar",0.572048077580834,-0.230779613565827
"168","Alxa Zuoqi",0.270227991118676,-0.452734448347933
"169","Am Timan",0.465838629835757,-0.646617959264232
"170","Amahai",0.456624279429042,-0.639841518500742
"171","Amapa",0.394348825017006,-0.577564780062864
"172","Amarillo",-0.481111217253208,0.349045788485948
"173","Amasya",-0.0479631182005542,-0.13077381029095
"174","Ambala",0.631221223203227,-0.0804556587374282
"175","Ambanja",0.449812376348653,-0.632453495854152
"176","Ambato",0.241211311626064,-0.381943197971498
"177","Ambatondrazaka",0.458369571705273,-0.639257154431037
"178","Ambon",0.284491702599696,-0.457715913728472
"179","Americana",-0.494754178791546,0.421004319596167
"180","Ames",-0.46737764660343,0.297409863507414
"181","Amherst",0.166142216007087,-0.347096038726804
"182","Amiens",-0.302115760845845,0.143251263559397
"183","Amman",-0.700466520313228,0.715339011386728
"184","Ammochostos",-0.0387072229355114,-0.137276040201834
"185","Amol",-0.146502078336472,-0.00964810747718754
"186","Amos",-0.140967056286678,-0.0397448878130626
"187","Amravati",0.189459793098573,-0.32034782393712
"188","Amritsar",4.22409975192898,3.43978488703072
"189","Amsterdam",-1.23639137637015,1.16160084517751
"190","Amursk",0.0745944357450528,-0.25442078869299
"191","An Najaf",-1.06901163248348,0.931420179460878
"192","An Nasiriyah",-0.859492239316601,0.693858115612162
"193","Anaco",-1.97087667209917,1.80215881423115
"194","Anapolis",-0.240210646174604,0.0951241107315258
"195","Anatuya",-0.0943599710202096,-0.0862435687278865
"196","Anbyon",0.46304079894677,-0.645797354868804
"197","Anchorage",-1.75877123195347,1.6355946447377
"198","Ancona",-0.606873121571276,0.442950002962402
"199","Ancud",0.313434893062329,-0.493917260536736
"200","Anda",-0.0214800895560534,-0.133011445950049
"201","Anderson",-0.212120159863196,0.0600211041643179
"202","Andijon",0.338997970839229,-0.267815105084377
"203","Andkhvoy",0.443482072097622,-0.61286764837762
"204","Andoany",0.445342094038452,-0.626762665524966
"205","Andong",-0.113549096775384,-0.0605640418882243
"206","Andorra",0.178514874758283,-0.354395422675418
"207","Andradina",0.168527095389096,-0.342744858911817
"208","Androka",0.464136965791766,-0.648319623308223
"209","Angangxi",0.368319940380293,-0.546999956253568
"210","Angarsk",-0.455948486818787,0.306212193924494
"211","Angeles",0.554432926678941,-0.252705339049484
"212","Angers",-0.0934988543363275,-0.0432314977986372
"213","Angoche",0.444792350517551,-0.620836557196281
"214","Angol",0.12588655554038,-0.304886642265674
"215","Angren",0.343090563413229,-0.500959192312589
"216","Ankang",0.478324810225591,-0.444104355873617
"217","Ankara",-1.2576813353007,1.26858052201923
"218","Anlu",0.590760198392355,-0.449528312001216
"219","Ann Arbor",-0.58160437701256,0.473578197647735
"220","Annaba",-0.496759415857443,0.354062700740971
"221","Annapolis",-0.61661811210636,0.455140954508863
"222","Annecy",-0.183440065992058,0.0279071800890426
"223","Anqing",0.0294124054380671,-0.166017772407408
"224","Ansan",-1.85836190120712,1.80531246209394
"225","Anshan",0.0091935194228123,0.144518367921631
"226","Anshun",0.461600959034099,-0.397276879657607
"227","Antalaha",0.444233942003773,-0.62627949195376
"228","Antalya",-1.14476399985792,1.03221253473132
"229","Antananarivo",0.53927619694049,-0.467556331836521
"230","Antigonish",0.235519034438871,-0.416459929067131
"231","Antofagasta",-0.0884181680959409,-0.078235436698296
"232","Antsirabe",0.512462146499948,-0.592587559968693
"233","Antsiranana",0.388343218318557,-0.565161880894568
"234","Antsohihy",0.446169952367684,-0.629426029270221
"235","Antwerpen",-0.752763124179507,0.83850349632499
"236","Anuradhapura",0.432558118083908,-0.576451861705124
"237","Anxi",0.349165648698142,-0.529804956686219
"238","Anyang",0.608461635366473,-0.151524667120876
"239","Anzhero Sudzhensk",0.0857364425106076,-0.252405230569804
"240","Aomori",0.0650089473506198,-0.214469640003337
"241","Apalachicola",0.311567609211279,-0.494398610433059
"242","Apatity",-0.93699631986562,0.760738902617814
"243","Apatzingan",0.284277350787363,-0.460748447514135
"244","Apia",0.418388409197681,-0.588563703584147
"245","Apodi",0.132125445619277,-0.316280884192362
"246","Apolo",0.462501271900393,-0.64575646401793
"247","Appleton",-0.666732438438514,0.552634493559704
"248","Apsheronsk",0.383841981890595,-0.55864108287713
"249","Apucarana",-0.00187954843795819,-0.166775746575142
"250","Aqadyr",0.349188489040032,-0.532606015541655
"251","Aqsay",0.0366280350431846,-0.21773213341553
"252","Aqtau",-0.42313420429083,0.240262933273344
"253","Aqtobe",-0.52782810921879,0.362707270765826
"254","Aquidauana",0.0361843012063153,-0.208318099220242
"255","Ar Ramadi",-0.0789605201279241,-0.086626325111539
"256","Ar Raqqah",0.242420724842879,-0.412890728155225
"257","Ar Rutbah",0.362986510833119,-0.544819618946462
"258","Aracaju",-1.15482329693175,1.04506047088614
"259","Aracati",-0.171254894834944,-0.011340220437121
"260","Aracatuba",-0.241856639896712,0.0804773012945637
"261","Aracuai",0.267402851576535,-0.447972088560819
"262","Arad",-0.384892577403828,0.219189801888728
"263","Araguaina",-0.321444461776866,0.142256623262784
"264","Araguari",0.062066870486669,-0.231688641241968
"265","Arak",-0.0231698868066513,-0.137092892966835
"266","Aral",0.132670869280133,-0.312175737924429
"267","Aranyaprathet",0.236103651623056,-0.417223636512717
"268","Arapiraca",-1.06456831501172,0.886889119256638
"269","Arapongas",-0.0763340546851925,-0.092304847861899
"270","Arar",-2.46256087696166,2.28697913681754
"271","Ararangua",-0.0792888253866907,-0.0941894512877938
"272","Ararat",0.380789490034511,-0.561503314011079
"273","Arauca",0.0506333130486974,-0.231372924243305
"274","Araxa",0.186273540361074,-0.359520801899504
"275","Arba Minch",0.449866456471114,-0.623129048865532
"276","Arcata",0.290046299356712,-0.467374137265625
"277","Archangel",-0.67011189535737,0.529011514182306
"278","Arcoverde",0.226899100132997,-0.407030966346051
"279","Arctic Bay",0.334087580180157,-0.518462034636205
"280","Ardabil",-0.07584532645949,-0.0891093401229948
"281","Ardmore",-0.414097723464285,0.239770060398884
"282","Arecibo",0.0402009559627144,-0.19880666142758
"283","Arequipa",-0.053202326327255,-0.0816789479742211
"284","Arezzo",-0.293666667031421,0.123370223447747
"285","Argentia",0.371744357394571,-0.555142635925644
"286","Arica",0.0274112827623576,-0.199693225920193
"287","Arjona",0.196578881626837,-0.376424957996532
"288","Armavir",-0.205333857354442,0.0418048487627763
"289","Armenia",0.0250675025523424,-0.196431700206736
"290","Armidale",0.388623431106314,-0.565515476222621
"291","Arqalyq",0.273211467135502,-0.45082165521842
"292","Arras",-0.506769517622409,0.340641190561695
"293","Arrecife",-0.285823769814458,0.110968748963353
"294","Arroyos y Esteros",0.334699320301064,-0.518597870839099
"295","Arsenyev",0.311069339724313,-0.488305239119484
"296","Artemisa",0.26969898984787,-0.447518412921016
"297","Artemovsk",0.443448151803801,-0.625522966199431
"298","Artemovskiy",0.0760568752255078,-0.254559171931224
"299","Artigas",0.0862147186996608,-0.267973700795616
"300","Arua",0.578329495348843,-0.533130780626352
"301","Arusha",0.370870055505374,-0.544715381160736
"302","Arvayheer",0.447568606760053,-0.62767868487434
"303","Arviat",0.247834594509811,-0.432148696979785
"304","Arxan",0.410885539462511,-0.593423972299349
"305","Arys",0.337423190149938,-0.514453248079813
"306","Arzamas",0.214661761642712,-0.382634244270697
"307","As Salt",-0.224576759656108,0.0472984487274481
"308","As Samawah",-0.385400219282029,0.219982472090783
"309","As Sulaymaniyah",-1.59595153824882,1.42887287593121
"310","As Sulayyil",-0.810608053112117,0.62878410607374
"311","As Suwayda",0.296426769119746,-0.471906104128856
"312","Asahikawa",-0.194064678993283,0.0521171731048222
"313","Asbest",-0.249544498508306,0.0769460010130188
"314","Ascension",0.382199990124781,-0.563977629713
"315","Asela",0.462082204609213,-0.637249366065458
"316","Ash Shatrah",-0.231861159430045,0.0578466923619677
"317","Ash Shihr",-0.221922654931545,0.0413929137328438
"318","Asha",-0.0430683338021057,-0.131799461562985
"319","Ashburton1",0.293046274684275,-0.473358483728219
"320","Ashburton2",0.349093482909219,-0.533402920864509
"321","Asheville",0.0446012195491903,-0.154657830217603
"322","Ashgabat",-3.22280825783083,3.08521705093202
"323","Asino",0.258152669379432,-0.438489824249895
"324","Asmara",0.441842576306874,-0.593382991025212
"325","Asosa",0.439481462216042,-0.620865943730149
"326","Assab",0.452384213041732,-0.632884769445697
"327","Assis",0.068050328504972,-0.229079103633421
"328","Astana",-3.3164516301164,3.17016701761781
"329","Asti",-0.401275614314201,0.225956881653967
"330","Astoria",0.253661881104548,-0.434856209751679
"331","Astrakhan",-0.453105472104954,0.320189995233343
"332","Asuncion",-1.2648502412635,1.31857439301815
"333","Aswan",-1.63317307609664,1.46960746157042
"334","Asyut",-0.267282133629585,0.305889384122508
"335","At Bashy",0.45693537061484,-0.635004315663315
"336","At Taif",-1.60523627866644,1.45143862357594
"337","Atakpame",0.446398255145031,-0.621866497558822
"338","Atamyrat",0.123967755390804,-0.301726970342168
"339","Atar",0.41445755056964,-0.595695282581492
"340","Atasu",0.402879643909886,-0.582142175771658
"341","Atbara",0.342304705079039,-0.515430113435016
"342","Atbasar",0.278514054415935,-0.455958142681521
"343","Athabasca",0.187110966035121,-0.37084841568346
"344","Athens1",-0.282975220923344,0.146999519981475
"345","Athens2",-2.27657210167616,2.27841414618361
"346","Atherton",0.429523459654247,-0.61159692957822
"347","Ati",0.464579423022501,-0.647826889514789
"348","Atikokan",0.288062624310828,-0.4692040083705
"349","Atkarsk",0.303539212159125,-0.483915242790395
"350","Atlanta",-0.38010112865146,1.69154212029091
"351","Atlantic City",-2.08853729324635,1.91477450905056
"352","Atlixco",0.171450117514248,-0.345244858804503
"353","Atoyac",0.309091168006285,-0.490864717548888
"354","Atyrau",-0.805440680564776,0.639640192321677
"355","Auburn",-0.561279883731852,0.406976379478217
"356","Auckland",-0.401302877468778,0.363893361080059
"357","Augsburg",0.0915832937081942,-0.219917268097873
"358","Augusta1",-0.983071511378166,0.916817229714664
"359","Augusta2",0.0139931206539594,-0.189219943029935
"360","Aurangabad1",0.788259732163476,-0.256493816432556
"361","Aurangabad2",0.242345384313513,-0.295354521313526
"362","Aurora1",-0.877571243805704,0.823964704265538
"363","Aurora2",-1.10192074382609,1.41391119844075
"364","Austin",-0.987144244329094,1.08553823518608
"365","Autlan",0.340985881243967,-0.520438957990078
"366","Auxerre",-0.150344343714065,-0.0231148417518058
"367","Avare",-0.228936785145134,0.0600454493160393
"368","Aweil",0.455890097307424,-0.637882023712694
"369","Awka",0.538732036520766,-0.482536604164822
"370","Ayacucho",0.320808979166609,-0.495823487676036
"371","Ayakoz",0.344451948278237,-0.523008429358715
"372","Ayapel",0.336817425741613,-0.518496838420218
"373","Ayaviri",0.439197120068676,-0.622150508149475
"374","Aydin",-0.189565087399217,0.0445863908883031
"375","Ayorou",0.464359730870107,-0.64791791778838
"376","Ayounel el Atrous",0.4621360281362,-0.646002660714875
"377","Ayr1",-0.124112497823525,-0.0503285156725104
"378","Ayr2",0.282073550298933,-0.462996924241001
"379","Ayutthaya",-0.667860126983085,0.507058648937382
"380","Az Aubayr",-3.67638705402731,3.51250687899683
"381","Az Zahran",-5.40918665450556,5.27413281824939
"382","Az Zarqa",-0.603831669614315,0.456244727465569
"383","Az Zawiyah",-1.67858038925981,1.50943598136092
"384","Azare",0.41198386895292,-0.588785278388679
"385","Azogues",0.321020435509396,-0.482988097450584
"386","Azul",-0.713731507258717,0.539338232716127
"387","Babahoyo",0.0764561751823953,-0.25153977588914
"388","Babanusa",0.461003498351215,-0.641172543859446
"389","Babati",0.451716356635286,-0.634622717302492
"390","Babruysk",0.222580963789816,-0.384142153054906
"391","Bac Giang",0.59821143189085,-0.244697153793459
"392","Bac Lieu",0.600335053899099,-0.396896428401205
"393","Bacabal",-0.0698550970127054,-0.11055450662955
"394","Bacau",0.0109836051341566,-0.173132171259537
"395","Bacolod",0.419186757060841,-0.483897506805473
"396","Badajoz",-0.559920304493971,0.392356120503535
"397","Baddeck",0.39611213478417,-0.579705014925116
"398","Badulla",0.534611684373815,-0.559742975518021
"399","Bafang",0.463766467087219,-0.641376144745254
"400","Bafata",0.467208541172964,-0.645248047927025
"401","Bafia",0.446525140988855,-0.628808856821117
"402","Bafoussam",0.623073525741654,-0.483191401709523
"403","Bafra",0.108202337055574,-0.274065932374217
"404","Bagamoyo",0.40006571886253,-0.584221596768645
"405","Bage",0.0793248984245744,-0.246352983705242
"406","Baghdad",-2.419640838883,2.4501674874443
"407","Baghlan",0.471849308280495,-0.613694387199035
"408","Bago",0.374495630856069,-0.539822796180437
"409","Baguio City",0.330621101389966,-0.482635837547583
"410","Bahawalpur",0.900890147185726,-0.11492526270165
"411","Bahia Blanca",-0.913742054913103,0.780323225377052
"412","Bahir Dar",0.441905802419018,-0.607660234640127
"413","Bahraich",1.23503263460651,0.165183141719919
"414","Baia Mare",-0.113089163633141,-0.0584257622897184
"415","Baicheng",0.258688529481261,-0.403941182541553
"416","Baie-Comeau",-0.118283596952152,-0.0622694142407938
"417","Baiquan",0.387644080592771,-0.563610676793657
"418","Bairnsdale",0.308877607405713,-0.487879210770648
"419","Bakal",0.269380834562449,-0.450401493838329
"420","Baker Lake",0.196188798489119,-0.380518589079185
"421","Bakersfield",-0.758500101296109,0.679388898095548
"422","Baku",-1.18852769997532,1.09510621114007
"423","Balakhna",-0.0684274369585918,-0.106104027412202
"424","Balakovo",-0.145420917584546,-0.0229257017118184
"425","Balancan",0.200173721155122,-0.383149025352526
"426","Balashov",0.240325456824575,-0.411448566190518
"427","Balboa",-1.06752911575282,0.888902697682777
"428","Balcarce",-0.386195362653416,0.208433609510457
"429","Baleshwar",0.913370504752199,-0.101170100669675
"430","Balikesir",-0.346816375423422,0.189726935472476
"431","Balikpapan",-0.616467434863593,0.455777398645575
"432","Balkanabat",-0.930071552556251,0.754828699203358
"433","Balkh",0.486392093663988,-0.568959103024936
"434","Ballarat",0.16993767898283,-0.331220217934411
"435","Ballina",0.295023024465669,-0.473166751367495
"436","Balqash",-0.0841621922022098,-0.0946996511268174
"437","Balsas",-0.144377584339369,-0.0348141528721359
"438","Baltasar Brum",0.362059660693709,-0.545986653153877
"439","Balti",0.334341037033506,-0.503973296636533
"440","Baltimore",-1.42967356372747,1.7051486629572
"441","Balykchy",0.428724230903673,-0.604364740062132
"442","Balyqshy",-0.405969742015081,0.226496880103326
"443","Bama",0.466909351923743,-0.645547237176246
"444","Bamako",-0.0271502516638145,-0.0943726064823973
"445","Bambari",0.465863171263477,-0.646593417836512
"446","Bamenda",0.50999907413587,-0.58863962908208
"447","Bamian",0.46406263059627,-0.648271515235284
"448","Banamba",0.464347026513399,-0.647900570850214
"449","Banda Aceh",0.277593999404527,-0.382002308249887
"450","Bandar Lampung",-0.0370456744906767,-0.0972581364190811
"451","Bandar Seri Begawan",-0.925467828370381,0.794008252986447
"452","Bandar-e Bushehr",-0.915464053285906,0.744458268605225
"453","Bandar-e-Abbas",-1.28211623759803,1.11830457577855
"454","Bandjarmasin",0.06898741306713,-0.211278907664048
"455","Bandundu",0.373717792386363,-0.547874869533585
"456","Bandung",1.93389119174886,1.09909642363251
"457","Banes",0.354516948883576,-0.535763887563711
"458","Banff",0.361675330884954,-0.545944435590441
"459","Banfora",0.415118889597615,-0.596508835693804
"460","Bangalore",0.250540305151399,0.60330031155243
"461","Bangassou",0.467737470973378,-0.644719118126611
"462","Banghazi",-3.0201702901739,2.87029202884763
"463","Bangkok",-0.667817220872606,1.34380809674187
"464","Bangor",-0.164582164932155,-0.000216851547209546
"465","Banguela",-0.232446472782722,0.0531749438722244
"466","Bangui",0.415563689970267,-0.562274506003889
"467","Bani Walid",-0.886372669988702,0.709384018633915
"468","Banja Luka",-0.137867899992541,-0.024469287943027
"469","Banjul",0.272509287843972,-0.454539708080105
"470","Bannu",0.510145426058317,-0.508891025365885
"471","Bansang",0.464147150367945,-0.648309438732044
"472","Banska Bystrica",0.169559866344255,-0.34071798857379
"473","Banyuwangi",0.314732972367805,-0.48061158532636
"474","Baoding",1.26842700989426,0.459981698803229
"475","Baoji",0.736290475104767,-0.182408209920017
"476","Baoshan",0.394405186762859,-0.520932998921767
"477","Baotou",-0.0954614572096305,-0.0663009391188219
"478","Baqubah",-0.94647026265284,0.789176615231002
"479","Bar Harbor",0.361839231212087,-0.544730431349367
"480","Barabinsk",0.119722226402801,-0.299701144393772
"481","Barahona",0.0574218249303537,-0.233257425997494
"482","Baramula",0.549552275032241,-0.496304606804588
"483","Baranavichy",0.0561261979947922,-0.226768286628387
"484","Barbacena",0.11799581216377,-0.282882521817437
"485","Barcaldine",0.415832779387398,-0.599149803845442
"486","Barcelona1",-1.57223847434604,1.7237875100136
"487","Barcelona2",-2.09459066094897,1.96065937647127
"488","Barcelos",0.364873371376735,-0.548088723883397
"489","Barddhaman",1.66168222381573,0.760655902781893
"490","Bareilly",1.48708351978359,0.498677785924105
"491","Bari",-1.33202382973592,1.21586460263769
"492","Barinas",-0.477714566486432,0.320172303916106
"493","Barisal",1.25202378804445,0.151247303690665
"494","Barlett",-1.44052680878051,1.36147351651274
"495","Barletta",-0.872606307829702,0.69594112607093
"496","Barnaul",-0.282962116276077,0.144846812792893
"497","Barquisimeto",-0.353638602685913,0.236678157070759
"498","Barra do Bugres",0.236251131060329,-0.41648390119769
"499","Barra do Garcas",-0.176014010418831,0.00148896809564371
"500","Barra Mansa",-0.188081762802193,0.0223180922512297
"501","Barrancabermeja",-0.805559848833197,0.633206782354365
"502","Barranquilla",-1.19139668937632,1.1003829162429
"503","Barras",0.23422119176966,-0.418063893443423
"504","Barreiras",-0.146345392343801,-0.0329176633975491
"505","Barreiros",0.349882401497119,-0.505270112237301
"506","Barretos",-0.0222019460526592,-0.147296923511404
"507","Barrie",-0.719140347990423,0.562591822494542
"508","Barrow",-0.834826939503727,0.65239142106334
"509","Bartica",0.434755687190473,-0.617045367411955
"510","Bartlesville",-0.0956474534635933,-0.083780188269135
"511","Barysaw",0.0959509035376798,-0.261775279571718
"512","Basankusu",0.465872000113019,-0.64658458898697
"513","Basel",-0.0855401650015873,-0.0259572213131267
"514","Basoko",0.464307710697559,-0.64814887840243
"515","Basra",-2.37003120695663,2.23507346998022
"516","Basse-terre",0.252585348167272,-0.436751443099064
"517","Basseterre",0.0785052415545898,-0.260280096924383
"518","Bastia",-0.131352718551091,-0.0378377926445703
"519","Bata",0.0212313448146582,-0.195376947214507
"520","Batangas",0.0244659230127274,-0.17669118446031
"521","Batatais",0.182027824504694,-0.356831115593205
"522","Bataysk",-0.306023219232766,0.137202864019262
"523","Batemans Bay",0.408319439901597,-0.592275749147031
"524","Bath",0.144709119556553,-0.313817818940525
"525","Bathurst1",0.215572818344988,-0.393704365955551
"526","Bathurst2",0.21557281834499,-0.393704365955549
"527","Bati",0.465401386167899,-0.645568413572821
"528","Batman",-0.026478555019654,-0.12595830653253
"529","Batna",-1.02644589364271,0.858092176847944
"530","Baton Rouge",-1.85758768150612,1.83211281994605
"531","Batouri",0.465108007762484,-0.641774446701193
"532","Battambang",0.440585167212504,-0.603703284453262
"533","Batticaloa",0.404875172945598,-0.57042148190436
"534","Battle Creek",-0.209737419378272,0.0555350473878621
"535","Batu Pahat",-0.310846080910562,0.142642980519923
"536","Batumi",-0.370779893209082,0.201374231642744
"537","Baturite",0.308939047071131,-0.492157705224539
"538","Baubau",0.322464770712448,-0.504439318387375
"539","Bauchi",0.318775931918913,-0.474290744217054
"540","Bauru",-0.539416114978779,0.396425277653789
"541","Bavaro",0.153053383722081,-0.337223468223194
"542","Bawku",0.421358113527966,-0.599372531830149
"543","Bay City",-0.104058745813707,-0.0729936187148861
"544","Bayamo",0.0600190264119719,-0.233908760289044
"545","Bayan Obo",0.408817517275269,-0.589058790549952
"546","Baydhabo",0.4621293122689,-0.641596617047467
"547","Bayghanin",0.409321323714689,-0.593163779408125
"548","Baytown",-2.13051039986289,1.9798380265402
"549","Beaufort",0.0636632259182961,-0.231158024891229
"550","Beaufort West",0.181641454296633,-0.361066860870706
"551","Beaumont",-2.14543696930147,2.00470988741079
"552","Beaver Falls",-0.0584081150261168,-0.0694520866335937
"553","Bechar",-0.0127447128333141,-0.147647474318146
"554","Beckley",0.0142792451394292,-0.177123155983871
"555","Beer Sheva",-2.11919176825339,1.95298198011541
"556","Beeville",-0.0828401552304566,-0.0955526463415413
"557","Behbehan",-0.618006568247031,0.443000113683703
"558","Beian",0.351406619870492,-0.515513229875571
"559","Beihai",-0.109377765215712,0.0173469225493183
"560","Beijing",22.0608477030492,21.2622402331144
"561","Beipiao",0.392085336492279,-0.550277696901645
"562","Beira",-0.0017858966975707,-0.150537200213796
"563","Beirut",-0.81496323849937,0.802910402246204
"564","Beitbridge",0.186454535369341,-0.370050639337676
"565","Beja",0.0956646764837663,-0.271311580758743
"566","Bejaia",0.0860958167105855,-0.189840154213127
"567","Bekasi",0.540487638572948,0.502886873371276
"568","Bekiy",0.464709932075213,-0.647746657024776
"569","Belabo",0.440787101361976,-0.624942176237832
"570","Belaya Kalitva",0.215139510317594,-0.389093990535448
"571","Belebey",-0.0333172009145981,-0.146337643936042
"572","Beledweyne",0.462200879298566,-0.645108335795824
"573","Belem",-1.73482351834472,1.62950439710616
"574","Belen",0.26479684437609,-0.447317822239098
"575","Belfast",-0.538901495778037,0.424861059701816
"576","Belgaum",0.290681288385856,-0.38053915170941
"577","Belgorod",-0.902450387732042,0.746812480903356
"578","Belgrade",-1.60482165782752,1.49680779185509
"579","Belize City",-0.244081970676948,0.0655910945689226
"580","Bell Ville",-0.276433116583392,0.096464014282665
"581","Bella Union",0.0759981741877106,-0.258024064605997
"582","Bella Vista",0.177534537009543,-0.356773007506472
"583","Bellary",0.311775102050598,-0.430943515815358
"584","Belleville1",-1.0198525878033,0.899882958029977
"585","Belleville2",-0.120464065967236,-0.0454809529521424
"586","Bellingham",-0.219941417181795,0.0616653860147157
"587","Bello",-0.304866342361901,0.135729029269661
"588","Belmopan",0.197591297694267,-0.378766929753962
"589","Belo Horizonte",-0.807466949179695,0.916839382705502
"590","Belogorsk",0.110146110128442,-0.282279042787308
"591","Bemidji",-0.119362701117811,-0.060631305338588
"592","Ben Gardane",0.267198546941138,-0.441404500606793
"593","Bend",0.168343149107247,-0.326326775293887
"594","Bendigo",0.182279298525012,-0.347852276396461
"595","Benevento",-0.249836190564262,0.0767482109490568
"596","Bengbu",0.632211693631853,-0.173904356710289
"597","Bengkulu",0.328041848348225,-0.487528640346028
"598","Beni",0.502201125540713,-0.606876607162573
"599","Beni Mazar",-0.0706192399224274,-0.0349901605800038
"600","Beni Ounif",0.158945011160741,-0.34208070717734
"601","Beni Suef",-0.831330206300616,0.687182752241881
"602","Benin City",0.0710716989983965,-0.192705116506863
"603","Benoni",-0.771108051040925,0.711638196827676
"604","Bento Goncalves",-0.0413922227347514,-0.126899746065289
"605","Benton Harbor",-0.0318628044562199,-0.123394735042688
"606","Benxi",-0.0608459395106231,-0.0720791709469113
"607","Berber",0.440258934316908,-0.617277728113166
"608","Berbera",0.373907012109011,-0.555602943490923
"609","Berberati",0.469988668289167,-0.640723622379775
"610","Berdyansk",0.250817504144083,-0.427944515507871
"611","Berekum",0.404288423943965,-0.58410003692315
"612","Berezniki",-0.528268038114863,0.363577966184258
"613","Bergamo",-0.530502003715498,0.608280519583282
"614","Bergen",-0.538724177709369,0.387080620616892
"615","Berkeley",-1.0246559705289,0.902935799326459
"616","Berlin",-0.249577694496902,0.439155753406459
"617","Bermejo",0.272624525288146,-0.454199451618313
"618","Bern",0.121944183812627,-0.277800471661965
"619","Berri",0.317864642322304,-0.50103317974692
"620","Bertoua",0.407055725610197,-0.591210650058513
"621","Besalampy",0.464268921186275,-0.648135821994147
"622","Besancon",-0.0820238672228793,-0.0750549133029195
"623","Betanzos",0.452754287220337,-0.636335188498074
"624","Bethal",0.33983732722715,-0.517562555984092
"625","Bethanie",0.457134520903887,-0.640758981216279
"626","Bethel",0.327727422799963,-0.509570640183546
"627","Bethlehem",0.29844008136367,-0.473504500284731
"628","Bezhetsk",0.28247681705305,-0.460880583065242
"629","Beziers",-0.56587731701166,0.394235920743434
"630","Bhagalpur",2.51316833235255,1.51895718972977
"631","Bharatpur",0.759457455541814,-0.00391826603678314
"632","Bhatpara",0.997875751115106,0.345100379823073
"633","Bhavnagar",0.240273125969189,-0.369993941830209
"634","Bhilwara",0.115119728922445,-0.261031747764473
"635","Bhisho",0.287093037626767,-0.437518965030468
"636","Bhiwandi",-0.0268255980845474,-0.0734172970383548
"637","Bhiwani",0.81584791746165,-0.0453083638951124
"638","Bhopal",-0.0753227670730718,0.0144755082849804
"639","Bhubaneshwar",0.741591246143018,-0.0741999243644369
"640","Bhusawal",0.425407039488755,-0.455683746094845
"641","Biak",0.376413803157668,-0.550243394154056
"642","Bialystok",-0.524492003757737,0.370892067456512
"643","Biarritz",-0.26025610475672,0.124459574496134
"644","Bicheno",0.457440858878375,-0.641673350181305
"645","Bida",0.405126692215136,-0.576920320852696
"646","Bidar",0.280987414416824,-0.426697995932284
"647","Biel",0.00781174211219897,-0.183273102856029
"648","Bielefeld",0.192957222646592,-0.321890711195412
"649","Bien Hoa",-0.00200017487802539,0.0867557155767336
"650","Big Spring",0.0422201242411468,-0.215261982150119
"651","Biggar",0.354292581042836,-0.537401319634316
"652","Biharamulo",0.465780195306047,-0.6439949892013
"653","Bijapur",0.161932404599523,-0.329007524008805
"654","Bijar",0.340199172616351,-0.521354433060517
"655","Bikaner",-0.126326947251406,-0.0268309254728557
"656","Bikin",0.255263091408047,-0.433907126944855
"657","Bila Tserkva",0.278748125565001,-0.449372645130018
"658","Bilaspur",0.204496182024997,-0.251516512438575
"659","Bilbao",-1.55566288851796,1.43972822531076
"660","Billings",-0.422068323068531,0.2707792210238
"661","Biloela",0.377143092340419,-0.559896143960339
"662","Biloxi",-1.24450654367702,1.07270570068143
"663","Biltine",0.464424536090233,-0.647981881717534
"664","Binghamton",-0.112295920381248,-0.0219564347050362
"665","Binjai",0.357234448536457,-0.356742122304854
"666","Bintulu",-0.0847843844172857,-0.0837471489652981
"667","Birak",0.0177118629189779,-0.199117899506016
"668","Birao",0.464302874262604,-0.648153714837385
"669","Biratnagar",1.41864631958017,0.364075690782179
"670","Birganj",2.15715531827697,1.09049662781674
"671","Birjand",-0.0641671789918879,-0.107369307203941
"672","Birmingham1",-0.842959206790557,0.927399379541962
"673","Birmingham2",-0.838471309159468,0.962353984717833
"674","Birni Nkonni",0.443069938140175,-0.620846152957872
"675","Birnin Kebbi",0.364221424186913,-0.536764406162415
"676","Birobidzhan",0.138733163698081,-0.301799593273834
"677","Birsk",-0.0694397334759009,-0.108396375502446
"678","Biryusinsk",0.320356954961237,-0.500227251040951
"679","Bishkek",-0.0163764620911295,-0.0785555277535214
"680","Bishop",0.353448214188821,-0.536415431722362
"681","Biskra",-0.761495801221087,0.594311695697073
"682","Bismarck",-0.911243296649928,0.74554119433585
"683","Bissau",0.428310080348178,-0.587038799511673
"684","Bitam",0.45199269552187,-0.631768695185378
"685","Bitola",0.1300367170061,-0.307380774655433
"686","Biu",0.412593151018316,-0.59305978706204
"687","Biysk",0.158599120038973,-0.315612180828959
"688","Bizerte",-0.205556232762522,0.0413633687067265
"689","Blackpool",-0.146792413149987,-0.00339320654434544
"690","Blacksburg",-0.00818705074066307,-0.153482481914849
"691","Blagodarnyy",0.389435167196081,-0.568120244004092
"692","Blagoveshchensk",-1.14667184457532,0.97956024765694
"693","Blantyre",0.992811994194799,-0.0730308506760743
"694","Blenheim",0.255592763982828,-0.433696136054391
"695","Blitar",0.713057343821958,-0.290125761074942
"696","Bloemfontein",-0.18547344965246,0.0393973817603781
"697","Bloemhof",0.407291745559741,-0.58981266120086
"698","Bloomington1",-0.50698577660721,0.348133751309224
"699","Bloomington2",-0.827488650044113,0.67461208436923
"700","Bluefields",0.355431744471544,-0.53775491277525
"701","Blumenau",-0.171546886514081,0.0413692750196963
"702","Bo",0.459273810820557,-0.631341113524864
"703","Boa Vista",-0.774349992221909,0.627702658584481
"704","Boaco",0.422820747257397,-0.605453244385775
"705","Bobo Dioulasso",0.191231286459586,-0.35020492362122
"706","Bocaiuva",0.33327696253242,-0.514450257251669
"707","Bocas del Toro",0.424528592413096,-0.608686582102017
"708","Bodo",-1.0216711129214,0.843804610555137
"709","Boende",0.464777163304782,-0.647679425795207
"710","Bogor",0.300247524908817,0.0514227818214018
"711","Bogoroditsk",0.262017415626401,-0.441634091320175
"712","Bogota",-0.562131447417305,0.569186959402159
"713","Bogotol",0.103478038711186,-0.282148015514751
"714","Bogue",0.460563106921154,-0.643228638713886
"715","Boise",-0.425891008450186,0.337190858113711
"716","Bojnurd",0.112028950143487,-0.280772114041218
"717","Boke",0.459214680935581,-0.642451992823654
"718","Bol",0.464451688212909,-0.64800490088708
"719","Bolama",0.464992166959933,-0.647311942963941
"720","Bolgatanga",0.348176176943893,-0.523724694261475
"721","Boli",0.387150871649787,-0.561944109590845
"722","Bollnas",-0.0483473043536706,-0.127934998615743
"723","Bolobo",0.465245693823056,-0.647210895276933
"724","Bologna",-0.709183494525198,0.606483448547099
"725","Bologoye",0.21597880910076,-0.39456687100432
"726","Bolu",0.175487394777527,-0.335870818329978
"727","Bolzano",-0.110113782093152,-0.0613316299300109
"728","Boma",0.205203505256451,-0.385000170552891
"729","Bondo",0.466492859394449,-0.645963729705541
"730","Bondoukou",0.29424242757382,-0.475609983723404
"731","Bongandanga",0.464307676311425,-0.648148912788564
"732","Bongaree",0.306002124010297,-0.486556856568865
"733","Bongor",0.448961233570063,-0.630963827802338
"734","Bonn",0.0166615572911662,-0.0883539835542137
"735","Boorama",0.460486491951032,-0.635394990900507
"736","Boosaaso",0.307425277754232,-0.490049939188987
"737","Boras",-0.187804911232581,0.0186893974047719
"738","Bordeaux",-0.889416320023908,0.856398178201577
"739","Bordertown",0.414103465904106,-0.597556917323318
"740","Borisoglebsk",0.179173407023722,-0.353397071960942
"741","Borlange",-0.757601057085794,0.590887665195943
"742","Borovichi",-0.108508555401658,-0.0666825511901308
"743","Borzya",0.296604110392506,-0.476042795069347
"744","Bose",-0.0357078946779459,-0.125243498031671
"745","Bosobolo",0.46461908066901,-0.647837508430979
"746","Bossangoa",0.468814953418628,-0.643641635681361
"747","Bossembele",0.464773955850363,-0.647682633249626
"748","Boston",0.17847184692872,1.05762907158974
"749","Botosani",0.106740619693617,-0.281669737783088
"750","Botucatu",-0.118043987643689,-0.0490907413026554
"751","Bouake",0.0338509083855794,-0.188540545277977
"752","Bouar",0.467924137927568,-0.643674767934003
"753","Bougouni",0.402800567225796,-0.583277824263678
"754","Bouira",0.0899135172414021,-0.244263041105028
"755","Boulder",-0.0736358118493397,-0.0881779359593332
"756","Boulder City",-0.085520971911611,-0.0928400431832091
"757","Bourges",-0.368772207623182,0.207052466023939
"758","Bournemouth",-0.0298095470863876,-0.0835248161480537
"759","Boutilimit",0.461278876768915,-0.643654641244476
"760","Bowling Green1",-0.773191915751396,0.612844015439887
"761","Bowling Green2",-0.440460250713923,0.26378777165617
"762","Bozeman",0.138840354602957,-0.312299869831971
"763","Bozoum",0.46601687435977,-0.646439714740219
"764","Bradford",-0.551468865278035,0.508509262275348
"765","Braga",-0.125338007299155,0.215525320375488
"766","Braganca",-0.105802731729261,-0.0720937904064429
"767","Braganca Paulista",-0.320981617682569,0.148931435956174
"768","Brahmapur",0.602618468517174,-0.344516429961134
"769","Brainerd",0.00795407770383569,-0.181545412897098
"770","Brandfort",0.439869180124761,-0.624060737707975
"771","Brandon",-0.414243991754241,0.239744505909993
"772","Brasilia",-1.87937504824985,1.85553622933385
"773","Brasov",-0.246396369391771,0.0857197572205423
"774","Bratislava",-1.30112089641283,1.15787292229092
"775","Bratsk",-0.122387043070496,-0.0571728915525055
"776","Braunschweig",0.0727861057365101,-0.214387713464638
"777","Brazzaville",-0.441618052535351,0.311454395492531
"778","Bredasdorp",0.322394143757197,-0.505825422473261
"779","Bremen",0.0575952746695541,-0.106490624495434
"780","Bremerhaven",-0.220496581958016,0.0605901206704689
"781","Bremerton",-0.0848527323260621,-0.0549685380308599
"782","Brest1",-0.202223700617569,0.0539692685021896
"783","Brest2",-0.225591776185603,0.0589547416980219
"784","Breves",0.0661758037964631,-0.247827537265018
"785","Bria",0.465860526884061,-0.646596062215928
"786","Bridgeport",-0.201923065734275,0.149602141604171
"787","Bridgetown",0.0429471730853854,-0.188684527758634
"788","Brighton",0.0355990747054669,-0.158296278720597
"789","Brikama",0.410060801473841,-0.552963566681788
"790","Brindisi",-0.851198211381288,0.683925936751418
"791","Brisbane",-0.425000866021476,0.512816108054912
"792","Bristol1",-0.151036974088442,-0.0127283715961885
"793","Bristol2",-0.344557536958311,0.239774487314246
"794","Brits",-0.0178276610791789,-0.160133939501989
"795","Brive",-0.0507248852514197,-0.117303999292852
"796","Brno",-0.32127007455025,0.188319603712957
"797","Brochet",0.41462229428967,-0.598921216651893
"798","Brockville",0.057341301066175,-0.232389648930969
"799","Broken Hill",0.232494169569364,-0.406301967287067
"800","Brookings",-0.372926680198797,0.194771103606959
"801","Brooks",0.0600637848299432,-0.239922864121473
"802","Broome",0.124803263034537,-0.307183745404368
"803","Brovary",-1.87083975263726,1.69138843073172
"804","Brownsville",-1.83151425596035,1.68541725643171
"805","Brownsweg",0.433734467586387,-0.616954310186783
"806","Brownwood",0.0772238173711719,-0.251535906297977
"807","Brugge",-0.30565032861613,0.155789101469231
"808","Brumado",-0.0669924713018072,-0.113223969978856
"809","Brunswick",-0.467659549365541,0.304145132859664
"810","Brusque",-0.140589060727005,-0.0237646031352207
"811","Brussels",-0.301492123664502,0.975245771107136
"812","Bryan",-1.30632228139682,1.16157135943635
"813","Bryansk",-0.0474127298090631,-0.0892957412783835
"814","Bua Yai",0.329233351188287,-0.511286587409813
"815","Bucaramanga",-0.0574167307494195,-0.0363502246707384
"816","Buchanan",0.424596353465292,-0.602214134990432
"817","Buchans",0.43429986739114,-0.617936352123361
"818","Bucharest",-1.11848443090335,1.06017627352151
"819","Budapest",-0.60859951212728,0.627800804463882
"820","Budaun",1.14104518918523,0.0768009832657913
"821","Buenaventura",0.132471941850357,-0.302888562376893
"822","Buenos Aires",-3.57326228451576,4.28477869925068
"823","Buffalo",-0.76291302513341,0.852030242596082
"824","Bugt",0.447365282343575,-0.628090396039427
"825","Bugulma",0.0213849881227066,-0.191016822230541
"826","Buguruslan",0.0806361446336518,-0.258740388169548
"827","Buizhou",0.570546953050936,-0.177691166883407
"828","Bujumbura",1.49230755108832,0.384045677954702
"829","Bukachacha",0.463806111578487,-0.647702855167565
"830","Bukama",0.464596282257612,-0.647827150403472
"831","Bukavu",0.489021525978646,-0.604389323733033
"832","Bukittinggi",0.56358956880135,-0.498030745979043
"833","Bukoba",0.470692848574581,-0.615428212598856
"834","Bulaevo",0.326412560572588,-0.509245341551532
"835","Bulandshahr",0.947717177019891,0.1077991999318
"836","Bulawayo",0.407274862550594,-0.499941771390404
"837","Bulungu",0.466178619071908,-0.646277970028081
"838","Bumba",0.466985214488617,-0.645198012226952
"839","Bunbury",0.0543068356285399,-0.231424908601355
"840","Bundaberg",0.166760236371405,-0.336714152322315
"841","Bungoma",0.699420562394717,-0.409566213179801
"842","Bunia",0.443857776990837,-0.617063349350273
"843","Buon Me Thuot",0.338642180004757,-0.464757931133758
"844","Bur Safaga",-0.422138993619192,0.239073163485445
"845","Bur Said",-1.84909894681431,1.67644534363346
"846","Buraydah",-4.55143000603554,4.39901482737202
"847","Burco",0.444622294672148,-0.620753515933276
"848","Burgas",-0.111656265578317,-0.0618999105784168
"849","Burgos",-0.380911616918737,0.213661790500528
"850","Burhanpur",0.393120392353327,-0.542834072728309
"851","Buriram",0.132637111101639,-0.30742286025946
"852","Burley",0.250890476379058,-0.42886197271357
"853","Burlington1",-0.13669953329973,-0.0358573403285692
"854","Burlington2",0.108925279841834,-0.261248740585154
"855","Burnie",0.243120186484246,-0.421179743527821
"856","Burns Lake",0.337410226006588,-0.520585310053695
"857","Bursa",-0.958191193456962,0.8599710286618
"858","Bururi",0.471795205884454,-0.640651906057767
"859","Busan",-1.29240847654,1.2867498044468
"860","Businga",0.465713083384189,-0.6467435057158
"861","Busselton",0.301619592056343,-0.484255574546035
"862","Buta",0.467745595274561,-0.644710993825428
"863","Butare",0.893245705676733,-0.215024812957336
"864","Butembo",0.477794171918426,-0.632220279645285
"865","Butte",0.163440479910455,-0.336084747682288
"866","Butterworth",-0.272306153369812,0.257860799780817
"867","Butuan",0.363788231919447,-0.533103368456917
"868","Buurhakaba",0.464619979653914,-0.647836609446075
"869","Buxoro",0.113455026693991,-0.269616626445019
"870","Buy",0.187608754499301,-0.366458244066945
"871","Buyant-Uhaa",0.425056219369569,-0.606175988322192
"872","Buynaksk",0.07901915099485,-0.257712415040521
"873","Buzau",-0.0286962395171567,-0.142219616269584
"874","Buzmeyin",-0.7393144357324,0.561287424966591
"875","Buzuluk",0.0244175112525401,-0.197621324659455
"876","Bydgoszcz",-0.467258098583477,0.325967520612186
"877","Byron Bay",0.379123675860081,-0.561662389439411
"878","Bytom",-0.52865032330685,0.435890138597575
"879","Byumba",0.7285794706432,-0.37662377106071
"880","Ca Mau",0.449780831928535,-0.527243228315677
"881","Caazapa",0.21731379026295,-0.39981003374783
"882","Caballococha",0.430173250694014,-0.613391259378976
"883","Cabanatuan",0.811799194676601,-0.252156587149562
"884","Cabimas",-1.04714429847597,0.935682709776921
"885","Cabinda",-0.315248391562105,0.139191579187752
"886","Cabo de Santo Agostinho",-0.349099783544517,0.171137458574927
"887","Cabo Frio",-0.286553607131372,0.162765065443112
"888","Cabo San Lucas",-0.458098098634285,0.277964136997638
"889","Caboolture",0.142399835764696,-0.308148163122579
"890","Caborca",-0.290187785487451,0.112739906074306
"891","Cacador",0.267509636534638,-0.441051676794633
"892","Cachoeira do Sul",0.134568110804668,-0.308433698350604
"893","Cachoeiro de Itapemirim",-0.243713318215255,0.0771162499777836
"894","Cacolo",0.463928312643804,-0.648087030181192
"895","Cadillac",0.13228234532551,-0.310883731655536
"896","Cadiz1",0.417798029972889,-0.499844348632352
"897","Cadiz2",0.417798029972899,-0.499844348632342
"898","Caen",-0.394675494060226,0.262335458806032
"899","Cafayate",0.304142016551158,-0.486917989787705
"900","Cagayan de Oro",0.127922204740139,-0.28204763760735
"901","Cagliari",-0.643534904195817,0.500245777069197
"902","Cahul",0.378169159191333,-0.556716003022574
"903","Caibarien",0.328214425064581,-0.509205564924027
"904","Caico",-0.123451645124458,-0.0579053183428245
"905","Cairns",-0.0264904672119892,-0.135798081277663
"906","Cairo",-0.446088788707749,2.05746504348541
"907","Cajabamba",0.449296382578201,-0.63252232157515
"908","Cajamarca",0.34442822964648,-0.512435842004544
"909","Calabar",0.289563170403471,-0.445969579327641
"910","Calabozo",-0.408244879983588,0.237075274880324
"911","Calais1",0.368863614349899,-0.55310835581029
"912","Calais2",-0.839082530639388,0.674691652958655
"913","Calama",0.00370932622420692,-0.178903593676288
"914","Calarasi",0.135189363646395,-0.305657673829707
"915","Calbayog",0.421853433696661,-0.601115186389563
"916","Calbuco",0.377845270483281,-0.561607665566926
"917","Calcutta",10.1038552358592,9.24523379267454
"918","Caldera",0.194277717941669,-0.376788634844455
"919","Caldwell",-0.169232806671054,0.025132615988415
"920","Calgary",-1.67640126333641,1.6422975632331
"921","Cali",-0.902142721489677,0.802954950975292
"922","Callao",-1.57218293528861,1.40561477896652
"923","Caloundra",0.163784602539521,-0.332578287426444
"924","Calucinga",0.464148353390239,-0.64830823570975
"925","Calulo",0.408219455294012,-0.592069733367937
"926","Cam Pha",0.14197350190275,-0.318249313848833
"927","Cam Ranh",0.37997042638762,-0.561373545950502
"928","Camabatela",0.44457803804596,-0.628115455312259
"929","Camacupa",0.439717726346975,-0.622040931605561
"930","Camaguey",0.0389729524507107,-0.19570989587066
"931","Camana",0.390007010345509,-0.564266972087209
"932","Camaqua",0.0158118429607511,-0.192730340748995
"933","Cameta",-0.0627454928770945,-0.121408693258125
"934","Camiri",0.366798445560072,-0.54890976735396
"935","Camocim",0.0865604420949205,-0.268214500889064
"936","Campana",-1.59059838976389,1.41523064626453
"937","Campbell River",0.131573317835585,-0.307526705836114
"938","Campeche",-1.08165147504245,0.909566537569323
"939","Campina Grande",0.0976221750648812,-0.224018709992125
"940","Campinas",-0.801974749065284,0.849558266952622
"941","Campo Belo",0.278750543931497,-0.454724429782711
"942","Campo Grande",-0.870459968541708,0.776141858372451
"943","Campo Maior",0.0686263301156221,-0.250286605017848
"944","Campo Murao",-0.0572002414925987,-0.113517833200415
"945","Campoalegre",0.383424429700926,-0.562577321047534
"946","Campos",-0.688553162594844,0.538443852194112
"947","Camrose",-0.156786453394137,-0.0238830388204632
"948","Can Tho",0.498676181242553,-0.419597139283974
"949","Canakkale",-0.2677176521694,0.0919094530073738
"950","Cananea",0.180934760156734,-0.360286470169808
"951","Canas",0.233198060729489,-0.414278065685963
"952","Canatlan",0.42813856358043,-0.610893332825579
"953","Canberra",-0.0232681776392966,-0.0693732604563337
"954","Cancun",-1.13374030292262,0.976462695013427
"955","Canela",0.0902127436918589,-0.26346194455656
"956","Cangamba",0.46429909617757,-0.648157492922419
"957","Cangzhou",0.594371316997307,-0.158379709621042
"958","Caninde",-0.0302402280403425,-0.151730291041861
"959","Canoas",-1.40273089018619,1.32648665624832
"960","Canoinhas",0.295336478158137,-0.471356598192285
"961","Canton",-0.709271266057389,0.626093015018765
"962","Cap-Haitien",0.457453847219395,-0.602970354541948
"963","Capanema",0.139885163949742,-0.317781976850683
"964","Cape Coast",0.219828716756822,-0.382788280715432
"965","Cape Coral",-0.445207654155864,0.3247580533994
"966","Cape Dorset",0.273677397988681,-0.458006734925509
"967","Cape Girardeau",-0.593029005253175,0.424818913843774
"968","Cape Town",-1.58940386629128,1.60329401604363
"969","Caracarai",0.174617935357764,-0.354393245641232
"970","Caracas",-0.616075311264659,0.567074326082611
"971","Carahue",0.362672847683693,-0.545666894723802
"972","Caratinga",0.230095740451918,-0.407484705305413
"973","Carazinho",0.142504192486767,-0.317298066087527
"974","Carbondale",-0.428380266685072,0.253366581845506
"975","Cardiff",-0.115263509410256,0.0370819850391828
"976","Carhue",0.0604748580630234,-0.242185692572356
"977","Carlisle",0.0725901287134899,-0.241622672023916
"978","Carlsbad",0.00710198289954057,-0.180431874530631
"979","Carmelo",0.123836396085278,-0.305437402859065
"980","Carnot",0.466489214374665,-0.645967374725324
"981","Carora",-0.00440329063346435,-0.169586896805553
"982","Carpina",0.328286279703582,-0.448875321918221
"983","Carson City",0.167902136319732,-0.335539313884551
"984","Cartagena1",-1.35451099646796,1.22331688497863
"985","Cartagena2",-1.21349181135919,1.04695971185336
"986","Cartago1",0.0299325597606597,-0.198053159669688
"987","Cartago2",0.107131799162383,-0.280059288263333
"988","Cartwright",0.422944442108264,-0.606850778486648
"989","Caruaru",-0.265792678205489,0.0940257492469454
"990","Carupano",-0.175769928910751,0.0020715335283198
"991","Casa Grande",-0.200302715422578,0.0279705466947386
"992","Casablanca",-1.1703196623033,1.14557528511847
"993","Cascavel",-0.16961832577328,0.0218368630570129
"994","Caserta",-0.960267563935566,0.903827048072268
"995","Casper",0.0579882545697547,-0.22005893400842
"996","Castanhal",-0.230615451197346,0.0602267463634989
"997","Castello",-1.05134614906221,0.89485447214054
"998","Castries",0.101123326225316,-0.279816848751917
"999","Castro1",0.204696330441203,-0.384286862113118
"1000","Castro2",0.188343904981403,-0.366546434500371
"1001","Catalao",-0.236599166806988,0.0652316262631551
"1002","Catamarca",-0.679577989908952,0.518016539911074
"1003","Catanduva",0.0649271276635743,-0.218109483811817
"1004","Catania",-0.615992821154002,0.517554726751724
"1005","Catanzaro",-0.253705405425985,0.0920106170516079
"1006","Cauquenes",0.27438386714484,-0.454270773983948
"1007","Caxias",-0.0172642362704196,-0.159406974789873
"1008","Caxias do Sul",-0.478046962210784,0.336071000959104
"1009","Caxito",0.221854868539507,-0.405393203768803
"1010","Cayambe",0.354348036358701,-0.534121031519036
"1011","Cayenne",-0.158389310957011,-0.0139172680268982
"1012","Cebu",-0.0543782751823924,-0.0349142903080468
"1013","Cedar City",0.3034398239995,-0.479942056669006
"1014","Cedar Rapids",-0.665795783547384,0.537247245575122
"1015","Ceduna",0.377985668772289,-0.561388515171267
"1016","Celaya",-0.252514624440226,0.0959332908739996
"1017","Celeken",-0.133679243422014,-0.0500587243093793
"1018","Central Coast",0.196931479183772,-0.379825164468182
"1019","Centralia",0.121401139915578,-0.297442258694052
"1020","Ceres",0.272748060562114,-0.452079225150394
"1021","Cerrillos",-0.0687601495254944,-0.113715114921301
"1022","Cerro de Pasco",0.404140096557998,-0.583992249355683
"1023","Ceske Budejovice",-0.151668888009764,-0.0201731540730717
"1024","Chabahar",-0.813215778779564,0.633003079487807
"1025","Chacabuco",-0.20633406164333,0.0267801271978237
"1026","Chachapoyas",0.405630628934001,-0.588230739384196
"1027","Chadron",0.223657539515649,-0.405584130316333
"1028","Chaiyaphum",0.245595456240958,-0.417706006853731
"1029","Chake Chake",0.464342352701923,-0.637589454476649
"1030","Chalkida",0.0014367908505309,-0.170630110371113
"1031","Challapata",0.439464725822932,-0.622152779631879
"1032","Chamical",0.10898087668419,-0.289925454805095
"1033","Champoton",0.0471401309764057,-0.227467320873339
"1034","Chancay",0.321481911560467,-0.502574575368277
"1035","Chandigarh",0.695940932599211,0.167168934774903
"1036","Chandrapur",0.259409281228067,-0.36874872443347
"1037","Changchun",-0.755152465945148,0.830581944178731
"1038","Changde",0.384159688488528,-0.376054938997428
"1039","Changhua",-0.766517707727896,0.718297780935701
"1040","Changling",0.363758456265738,-0.539204790498501
"1041","Changping",-0.253271419170292,0.217903851942128
"1042","Changsha",0.608875083040513,0.168252488310123
"1043","Changting",0.342127455727577,-0.517559787198353
"1044","Changyon",0.464689975814092,-0.64643979435625
"1045","Changzhi",0.386083569435122,-0.226540844786492
"1046","Changzhou",0.0219211325068893,0.489096712570452
"1047","Channel-Port aux Basques",0.25903378221984,-0.442224892086619
"1048","Chanthaburi",0.0968688710513567,-0.26636222534796
"1049","Chaoyang",0.155282109602026,-0.258275541025855
"1050","Chaozhou",0.453368790618957,-0.018864684377699
"1051","Chapadinha",-0.0820028904811068,-0.0999657646764426
"1052","Chapaev",0.416717699299561,-0.599770909922009
"1053","Chapayevsk",0.123185740884614,-0.286939027617613
"1054","Chapleau",0.323200550466772,-0.506609526248113
"1055","Charata",-0.639083713347555,0.457965561853679
"1056","Charikar",0.531144020299715,-0.40001375451005
"1057","Charleroi",-0.405787771870738,0.30915476535158
"1058","Charleston1",-0.606788184170315,0.57371569782651
"1059","Charleston2",-0.363717217787141,0.231048361150611
"1060","Charleville",0.421206302873252,-0.603987052852093
"1061","Charlotte",-0.894914571941771,1.12764511096182
"1062","Charlottesville",-0.0666985580478261,-0.0902726222061899
"1063","Charlottetown",-0.0607590145673079,-0.111725405935907
"1064","Charters Towers",0.336641325953696,-0.517575655822445
"1065","Chascomus",-0.0868519495175958,-0.090710962893257
"1066","Chattanooga",-0.694869432569461,0.627234528449653
"1067","Chau Doc",0.607009197134901,-0.460117543649186
"1068","Chauk",0.40783863819646,-0.583813000299972
"1069","Cheboksary",-0.50851460731215,0.354146439500774
"1070","Chegdomyn",0.361826374708231,-0.546095267260138
"1071","Chelyabinsk",-1.79215491477481,1.71484239773114
"1072","Chemnitz",0.160849875462006,-0.282964598413321
"1073","Chengde",0.212135550195279,-0.364511905093901
"1074","Chengdu",4.7314068873302,3.96409741234188
"1075","Chennai",2.46998994345433,1.73776466088222
"1076","Chenzhou",-0.20545291992619,0.0322836975928594
"1077","Cheongju",-0.466882676843909,0.373029459866396
"1078","Chepes",0.166454739247187,-0.34877571782574
"1079","Cherbourg",-0.295855550549104,0.128545609717641
"1080","Cheremkhovo",0.125579001961161,-0.297549615265988
"1081","Cherepanovo",0.279380965726127,-0.459049309521932
"1082","Cherepovets",-1.33003811315979,1.17296492440336
"1083","Cherkasy",0.205222750677342,-0.362403622739546
"1084","Cherkessk",0.0803569297636902,-0.24360887883781
"1085","Cherlak",0.393490132053321,-0.575184127273913
"1086","Chernihiv",0.328178395937404,-0.487897574216297
"1087","Chernivtsi",0.205284991075554,-0.35010894939942
"1088","Chernogorsk",0.321775302857891,-0.504751267477635
"1089","Chernyakhovsk",0.240190438957414,-0.416982948596915
"1090","Chester",-0.329568918661245,0.162309193955781
"1091","Chesterfield Inlet",0.37263860238207,-0.556963587054309
"1092","Chetumal",-0.21677544505129,0.0421138700269963
"1093","Chevery",0.441003751652458,-0.625069101537621
"1094","Cheyenne",-0.0759550840384726,-0.081489896141923
"1095","Chiai",0.112754102214702,0.0761162570523029
"1096","Chiang Mai",-0.193162573143307,0.0736564861213339
"1097","Chiang Rai",0.162804201085733,-0.329885167735061
"1098","Chibemba",0.464440551083542,-0.648003012275765
"1099","Chibia",0.446590854995093,-0.63015089927711
"1100","Chicago",-1.30265069064567,2.87686055642896
"1101","Chiclayo",-0.464528630678863,0.301036907176957
"1102","Chico",-0.0431688711040904,-0.117588680156013
"1103","Chicoutimi",-0.974073754397353,0.80383411533745
"1104","Chifeng",0.0958184028644423,-0.202497178854899
"1105","Chignik",0.455096845654422,-0.639388459250855
"1106","Chihuahua",-0.568968837756186,0.447026518785677
"1107","Chilca",0.354718853701504,-0.538880065440019
"1108","Childress",0.244317888261899,-0.425674031101644
"1109","Chilecito",0.0345995419542701,-0.216051073199557
"1110","Chililabombwe",0.326997281566644,-0.505041268972282
"1111","Chillan",-0.388298245760386,0.217712400018782
"1112","Chilpancingo",0.167833281517831,-0.34154655977659
"1113","Chimbote",-0.238856698636039,0.0732452010795697
"1114","Chimboy",0.437734503785921,-0.610442918895841
"1115","Chimoio",0.332705769735254,-0.499109702912502
"1116","Chinandega",0.28857635922921,-0.459905463064832
"1117","Chincha Alta",0.0539917544339252,-0.225665355893169
"1118","Chingola",0.274447056838124,-0.442408689809169
"1119","Chinhoyi",0.416577821871861,-0.596858525241154
"1120","Chiniot",0.781289477531945,-0.240485728914189
"1121","Chinsali",0.441586629751553,-0.625745737741976
"1122","Chipata",0.310251371962099,-0.480718978598886
"1123","Chiquinquira",0.383048821337474,-0.564089580267477
"1124","Chirala",0.402829169582632,-0.520715264652023
"1125","Chiramba",0.464081026829654,-0.648248147649582
"1126","Chirchiq",0.226863206493641,-0.382718310038033
"1127","Chiredzi",0.411720808217475,-0.593261978703823
"1128","Chisinau",-0.240318217622858,0.0956047005974194
"1129","Chistopol",0.0849850327122973,-0.262452391632987
"1130","Chita",-0.107080308264434,-0.0552605358488872
"1131","Chitipa",0.466266111287558,-0.646104463357156
"1132","Chitre",0.167567298051683,-0.343664620516212
"1133","Chittagong",1.21425719011806,0.218142606196128
"1134","Chitungwiza",0.342153453035383,-0.512019641084943
"1135","Chivilcoy",-0.839966492635506,0.663748288420458
"1136","Chlef",0.0495334897647771,-0.109866712132113
"1137","Cholpon Ata",0.433725011908006,-0.613791889421693
"1138","Choluteca",0.0783449583813844,-0.253364852869348
"1139","Choma",0.367874416385394,-0.542144931177542
"1140","Chon Buri",-0.592294078844216,0.452309114026377
"1141","Chonchi",0.438041613669514,-0.622276743622663
"1142","Chone",0.198748612348029,-0.378521944531388
"1143","Chongjin",0.456324287616028,-0.611208273707639
"1144","Chongju",0.473863508962542,-0.637264274586199
"1145","Chongqing",13.0134177356151,12.1221465303876
"1146","Chos Malal",0.185159193047566,-0.368376604133778
"1147","Chosan",0.464648023945369,-0.647209781848207
"1148","Chosica",0.209620030738578,-0.393474241199408
"1149","Chota",0.438256654010353,-0.621168868522906
"1150","Choybalsan",0.422223839542854,-0.59742342219825
"1151","Christchurch",-0.488402251984752,0.364900624215912
"1152","Christiansted",0.00686609220718344,-0.176710051033594
"1153","Chukai",-0.124509158411727,-0.0462257664715491
"1154","Chulucanas",0.226268840830683,-0.407930223312102
"1155","Chumbicha",0.291502269465938,-0.474869459466816
"1156","Chumphon",0.173171021839087,-0.345632867046467
"1157","Chuncheon",-0.321044017817667,0.159906038171204
"1158","Chungli",-0.961849583416852,0.988164138054819
"1159","Chuquicamata",0.181779550532711,-0.36392598519281
"1160","Chur",0.318601982505823,-0.498112132968097
"1161","Chusovoy",0.0141596226156079,-0.19331166589612
"1162","Chuxiong",0.218807279152241,-0.374857607096875
"1163","Ciego de Avila",0.0817880392531508,-0.256651960698445
"1164","Cienaga",-0.284692363414943,0.106371769890467
"1165","Cienfuegos",0.0487068880259674,-0.222720392097747
"1166","Cilacap",0.882736286170156,-0.0921707027101401
"1167","Cincinnati",-0.895489597480928,1.16962904018359
"1168","Cirebon",0.69752973019682,-0.20279660244134
"1169","Ciudad Bolivar",-1.46492005131737,1.315470198497
"1170","Ciudad Camargo",0.257813385717771,-0.436722348781909
"1171","Ciudad Constitucion",-0.0571352924282472,-0.121647349441936
"1172","Ciudad Cortes",0.376923231189504,-0.559844095757842
"1173","Ciudad del Carmen",-1.02974815841934,0.853891413166071
"1174","Ciudad del Este",-0.531743229582475,0.356060621526708
"1175","Ciudad Guayana",-1.86516204376446,1.70980672305474
"1176","Ciudad Guzman",0.270730820481357,-0.447526480122559
"1177","Ciudad Hidalgo",0.396107142002174,-0.570246288344171
"1178","Ciudad JuÌÁrez",-1.31424949260619,1.26538509228312
"1179","Ciudad Madero",-2.80417085504431,2.63180048466371
"1180","Ciudad Mante",0.065289109417199,-0.240791706021913
"1181","Ciudad Obregon",-0.52559413883271,0.369522663533546
"1182","Ciudad Valles",0.137999826835567,-0.309094422816723
"1183","Ciudad Victoria",-0.433657863330718,0.273017780305077
"1184","Civitavecchia",-0.699027090220805,0.522734949175089
"1185","Clare",0.438095676046436,-0.620735520579692
"1186","Clarksburg",0.00675897312211265,-0.180266187857929
"1187","Clarksville",-0.331699609980583,0.209098771412673
"1188","Cleburne",-0.167168101724672,-0.00482604870195447
"1189","Clermont-Ferrand",-0.18865242477812,0.0575517502741447
"1190","Cleveland",-0.717713854497512,1.37700841736426
"1191","Cliza",0.376203724642855,-0.554996011861328
"1192","Cloncurry",0.341685849792672,-0.524979924699233
"1193","Clovis",0.0642900624909064,-0.233719367191254
"1194","Cluj-Napoca",-0.342300694280391,0.177258973387832
"1195","Coalcoman",0.421052275270674,-0.604035744014694
"1196","Coari",0.00100761799881054,-0.182665156943023
"1197","Coatzacoalcos",-2.19080791083996,2.03135376657952
"1198","Cobalt",0.358375740090251,-0.541989157271045
"1199","Coban",0.36166672052884,-0.540096015351735
"1200","Cobija",-0.0160815537453573,-0.161931904443248
"1201","Cobram",0.332117353879519,-0.515311266062481
"1202","Coburg",0.295556114140491,-0.463085018047573
"1203","Cochabamba",-0.16041029473802,0.0650417827259837
"1204","Cochin",0.746792525561482,-0.107268984118102
"1205","Cochrane",0.182848616193538,-0.365042688574138
"1206","Cody",0.321913095887346,-0.502562189072842
"1207","Coffeyville",-0.176543038764892,-0.00265286053385291
"1208","Coffs Harbour",0.19549463232303,-0.372370196346119
"1209","Coihaique",0.277195390992201,-0.455266860657266
"1210","Coimbatore",0.32126784355711,-0.194790261305651
"1211","Coimbra",-0.76891100195372,0.605588329467537
"1212","Colac",0.357889077056794,-0.540382482244445
"1213","Colesberg",0.405694713838231,-0.58881184396609
"1214","Colima",-0.222544560657699,0.0561247116189403
"1215","Colinas",0.162078834812676,-0.345923231324125
"1216","Collipulli",0.170997949608449,-0.353480822451745
"1217","Colombo",1.52321672153688,0.575805182209452
"1218","Colon1",-0.42388937151752,0.250233217601669
"1219","Colon2",0.311621132902196,-0.491749618698772
"1220","Colorado Springs",-0.315703519475135,0.268184836083343
"1221","Columbia1",-0.528910006032017,0.40102235504796
"1222","Columbia2",-0.813648745079113,0.830118066655791
"1223","Columbia3",-0.880054478490838,0.858600417467069
"1224","Columbus1",-0.922561329095484,0.831367320329034
"1225","Columbus2",-1.54785301599781,1.70727634576395
"1226","Comallo",0.421537081616231,-0.605291665560157
"1227","Comandante Fontana",0.240696990288042,-0.422895611443947
"1228","Comayagua",0.216730146128329,-0.392705482618637
"1229","Combarbala",0.392317625646405,-0.575978417324215
"1230","Comilla",1.97911096779051,0.969968642606789
"1231","Como",-0.558869078964718,0.652152222505377
"1232","Comodoro Rivadavia",-0.870054351698051,0.727719895227847
"1233","Comondante Luis Piedrabuena",-0.118446336032181,-0.0658177204892814
"1234","Compostela",0.400612369892516,-0.582449549007313
"1235","Conakry",0.32816009364789,-0.445345911918298
"1236","Concepcion del Uruguay",-0.814587628233699,0.637275540466735
"1237","Concepcion1",-0.871684819239958,0.741096761547385
"1238","Concepcion2",-0.27273756750024,0.0946019970209607
"1239","Concord",-0.0342736047539558,-0.13527350091747
"1240","Concordia1",-1.5726784319857,1.40063430960824
"1241","Concordia2",0.24730103456679,-0.425350470673152
"1242","Conselheiro Lafaiete",0.230007994461748,-0.397171016207107
"1243","Constanta",-0.703919539387194,0.537523338437736
"1244","Constantine",-0.445771766727877,0.303836862471557
"1245","Constitucion",0.122429083731182,-0.30279309903178
"1246","Contamana",0.415357445716316,-0.597961789295096
"1247","Conway",-0.611485904318023,0.447337495638814
"1248","Cooma",0.423004925137328,-0.605189321088392
"1249","Coos Bay",0.187398396809703,-0.360192094018528
"1250","Copenhagen",-0.254690787007738,0.281561112279955
"1251","Copiapo",-0.383279660848611,0.20689454743444
"1252","Coquimbo",-0.431230798032984,0.253835862007578
"1253","Coracora",0.453919555364343,-0.636571389007283
"1254","Coral Gables",-2.60434274016609,2.58351527263236
"1255","Coral Springs",-1.77089900825775,1.80256295915515
"1256","Cordoba1",-1.52572641825935,1.47986919731353
"1257","Cordoba2",-0.954214928830617,0.803012422353749
"1258","Cordoba3",0.142404045883743,-0.310564598346059
"1259","Cordova",0.401480381921106,-0.58532550736546
"1260","Cork",-0.363477224156015,0.203546988771828
"1261","Corner Brook",0.125375741378132,-0.301352391548307
"1262","Cornwall",-0.159172792117659,-0.00792985749144744
"1263","Coro",-0.843694968626254,0.677949026879019
"1264","Coronel",-0.538446466565483,0.366286069628783
"1265","Coronel Bogado",0.208186696850192,-0.390140835790436
"1266","Coronel Oviedo",-0.342133515015859,0.165880939133717
"1267","Coronel Suarez",-0.225183436631486,0.0454596417383506
"1268","Corpus Christi",-1.71723772054185,1.58998904871208
"1269","Corrientes",-1.99614343153003,1.83868102137239
"1270","Corum",-0.20868263995957,0.0416704502373512
"1271","Corumba",-0.334015731394085,0.162880921016901
"1272","Corvallis",0.0649233736823721,-0.234356765901686
"1273","Cotabato",0.425345777257452,-0.585903269143317
"1274","Cotonou",0.358894999052753,-0.410870395185358
"1275","Cottbus",0.16882604138046,-0.330441622996536
"1276","Council Bluffs",-1.48660983072121,1.33266579204873
"1277","Courtenay",0.102833409811077,-0.280567082280491
"1278","Coventry",-0.377585456909383,0.254102288221223
"1279","Covilha",-0.118969626547312,-0.0590153211050081
"1280","Covington",-1.03371890937421,1.01659791119169
"1281","Cowell",0.446607702226186,-0.630551648247219
"1282","Cowra",0.370336188800261,-0.551409746283933
"1283","Craig",0.367454170594705,-0.547853988290158
"1284","Craiova",-0.471269912487536,0.30798711813788
"1285","Cranbourne",-0.276683842830853,0.195354016347495
"1286","Cranbrook",0.19253408545269,-0.369220198474346
"1287","Crateus",0.0947528216377922,-0.275167821127355
"1288","Crato",0.0593278260638482,-0.202498460660835
"1289","Crescent City",0.26645189215699,-0.446457787059605
"1290","Crestview",-0.0172691139851334,-0.152624521893871
"1291","Criciuma",-0.484194795930401,0.332495402425671
"1292","Cristalina",0.323319945741751,-0.503587509999257
"1293","Crookston",0.0040417235371423,-0.184271556822641
"1294","Crotone",-0.376458422600814,0.20127086005432
"1295","Cruzeiro do Sul",-0.182491041331532,0.00577997219942766
"1296","Cuamba",0.422429167655389,-0.594480696335787
"1297","Cuauhtemoc",0.260113333793523,-0.433813038651567
"1298","Cubal",0.452989583041651,-0.63593110566597
"1299","Cucuta",-0.567667724994732,0.425676869650609
"1300","Cuddalore",0.576298816546315,-0.229330132377447
"1301","Cuenca",0.000754364403500421,-0.155842547599538
"1302","Cuencame",0.393537849499727,-0.577435552786345
"1303","Cuernavaca",0.0256643174291577,-0.101846331235587
"1304","Cuevo",0.458919226232393,-0.643092427779905
"1305","Cuiaba",-0.803542931774459,0.724355858432195
"1306","Culiacan",-0.867503890983606,0.735712303943012
"1307","Cumana",-1.17701550754112,1.010712926451
"1308","Cumberland",-0.0709997928568132,-0.106440812242803
"1309","Curanilahue",0.332274773631523,-0.51349724653647
"1310","Curepipe",0.218632321786698,-0.376299149470612
"1311","Curico",-0.23364509030263,0.0594801146034465
"1312","Curitiba",-0.566803608037568,0.692505154986259
"1313","Curvelo",0.0923914763354336,-0.269143742809379
"1314","Cusco",0.2759571854337,-0.439719781847132
"1315","Cutral Co",-0.290365766748971,0.116910654661311
"1316","Cuttack",2.08478405679631,1.18855327349052
"1317","Cyangugu",0.585079029519002,-0.521231713445022
"1318","Da Lat",0.123817551012206,-0.280716955296531
"1319","Da Nang",0.205772120229983,-0.270368417687783
"1320","Daan",0.30293954504092,-0.480559713117569
"1321","Dabou",0.3711018966802,-0.549024956964641
"1322","Daegu",-1.0577901277956,1.01446142164782
"1323","Daejeon",-0.970987734747424,0.882724519805325
"1324","Dagupan",0.780306484734141,-0.269230719772953
"1325","Dakar",-0.00831412391736436,-0.0655987605581501
"1326","Dalandzadgad",0.434846860204248,-0.616575564793943
"1327","Dalby",0.364714840708422,-0.545552880049726
"1328","Dalhart",0.290079705231326,-0.471496834769548
"1329","Dali1",0.604362875995069,-0.302414532591612
"1330","Dali2",0.402663199816255,-0.554354655842904
"1331","Dalian",-0.834981016756995,0.809929361097379
"1332","Dallas",-1.78561766479713,2.8217872469822
"1333","Dalnegorsk",0.391776053410068,-0.5737737354212
"1334","Dalnerechensk",0.343262516060208,-0.522907694915202
"1335","Daloa",0.252014777410306,-0.424673846222848
"1336","Dalton",-0.240982327083882,0.0859513558699079
"1337","DamanhÌÈr",-0.50309181134851,0.385604593966165
"1338","Damascus",0.214289998051202,-0.140615485686499
"1339","Dandong",0.183307541868614,-0.31763646717799
"1340","Dangriga",0.282618609341249,-0.466486193222627
"1341","Danjiangkou",0.215583024312644,-0.399785020494608
"1342","Danville",-0.228183316233821,0.0644175418901262
"1343","Daqing",-0.762086930751407,0.701507193004804
"1344","Dar es Salaam",-0.254899779031504,0.147501745942072
"1345","Darnah",-0.618067110987506,0.439412544184781
"1346","Darregueira",0.273127896778841,-0.455852671612832
"1347","Darwin",-0.0843582637199062,-0.0780905417297663
"1348","Dasoguz",-0.48107999516731,0.320530562367072
"1349","Datong",-0.142225572277385,0.0560211327175383
"1350","Daugavpils",-0.00315692005235255,-0.167846266902279
"1351","Dauphin",0.0773579463402014,-0.257669007371643
"1352","Davangere",0.179879136958772,-0.335840120018178
"1353","Davao",0.164386150116938,-0.240774794093122
"1354","Davenport",-0.91051448478848,0.810661295415554
"1355","David",0.0965303252179077,-0.265824777210944
"1356","Dawei",0.457046911440423,-0.631489896764265
"1357","Dawmat al Jandal",-1.64575116803777,1.46564311824823
"1358","Dawson Creek",-0.241130958764377,0.0612845986486351
"1359","Dayr az Azwr",0.301333571357375,-0.468362518600476
"1360","Dayton",-0.874325095895142,0.89646247938269
"1361","Daytona Beach",-0.419294225516393,0.317859287141269
"1362","De Aar",0.340318587386784,-0.520463375031321
"1363","Debre Birhan",0.592258724834011,-0.517332754044228
"1364","Debre Markos",0.460611989042862,-0.635531561044388
"1365","Debrecen",-0.0101685801584491,-0.149181919540561
"1366","Decatur",-0.823084877054135,0.664458622193201
"1367","Deer Lake",0.281977964114151,-0.464177418130359
"1368","Dehibat",0.330073141639002,-0.513740949203826
"1369","Dehra Dun",0.287018038618451,-0.287947733903383
"1370","Del Rio",-0.157476650445732,-0.0157738670364005
"1371","Delano",-0.0928679812067333,-0.0829263134500183
"1372","Delhi",6.77986902158402,6.12228487347505
"1373","Delicias",0.0962897071006357,-0.267201439582691
"1374","Demba",0.465396722042795,-0.647059867057194
"1375","Dembi Dolo",0.462792801557142,-0.645092767911856
"1376","Deming",0.266001726669644,-0.444093440515814
"1377","Dengzhou",1.20592509869323,0.162807100781272
"1378","Deniliquin",0.336401963093348,-0.5190781763896
"1379","Denizli",-0.794277384572125,0.652560693032588
"1380","Denow",0.40828851298338,-0.526817710169995
"1381","Denpasar",-0.0438874704080761,-0.110891084539899
"1382","Denton",-0.890198042401684,0.750429725223839
"1383","Denver",-0.710884156574769,1.01884107243457
"1384","Dera Ghazi Khan",0.669126508926545,-0.355033447187855
"1385","Dera Ismail Khan",0.483575057906422,-0.529975997647707
"1386","Derbent",0.066882314488893,-0.242935230025397
"1387","Derzhavinsk",0.399104227253897,-0.580203765403617
"1388","Des Moines",-1.27295525963692,1.2040408083988
"1389","Desaguadero",0.449703687347854,-0.632669259588829
"1390","Dese",0.466010202770833,-0.628055161037327
"1391","Detroit",-0.887810361149824,1.80025190758744
"1392","Devils Lake",0.0843709496386271,-0.265259462312797
"1393","Devonport",0.221515497500094,-0.399586816819107
"1394","Deyang",1.1832836716504,0.323175810886994
"1395","Dezful",-0.598147078259757,0.442852655998454
"1396","Dezhou",0.946059109181508,0.00508202490736909
"1397","Dhaka",9.56346965258759,8.53057370238323
"1398","Dhamar",0.447097776771919,-0.588532765648185
"1399","Dhanbad",2.05092000888794,1.27607013721682
"1400","Dhule",0.321788333390114,-0.451212675998238
"1401","Diamantina",0.357008703629696,-0.539094905563589
"1402","Dibaya",0.46415033307823,-0.64830625602176
"1403","Dibrugarh",0.300655700697683,-0.461733534353348
"1404","Dickinson",-0.191831847592318,0.0138268061085902
"1405","Dieppe",-0.0746849304619183,-0.0982056136429177
"1406","Diffa",0.44546798564103,-0.626887531821774
"1407","Digby",0.333195162678908,-0.516092571119945
"1408","Dijon",-0.508827457940183,0.358124812850211
"1409","Dila",0.982623578991989,-0.124204363750254
"1410","Dili",0.113582471862767,-0.288144316357407
"1411","Dillingham",0.362590275146111,-0.546406872195593
"1412","Dillon",0.366843808017128,-0.549313351048514
"1413","Dilolo",0.465220392597994,-0.647226125385925
"1414","Dimbokro",0.296729433558842,-0.477465793217264
"1415","Dimitrovgrad",-0.185141938029117,0.0135938095106363
"1416","Dindigul",0.792129155070835,-0.199508766637516
"1417","Dingzhou",1.14314409361024,0.205848340482225
"1418","Diourbel",0.41649885250882,-0.590663531279127
"1419","Dire Dawa",0.403121821090145,-0.572465274804793
"1420","Dirj",0.264977297034835,-0.449172701322685
"1421","DÌùsseldorf",0.00390531922780568,0.516757788411551
"1422","Divinopolis",0.0634283706867702,-0.211996962660363
"1423","Diyarbakir",-0.28646984694448,0.1364846888359
"1424","Djambala",0.393415851423652,-0.575381730093316
"1425","Djanet",0.31730978440667,-0.501491375631398
"1426","Djelfa",-0.637776931383629,0.467267601021618
"1427","Djenne",0.413851628454504,-0.597710523159048
"1428","Djibouti",-0.154559860437731,-0.0145704850811534
"1429","Djougou",0.4256540595167,-0.60456673788718
"1430","Dnipropetrovsk",-0.29616753854002,0.196777708342532
"1431","Doba",0.447280248936785,-0.628652593965332
"1432","Dobrich",0.128668872573204,-0.306290971022863
"1433","Dodge City",0.00111349033029319,-0.176877971455537
"1434","Dodoma",0.390979357703394,-0.555220478933201
"1435","Doha",-7.43050632365879,7.34474846795638
"1436","Dolbeau",-0.05011912745145,-0.128956697661259
"1437","Dolinsk",0.190685419857114,-0.372374878209117
"1438","Dolo Bay",0.463417664674952,-0.642890797370714
"1439","Dolores",-0.0715192276047903,-0.107627387887338
"1440","Dombarovskiy",0.31468026053808,-0.497351311998223
"1441","Dondo1",0.331537481716874,-0.508624015750316
"1442","Dondo2",0.222598666886478,-0.406139796243613
"1443","Donegal",0.349637001926822,-0.532825189493236
"1444","Donetsk",0.0819582206684898,-0.101689986891718
"1445","Dong Hoi",0.430473164811479,-0.572211745432688
"1446","Dongola",0.308839494110109,-0.491826449434211
"1447","Dortmund",0.105744971585413,0.0299558191438868
"1448","Dosso",0.407579161745731,-0.587470274532288
"1449","Dothan",-0.48872558978686,0.337022268543031
"1450","Douala",-0.0647158063676403,-0.0713657956162344
"1451","Douglas1",-0.132047352233106,-0.0443858931345585
"1452","Douglas2",0.327172638127787,-0.508171711414563
"1453","Douglas3",0.0760045573665624,-0.255481053779271
"1454","Douglas4",0.100930722946505,-0.278563252165771
"1455","Dourados",-0.327445318379827,0.167356737271925
"1456","Dover1",-0.535147467378772,0.381908674040329
"1457","Dover2",0.0424941735956684,-0.218053942022327
"1458","Drammen",-0.678546967268807,0.520031228379413
"1459","Dresden",0.155118791850009,-0.204154772340517
"1460","Drobeta-Turnu Severin",-0.237993171532423,0.0620454765433735
"1461","Drogheda",-0.176113578097632,-0.00274883853234353
"1462","Drohobych",0.0411492659597241,-0.206706794369274
"1463","Drummondville",-0.623293533760042,0.456378534825908
"1464","Dryden",-0.0413539171084708,-0.139447401035512
"1465","Dubayy",-4.15768131161227,4.12214024438827
"1466","Dubbo",0.162491308979654,-0.332080406555184
"1467","Dublin1",-0.105477888041342,-0.0646880813925484
"1468","Dublin2",-1.19183410512948,1.13573720316667
"1469","Dubrovnik",-0.20915215805688,0.0316316640264136
"1470","Dubuque",-0.253655319876976,0.0884536043761271
"1471","Dudinka",-2.19814472974258,2.01612820978679
"1472","Duisburg",-0.413788107839093,0.419568359570193
"1473","Duitama",0.268566934942945,-0.446183993701149
"1474","Duluth",-0.336034315513682,0.175732214742055
"1475","Duma",0.283011355183609,-0.414053879390262
"1476","Dumas",0.219865753513469,-0.399746837246168
"1477","Dumfries",0.0922136736952757,-0.268183499408411
"1478","Dumyat",-0.446446507236372,0.349342976037661
"1479","Dund-Us",0.410467004471857,-0.591769657213017
"1480","Dundalk",-0.0749909161032687,-0.101681458776045
"1481","Dundee",-0.20913903048737,0.0463029653373009
"1482","Dundo",0.261530695772247,-0.441031202304135
"1483","Dunedin",0.0804407537725127,-0.246045850164259
"1484","Dunhua",0.255562835466701,-0.423086993142502
"1485","Dunhuang",0.388734418408892,-0.555157646355196
"1486","Duque de Caxias",-3.22443533501168,3.17355681714349
"1487","Durango1",-0.0294231884610857,-0.123249773151474
"1488","Durango2",0.346241881129484,-0.522201343422951
"1489","Durazno",-0.0670927823257929,-0.112389507297081
"1490","Durban",-0.656587526290597,0.674748917403177
"1491","Durham",-0.735030400514293,0.672949237264342
"1492","Durres",-0.371258881295213,0.200029743801019
"1493","Dushanbe",0.245181784981068,-0.277848239485701
"1494","Dyatkovo",0.389486325908461,-0.56739704608388
"1495","Dzaoudzi",0.319222045046174,-0.501551390454723
"1496","Dzerzhinsk",-0.136738411204567,-0.00526342305679886
"1497","Dzhankoy",0.368758635977444,-0.543984930906634
"1498","Dzuunharaa",0.414775714485416,-0.595300383510765
"1499","Eagle",0.464062241629428,-0.648394347470561
"1500","Eagle Pass",-0.388480806710374,0.217817853705711
"1501","East London",-0.0994819779632333,-0.0288435912233679
"1502","Eastmain",0.393417926674668,-0.5774982882064
"1503","Eau Claire",-0.261813700168786,0.105059144761754
"1504","Ebolowa",0.44528131297674,-0.625060179639523
"1505","Echuca",0.261771615658389,-0.441667580582792
"1506","Ed Damazin",0.403451934947424,-0.577191674027638
"1507","Ed Dueim",0.419711834425719,-0.597189802525623
"1508","EdDamer",0.390591406215261,-0.569981106924148
"1509","Edea",0.389104930792411,-0.571073745988488
"1510","Edinburg",-1.17306504178102,1.17068531282956
"1511","Edinburgh",-0.511001699286722,0.390593855245006
"1512","Edirne",-0.420700417966167,0.247049453019848
"1513","Edmonton",-2.86711344251664,2.81281672821775
"1514","Edmundston",0.150587083027368,-0.325237415240368
"1515","Egilsstadir",0.150588833291868,-0.334128996463712
"1516","Eindhoven",-0.527879570137656,0.394925702542769
"1517","Eirunepe",0.416354891923682,-0.596158661873377
"1518","Ekibastuz",-1.31008003853664,1.13479887919076
"1519","El Alamein",-0.566220949690676,0.382832720119313
"1520","El Arish",-0.487572810171711,0.311978090879523
"1521","El Banco",0.259894864042634,-0.438487455157215
"1522","El Bayadh",0.0258979251218398,-0.205919820560308
"1523","El Calafate",-0.426761668040287,0.244509285004423
"1524","El Carmen de Bolivar",0.251756220776966,-0.432520478457356
"1525","El Centro",-0.686537327887784,0.513690825242372
"1526","El Daba",-0.0121075473444829,-0.170206405937697
"1527","El Dorado1",-0.312451744005762,0.13928787721226
"1528","El Dorado2",0.317263124775147,-0.500797495522498
"1529","El Faiyum",-0.654174541473337,0.547437149533588
"1530","El Fasher",0.364740227257364,-0.533076395697361
"1531","El Fuerte",0.207600790854436,-0.390662684613364
"1532","El Giza",-1.90280977147076,1.97736618923078
"1533","El Golea",-0.141593066285038,-0.0385489079979059
"1534","El Jadida",-0.448995386481725,0.280034026703843
"1535","El Kef",0.190169046929899,-0.369306233225211
"1536","El Maiten",0.363107268092764,-0.545703788915661
"1537","El Manaqil",0.443108065809196,-0.616040569442862
"1538","El Mansura",-0.723599400018559,0.633851260438971
"1539","El Manteco",0.354264266178606,-0.537799874038658
"1540","El Minya",-0.348797871397747,0.212077338220207
"1541","El Obeid",0.346846456871484,-0.511190570766652
"1542","El Oued",-1.03245246618659,0.866357979163628
"1543","El Paso",-1.0617295650751,1.12565941442921
"1544","El Suweis",-2.22497656529682,2.06471690129514
"1545","El Tigre",-1.35011082036268,1.19811633857634
"1546","El Tur",-0.41822981462248,0.235422018923201
"1547","Elazig",-0.156323088092239,-0.00996863778788018
"1548","Elbasan",0.167511656724858,-0.341544441073933
"1549","Elblag",-0.409292104721695,0.236468564525815
"1550","Eldama Ravine",0.466226160481189,-0.643495750862832
"1551","Eldorado",0.257407857249238,-0.439588103374474
"1552","Eldoret",0.451603085822772,-0.599146215666485
"1553","Elgin",-0.61123866147041,0.551500759184484
"1554","Elista",0.267686662651439,-0.444099710953004
"1555","Elk",0.0679845417230143,-0.245370463104389
"1556","Elkhart",-0.349493477271936,0.234728024113412
"1557","Elko",0.225873348146072,-0.4020066821419
"1558","Elmira",0.0475756298346099,-0.210326245151325
"1559","Ely1",0.369533825228403,-0.55180800675817
"1560","Ely2",0.335178931178863,-0.517955053689052
"1561","Embi",0.387422106904027,-0.570435907711538
"1562","Embu",0.446717525707567,-0.624926163246457
"1563","Emden",0.0261638282565004,-0.198200234500995
"1564","Emerald",0.304920624441117,-0.483349406918132
"1565","Emmonak",0.419062951745138,-0.603385203811857
"1566","Emporia",-0.0879041310285131,-0.0876896905502351
"1567","En Nuhud",0.458206827908157,-0.636869532940262
"1568","Encarnacion",-1.05031063489488,0.908351775471805
"1569","Ende",0.397598011563611,-0.578353257851284
"1570","Engels",-0.572899069897015,0.406706474380715
"1571","Enid",-0.277953632464169,0.112212608538025
"1572","Ensenada",-0.349773432267279,0.189586695747414
"1573","Entebbe",0.392755512065561,-0.555181041306226
"1574","Enterprise",-0.0909203673412419,-0.0820105296127539
"1575","Enugu",1.17836923359965,0.103553182920551
"1576","Er Rachidia",0.218543497662288,-0.386216806711044
"1577","Erechim",-0.0811737904654941,-0.0891147501233016
"1578","Eregli",0.160496318065553,-0.329994664391163
"1579","Erenhot",0.228907803337367,-0.408589325633146
"1580","Erfurt",0.0073808658115071,-0.16344723277425
"1581","Ergun Zuoqi",0.448533554961721,-0.624225584108354
"1582","Erie",-0.494088078849609,0.358670917984027
"1583","Ertis",0.367930802332809,-0.549193386500762
"1584","Erymentau",0.318114617598739,-0.498859790799997
"1585","Erzincan",0.13631923390481,-0.299496949756422
"1586","Erzurum",-0.0986067197783209,-0.0677585135602171
"1587","Esbjerg",0.158314429090737,-0.325787760279393
"1588","Escanaba",-0.0148024954339616,-0.163508182478627
"1589","Escuinapa",0.0771083046027108,-0.260130259397147
"1590","Escuintla",0.232970598668358,-0.402869748547543
"1591","Eseka",0.445571590718311,-0.628789231687062
"1592","Esik",0.411227191598573,-0.586306082786928
"1593","Esil",0.245809900064936,-0.428332086987089
"1594","Eskisehir",-0.520081948177817,0.366568752500056
"1595","Esmeraldas",-0.338942049059273,0.166677661653829
"1596","Esperance",0.242847814890983,-0.422617215612098
"1597","Esperanza",0.10288421831513,-0.286516659592551
"1598","Espungabera",0.454975913628044,-0.639149115175225
"1599","Esquel",-0.00558865367900814,-0.174496432264555
"1600","Essen",-0.288060904995202,0.320281397610835
"1601","Estancia",0.090316149081578,-0.267106429719103
"1602","Esteli",0.304874547524313,-0.48354634575617
"1603","Etawah",1.26620842528795,0.367993568110115
"1604","Eugene",-0.280406425607336,0.158860487610461
"1605","Eumseong",0.103636705557227,-0.286595399092182
"1606","Eureka",0.199710393237464,-0.371069764717786
"1607","Evanston",-2.78891835630189,2.79762519151806
"1608","Evansville",-0.721158931086377,0.60238267670928
"1609","Everett",-0.588691059379762,0.532545864584258
"1610","Ewo",0.463365852135619,-0.64407805561894
"1611","Exeter",-0.0749075736867282,-0.091384636905497
"1612","Exmouth",0.334741676697785,-0.518336106493402
"1613","Eyl",0.464149843653584,-0.648306745446405
"1614","Eyumojok",0.467756575072031,-0.644127464540796
"1615","Fada",0.46414450617253,-0.648312082927459
"1616","Fairbanks",-2.12584563821544,1.95994414163224
"1617","Faisalabad",1.08133527878218,0.148057065967325
"1618","Faizabad",2.06235621209534,1.03293422613801
"1619","Falfurrias",0.0170484676970975,-0.19900399490534
"1620","Farafangana",0.464717377667434,-0.647739211432555
"1621","Farah",0.46408867147847,-0.636617144688343
"1622","Faranah",0.461169579507037,-0.643170397864487
"1623","Fargo",-1.46484249002941,1.32174990143141
"1624","Fargona",0.385522764694837,-0.373576837296478
"1625","Faribault",-0.11192547562225,-0.0630727149845131
"1626","Farmington",0.0740524333539994,-0.24214262144939
"1627","Faro",-1.03404754427559,0.856860575299373
"1628","Fasa",0.115889788324387,-0.292115512735969
"1629","Fatehpur",1.50231555422074,0.485884814831463
"1630","Fayetteville1",-0.930047148188003,0.858004320448623
"1631","Fayetteville2",-0.340026985990927,0.209390846080207
"1632","Feira de Santana",-0.511125674813661,0.363378669748291
"1633","Felipe Carrillo Puerto",0.135956506318751,-0.317765901575409
"1634","Fengcheng",0.68233764956722,-0.327499030195996
"1635","Fengjie",0.449743714572212,-0.608127500243153
"1636","Fengshan",-1.65663359826701,1.56689616602597
"1637","Fengzhen",0.265291720281326,-0.428924425946531
"1638","Ferkessedougou",0.308463346759004,-0.488608904465373
"1639","Fernandopolis",0.158166848645795,-0.327933184462116
"1640","Ferrara",-0.671228543603206,0.508423911804775
"1641","Ferrenafe",0.261243464592304,-0.44104703974238
"1642","Feyzabad",0.461464399891711,-0.643172628591132
"1643","Fez",-0.690368574158063,0.549393045520929
"1644","Fianarantsoa",0.482169781430309,-0.621710278823466
"1645","Filadelfia",0.171715117301095,-0.352992283058711
"1646","Finnsnes",-0.390321189269103,0.20664016764406
"1647","Firozabad",0.783270502397287,-0.109365981986567
"1648","Flagstaff",0.339390474993848,-0.506391736088004
"1649","Flensburg",0.145444802544667,-0.310977287619111
"1650","Flin Flon",0.0858987827915117,-0.267998103775156
"1651","Flint",-0.532734316605981,0.466595741445898
"1652","Florence1",-0.469715794257122,0.31514648163157
"1653","Florence2",-0.406588343952193,0.241985502802016
"1654","Florence3",-0.837798585553284,0.793495275540597
"1655","Florencia",0.285816091318815,-0.461524409283217
"1656","Flores",0.258194201550538,-0.436067136527467
"1657","Floriano",-0.0232441780125269,-0.155317444396441
"1658","Florianopolis",-1.27812241266331,1.10728524347248
"1659","Focsani",0.0514283197726207,-0.228191059909114
"1660","Foggia",-1.25589294545902,1.08251421595895
"1661","Fond du Lac",-0.450082054643819,0.281987769163435
"1662","Fonte Boa",0.400366072741261,-0.582019272600671
"1663","Forbes",0.363232799809312,-0.545600716638734
"1664","Formiga",0.300796750301405,-0.475866345784128
"1665","Formosa1",-1.70418787574352,1.54224718065165
"1666","Formosa2",0.111695410146287,-0.284695100144252
"1667","Fort Chipewyan",0.352990744988766,-0.535816685493171
"1668","Fort Collins",-0.0413840286424257,-0.0720159072501728
"1669","Fort Good Hope",0.329713453947302,-0.514052897316913
"1670","Fort Lauderdale",-2.16670170308213,2.39609612289139
"1671","Fort McMurray",-0.391529953118489,0.21989352376466
"1672","Fort Pierce",-0.400550021757841,0.318403853272037
"1673","Fort Resolution",0.371641537761724,-0.5556509993359
"1674","Fort Severn",0.40506486432459,-0.589355078294454
"1675","Fort Shevchenko",0.202826540960451,-0.386619488931634
"1676","Fort Simpson",0.368279783375007,-0.552448258362265
"1677","Fort Smith1",-0.486818780029482,0.339268411467831
"1678","Fort Smith2",0.0636512094111253,-0.247327917302489
"1679","Fort St. John",-0.577827103914265,0.401433405137098
"1680","Fort Stockton",0.234385204492219,-0.413731827282622
"1681","Fort Wayne",-0.95318632226438,0.880207433820724
"1682","Fort Yukon",0.369940524362807,-0.553652119567025
"1683","Fort-de-France",-0.45116999239198,0.292158850103047
"1684","Fortaleza",-1.33377218883988,1.34196150053602
"1685","Foshan",-0.470193993836484,0.868334565992897
"1686","Foumban",0.456823700691285,-0.635685349821067
"1687","Foz do Iguacu",-0.901250332330937,0.762282727396769
"1688","Franca",-0.122737809931857,-0.0247451905883255
"1689","Franceville",0.361744866637112,-0.534638022124072
"1690","Francistown",0.285037042102622,-0.454011633570055
"1691","Frankfort",-0.231084286762736,0.0644166142765205
"1692","Frankfurt",-0.117224494622727,0.251283385380167
"1693","Fredericksburg",-0.280441664593338,0.15300660077217
"1694","Fredericton",-0.108248888329772,-0.0637298138105926
"1695","Frederikshavn",0.132399494278445,-0.310575199766737
"1696","Freeport1",-0.863213068387466,0.70592276946812
"1697","Freeport2",-0.170081821452286,0.00807240498593252
"1698","Freetown",0.371678920363222,-0.527971445319063
"1699","Freiburg",0.135299415664028,-0.286661128722231
"1700","Fresnillo",0.178195067038639,-0.349114231345899
"1701","Fresno",-0.837697878849862,0.781152876422145
"1702","Fria",0.456522250932837,-0.635753949709002
"1703","Frias",-0.0569546548149704,-0.123930850535695
"1704","Frolovo",0.30146581496205,-0.477377469427097
"1705","Frontera",0.396193611523737,-0.580066433482057
"1706","Frutal",0.197427635847875,-0.376594081957365
"1707","Ft. Dodge",-0.207569576552235,0.0316903399479332
"1708","Ft. Myers",-1.04067542804231,0.913674769917175
"1709","Ft. Worth",-1.74988242671828,1.97468798498819
"1710","Fuan",0.209548198849219,-0.383679509327385
"1711","Fujin",0.134351373709731,-0.307692671523397
"1712","Fukui",-0.0406619010862947,-0.119158197002225
"1713","Fukuoka",-0.218294109983681,0.264100144083497
"1714","Fukushima",0.156155032077956,-0.302837230825149
"1715","Fulin",0.437520021533861,-0.621713249864399
"1716","Funchal",-0.433848859283801,0.271334300753262
"1717","Funtua",0.453802571705753,-0.58703163786089
"1718","Furth",-0.00489491040178799,-0.14126358631708
"1719","Fushun",-0.424263013778062,0.331099599498829
"1720","Fuxin",0.183512575973979,-0.287538449714026
"1721","Fuyang",1.74821828081752,0.766540567056691
"1722","Fuyu",0.0105276383037407,-0.153460901237773
"1723","Fuzhou",-0.894349555774664,0.798087119424497
"1724","Gaalkacyo",0.44404458839973,-0.624160288893938
"1725","Gabes",-0.0837825330507213,-0.0693875572580157
"1726","Gaborone",-0.0606720431655839,-0.0975695139905854
"1727","Gadsden",-0.350064639325184,0.187477745090106
"1728","Gafsa",0.125457412765693,-0.295146162912077
"1729","Gagnoa",0.330070979484911,-0.499601398572473
"1730","Gainesville",-0.290808042127699,0.169363832386241
"1731","Galati",-0.542860435623084,0.378289541477669
"1732","Galesburg",-0.280698844839456,0.107641766737135
"1733","Galle",0.542343962771775,-0.482774462439614
"1734","Gallup",0.176999790682009,-0.35174478873121
"1735","Galveston",-0.999008149060023,0.827684110599553
"1736","Galway",-0.161519263303397,-0.00917109980509141
"1737","Gamba",0.459875873520053,-0.642467153903849
"1738","Ganca",0.0215058602875187,-0.181152162552268
"1739","Gandajika",0.467724751492785,-0.644731837607204
"1740","Gander",0.274569388587302,-0.456551029073959
"1741","Gandhinagar",0.681322337643404,-0.0750476159387264
"1742","Gangneung",-0.346654401728749,0.177853075938435
"1743","Gangtok",0.401678007998957,-0.576663682813047
"1744","Gannan",0.349084233139289,-0.527424068509137
"1745","Ganzhou",0.265121234206264,-0.290267004209764
"1746","Gao",0.410556472677942,-0.588407768279407
"1747","Garanhuns",0.292229839841686,-0.461852010938293
"1748","Garca",0.10099988036183,-0.276469014582172
"1749","Garden City",-0.112062565309946,-0.0632311570631611
"1750","Gardiz",0.461978688640058,-0.636499511475876
"1751","Garissa",0.386899191240197,-0.564794836995695
"1752","Garoowe",0.414816699922314,-0.598044975188868
"1753","Garoua",0.317788836201,-0.488045963116698
"1754","Gary",-1.39909105412112,1.3955431815785
"1755","Garzon",0.429603133259498,-0.594370080424459
"1756","Gashua",0.459751747511552,-0.641776536632575
"1757","Gaspe",0.0891763977050962,-0.271982728190157
"1758","Gatchina",-0.714253846886682,0.540353993158462
"1759","Gavle",-0.707483157869306,0.553057249886624
"1760","Gawler",-0.226589408381267,0.0765237413494689
"1761","Gay",-0.0436243463895586,-0.137501764328838
"1762","Gaya1",0.435373854912916,-0.617389664777275
"1763","Gaya2",1.24861972603045,0.239869735865234
"1764","Gaza",-0.244978629993831,0.089693474870652
"1765","Gaziantep",-0.903826483911389,0.749971584032084
"1766","Gbadolite",0.430019093238535,-0.611677325267773
"1767","Gbarnga",0.465021920340909,-0.6460715864027
"1768","Gdansk",-1.07588316778003,0.985521852346099
"1769","Gdynia",-0.678342719526121,0.534485285386693
"1770","Gedaref",0.389052431964622,-0.556809133058076
"1771","Geelong",-0.0593896614466139,-0.0936603029040521
"1772","Geita",0.384552373400871,-0.568394166676458
"1773","Gejiu",0.381386046407546,-0.557792751026844
"1774","Gelendzhik",-0.234253532447685,0.0558453350034645
"1775","Gemena",0.470450860963612,-0.638670982132168
"1776","Geneina",0.422440905741197,-0.595943069390172
"1777","General Conesa",-0.0131579037779046,-0.170105553066259
"1778","General Guemes",0.0168970996563355,-0.197658633133259
"1779","General Pico",-0.358250320408271,0.181445865122968
"1780","General Roca",-0.162341844364062,-0.0206584722192252
"1781","General Santos",0.401018895495025,-0.440792195492891
"1782","Geneva",-0.267767338906622,0.148939802716963
"1783","Genoa",-0.686858038947333,0.554796179019761
"1784","Gent",-0.358306014393515,0.312048605646702
"1785","George",0.103062073819563,-0.268764633798431
"1786","George Town2",-0.808682123385336,0.666903309011661
"1787","Georgetown1",-0.0183274778924103,-0.152464889614389
"1788","Georgetown2",0.457218794569297,-0.641090660239735
"1789","Georgievsk",0.335005654235133,-0.508399738499807
"1790","Gera",0.21999402423588,-0.384557487723745
"1791","Geraldton1",0.0544261950380482,-0.230363314281298
"1792","Geraldton2",0.329620991815268,-0.51286445863319
"1793","Ghadamis",-0.0828780338088323,-0.100502545399975
"1794","Ghanzi",0.421028153399002,-0.602873564654913
"1795","Ghardaia",-0.337350680312712,0.162953012978077
"1796","Gharyan",-0.451415082328002,0.269341249930493
"1797","Ghat",0.261794715542984,-0.443986662070028
"1798","Ghaziabad",-0.432855131373853,0.746161847762777
"1799","Ghazni",0.477467184157792,-0.631825641089821
"1800","Gibraltar",-1.55200156260245,1.39139526607671
"1801","Giessen",0.137708299982388,-0.301549986155134
"1802","Gifu",-0.160212922178373,0.201659702339072
"1803","Gijon",-0.968056264230956,0.805280010074852
"1804","Gila Bend",0.25490513114623,-0.437790233498872
"1805","Gilgit",0.429803439654542,-0.606886540768016
"1806","Gillette",-0.0417381271613873,-0.129875876830777
"1807","Gimbi",0.464885432353661,-0.645334917705627
"1808","Gimli",0.229648985349669,-0.412515218207068
"1809","Gingin",0.446266092004894,-0.628855424492864
"1810","Gingoog",0.454649220863923,-0.638806790367804
"1811","Girardot",-0.00375527165648215,-0.160115730193911
"1812","Gisborne",0.237929364318935,-0.414044837361246
"1813","Gitarama",0.732416339953932,-0.372169858123463
"1814","Gitega",0.908557880523471,-0.202851739207399
"1815","Giyon",0.4976676821797,-0.60751351901911
"1816","Gjovik",-0.186748037275947,0.00922354619994324
"1817","Gladstone",-0.285985774567646,0.110409662530872
"1818","Glasgow1",0.231085990159484,-0.414081833606697
"1819","Glasgow2",-0.944023094629384,0.936515042171607
"1820","Glazov",-0.16803353427493,-0.00442441096240517
"1821","Glendale",-1.52629440638234,1.57471145642841
"1822","Glendive",0.261316245871874,-0.441921952791497
"1823","Glenwood Springs",0.375877901239252,-0.55597764786885
"1824","Gliwice",-0.40447895067818,0.30337095313907
"1825","Goba",0.463985869229365,-0.645346447468129
"1826","Gogrial",0.466625992474196,-0.645830596625793
"1827","Goiana",0.345062827194257,-0.468090170487949
"1828","Goianesia",0.153431556650699,-0.330044255478311
"1829","Goiania",-0.45462633367947,0.522814611966449
"1830","Gold Coast",-0.210836942310195,0.109492300540534
"1831","Goldsboro",-0.411162191267546,0.250272831417562
"1832","Golela",0.403187719354202,-0.58598160512231
"1833","Golmud",0.281746308393897,-0.450524469329405
"1834","Golyshmanovo",0.175089293186076,-0.355535934455544
"1835","Goma",0.843064586516027,-0.255150443106774
"1836","Gombe",0.154944965089959,-0.318158377196811
"1837","Gomez Palacio",-0.932728044576116,0.776834946644753
"1838","Gonaives",0.376844721456125,-0.548013900879885
"1839","Gonbad-e Kavus",-0.151004063222672,-0.0174428494234823
"1840","Gonder",0.451776851059048,-0.622491805752608
"1841","Goodland",0.318029164411409,-0.500063150841542
"1842","Goondiwindi",0.346437925859166,-0.52897467056881
"1843","Gorakhpur",4.07049974634607,3.03809430969635
"1844","Gorgan",-0.0447612748575091,-0.106996997148141
"1845","Gorno Altaysk",0.296752834942463,-0.473830228482332
"1846","Gornyak",0.383228693075189,-0.56491601577819
"1847","Goroka",0.439479170770338,-0.617721665410212
"1848","Gorontalo",0.422974665712363,-0.532656452244399
"1849","Gorzow Wielkopolski",-0.120467325542298,-0.046992589098738
"1850","Goteborg",-0.90767320804601,0.835829408578312
"1851","Gottingen",0.257999612069193,-0.419903792760037
"1852","Goulburn",0.268827824999385,-0.446580478248819
"1853","Goulimine",-0.117158059844729,-0.0612678665853217
"1854","Goundam",0.435208410057128,-0.617872351113339
"1855","Goure",0.461245177440262,-0.643888737235816
"1856","Governador Valadares",-0.219316784273794,0.0591650479800868
"1857","Goya",-0.704672639406954,0.528430673910008
"1858","Goycay",0.336318921619326,-0.51720422877158
"1859","Graaff Reinet",0.440952493701434,-0.623295537601975
"1860","Grafton",0.372602381254854,-0.554342709373387
"1861","Grahamstown",0.231738738911029,-0.407277351836191
"1862","Granada1",0.193096400338983,-0.37204915281545
"1863","Granada2",-0.714486036969751,0.571361564228626
"1864","Grand Bassam",0.254574175503617,-0.433742735794196
"1865","Grand Canyon",0.456711473143978,-0.640670019910365
"1866","Grand Forks",-1.05473034757423,0.885687657935938
"1867","Grand Island",-0.384967061599586,0.219762562043419
"1868","Grand Junction",0.124277265574276,-0.269669791137957
"1869","Grand Prairie1",-2.06562568125114,2.08804965806441
"1870","Grand Prairie2",-1.0862199590287,0.913657903955173
"1871","Grand Rapids",-0.386647708446248,0.388214733218279
"1872","Granja",0.0546182315983883,-0.237835208904153
"1873","Grants Pass",0.137105395667797,-0.305072951251545
"1874","Graz",0.0979074956328128,-0.218147252124409
"1875","Great Falls",-0.168110427962354,0.00493766535088373
"1876","Greeley",-0.186859920325061,0.0304279006134289
"1877","Green Bay",-0.889551129987447,0.774285473388779
"1878","Green River",0.342662135103951,-0.523121973688646
"1879","Greeneville",-0.815035423240086,0.660992343346551
"1880","Greenock",-0.0227186247201658,-0.148305495753214
"1881","Greensboro",-0.979845762736296,0.957515211256976
"1882","Greenville1",-0.540747791312444,0.37096988840976
"1883","Greenville2",-0.446985930517302,0.429166673040937
"1884","Greenville3",0.460943385228711,-0.64353971799272
"1885","Grenoble",-0.488249971338105,0.365259392188612
"1886","Griffith",0.181264418524135,-0.362096175790383
"1887","Groningen",-0.0795256805868246,-0.0786709110210701
"1888","Grootfontein",0.408532767820891,-0.589751328209194
"1889","Groznyy",-0.199002156287228,0.0883341242653047
"1890","Grudziadz",-0.15023016338396,-0.0192119465538028
"1891","Gryazi",0.0281938420285894,-0.205359210039065
"1892","Guadalajara1",-0.742191194737004,0.759228932215041
"1893","Guadalajara2",-0.730945025385912,0.553881543300112
"1894","Guaira",0.116631567890043,-0.296231159468975
"1895","Guajara-Miram",0.216616591797929,-0.388782343177235
"1896","Gualeguay",-0.649990494915315,0.469995615692911
"1897","Gualeguaychu",-0.779061245414457,0.602761228177739
"1898","Guamuchil",-0.0905903513501959,-0.0859458963533159
"1899","Guanajuato",0.17733159151931,-0.351264795021544
"1900","Guanambi",-0.0998519760159814,-0.0742929754111092
"1901","Guanare",-0.358979758102733,0.189969534571687
"1902","Guangshui",0.518328123992694,-0.540796986474952
"1903","Guangyuan",0.31915962447495,-0.418212130256203
"1904","Guangzhou",0.849059519030801,1.78266958680987
"1905","Guanhaes",0.362212710107936,-0.543119469177015
"1906","Guantanamo",-0.107849757668361,-0.0704379963230264
"1907","Guaranda",0.380449089486977,-0.5646031622918
"1908","Guarapuava",-0.00815705909575183,-0.159021582053089
"1909","Guaratingueta",0.0213478832736229,-0.150024034018956
"1910","Guasave",0.0784985202886771,-0.241461409923405
"1911","Guasdualito",0.182349609585801,-0.359985524021653
"1912","Guatemala",-0.265565479589668,0.235365318864654
"1913","Guaxupe",0.233283246876422,-0.406359615403229
"1914","Guayaquil",-2.2427011334686,2.14141503228013
"1915","Guaynas",-0.330444942930763,0.153465330893349
"1916","Gubakha",0.0870466334344289,-0.269553089732337
"1917","Gubkin",0.40097739385228,-0.585246923334529
"1918","Guide",0.441579436543384,-0.624012620098011
"1919","Guider",0.4621565589774,-0.631514479399374
"1920","Guiglo",0.411177469793305,-0.591602100695368
"1921","Guilin",0.178642046177333,-0.221587466288183
"1922","Guines",0.280902936468019,-0.462191077055179
"1923","Guiyang",-0.060217859560471,4.76327157459752e-05
"1924","Gujranwala",1.21398039873946,0.242739530459752
"1925","Gujrat",1.07053658770632,0.0599129328184091
"1926","Gulbarga",0.00790455699680641,-0.151102384813489
"1927","Gulfport",-0.790001509343296,0.646491820131278
"1928","Guliston",0.231520680291157,-0.3994747366276
"1929","Gulu",0.471604265852915,-0.632315729665419
"1930","Gunnedah",0.391972836424641,-0.572939747319532
"1931","Gunnison",0.382396040135314,-0.564156702388801
"1932","Gunsan",-0.508081861541767,0.352873784365005
"1933","Guntur",0.597132258437888,-0.310715059618537
"1934","Gurgaon",0.518821031852869,0.555878052339594
"1935","Gurupi",0.0123774011889087,-0.188873608276116
"1936","Guryevsk",0.220434718662487,-0.396977696257127
"1937","Gusau",0.28614015373926,-0.44857031662985
"1938","Gusinoozyorsk",0.29342405968874,-0.474142311253179
"1939","Guwahati",0.333962363911683,-0.359512059701818
"1940","Guymon",0.234399999654428,-0.414580408768959
"1941","Gwadar",0.378311276408862,-0.561926117367684
"1942","Gwalior",-0.014630710503703,-0.0676947316416143
"1943","Gwanda",0.446729556700568,-0.630318175210737
"1944","Gwangju",-0.761482426452494,0.688040956954076
"1945","Gweru",0.415571028069792,-0.582307888144095
"1946","Gyeongju",-0.159137741121705,-0.0118247383125838
"1947","Gympie",0.321548426775194,-0.500103125803223
"1948","Gyor",-0.326251149734809,0.159397281504278
"1949","Gyumri",0.429935883017019,-0.601297727441903
"1950","Gyzlarbat",-0.0297793900557753,-0.149796259402649
"1951","Ha Giang",0.437301416959637,-0.618011135389644
"1952","Ha Tinh",0.379007129295548,-0.534925362373699
"1953","Haarlem",-0.603524632136032,0.465045649004543
"1954","Hachinohe",-0.18843408451916,0.0274117221082786
"1955","Hachioji",-0.763985110402438,0.891495186250194
"1956","Hadiboh",0.44635589682503,-0.629906202068532
"1957","Haeju",0.465355377605782,-0.633224389487293
"1958","Hafar al Batin",-3.85759762339988,3.69024553038297
"1959","Hagere Hiywet",0.466194053040652,-0.631491309710789
"1960","Hagerstown",-0.484726778865518,0.330545669260118
"1961","Haifa",-2.14819061074491,2.01441196911115
"1962","Haikou",-0.45125241369563,0.351013880617427
"1963","Hail",-3.36056498426506,3.20058952215245
"1964","Hailar",0.213351390262307,-0.378664084446686
"1965","Hailun",0.368452009845997,-0.539494199503996
"1966","Haiphong",1.08262246477177,0.188131461541335
"1967","Hajjah",0.510201025419495,-0.593319215579415
"1968","Hakkari",0.298072407497756,-0.479299290732088
"1969","Hakodate",-0.0861627308515061,-0.0654498737478136
"1970","Halacho",0.344137391265965,-0.526842476099393
"1971","Haldia",0.796391373298655,-0.101876334079779
"1972","Halifax",-0.481073089883179,0.348582134668824
"1973","Halmstad",-0.296651727216467,0.133011462893229
"1974","Hamadan",-0.0989518494958743,-0.0620311931422203
"1975","Hamah",0.140801732066065,-0.285680059781913
"1976","Hamamatsu",0.0778086250897654,-0.0611015312895227
"1977","Hamburg",-0.183496769502199,0.285467437264025
"1978","Hamhung",0.466733339334758,-0.624231791519214
"1979","Hami",0.0241321282615508,-0.193589157145503
"1980","Hamilton2",-1.31822615698565,1.31140772034492
"1981","Hamilton3",-0.102882870610226,-0.0594616244185445
"1982","Hamilton4",0.369788678949891,-0.550773532961416
"1983","Hammerfest",-0.566255040765748,0.384931927012062
"1984","Hampton",-0.932912712741362,0.869855891352537
"1985","Hancheng",0.301411693721682,-0.445181169896347
"1986","Hancock",0.0915021385015129,-0.271465328661904
"1987","Handan",3.53088167595692,2.67039292978806
"1988","Hanggin Houqi",0.416051587418196,-0.59076610993954
"1989","Hangu",-0.0832054462862944,-0.0469743751037709
"1990","Hangzhou",0.593977048886268,0.61780662714519
"1991","Hania",0.0437033198019211,-0.209746642332658
"1992","Hannover",-0.13731845741955,0.0570451454338765
"1993","Hanoi",2.88888441382355,2.07255952453286
"1994","Hanzhong",0.57018837590873,-0.306809241255429
"1995","Haora",0.236132739774747,0.348010115289998
"1996","Happy Valley",0.0134332221256037,-0.196579728830725
"1997","Hapur",0.510920740648428,-0.279227815832165
"1998","Harar",0.451434414235022,-0.617985702997497
"1999","Harare",0.260120711523925,-0.325282983197613
"2000","Harbin",-0.252150643963873,0.437100599419846
"2001","Hardin",0.286118820627624,-0.469046178711086
"2002","Hargeysa",0.373649056973713,-0.543607204283666
"2003","Harlingen",-0.655672401723464,0.511186089256926
"2004","Harper",0.462473828824473,-0.645692554252052
"2005","Harrisburg",-0.536195746703394,0.417499399087766
"2006","Harrisonburg",-0.268047942340529,0.0966389515672454
"2007","Harstad",-0.291050637961013,0.114831326736233
"2008","Hartford",-0.438257275159468,0.461569306574898
"2009","Hassi Messaoud",-12.2413414158249,12.0614171832942
"2010","Hastings",0.061836868295932,-0.238307800480499
"2011","Hat Yai",-0.160332584208074,0.0256973988371276
"2012","Hatay",-0.0658707841794274,-0.0550385033436672
"2013","Hathras",0.626265055866449,-0.280321682541735
"2014","Hattiesburg",-0.800019550280486,0.635942638469391
"2015","Haugesund",-0.437045894779944,0.259816262770822
"2016","Havana",-0.33484844889326,0.283084352896943
"2017","Havre",0.174303255466177,-0.354804193272665
"2018","Hays",0.0212028208814083,-0.198812815328562
"2019","Hearst",-0.0535866780828509,-0.129247958819526
"2020","Hebi",0.678261913151636,-0.0327672694870554
"2021","Hechi",0.916316770959232,-0.0783724347119226
"2022","Hefei",-0.534033058310947,0.629422152722142
"2023","Hegang",0.335796555889515,-0.477938870717795
"2024","Heidelberg",0.0783586210781562,-0.188573313489898
"2025","Heihe",0.0824477605614389,-0.266511021638515
"2026","Helena",0.0935985023883167,-0.264641654608745
"2027","Helong",0.372411472419227,-0.544814671048086
"2028","Helsingborg",-0.664670241474041,0.50524528102325
"2029","Helsinki",-2.33726860371725,2.34053319987377
"2030","Hengshui",0.734986112357238,-0.180665125462489
"2031","Hengyang",0.537319700667958,-0.378492438336362
"2032","Herat",0.39235545972325,-0.518168201590253
"2033","Hereford",0.204947074616517,-0.382963584914343
"2034","Hermanus",0.158377960660596,-0.339474683195034
"2035","Hermosillo",-1.40707048374041,1.26265444871156
"2036","Hervey Bay",0.189661664874056,-0.370441266386407
"2037","Hetauda",0.468673515021942,-0.584617020499244
"2038","Heyuan",0.150758086053837,-0.272303804951615
"2039","Heze",1.44296037408576,0.516044915965984
"2040","Hickory",-0.218559048798855,0.0866615576538504
"2041","Hidalgo del Parral",0.295284319607634,-0.467721860023177
"2042","Hilo",0.367551981834401,-0.533430557698993
"2043","Hims",0.0882167505795118,-0.230319060080973
"2044","Hindupur",0.396761536591834,-0.556598129788094
"2045","Hinthada",0.431903474793511,-0.599352731590485
"2046","Hinton",0.145153379796228,-0.32454000992107
"2047","Hios",0.266545464643434,-0.442381144419522
"2048","Hirosaki",0.168328024716189,-0.327946968617742
"2049","Hiroshima",-0.0741030698590199,-0.0139097632226454
"2050","Hisar",0.296977905685644,-0.319252332896222
"2051","Ho",0.233097715647794,-0.409792074909685
"2052","Ho Chi Minh City",0.0891511358674298,0.510264755851428
"2053","Hoa Binh",0.237732035522436,-0.416632451069399
"2054","Hobart",0.0580991437988565,-0.218564324921947
"2055","Hobbs",-0.14671260216514,-0.0269173718630467
"2056","Hof",0.323354609633904,-0.492912591805157
"2057","Hohhot",-0.388229329048866,0.299258279635223
"2058","Hokitika",0.390314729766025,-0.573856298179349
"2059","Holguin",-0.0115097781322622,-0.154212834933357
"2060","Homer",0.290550170160478,-0.473260090771871
"2061","Homestead",-1.2426632662194,1.08566338290635
"2062","Homyel",-0.131353533319325,-0.0152079847031896
"2063","Hon Quan",0.371553273718771,-0.552340366131111
"2064","Honda",0.3433625371255,-0.521596107644516
"2065","Hong Gai",0.0402043793330255,-0.215011583249041
"2066","Hong Kong",1.29890950490216,2.41938550729807
"2067","Honiara",0.371612970300094,-0.549594878466323
"2068","Honolulu",-0.366002165565159,0.28868016348431
"2069","Hoonah",0.41988080541127,-0.604013860894216
"2070","Hooper Bay",0.439966100158129,-0.624282287523964
"2071","Hopedale",0.379619935139711,-0.563549605963813
"2072","Hopkinsville",-0.2182031498892,0.0503413281480949
"2073","Horlivka",0.318957514130127,-0.438194288789682
"2074","Horqueta",0.115249507355342,-0.297125148022071
"2075","Horsham",0.279867844777894,-0.460049757951769
"2076","Hosaina",1.20730279779768,0.0962468826074945
"2077","Hoshiarpur",0.519057511585141,-0.405951790691496
"2078","Hoskins",0.463928313123564,-0.647772102076109
"2079","Hospet",0.222105554616198,-0.386328725853817
"2080","Hot Springs",-0.294052428996867,0.131865114988025
"2081","Hotan",0.300078900106957,-0.444203416434345
"2082","Houlton",0.262207247571878,-0.444053436623617
"2083","Houma1",-1.162858798873,1.00105080038173
"2084","Houma2",0.480470763107732,-0.47075352769247
"2085","Houston",-2.47413392117344,3.40290259676127
"2086","Hrodna",-0.130878722061077,-0.0328310232545421
"2087","Hsinchu",-0.34004248958554,0.324647802155102
"2088","Hua Hin",-0.185314808198582,0.00543186947770936
"2089","Huacho",-0.0854488491334645,-0.0930930590853307
"2090","Huaibei",1.56561953591892,0.683648191684703
"2091","Huainan",9.93573930148194,9.05082340490966
"2092","Huaiyin",3.93494523593876,3.07884041770039
"2093","Huajuapan de Leon",0.37078424477147,-0.54093293633747
"2094","Hualien",-0.207351601403364,0.0549767831411388
"2095","Huamachuco",0.451055952395727,-0.62653000611007
"2096","Huambo",0.2506270457316,-0.417076437198676
"2097","Huancavelica",0.435688336443966,-0.617406903558357
"2098","Huancayo",0.256563830829785,-0.428782823369433
"2099","Huangshi",1.01541085099231,0.102405110717182
"2100","Huangyan",-0.26330693013778,0.105285995467678
"2101","Huanren",0.200263472825045,-0.37408653799094
"2102","Huanta",0.42302935051546,-0.604749547727778
"2103","Huanuco",0.34975930535678,-0.52405019359495
"2104","Huaraz",0.380571683928933,-0.558246700917996
"2105","Huarmey",0.279226578441362,-0.46276875751151
"2106","Huasco",0.300838645478675,-0.483925863163573
"2107","Huatabampo",0.0298918666570232,-0.211838726520282
"2108","Huaura",0.099733558517835,-0.282971403702855
"2109","Hubli",0.278848482850975,-0.396883408083461
"2110","Hudson Bay",0.329298279322858,-0.511477281364539
"2111","Hue",0.490362220326995,-0.474341555838419
"2112","Huehuetenango",0.38355030858238,-0.555330343961431
"2113","Huelva",-1.54189033793906,1.36793470879879
"2114","Hughenden",0.388413728239401,-0.57258766768996
"2115","Huinan",0.448674353730165,-0.628508168940229
"2116","Huize",0.455529888044201,-0.639434399290606
"2117","Huizhou",-0.112492123241982,0.34954032097366
"2118","Hulan Ergi",0.294079379195123,-0.444936236667713
"2119","Hulin",0.35030536215884,-0.522246635649878
"2120","Hun",-0.434899128871243,0.25399725233346
"2121","Hunanghua",0.0641696296481758,-0.217319236784876
"2122","Hungnam",0.472109428855578,-0.609976974454071
"2123","Huntington",-0.22657242463212,0.0761165889694352
"2124","Huntsville1",-0.455227894302086,0.281019112303738
"2125","Huntsville2",-0.80390676525197,0.709346953816848
"2126","Hurghada",-0.99245660765836,0.815243913461696
"2127","Hutchinson",-0.202230881940352,0.0370791398862851
"2128","Huzhou",0.444939844957345,-0.0849888215899656
"2129","Hwange",0.410990300966564,-0.591888532359407
"2130","Hyderabad1",0.433122154000209,-0.155701987505665
"2131","Hyderabad2",-1.0131010536409,1.15080660448737
"2132","Hyeson",0.454821849826653,-0.623705714240103
"2133","I-n-Amenas",-0.109207640763452,-0.0749822384847044
"2134","I-n-Salah",-0.000596442388110408,-0.181079339971666
"2135","Iasi",-0.223499789385252,0.0675450132487431
"2136","Ibadan",0.369452989025283,-0.424469056612625
"2137","Ibague",-0.110149470245748,-0.053412703213628
"2138","Ibarra",0.248241936206205,-0.409552733132316
"2139","Ibb",0.639182355833742,-0.445268089267867
"2140","Ica",-0.139330735778531,-0.0308577320942112
"2141","Icel",-0.828350951201912,0.695805589851227
"2142","Ico",0.184644238064428,-0.366933933092759
"2143","Idah",0.454924493156698,-0.635043215272741
"2144","Idaho Falls",0.0282831279571998,-0.187161762066594
"2145","Idlib",0.329778771188237,-0.503046815135593
"2146","Ifakara",0.45594725586663,-0.632667443828101
"2147","Ife",0.476484520755851,-0.594888202869148
"2148","Igarka",0.154052497526061,-0.335244024902096
"2149","Iguala",0.172930860190287,-0.346988569801621
"2150","Iguape",0.152847104262418,-0.334464555711088
"2151","Iguatu",0.188129398271461,-0.359842827205073
"2152","Ihosy",0.46317620767693,-0.646193706734778
"2153","Ijebu Ode",0.430937686414604,-0.561020589400621
"2154","Ijui",0.161168968479287,-0.334866781019762
"2155","Ikare",0.613936878474871,-0.448971248592991
"2156","Ikela",0.464151285284155,-0.648305303815834
"2157","Iksan",-0.232054118958364,0.0783795038944441
"2158","Ilam",-0.098805819131345,-0.0759810164507727
"2159","Ilebo",0.465171693409032,-0.645269794125838
"2160","Ilheus",-0.0847646105831492,-0.0933435942407762
"2161","Iligan",0.37571468986797,-0.532918223293576
"2162","Illapel",0.250599406794688,-0.430520323240693
"2163","Illichivsk",-0.277926389259345,0.10455723721757
"2164","Illizi",-0.0821552706161768,-0.100346105848911
"2165","Ilo",0.151668277639329,-0.330760842712078
"2166","Iloilo",0.595835688288983,-0.436008163797448
"2167","Ilorin",0.415976653197027,-0.510654884849444
"2168","Imbituba",0.0302077726990734,-0.211909407942658
"2169","Imperatriz",-0.470461192031592,0.310915791317308
"2170","Imphal",0.513248281682584,-0.48761852100097
"2171","Incheon",-1.81572039884843,1.84937826598482
"2172","Independence",-1.03264297668223,0.910570736196607
"2173","Indianapolis",-1.15723383398211,1.39878816085504
"2174","Indore",0.259233715198533,-0.116095573116685
"2175","Indramayu",0.983319365819065,0.130897956338672
"2176","Ingeniero Guillermo N. Juarez",0.173397577199955,-0.353563470967532
"2177","Ingham",0.303061722505931,-0.485153441701024
"2178","Ingolstadt",0.121383302476833,-0.268227156427175
"2179","Inhambane",0.441158659760299,-0.618743818772633
"2180","Inhumas",0.235744326717547,-0.413298197752219
"2181","Innisfail",0.35141254267068,-0.533190605067645
"2182","Innsbruck",0.172440613211297,-0.327603987027048
"2183","Inongo",0.466027744075214,-0.646428845024775
"2184","Inowroclaw",-0.0766735257959646,-0.0942406528364463
"2185","Inta",-0.138269259001419,-0.0397717041402544
"2186","International Falls",-0.0640999630437475,-0.113486398802988
"2187","Invercargill",0.0952729419513815,-0.271482633477918
"2188","Inverell",0.390582293245281,-0.572323908837744
"2189","Inverness",-0.214908737382284,0.0394446504655163
"2190","Ioanina",0.0424418295841752,-0.210435682228454
"2191","Iowa City",-0.437904249888065,0.278599559601537
"2192","Ipatinga",-0.223986902776419,0.0903330978687708
"2193","Ipiales",0.407478467780319,-0.576926483146696
"2194","Ipoh",-0.707002906538862,0.581180355059679
"2195","Ipora",0.314264705971839,-0.491820923279234
"2196","Ipswich",-0.0811260587312135,-0.0792825278803263
"2197","Ipu",0.196733127076584,-0.380575888370611
"2198","Iquique",-0.357697510479614,0.186169306548424
"2199","Iquitos",-0.10583771962654,-0.0595806090127785
"2200","Iracoubo",0.430443024562427,-0.614598364272451
"2201","Iraklio",-0.283421268034695,0.117931927335843
"2202","Irati",0.0460233594678287,-0.221994028746616
"2203","Irbid",-0.0510712513895047,-0.0341291537340563
"2204","Irbil",-2.15332965072111,1.99347555680861
"2205","Irece",0.0172033940517098,-0.197064930702979
"2206","Iringa",0.435686891489817,-0.608989065125923
"2207","Irkutsk",-1.37066026446576,1.23733369256677
"2208","Iron Mountain",0.0901054872505564,-0.266885494216154
"2209","Ironwood",0.174422303620506,-0.355198512403984
"2210","Irvine",-1.74826406471661,1.98268343265755
"2211","Isafjordur",0.156274102377952,-0.339842567829955
"2212","Iseyin",0.433089325183448,-0.608876788578915
"2213","Isfahan",-0.325969829001102,0.293104233820904
"2214","Ishim",-0.192440150529951,0.0220610620701132
"2215","Isikul",0.248642738930326,-0.426393379492425
"2216","Isiro",0.480092370139822,-0.632364218960167
"2217","Iskandar",0.365881942590579,-0.533451200567743
"2218","Iskenderun",-0.31807425301943,0.166659058419199
"2219","Iskitim",-0.0372391448766271,-0.13534846111627
"2220","Islamabad",1.33660939175059,0.478768357223647
"2221","Ismailia",-0.762600053584997,0.628163976355269
"2222","Isna",-0.481794488946686,0.324267192856433
"2223","Isparta",-0.0217963493923072,-0.147505268750857
"2224","Istanbul",-1.74387112774463,2.04610359854585
"2225","Ita",-0.0762779923715681,-0.10450821227988
"2226","Itaberaba",-0.0268254301160493,-0.155196119118255
"2227","Itaberai",0.182761250173126,-0.362712078300893
"2228","Itabuna",-0.112119089445369,-0.0559955970508386
"2229","Itacoatiara",-0.229038390783802,0.049258549175775
"2230","Itaituba",0.034732447403546,-0.212645549877101
"2231","Itajai",-1.03519270801248,0.885693925805256
"2232","Itamaraju",0.2053718453655,-0.382949241088991
"2233","Itambe",0.335384547361762,-0.518038271055794
"2234","Itanhaem",-0.171226756213757,-8.06028596640196e-05
"2235","Itapecuru Mirim",0.0401818021046227,-0.222461941496038
"2236","Itapetinga",0.104144789383257,-0.281359155856976
"2237","Itapetininga",-0.168604282428949,-0.00178016843470319
"2238","Itapeva",0.172462686669626,-0.34145562958375
"2239","Itapipoca",0.0427647614732487,-0.2256698476074
"2240","Itauna",0.253064165111444,-0.419868196861635
"2241","Ithaca",0.0635144221379443,-0.234507988827346
"2242","Itigi",0.458787920576642,-0.642009138011447
"2243","Itu",-0.374444078335337,0.277785758765796
"2244","Ituiutaba",-0.00354580637012139,-0.168771268081274
"2245","Itumbiara",-0.192868259530321,0.0241587225415431
"2246","Iturama",0.226006751852274,-0.406933552448317
"2247","Ivano-Frankivsk",0.216023934918778,-0.379975944468287
"2248","Ivanovo",-0.738952124710544,0.593018582050549
"2249","Ivdel",0.280761486771918,-0.461514887894699
"2250","Iwaki",0.21194262077566,-0.360251283836723
"2251","Iwo",0.40003375062566,-0.577365371644685
"2252","Izamal",0.275343706409848,-0.456590103893888
"2253","Izaz",0.429352717666312,-0.61104240303147
"2254","Izhevsk",-0.937107756999062,0.806342691851931
"2255","Izmayil",0.231229310374604,-0.399975960511387
"2256","Izmir",-1.1995629311758,1.15979602121391
"2257","Jabalpur",-0.00428231705691494,-0.0833329258945364
"2258","Jaboatao",-0.398253336339012,0.299345236058469
"2259","Jaboticabal",0.0691275186233475,-0.238986566111246
"2260","Jacarezinho",0.24577308183805,-0.423032111672628
"2261","Jackson1",-1.06724124103792,0.981234663731589
"2262","Jackson2",-0.841902993180981,0.685021351548106
"2263","Jacksonville1",-0.83918006636321,0.942167479439829
"2264","Jacksonville2",-0.361030510905409,0.21349081765139
"2265","Jaen",0.389844049610471,-0.566525393989358
"2266","Jaffna",0.460524473372047,-0.571250188172002
"2267","Jaguaquara",0.347918112187589,-0.529035799301364
"2268","Jaguarao",0.144933573325474,-0.325164177295303
"2269","JaÌ©n",-0.226410449553002,0.0508927549849171
"2270","Jaipur",0.612994705187389,0.132594668577564
"2271","Jakarta",3.73570926990367,3.24376966117399
"2272","Jalal Abad",0.313102508520207,-0.44642441426087
"2273","Jalalabad",0.518316121427691,-0.546610724069808
"2274","Jalingo",0.377480786188419,-0.558855079910411
"2275","Jaltipan",0.059389998526359,-0.226648140381523
"2276","Jamaame",0.466967646652265,-0.645488942447724
"2277","Jamalpur",1.20701408256716,0.126504855871399
"2278","Jambi",0.123301131430429,-0.256155113036487
"2279","Jamestown1",-0.078845614255934,-0.0899711131742854
"2280","Jamestown2",-0.0526740059154709,-0.126194345498932
"2281","Jammu",1.15580310753206,0.360764125603175
"2282","Jamshedpur",-0.0377779577272205,0.033751163412084
"2283","Janauba",0.228530726092474,-0.40546257864668
"2284","Janesville",-0.279270254303163,0.117021696491532
"2285","Januaria",0.213036147072139,-0.393277028130562
"2286","Jaque",0.462184649969349,-0.646341222996102
"2287","Jaragua do Sul",0.0189390142513,-0.18009759455644
"2288","Jardim",0.210418820562767,-0.38934308320352
"2289","Jasper",0.370801456197635,-0.554125454360261
"2290","Jatai",-0.107213989778692,-0.0653256268799784
"2291","Jau",0.0138544993943579,-0.175693034086196
"2292","Jawhar",0.464123182907675,-0.64546437390941
"2293","Jayapura",0.239748076219634,-0.419525549492678
"2294","Jeddah",-4.51424545375096,4.48492262409821
"2295","Jefferson City",-0.268824253237171,0.109442397348967
"2296","Jeju",-0.674098463057621,0.509020358907271
"2297","Jelgava",-0.0863533511435628,-0.0885619217556731
"2298","Jember",0.755903085475103,-0.221772404673462
"2299","Jena",0.186659980151755,-0.353823622124038
"2300","Jeonju",-0.777383667418698,0.635216093950175
"2301","Jequie",-0.22724392513536,0.0494660226314834
"2302","Jerusalem",-1.30604916391941,1.2118000940099
"2303","Jessore",1.19433822219397,0.122437273325217
"2304","Jhang",1.40192461061778,0.3732495261395
"2305","Jhansi",0.324443730897458,-0.329623945328232
"2306","Ji-Parana",-0.0897875728012276,-0.0765399240604822
"2307","Jiamusi",-0.0974228691175398,-0.0184323005477887
"2308","Jian",0.145434349111694,-0.282135990052951
"2309","Jiangmen",0.286593450040983,0.482245111613955
"2310","Jiaohe",0.365486470743952,-0.537663488120632
"2311","Jiaojing",-0.00838337074169718,0.10295449294104
"2312","Jiaozuo",0.638646948325783,-0.162503063626835
"2313","Jiaxing",0.396429675567979,0.284051745401273
"2314","Jiayuguan",0.0541849069141084,-0.229466071082498
"2315","Jieshou",1.99582829515486,0.977987820264279
"2316","Jiexiu",0.560401492794965,-0.246118402838942
"2317","Jihlava",0.0752997369142488,-0.252789691527863
"2318","Jijiga",0.410298608850153,-0.591367846940228
"2319","Jilin",0.0184545995504698,-0.0434040589273813
"2320","Jima",0.689048561055379,-0.417919901517648
"2321","Jinan",6.01477199085907,5.22739311852076
"2322","Jinchang",0.115426051257821,-0.288816133539687
"2323","Jincheng",0.369820892879466,-0.359666097204777
"2324","Jingdezhen",0.172971484797721,-0.318567523961034
"2325","Jingmen",0.710601311264874,-0.310848991559278
"2326","Jinhua",0.350112845657987,-0.277443956746068
"2327","Jining1",0.322451277783654,-0.48032955335732
"2328","Jining2",1.37704965266451,0.568645711830931
"2329","Jinja",0.453903854226246,-0.60050778039226
"2330","Jinshi",0.508120499238223,-0.482582019414782
"2331","Jinxi",0.0534584488357852,-0.164497288250227
"2332","Jinzhou",-0.0417766144809666,-0.0611248463591136
"2333","Jipijapa",0.273338231796113,-0.451548258273099
"2334","Jiujiang",0.0675428346091496,-0.184632899331842
"2335","Jiutai",0.321768294930932,-0.476860497065009
"2336","Jixi",0.261412758195272,-0.391611532233799
"2337","Jizan",-3.15748194168894,2.98320662038227
"2338","Jizzax",0.21248648790905,-0.3541233418504
"2339","Joacaba",0.202273322537053,-0.378923708527966
"2340","Joao Pessoa",-0.702511479522981,0.588541980171711
"2341","Jodhpur",0.0846208663203031,-0.0702667018634876
"2342","Johannesburg",-0.540484954520928,0.946975318929899
"2343","John Day",0.406134516368094,-0.58992645151821
"2344","Johnson City",-0.291774568126358,0.145554858254189
"2345","Johnstown",0.109603945625517,-0.267670533372544
"2346","Johor Bahru",-1.64096164119707,1.55123154826101
"2347","Joinville",-0.51313369413918,0.386044308720309
"2348","Joliet",-1.18611194040266,1.18625304447923
"2349","Joliette",-0.608834418442345,0.44011738295638
"2350","Jonesboro",-0.869028290289889,0.7080118144674
"2351","Jonkoping",-0.0785511454654016,-0.077094384059547
"2352","Joplin",-0.395178085994482,0.239809574100007
"2353","Jorhat",0.701225141875235,-0.297820641558031
"2354","Jos",0.467981281883641,-0.5234996436406
"2355","Juan Aldama",0.397218263988582,-0.579684096726288
"2356","Juan Jose Castelli",0.00671251652320182,-0.186665708684718
"2357","Juanjui",0.365574365599601,-0.547246391390939
"2358","Juarez",0.0725903395409396,-0.253323389452472
"2359","Juazeiro",-0.986905587949594,0.806953973664263
"2360","Juazeiro do Norte",-0.0154761244556083,-0.143660101357467
"2361","Juba",0.368952270627348,-0.545623219178242
"2362","Juchitan",0.0558130024184829,-0.228862890343374
"2363","Juifang",-0.308984702545321,0.130485301027239
"2364","Juigalpa",0.37911593226999,-0.555929433536189
"2365","Juina",0.465355863078612,-0.647060572385276
"2366","Juiz de Fora",-0.182517994522067,0.0408558644371186
"2367","Juliaca",0.315729650797396,-0.485707587209528
"2368","Jullundur",0.789079759526542,0.0418041653401672
"2369","Jundiai",-0.70688513537594,0.583522899774346
"2370","Juneau",0.16786726652307,-0.345370017647595
"2371","Junin1",-0.496399780729278,0.323058706584356
"2372","Junin2",0.455338898005941,-0.637655614203719
"2373","Jutiapa",0.416687255490987,-0.589925508958365
"2374","Juticalpa",0.354658250835784,-0.536095249901916
"2375","Jyvaskyla",-0.405833955304646,0.252432057131509
"2376","Kaabong",0.464151029654515,-0.648305559445474
"2377","Kabale",0.533844192391388,-0.575480041808158
"2378","Kabalo",0.466640319537014,-0.645816269562975
"2379","Kabinda",0.466328693136716,-0.646127895963274
"2380","Kabul",0.606622638576442,-0.25244635557537
"2381","Kabwe",0.30232516388088,-0.465864308651277
"2382","Kachiry",0.349646204994279,-0.532785535004605
"2383","Kadoma",0.415622042104184,-0.592950661039509
"2384","Kadugli",0.443695157529896,-0.615869022850299
"2385","Kaduna",0.179773369184971,-0.259276306519447
"2386","Kaedi",0.455029203833156,-0.63618633043715
"2387","Kaesong",0.406183419890296,-0.519952372659075
"2388","Kafue",0.331199684980331,-0.514159390865667
"2389","Kaga Bandoro",0.465237488651811,-0.647219100448178
"2390","Kagoshima",-0.0076205360369439,-0.137780397683624
"2391","Kahama",0.427311300978318,-0.601161694038537
"2392","Kahramanmaras",-0.168877602645048,0.00584653203679626
"2393","Kaiapoi",0.187454444142331,-0.36848822851579
"2394","Kaifeng",1.1776875872659,0.260646775879356
"2395","Kailu",0.456355206617656,-0.638768361136981
"2396","Kaka",0.00283995111386069,-0.180806982582116
"2397","Kakamega",0.684650127393152,-0.422311024203866
"2398","Kakinada",1.15386282233654,0.174871324280581
"2399","Kakonko",0.466940264722045,-0.645470882289655
"2400","Kaktovik",0.311274423643568,-0.49563366695011
"2401","Kalachinsk",0.257073756877657,-0.436114229264166
"2402","Kalamata",-0.0349229544603258,-0.133230326258003
"2403","Kalamazoo",-0.222775575233444,0.10914037271378
"2404","Kalemie",0.411262342116263,-0.590125850164595
"2405","Kalgoorlie",0.07465735337337,-0.249409636444302
"2406","Kalima",0.464149106488164,-0.648303353413149
"2407","Kaliningrad",-0.700558761633893,0.564424399282961
"2408","Kalispell",0.14197312732935,-0.314043874008532
"2409","Kalisz",-0.085248578299284,-0.0771484329409741
"2410","Kalmar",-0.161946849181513,-0.0077762105880865
"2411","Kaluga",-0.649545128119791,0.494929505850861
"2412","Kalyan",-0.43169885810439,0.414288883071948
"2413","Kambove",0.421443160780857,-0.604987685803517
"2414","Kamenka",0.353498197576278,-0.533803874179146
"2415","Kamenna Obi",0.360044001035689,-0.539662915119483
"2416","Kamensk Shakhtinskiy",0.0137356516557094,-0.190863922254827
"2417","Kamensk Uralskiy",-0.0450553451876433,-0.107258068328634
"2418","Kamina",0.456903484365919,-0.633016863611166
"2419","Kamloops",-0.052870730221024,-0.112212111655293
"2420","Kampala",0.338965138512847,-0.352264372361995
"2421","Kampene",0.464307181643095,-0.648149407456894
"2422","Kampong Cham",0.421622349855953,-0.593227296545208
"2423","Kampot",0.45658663966768,-0.630591364857421
"2424","Kamsar",0.316258415350791,-0.493648897587719
"2425","Kamyanets-Podilskyy",0.202904230523871,-0.372798320805891
"2426","Kamyshin",-0.369882551729711,0.19492598667661
"2427","Kanab",0.416873487864551,-0.600085488142299
"2428","Kananga",0.489785391075596,-0.620706290880419
"2429","Kanash",0.0838986388976618,-0.260676594498074
"2430","Kanazawa",-0.120619753966447,-0.00324025553054899
"2431","Kanchipuram",1.08004802971974,0.203522273098334
"2432","Kandahar",0.475769505054439,-0.552447936115845
"2433","Kandalaksha",-0.223036958179893,0.0474115222633963
"2434","Kandi",0.44722493200357,-0.627083855322668
"2435","Kandy",0.859567072123,-0.212751158272162
"2436","Kanggye",0.469212256140888,-0.632053755091533
"2437","Kaniama",0.464305125501034,-0.648151463598955
"2438","Kankakee",-0.604962873429164,0.441355789941034
"2439","Kankan",0.46629695434064,-0.638446359345645
"2440","Kano",1.49287739649195,0.465215269136699
"2441","Kanoya",0.268425998464358,-0.444313195255804
"2442","Kanpur",8.47118073087298,7.519716589636
"2443","Kansas City1",-1.35182808617885,1.6174679795098
"2444","Kansas City2",-1.4738210607234,1.42396463449405
"2445","Kansk",-0.270425674600222,0.101065231473695
"2446","Kanyato",0.464110715694316,-0.648265587807349
"2447","Kanye",0.43264289585596,-0.608864141501135
"2448","Kaohsiung",-0.710146314146534,1.00881512606042
"2449","Kaolack",0.354754994680461,-0.525556913915343
"2450","Kaoma",0.44884489545844,-0.633008936638498
"2451","Kapan",0.436981450736573,-0.618279085489885
"2452","Kapiri Mposhi",0.401578021623018,-0.579966618820697
"2453","Kapoeta",0.461208596477566,-0.643180511865945
"2454","Kaposvar",0.190096852928886,-0.362603653277227
"2455","Kapuskasing",0.0541332132360573,-0.234496936083707
"2456","Kara Balta",0.354051200181532,-0.515655864504975
"2457","Karabuk",-0.124698628017645,-0.0410658555443027
"2458","Karachi",-1.27584706978561,1.3519830157919
"2459","Karaj",-0.508619692226401,0.506708644739309
"2460","Karakol",0.431589238242421,-0.600268671845719
"2461","Karaman",0.0441475937930995,-0.215837231193378
"2462","Karamay",-0.665453227058482,0.488701804515023
"2463","Karasburg",0.421253262438672,-0.604611851941072
"2464","Karasuk",0.103093138889866,-0.282331584127153
"2465","Karbala",-1.61150472631917,1.4450323559453
"2466","Karema",0.46539338682359,-0.647063202276399
"2467","Kargat",0.389426776440693,-0.572992415214254
"2468","Kariba",0.427024774606917,-0.611191333078656
"2469","Karimnagar",0.278944500458369,-0.417342524389923
"2470","Karlovac",-0.0595723360175662,-0.114071820164769
"2471","Karlsruhe",0.0477356047026195,-0.155872538873917
"2472","Karlstad",-0.295897024982074,0.138959163661212
"2473","Karluk",0.464075857683853,-0.648373276439717
"2474","Karnal",0.718182418726422,0.0479777033758786
"2475","Karoi",0.455038443474334,-0.638905575287535
"2476","Karokh",0.466412706790972,-0.643885252546249
"2477","Karonga",0.444584236220602,-0.621650757896935
"2478","Karpinsk",0.259830909457616,-0.437932584696204
"2479","Karratha",0.219343179681521,-0.402051152847903
"2480","Kars",0.236138034200841,-0.410807133470515
"2481","Kartaly",0.251423150701597,-0.428302274271244
"2482","Karur",0.656646405723283,-0.32386719327482
"2483","Kasaji",0.465534538792936,-0.646922050307053
"2484","Kasama",0.375002350436441,-0.55546392840585
"2485","Kasane",0.384781313448323,-0.568054916052502
"2486","Kasangulu",0.38999370368432,-0.566973910162913
"2487","Kashi",0.295620084752198,-0.38901566221505
"2488","Kashmar",0.193182631422154,-0.361473499021467
"2489","Kasimov",0.352806325958837,-0.532739056690037
"2490","Kasongo",0.464150858493595,-0.648305730606395
"2491","Kasongo-Lunda",0.465238775450781,-0.647217813649208
"2492","Kaspiysk",-0.215294845734823,0.0354427088194737
"2493","Kassala",0.359750586183164,-0.52459443723255
"2494","Kassel",0.121184864109204,-0.25161204277225
"2495","Kasulu",0.47208784047457,-0.636590897857443
"2496","Kasur",0.819282370408068,-0.0814601063777178
"2497","Katanning",0.414965233501871,-0.597863465207249
"2498","Katerini",-0.146632097721996,-0.0311120771041664
"2499","Katherine",0.29802196375995,-0.478546472081077
"2500","Kathmandu",0.51066344072087,-0.482808087229591
"2501","Kati",0.318476841128175,-0.498973234240952
"2502","Katima Mulilo",0.354272594584042,-0.536677581692107
"2503","Katoomba",0.387780435133982,-0.56309879010975
"2504","Katowice",-0.607258430580802,0.627281801590273
"2505","Katsina",0.861810641476787,-0.232355820139761
"2506","Kattaqorgon",0.372254927934077,-0.478318377516051
"2507","Katwe",0.464099176834575,-0.648253129811248
"2508","Kaunas",-0.299140952911041,0.157517846690807
"2509","Kavala",-0.256071533061408,0.0768352386178087
"2510","Kavalerovo",0.43836831760067,-0.618098848607283
"2511","Kavieng",0.397842097762059,-0.580120663935964
"2512","Kawagoe",-0.312715936161395,0.609575301971164
"2513","Kawambwa",0.458836455396418,-0.638059156078284
"2514","Kawasaki",-1.91584778397032,1.89366923284886
"2515","Kaya",0.426303201147985,-0.608330004150996
"2516","Kayes1",0.407697324543039,-0.586858231539077
"2517","Kayes2",0.362218316174986,-0.538799679246211
"2518","Kayseri",-0.325155235672331,0.204037150680327
"2519","Kazan",-4.03484151733654,3.93641081377141
"2520","Kearney",-0.268609985558486,0.0941633216314547
"2521","Kecskemet",0.0242464968991817,-0.193209885407739
"2522","Kediri",1.32543641200898,0.352013277813753
"2523","Kedougou",0.452298009761909,-0.634014191706586
"2524","Keelung",-0.710537437321158,0.5687154294064
"2525","Keetmanshoop",0.358041124284795,-0.540263191525276
"2526","Keffi",0.428914766175108,-0.596061054484983
"2527","Keflavik",-0.403779543081135,0.221531480343001
"2528","Kelang",-1.80932343905043,1.81385854123582
"2529","Kelo",0.464264145589614,-0.645950778935945
"2530","Keluang",-0.117452866438072,-0.0507519333802852
"2531","Kemerovo",-1.25938757257019,1.11763320410044
"2532","Kemi",-0.535551894224121,0.360699981833388
"2533","Kempsey",0.365670546709195,-0.544489153395058
"2534","Kenai",-0.0475771354327572,-0.134092831312923
"2535","Kendari",0.264327038240853,-0.42537984091509
"2536","Kendu Bay",0.479531227954983,-0.630515852399403
"2537","Kenema",0.454782878948108,-0.630878277429183
"2538","Kenge",0.464150775954786,-0.648305813145203
"2539","Kenitra",-0.540892215859192,0.388887281512903
"2540","Kennewick",-0.373217285310881,0.219948320150999
"2541","Kenora",-0.0311276947716675,-0.148858281122431
"2542","Kentau",0.431668420683278,-0.610197975290275
"2543","Kerch",0.201437013436221,-0.375278987880702
"2544","Kericho",0.453768079654376,-0.633541163216761
"2545","Kerkira",0.0740339136271191,-0.247595021370185
"2546","Kerman",-0.409990105724709,0.25263798180432
"2547","Kermanshah",-0.372225118956843,0.219673294894827
"2548","Kerouane",0.461990334032665,-0.643985640918009
"2549","Keshan",0.414687897936152,-0.587980467238045
"2550","Ketchikan",0.254418674932673,-0.435833418114727
"2551","Khabarovsk",-0.73343035407723,0.624856203957541
"2552","Khammam",0.349861402573981,-0.477775158459458
"2553","Khammouan",0.209269238069497,-0.375798338475299
"2554","Khanty Mansiysk",-2.69120844220069,2.51486607176157
"2555","Kharkiv",-0.179489660999768,0.106784216782968
"2556","Khartoum",-0.226710455589886,0.272731256236993
"2557","Khaskovo",0.0804922385932335,-0.258636193985659
"2558","Kherson",0.128902894689353,-0.286117940659918
"2559","Khilok",0.420754833908671,-0.602266590882995
"2560","Khiwa",0.434772714066801,-0.57980781335022
"2561","Khmelnytskyy",0.193473678960451,-0.357631099983904
"2562","Kholmsk",0.145132652688368,-0.324659673817645
"2563","Khomeini Shahr",-0.13638706773778,0.0268254591770671
"2564","Khon Kaen",-0.00687021018815673,-0.116902653002053
"2565","Khoramabad",-0.0163546151935796,-0.146620025590943
"2566","Khorugh",0.450569957071556,-0.631543466566617
"2567","Khromtau",0.116391180533344,-0.297227918878699
"2568","Khujand",0.347462479101434,-0.476450516120562
"2569","Khujayli",0.401307661118433,-0.572061318681878
"2570","Khulna",1.92218528015069,0.844287497878885
"2571","Khvoy",0.172612642429946,-0.343058086385771
"2572","Kibiti",0.459449776425122,-0.643606496491955
"2573","Kiel",0.111878757790991,-0.249761646143294
"2574","Kielce",-0.173304589287017,0.0366357040795225
"2575","Kieta",0.464217381682487,-0.647750863797855
"2576","Kiev",-0.879393433436906,0.774461897736825
"2577","Kiffa",0.457397938091073,-0.638262593767612
"2578","Kigali",2.06051345657333,0.96483801367888
"2579","Kikwit",0.469114694862078,-0.642982091925251
"2580","Kilchu",0.468563018330216,-0.641620569514352
"2581","Kilifi",0.46719612128193,-0.617618601599359
"2582","Kilindoni",0.459580883297134,-0.640947504623617
"2583","Kilinochchi",0.527607729226719,-0.573644681798952
"2584","Kilis",-0.118839064547404,-0.0595785904903339
"2585","Kilkenny",0.0266443732981715,-0.206133684034585
"2586","Killarney",0.197209848215634,-0.37818430664949
"2587","Killeen",-0.603885359040837,0.456792301956725
"2588","Kilosa",0.468836203737603,-0.639317968629915
"2589","Kilowna",-0.176206225656969,0.0303577208917514
"2590","Kimberley",0.0102427995658802,-0.171863728972144
"2591","Kimchaek",0.460201404422726,-0.62844377702328
"2592","Kimhyonggwon",0.4648285076583,-0.647628081441689
"2593","Kimmirut",0.394460513530954,-0.578205808824797
"2594","Kimpese",0.364404174988263,-0.54637912715289
"2595","Kimry",0.0875470172124717,-0.262863788231789
"2596","Kindersley",0.23897135346146,-0.421276232446807
"2597","Kindia",0.434085342379901,-0.614544923871422
"2598","Kindu",0.453211930784167,-0.626115468370018
"2599","Kineshma",0.164944422916861,-0.328843623474258
"2600","King Salmon",0.417369658286061,-0.601508075720808
"2601","Kingaroy",0.379664358747681,-0.557955880963444
"2602","Kingman",0.161823699485263,-0.32780433094432
"2603","Kingsport",-0.379091047596186,0.22266028147152
"2604","Kingston South East",0.450584815718518,-0.634800037232013
"2605","Kingston upon Hull",-0.545383764243777,0.404954931275673
"2606","Kingston1",-0.560723931545183,0.420057207438431
"2607","Kingston2",-0.198241274995106,0.0491943021484575
"2608","Kingston3",0.349047122872431,-0.527985935014483
"2609","Kingstown",0.34705811151461,-0.525121326501289
"2610","Kingsville",-0.390440183620191,0.21376667040593
"2611","Kinshasa",-0.356134623961912,0.302277094278348
"2612","Kipushi",0.380785323325935,-0.561573964300544
"2613","Kirensk",0.244754870420172,-0.428884910823289
"2614","Kirikkale",-0.0158560624589954,-0.151941879854498
"2615","Kirkenes",-0.727644748422152,0.543507069709892
"2616","Kirksville",0.0281931923786452,-0.206170340641809
"2617","Kirkuk",-1.74069363454369,1.59208078519159
"2618","Kirkwall",0.279395164282223,-0.461907796130251
"2619","Kirov1",0.251758297240327,-0.431965332606439
"2620","Kirov2",-0.598983510336857,0.451716032788692
"2621","Kirovo-Chepetsk",0.0159464745830709,-0.193323570884975
"2622","Kirovohrad",0.249666758154937,-0.41136843981015
"2623","Kirovsk",-0.994060603558158,0.811522633887283
"2624","Kirs",0.413452731080978,-0.594374116972133
"2625","Kirsanov",0.369365866168012,-0.550578354775037
"2626","Kiruna",-0.844198807116848,0.666176706709217
"2627","Kisangani",0.434941818291752,-0.566213507057912
"2628","Kiselevsk",0.0249942107315273,-0.197631027348772
"2629","Kisii",0.654954108698583,-0.45224752315883
"2630","Kislovodsk",0.206982959308837,-0.378518398337185
"2631","Kismaayo",0.446445479706692,-0.626218559332416
"2632","Kissidougou",0.466893154530331,-0.642707752270171
"2633","Kissimmee",-1.09430511911495,0.986731968638174
"2634","Kisumu",0.441029538556301,-0.581999809974191
"2635","Kita",0.402319449742031,-0.582515309043009
"2636","Kitakyushu",0.0588398917736591,-0.0364232478096409
"2637","Kitale",0.462787470048537,-0.634113557244784
"2638","Kitami",0.0422936699073447,-0.208351000546732
"2639","Kitchener",-0.903089338909272,0.802552819524732
"2640","Kitgum",0.464076694897883,-0.646669036484313
"2641","Kitwe",0.0847543868548258,-0.242351800380495
"2642","Kizel",0.344817624135527,-0.519697078949504
"2643","Klagenfurt",0.275852631909869,-0.439325435543382
"2644","Klaipeda",-0.773994622243527,0.606788620775847
"2645","Klamath Falls",0.264467932314906,-0.432379259164524
"2646","Klerksdorp",0.204205404728967,-0.365439376234024
"2647","Klin",-0.53752187859599,0.359883633174443
"2648","Klintsy",0.293103476183146,-0.467828640166648
"2649","Klyuchi",0.316434000456769,-0.499674786865966
"2650","Knoxville",-0.673971924590213,0.647761038636267
"2651","Knysna",0.277863873457567,-0.460768278941222
"2652","Kobe",-0.248054029381982,0.312729583331636
"2653","Koblenz",0.163716636746534,-0.27459080073182
"2654","Kocaeli",-0.964502377838329,0.825564222693516
"2655","Kochi",0.11342919543943,-0.260717279605927
"2656","Kodiak",0.270704213307952,-0.451972486279293
"2657","Koforidua",0.254037235539806,-0.428856866050874
"2658","Kofu",0.167721623889321,-0.275561951902111
"2659","Kogon",0.28519480683867,-0.448385867276725
"2660","Kohat",0.413158370352002,-0.546031893939924
"2661","Kohtla-Jarve",0.0257674043036681,-0.20363703592034
"2662","Koidu",0.464073032754224,-0.64792064824764
"2663","Koko",0.463388268818834,-0.642944889511385
"2664","Kokomo",-0.39340689499127,0.230007041289842
"2665","Kokshetau",-0.295501664413937,0.11952628151057
"2666","Kolar",0.298885307184561,-0.456516934202378
"2667","Kolda",0.397387605890831,-0.575139304156726
"2668","Kolhapur",0.42878591901831,-0.447583076477274
"2669","Koln",-0.0635298015802182,0.184404038458817
"2670","Kolomna",-0.343333947969333,0.174952462068523
"2671","Kolpino",-2.01738844802995,1.86765391668008
"2672","Kolwezi",0.357526634946003,-0.527228496927285
"2673","Kom Ombo",-0.258505175347413,0.102591847833115
"2674","Komatipoort",0.354592323370875,-0.538775874694083
"2675","Kompong Chhnang",0.459094730948142,-0.634687700410607
"2676","Komsomolets",0.386369469408599,-0.569156403098488
"2677","Komsomolsk na Amure",-0.519980867182953,0.377580541305441
"2678","Kon Tum",0.335689957281692,-0.501649627609772
"2679","Kondopoga",-0.138421241389832,-0.0425065979103117
"2680","Kondoz",0.442655259111881,-0.55654222790292
"2681","Koneurgench",0.050560126753704,-0.227113091681965
"2682","Kongolo",0.466643294120492,-0.645813294979497
"2683","Konibodom",0.425875552552279,-0.560569893816725
"2684","Konotop",0.299816357738591,-0.466504173984062
"2685","Kontagora",0.400704470746954,-0.579628846132171
"2686","Kontcha",0.464304834738412,-0.648151754361578
"2687","Konya",-0.387272399577054,0.271586748309784
"2688","Korhogo",-0.216058895525472,0.0461048572320464
"2689","Koriyama",0.0820222569320509,-0.231265536392044
"2690","Korla",-0.0652827891907223,-0.107209354684751
"2691","Korosten",0.302889448813241,-0.477421691132815
"2692","Korsakov",0.0580822497525336,-0.234975548337969
"2693","Kos",0.0154436369387136,-0.19764733396425
"2694","Kosice",-0.157535563781785,-0.0050848845428739
"2695","Kosti",0.360392213554296,-0.532661810161828
"2696","Kostroma",-0.857158617005824,0.699313311894279
"2697","Koszalin",-0.300934174662292,0.12865743640959
"2698","Kota",-0.209808373898045,0.0886441312278326
"2699","Kota Baharu",-0.0227173108215768,-0.0715007841774885
"2700","Kota Kinabalu",-0.161706180463124,0.0435437447998029
"2701","Kotabumi",1.23943825787355,0.204516355510391
"2702","Kotelnich",0.291370990091608,-0.469529522293183
"2703","Kotlas",-0.123172344775898,-0.0527810876971195
"2704","Kotlit",0.425766593494165,-0.609803137073894
"2705","Kotovsk",0.313627231491705,-0.493684340432528
"2706","Kotte",0.886943855727679,-0.030674850233904
"2707","Kotzebue",-0.054589596675227,-0.128883839109954
"2708","Koudougou",0.388278070046495,-0.559893981392729
"2709","Koulamoutou",0.438432787310932,-0.620083874796413
"2710","Koulikoro",0.428198830668903,-0.611749959848461
"2711","Kourou",0.12051769844635,-0.302179382107031
"2712","Koutiala",0.382924268869099,-0.559133825691675
"2713","Kovel",0.347316733841949,-0.519533781293752
"2714","Kovrov",-0.0827234326331071,-0.0886223272662096
"2715","Kozhikode",1.37248959039111,0.289490994135739
"2716","Kpalime",0.449890298984393,-0.62192844014623
"2717","Kragujevac",-0.269086777260454,0.104326693241129
"2718","Krakow",-0.2707764641004,0.257831885831813
"2719","Kramatorsk",0.278980388886577,-0.435160753081518
"2720","Krasnoarmeysk",0.383089619844331,-0.564381669781631
"2721","Krasnodar",-1.56191604616812,1.4313073146983
"2722","Krasnogorsk",0.38140179077173,-0.563566598278415
"2723","Krasnokamensk",0.219713827348747,-0.400134397963779
"2724","Krasnokamsk",0.0150329602383885,-0.192316158627433
"2725","Krasnoufimsk",0.320762587293047,-0.495149660976692
"2726","Krasnouralsk",0.0791941214593556,-0.256696451541839
"2727","Krasnoyarsk",-1.90981470712879,1.74583358358586
"2728","Kremenchuk",-0.0305657507553146,-0.136764711472574
"2729","Kribi",0.418768158920892,-0.601359895577632
"2730","Krishnanagar",1.8075789578464,0.820812179224796
"2731","Kristiansand",-0.415203718439715,0.242073047429704
"2732","Kristianstad",-0.0745897828431822,-0.0987580743358499
"2733","Krong Koh Kong",0.445263636406855,-0.626357013044371
"2734","Kroonstad",0.273844270109826,-0.441354361151748
"2735","Kropotkin",0.162702307511212,-0.339652293862045
"2736","Kryvyy Rih",-0.0211757076696752,-0.0933563060418822
"2737","Ksar El Kebir",-0.145539742658912,-0.0322332127953401
"2738","Kuala Lumpur",-1.44686314784269,1.88488150431122
"2739","Kuala Terengganu",-0.14195543876746,0.00547791388152646
"2740","Kualakapuas",0.459293090651587,-0.642822513146394
"2741","Kuantan",-0.65366246628793,0.485432578369188
"2742","Kuching",-0.427447846241469,0.278329055848285
"2743","Kudymkar",0.330308943414008,-0.510545748506301
"2744","Kuga",0.282043306932443,-0.455700871106077
"2745","Kuito",0.381431918482914,-0.557029951194503
"2746","Kulob",0.313111081376481,-0.48244302698391
"2747","Kulunda",0.349561791828826,-0.530576234299258
"2748","Kumamoto",-0.038887678519896,-0.059246145394521
"2749","Kumasi",-0.00106360179697423,-0.0957468298535382
"2750","Kumba",0.458960668004868,-0.613481794483059
"2751","Kumbakonam",0.993304035282233,0.0389011802513483
"2752","Kumbo",0.504723766707085,-0.607680761215517
"2753","Kumertau",0.116283653354542,-0.296549229185318
"2754","Kumo",0.441432670185819,-0.625283040863886
"2755","Kundian",0.619217651069523,-0.435841349219836
"2756","Kungur",-0.0165797569461318,-0.157852931476483
"2757","Kunming",-0.269672175688085,0.235301261237798
"2758","Kununurra",0.355070045280557,-0.537426875144606
"2759","Kuopio",-0.657440979559554,0.491136467802582
"2760","Kupang",0.373055334460978,-0.513769508323866
"2761","Kupina",0.311920050908038,-0.493443752274788
"2762","Kupyansk",0.37022951924283,-0.538988507057738
"2763","Kure",0.167316050318147,-0.329958441156589
"2764","Kurgan",-0.506124039701433,0.370008060708688
"2765","Kurnool",0.280776776486297,-0.423655396924022
"2766","Kursk",0.000609633940777884,-0.141289311228678
"2767","Kurtamysh",0.363869780165328,-0.543799394044223
"2768","Kuruman",0.390321813624424,-0.572004097805602
"2769","Kushiro",-0.0977521161492039,-0.0590787439322008
"2770","Kuta",-0.0140773306010636,-0.111291544906756
"2771","Kutahya",0.00833345947220425,-0.17676082663256
"2772","Kutaisi",0.190020895107571,-0.332766609873435
"2773","Kuujjuaq",0.155463537190592,-0.33909574300293
"2774","Kuujjuarapik",0.259918801424385,-0.443846140099075
"2775","Kuwait",-5.63534157249761,5.58478962587916
"2776","Kuybyshevskiy",0.421351937107255,-0.601852484347412
"2777","Kuznetsk",0.330318506490676,-0.504745441270048
"2778","Kwekwe",0.396435173297887,-0.57289902352697
"2779","Kwinana",-0.753531334711044,0.579960001982299
"2780","Kyakhta",0.398841450702763,-0.577874273737014
"2781","Kyaukphyu",0.416527815269121,-0.59863027309183
"2782","Kyoto",-0.448377424187127,0.441756749224487
"2783","Kyshtym",0.10642612717742,-0.282532173899813
"2784","Kyustendil",0.317093759417162,-0.497368224754116
"2785","Kyzyl",0.277315012120193,-0.443988249513843
"2786","L'Aquila",-0.0694136360579296,-0.104351539732329
"2787","La Barca",0.342072817571728,-0.522717813605067
"2788","La Ceiba",-0.380966102845635,0.202226601521564
"2789","La Coruna",-0.662765303915644,0.525706902155709
"2790","La Crosse",-0.121116032962761,-0.0374613014964597
"2791","La Cruz1",0.394761620849515,-0.577999483071145
"2792","La Cruz2",0.199302624460834,-0.381762773966838
"2793","La Grande",0.261642842187148,-0.44079376224295
"2794","La Grange",-0.161520932051756,-0.00740695008656959
"2795","La Libertad",0.334099065514869,-0.516766409795987
"2796","La Ligua",0.174401415662357,-0.356217503318303
"2797","La Paloma",0.134300185063476,-0.31773301819835
"2798","La Paz1",-0.851722359344572,0.680420461202757
"2799","La Paz2",0.0212963360949055,-0.204190425672726
"2800","La Paz3",-0.218199384518358,0.0998103335458168
"2801","La Plata",-2.29230378385698,2.23386158904625
"2802","La Rioja",-0.9547662770348,0.787528958938033
"2803","La Rochelle",-0.324367315336756,0.161289244369338
"2804","La Romana",-0.214820781467477,0.0425418376584116
"2805","La Ronge",0.205167559911544,-0.386563964394032
"2806","La Sarre",0.00782547063712431,-0.189384659502192
"2807","La Scie",0.428207925058084,-0.611863239833365
"2808","La Serena",-0.738313683688325,0.565275085334585
"2809","La Union",0.277594934122054,-0.457981521284268
"2810","La Vega",0.216325173314526,-0.372981034813004
"2811","La Victoria",0.412585969826122,-0.596182529283098
"2812","Laayoune",-0.884905845255229,0.70825749843107
"2813","Labe",0.460888700528398,-0.633382754418868
"2814","Labinsk",0.302504408124267,-0.474866895814267
"2815","Labrador City",-0.215317957905514,0.0329433259014443
"2816","Labutta",0.463102174283152,-0.647268194852305
"2817","Lac La Biche",0.0501121369009402,-0.233303964795297
"2818","Ladysmith",0.273640896369015,-0.447631337571934
"2819","Lae",0.279135516073568,-0.442464980548024
"2820","Lafayette1",-1.82783028987867,1.70713622835418
"2821","Lafayette2",-0.651609406620121,0.502602160261221
"2822","Lafia",0.455708040304031,-0.611378865683959
"2823","Laghouat",-0.81136910606374,0.63447438687649
"2824","Lagos",0.250302937368435,0.0605427292212795
"2825","Lagos de Moreno",0.274339781816233,-0.44362586453867
"2826","Laguna",-0.103798467438371,-0.0762539371166408
"2827","Lahad Datu",0.141439938510629,-0.316866014872232
"2828","Lahat",0.33752090442228,-0.516679335138235
"2829","Lahij",0.312856693615145,-0.482986945887205
"2830","Lahore",4.89414465690972,3.98293796172692
"2831","Lahti",-0.60435602890617,0.452088277946197
"2832","Laiwu",0.703008753744779,-0.131298548992006
"2833","Laiyang",0.367888508064968,-0.449097516762363
"2834","Lajes",0.00538120143279468,-0.16986150398037
"2835","Lake Charles",-1.50882927022875,1.35611329338832
"2836","Lake City",-0.0140288070588876,-0.156325137208645
"2837","Lake Havasu City",0.150565258780529,-0.308609894630225
"2838","Lake Louise",0.43777561898037,-0.621062094826161
"2839","Lakeville",-0.842768394045066,0.757517185224663
"2840","Lalitpur",0.478973711415084,-0.537135763964323
"2841","Lamar",0.310675290924633,-0.491923802252521
"2842","Lamas",0.409535659176854,-0.592447458030625
"2843","Lambarene",0.435341998343529,-0.612299203321654
"2844","Lampang",0.224153928334808,-0.374112580143069
"2845","Lamu",0.445453409304176,-0.629607602433807
"2846","Lancaster1",-0.557254373587712,0.437953459808187
"2847","Lancaster2",-0.12659412215403,-0.0406912022981817
"2848","Lancaster3",-0.398348555353709,0.284696906771475
"2849","Lander",0.381847383627981,-0.562850688399043
"2850","Langfang",-0.0398718411190345,-0.0225270810457505
"2851","Langzhong",1.44828395698388,0.384841462826861
"2852","Lankaran",0.281964354476829,-0.456620725605565
"2853","Lansdowne House",0.463547712241138,-0.647821272144847
"2854","Lansing",-0.789360510427651,0.693955215413022
"2855","Lanxi",0.403790780493019,-0.573437461989583
"2856","Lanzhou",-0.110507373712879,0.0154796860014017
"2857","Lao Chi",0.363802105218141,-0.54247516000683
"2858","Laoag",0.444696679820644,-0.568116148663247
"2859","Lapa",0.236636327865183,-0.417430256476881
"2860","Lappeenranta",-0.810268896050497,0.643549714906839
"2861","Larache",-0.413438997217857,0.234367134025637
"2862","Laramie",0.264717362484194,-0.44232817372895
"2863","Laredo",-2.25200941198178,2.11379756381518
"2864","Larissa",-0.153254231656502,-0.013765788244262
"2865","Larkana",1.02827240072315,0.0179744683699371
"2866","Las Cruces",-0.0934845756350578,-0.0543488513619009
"2867","Las Heras",-0.626980551882875,0.469912219998382
"2868","Las Lajas",0.342517359260708,-0.526245954010212
"2869","Las Lomitas",0.116387787081934,-0.298005275841582
"2870","Las Palmas",-1.39327061220812,1.2265217540243
"2871","Las Tablas",0.313363816143771,-0.495659798978678
"2872","Las Tunas",0.0537175954581073,-0.227354110768942
"2873","Las Vegas1",0.297039266260551,-0.47537191365811
"2874","Las Vegas2",-3.30522093624054,3.43355489007882
"2875","Lascano",0.240565078247477,-0.423724539530329
"2876","Latacunga",0.326490068122007,-0.499067273513284
"2877","Latur",0.371979977214897,-0.513337671872338
"2878","Launceston",0.20471484655505,-0.365112157653373
"2879","Laurel",-0.423761572970122,0.252121617838616
"2880","Lausanne",-0.103785035798998,-0.0535822217157468
"2881","Lautoka",0.374304137641588,-0.550708819412195
"2882","Lavras",0.10560340817466,-0.276629799658639
"2883","Lavrentiya",0.353573451747454,-0.537909548573988
"2884","Lawrence",-0.376184435029416,0.214957182147826
"2885","Lawton",-0.582075772157527,0.425541439988184
"2886","Lazaro Cardenas",-0.267494723662828,0.107169196233338
"2887","Le Havre",-1.14486052905679,1.00872276276906
"2888","Le Mans",-0.523707787468515,0.36540450418793
"2889","Lead",0.34307248581791,-0.52596270647632
"2890","Lebowakgomo",0.427109662663391,-0.611004384233088
"2891","Lebu",0.191910134986211,-0.374134705656079
"2892","Lecce",-0.801731915702809,0.64771867546191
"2893","Leeds",-1.11947724921638,1.04213162991425
"2894","Leesburg",-0.211329007501393,0.0488585572102985
"2895","Leeton",0.17876599172269,-0.361162205747787
"2896","Leeuwarden",0.0237901210982411,-0.193513700801802
"2897","Legazpi",0.429583904198135,-0.576548332882179
"2898","Legnica",-0.181595661556093,0.015116582980626
"2899","Leicester",-0.378291971276415,0.266784208256892
"2900","Leipzig",-0.161542073245213,0.0545358193133239
"2901","Lemosos",-0.480404607500001,0.319712253231614
"2902","Lenger",0.406033586002511,-0.580704561003982
"2903","Leninogorsk",0.0567851457628921,-0.232290431416794
"2904","Leninsk Kuznetsky",-0.015916111552286,-0.15248199378279
"2905","Lensk",0.0926343367921079,-0.273083888530625
"2906","Leon1",0.14672421220945,-0.322017904227271
"2907","Leon2",-0.507180865020271,0.381778077646668
"2908","Leon3",-0.280311375488702,0.117862618719028
"2909","Leonara",0.393041095577147,-0.57668340414948
"2910","Leopoldina",0.118341270843,-0.298433918195062
"2911","Lerwick",0.14231492027323,-0.324579486424526
"2912","Les Cayes",0.48777744201542,-0.612726264785828
"2913","Leshan",1.26057641927445,0.249503188885335
"2914","Lesosibirsk",-0.229784549716129,0.0498085774299925
"2915","Lesozavodsk",0.374132511934116,-0.545342350699503
"2916","Lethbridge",-0.437580703993919,0.266168812839907
"2917","Lethem",0.41971832045517,-0.603872802201801
"2918","Leticia",0.203268471492674,-0.382117571110217
"2919","Letpadan",0.474564817787388,-0.625009022149716
"2920","Levin",0.3295409963165,-0.509947203243675
"2921","Lewiston1",-0.11633343242995,-0.0489068820413238
"2922","Lewiston2",0.0759972114517709,-0.239381963640881
"2923","Lexington",-1.05525872716679,0.94289250384041
"2924","Lgov",0.412244869942809,-0.594560316248359
"2925","Lhasa",0.252395032206665,-0.418856253601088
"2926","Lhokseumawe",-0.486200931607271,0.331965736054326
"2927","Lianxian",0.335575073946745,-0.492414104838258
"2928","Lianyungang",1.39791348946525,0.49940449097014
"2929","Liaocheng",1.27992981262253,0.379080498056785
"2930","Liaoyang",-0.12495558117558,0.0955226024028042
"2931","Liaoyuan",0.137274336759501,-0.265707268389766
"2932","Libenge",0.464619465601318,-0.647837123498671
"2933","Liberec",0.0239577437432408,-0.190864166010719
"2934","Liberia",0.0190086915878617,-0.198860180089544
"2935","Libertador General San Martin",-0.102298825196583,-0.0784381889144876
"2936","Libreville",0.170632611349723,-0.315671785977182
"2937","Lichinga",0.419358397332042,-0.588892442782271
"2938","Lida",0.262152284846619,-0.438061911779591
"2939","Liege",-0.152965098010987,0.15980224411554
"2940","Liepaga",-0.0541386079045326,-0.118134203962303
"2941","Lihue",0.329337718844443,-0.508571374349196
"2942","Lijiang",0.38092218140763,-0.563428747451021
"2943","Likasi",0.31718420324087,-0.484132806246598
"2944","Lille",-0.920612784594875,0.93468342914053
"2945","Lillehammer",-0.0796437587357533,-0.0958152158591632
"2946","Lillooet",0.397094316412018,-0.579762943443006
"2947","Lilongwe",0.718497634756311,-0.32079712505055
"2948","Lima1",-0.522276345452912,0.369522829170624
"2949","Lima2",-0.726636087137221,0.832461943208036
"2950","Limbe",0.39874463640157,-0.57290975247206
"2951","Limeira",-0.601643664849956,0.443813866299156
"2952","Limerick",-0.367049589929704,0.201914778884245
"2953","Limoges",-0.491531422364473,0.347675478842705
"2954","Linares1",-0.0965275389205273,-0.0800396648542268
"2955","Linares2",-0.332331556602304,0.153557695636907
"2956","Linares3",0.17340478844182,-0.353602604119645
"2957","Linchuan",0.1622239370444,-0.321195400436976
"2958","Lincoln1",-0.889910327224114,0.768811650598914
"2959","Lincoln2",-0.265620247303969,0.0860532135670441
"2960","Linden",0.374305837392708,-0.55348142914364
"2961","Lindi",0.439365012924604,-0.621365538019575
"2962","Linfen",0.488975072696955,-0.299754217048165
"2963","Linhai",0.0308855604882832,-0.187316881637401
"2964","Linhares",-0.641405216546937,0.469059911468087
"2965","Linjiang",0.444991638058165,-0.622184711396998
"2966","Linkoping",-0.436507231033749,0.288783815251207
"2967","Linkou",0.430517019797587,-0.606116865103596
"2968","Linqing",1.02967243205269,0.0511079059903362
"2969","Linxi",0.440279957507047,-0.624518477926314
"2970","Linxia",0.464868625544168,-0.560125719224968
"2971","Linyi",3.91361075186346,3.11037836618226
"2972","Linz",-0.0146050150366866,-0.0936448263584338
"2973","Lipetsk",-0.821333909052107,0.687271782733771
"2974","Lira",0.487316596136973,-0.61925010870826
"2975","Lisala",0.468216407857761,-0.644240181242228
"2976","Lisbon",-2.37963217148505,2.38103971719949
"2977","Lisburn",0.142677343682276,-0.322562192057218
"2978","Lishui",-0.335109311702184,0.161128813560866
"2979","Lismore",0.295599425665842,-0.47071516135706
"2980","Lithgow",0.377219422456848,-0.55670697494159
"2981","Little Current",0.349322712418644,-0.532913671401174
"2982","Little Rock",-1.15440723781145,1.06961176835509
"2983","LÌùderitz",0.217235709237185,-0.400019929391544
"2984","Liuhe",0.353814044095663,-0.528030702297951
"2985","Liuzhou",-0.526404235815297,0.419391981171895
"2986","Liverpool1",0.348582792648838,-0.531464667798344
"2987","Liverpool2",-0.74424764482367,0.75813455292482
"2988","Livingston",0.443425417272106,-0.626988192741265
"2989","Livingstone",0.250716687880343,-0.422956122842857
"2990","Livny",0.308873752522062,-0.484872681832383
"2991","Livorno",-0.90837195136857,0.747614494005728
"2992","Ljubljana",-0.0262101470021827,-0.105153751244289
"2993","Lobamba",0.316676083734951,-0.494680826039804
"2994","Lobatse",0.385253721442769,-0.561774233100224
"2995","Lobito",-0.643588889234141,0.464627443789328
"2996","Lobos",-0.176595704245575,-0.00247574517109454
"2997","Lodwar",0.462164793670525,-0.638194887803765
"2998","Lodz",-0.668156128958741,0.595788044026107
"2999","Loei",0.293364582519316,-0.471854390273438
"3000","Logan",0.215753418204734,-0.379547534340167
"3001","Logrono",-0.909200395425872,0.739367064659055
"3002","Loja",0.26820341218819,-0.436124243694873
"3003","Lokoja",0.337543749447856,-0.518599527358346
"3004","Lome",0.246843188925804,-0.298129814205897
"3005","Lomza",-0.183045570990218,0.00879481011987178
"3006","Loncoche",0.311235269264127,-0.493756262261838
"3007","London1",-0.966422113260859,0.854974996085722
"3008","London2",-0.477144154841098,1.46346602218757
"3009","Londonderry",-0.296125948453482,0.12487811920652
"3010","Londrina",-0.218539487999653,0.104060266194783
"3011","Long Beach",-3.03032804957481,3.09619417166913
"3012","Long Xuyen",0.515560579721517,-0.481620167902723
"3013","Longjiang",0.14098028206458,-0.317757086671647
"3014","Longreach",0.381654103496046,-0.564394734733861
"3015","Longview1",-0.724652383062544,0.576213956115169
"3016","Longview2",-0.161803723670845,-0.00039571643146627
"3017","Longxi",0.465588502165605,-0.566673768826012
"3018","Longyan",-0.0180685413146489,-0.137704525256041
"3019","Lop Buri",0.176844119648167,-0.332242732872806
"3020","Lorca",-0.229262881508313,0.0520147794346222
"3021","Loreto",0.0979778958490026,-0.281598880438377
"3022","Lorica",0.288821852710139,-0.465873333367629
"3023","Lorient",-0.302413319035558,0.142321626069618
"3024","Los Alamos",0.332048757281278,-0.509639102507207
"3025","Los Andes",-0.0417716601505492,-0.137943853514156
"3026","Los Angeles1",-1.10449264323399,3.04445750902226
"3027","Los Angeles2",-0.353864601528899,0.18262690555488
"3028","Los Blancos",0.432261470574434,-0.615866301732366
"3029","Los Lagos",0.340931714808818,-0.522500309834045
"3030","Los Mochis",-0.308899339987221,0.160020099550258
"3031","Los Teques",-0.476937618625537,0.306847817365387
"3032","Lota",0.0803715185307902,-0.26132672282622
"3033","Louangphrabang",0.38282952493583,-0.556096668254289
"3034","Loubomo",0.363344947902361,-0.53907272100921
"3035","Louga",0.415557034906017,-0.593387348457574
"3036","Louisville",-1.49645108387308,1.58405454250621
"3037","Lowell",-0.218118508094944,0.302014641118651
"3038","Luan",0.502642969869842,-0.367024210734149
"3039","Luanda",-2.0991041132081,2.00124023275672
"3040","Luanshya",0.379175496519964,-0.551749343115883
"3041","Luau",0.460023902719814,-0.643567921108179
"3042","Lubango",0.0920332800303979,-0.262880817455924
"3043","Lubao",0.464929593638715,-0.647526995461274
"3044","Lubbock",-0.765391066814688,0.64376246718419
"3045","Lubeck",0.154498650566075,-0.292815795617812
"3046","Lublin",-0.801471087702273,0.659266425842922
"3047","Lubumbashi",0.0849871603996059,-0.22867326854256
"3048","Lubutu",0.464151305834309,-0.648305283265681
"3049","Lucapa",0.443111774450999,-0.625411159444404
"3050","Lucknow",6.00151886859242,5.02992039325965
"3051","Ludhiana",2.48889667886265,1.7475973580623
"3052","Luebo",0.464306455334945,-0.648150133765045
"3053","Luena",0.385934924742964,-0.564271791176376
"3054","Lufkin",-0.428469711555373,0.267341689984285
"3055","Luga",0.0534240082104564,-0.233463494839414
"3056","Lugano",-0.00136136615871298,-0.162965717138827
"3057","Luganville",0.437508857050612,-0.61956118815289
"3058","Luhansk",0.34185182603248,-0.493973862209105
"3059","Lujan",-1.20733968305921,1.03270720419951
"3060","Lulea",-1.37113041148633,1.20497253646922
"3061","Luleburgaz",-0.157928720356071,-0.0215802916164381
"3062","Lumberton",-0.492222158276873,0.321719768988139
"3063","Lundazi",0.420775929888033,-0.603713122984786
"3064","Luohe",1.09093799370229,0.161552346020379
"3065","Luoyang",1.32664804912124,0.515055201492608
"3066","Lupanshui",0.402458996265117,-0.477140685739332
"3067","Lusaka",-0.445689206335171,0.32825957137373
"3068","Lusambo",0.464930189930351,-0.647526399169639
"3069","Lusanga",0.46446207960117,-0.647994509498819
"3070","Luton",-0.429787569390628,0.273753276349892
"3071","Lutselke",0.410859221802943,-0.595179606149521
"3072","Lutsk",0.24414682731893,-0.40905131524776
"3073","Luwuk",0.36863261453535,-0.548719125879255
"3074","Luxembourg",-0.504186940515365,0.341581332051791
"3075","Luxor",-0.784630060581865,0.660393549074331
"3076","Luzern",0.157454260049433,-0.31894693475436
"3077","Luzhou",1.50321465322208,0.481820605152349
"3078","Lvov",-0.214849308656391,0.0844847105182962
"3079","Lynchburg",-0.116373138985043,-0.0113748729654469
"3080","Lyon",-0.831802911624997,0.887642596990253
"3081","Lysychansk",0.27646924666534,-0.44083490019175
"3082","Maanshan",-0.437861224053161,0.330573905296792
"3083","Mabaruma",0.465234095298676,-0.647222493801313
"3084","Macae",-1.01343753781005,0.839118533301314
"3085","Macapa",-0.686493006925442,0.521114581042683
"3086","Macara",0.372335620558466,-0.55493028671068
"3087","Macas",0.397544727294291,-0.580760885862846
"3088","Macau",-0.682537499436883,0.587190502444571
"3089","Maceio",-0.373557694574421,0.300223984212102
"3090","Macenta",0.466775405318533,-0.645360937014711
"3091","Machakos",0.41665105301919,-0.594861546792228
"3092","Machala",-0.677035050441718,0.50537792941803
"3093","Macheng",1.0692068656778,0.0461093047506872
"3094","Machilipatnam",0.587737858507974,-0.411765401417746
"3095","Machiques",-0.00425416472178515,-0.172814906294312
"3096","Macia",0.335369601809316,-0.517846880932696
"3097","Mackay",-0.0136922904457295,-0.155277986334424
"3098","Macon",-0.586923453332132,0.457354115576589
"3099","Madang",0.357544359496379,-0.534531366819378
"3100","Madaoua",0.450523237085878,-0.633167475008417
"3101","Madinat ath Thawrah",0.342769840324666,-0.519591000984221
"3102","Madison",-0.401331989764951,0.301511627619046
"3103","Madisonville",-0.245756700159439,0.0740421298890036
"3104","Madiun",1.02326023258201,0.0214364166463159
"3105","Madrid",-2.39641677877923,2.46444732215113
"3106","Madurai",2.76879411914025,1.79977446062548
"3107","Mae Sot",0.225772469996283,-0.398538223042666
"3108","Maebashi",0.0757631679395314,-0.089799989113604
"3109","Mafetang",0.447708751124805,-0.619644616172245
"3110","Magadan",-1.56612560970864,1.38934332699976
"3111","Magangue",0.278640241725065,-0.451984855060508
"3112","Magdagachi",0.391705185192284,-0.571473426690815
"3113","Magdalena",0.435973580454953,-0.618916466008063
"3114","Magdeburg",-0.0353452152225457,-0.106120074084218
"3115","Magelang",0.634577936240647,-0.366660152371492
"3116","Magnitogorsk",-0.792895125484601,0.625167936275933
"3117","Magway",0.390321185135039,-0.561254328232091
"3118","Mahabad",0.12084836792013,-0.299521362680695
"3119","Mahajanga",0.442466933825494,-0.624822596191959
"3120","Mahalapye",0.400781174462847,-0.573999823178853
"3121","Mahilyow",0.112130510529553,-0.269625847459426
"3122","Maiduguri",0.466647270688976,-0.595331451100966
"3123","Maintirano",0.456533809679094,-0.639809109638679
"3124","Maiquetia",-0.566280004054823,0.40535478974032
"3125","Maitland",0.145935044688217,-0.324323152165638
"3126","Maizaru",0.315412601087899,-0.495525813956419
"3127","Majene",0.50678409001818,-0.591601917017382
"3128","Makale",0.446655495663714,-0.628935015182265
"3129","Makarov",0.346348658860151,-0.529356805020869
"3130","Makeni",0.439841177959878,-0.618431956185852
"3131","Makhachkala",-0.456831842092145,0.312624441090564
"3132","Makhambet",0.391831690111537,-0.575661788062585
"3133","Makinsk",0.321963099805579,-0.501258581429546
"3134","Makiyivka",0.159276317833237,-0.297528234901263
"3135","Makkah",-5.60432217510399,5.49747892548437
"3136","Makokou",0.448504041739438,-0.629841810902336
"3137","Makoua",0.435546131768661,-0.615319125487106
"3138","Makurdi",0.394770310025588,-0.540158694348983
"3139","Malabo",0.451343880601512,-0.635498354543005
"3140","Malacca",-0.457829354488797,0.389056885592775
"3141","Maladzyechna",0.189728183355768,-0.364617973457974
"3142","Malaga",-1.92152517842479,1.76427851168034
"3143","Malakal",0.460451987957443,-0.638127063534817
"3144","Malang",1.29099038658781,0.354213490493685
"3145","Malanje",0.222481105875045,-0.393673489435499
"3146","Malargue",0.202452664844515,-0.382823704113988
"3147","Malatya",-0.226938079816298,0.0787359009827289
"3148","Maldonado",-0.362621224045035,0.189443333939771
"3149","Malegaon",0.416620967290144,-0.459627420559724
"3150","Malindi",0.407191789438041,-0.580410454556891
"3151","Mallawi",-0.105192621835929,0.0406976566062336
"3152","Malmo",-1.20990862762768,1.06861890772191
"3153","Mamou",0.438870160889121,-0.617485989567485
"3154","Man",0.374641595576318,-0.546382907730938
"3155","Manacapuru",-0.234235361007491,0.0532051337712966
"3156","Manado",0.143779461476557,-0.305722937516743
"3157","Managua",-0.481270813647987,0.344864178088148
"3158","Manama",-5.06373788355967,4.94460048290947
"3159","Mananjary",0.46254221641539,-0.645840265785681
"3160","Manaus",-2.34694229016843,2.2524724598638
"3161","Manbij",0.449998770072642,-0.624864826830686
"3162","Manchester1",-0.183954972497862,0.071637703267437
"3163","Manchester2",-0.629157330031747,0.829983849649675
"3164","Mandalay",0.0974659755273826,-0.232500097569828
"3165","Mandalgovi",0.449742242160001,-0.633110073914996
"3166","Mandali",0.317029230668142,-0.500973550127333
"3167","Mandera",0.43648144262943,-0.616265202150945
"3168","Mandritsara",0.461550443868991,-0.644811956943541
"3169","Mandurah",0.0178315738808117,-0.197266279129962
"3170","Mandya",0.332332206809223,-0.471256011614273
"3171","Mangai",0.464619185679435,-0.647837403420554
"3172","Mangalore",0.022170476347524,-0.122415048488018
"3173","Mango",0.458263371331171,-0.636571021660191
"3174","Mangochi",0.479876552196329,-0.608560164780184
"3175","Manhattan",-0.19353463568657,0.024184600605293
"3176","Manicore",0.289911272768639,-0.471887283569877
"3177","Manila",1.88535509964993,1.16812471559794
"3178","Manisa",-0.296401567712383,0.145348652836138
"3179","Manizales",0.164697807349285,-0.329213682551972
"3180","Manja",0.464286661835926,-0.648169927264063
"3181","Manjimup",0.424453335575829,-0.606582211742534
"3182","Mankato",-0.560896899629521,0.392245025123578
"3183","Mannheim",-0.112135184763214,0.120398728589995
"3184","Manokwari",0.339959301231424,-0.518794138551972
"3185","Manono",0.466789040844345,-0.645667548255644
"3186","Manpo",0.453969386095602,-0.622556069062953
"3187","Mansa",0.387421830792459,-0.569431757040926
"3188","Mansehra",0.533622774973329,-0.488963291551869
"3189","Mansfield",-0.204150020007818,0.0523420039055399
"3190","Manta",-0.570815142350944,0.403243875738611
"3191","Manukau",-0.402739954800644,0.280446238992118
"3192","Manyoni",0.463561558685375,-0.647717063563118
"3193","Manzanillo1",-0.487515668555724,0.310749357543226
"3194","Manzanillo2",0.126615528626492,-0.30402894823189
"3195","Manzhouli",0.13103108398977,-0.30895500324585
"3196","Mao",0.464380574763325,-0.64520288654234
"3197","Maoming",0.742455750973668,-0.107688444210748
"3198","Mapai",0.46409390223055,-0.648271819657279
"3199","Maputo",-0.391179708627893,0.321309608723677
"3200","Maqat",0.235279627521522,-0.418047599954049
"3201","Mar de Ajo",-0.296702484367649,0.121813908427122
"3202","Mar del Plata",-1.34514975330438,1.23007823190413
"3203","Maraba",-0.591354702504498,0.414677822536136
"3204","Maracaibo",-2.32366427119622,2.24196517298528
"3205","Maracaju",0.164994761514744,-0.345381484250202
"3206","Maradi",0.402061705594777,-0.564300399160388
"3207","Maragheh",0.188175037567127,-0.362647792760461
"3208","Marbella",-0.565132099438816,0.413269461158715
"3209","Mardan",0.973073155292459,-0.0262713872159205
"3210","Mardin",0.151984946913722,-0.330699613546377
"3211","Maria Elena",0.276382623526915,-0.459689516716307
"3212","Maribor",-0.0173400205137859,-0.14609741830082
"3213","Maridi",0.464215359618685,-0.647746821026273
"3214","Mariental",0.426286168031829,-0.607331593075866
"3215","Marietta",-0.53342545005545,0.80298461289529
"3216","Mariinsk",0.035604865448574,-0.210588680736768
"3217","Marilia",-0.0556290685869874,-0.0899433853895375
"3218","Marinette",-0.116788075698976,-0.0578948385020403
"3219","Maringa",-0.808134017097851,0.671144651009813
"3220","Marion",-0.270131151101351,0.0988161514015165
"3221","Mariupol",-0.146385711230892,0.00760367468032666
"3222","Markala",0.419298845460514,-0.599810170729783
"3223","Maroantsetra",0.462130848980945,-0.642672598395289
"3224","Maroua",0.418074072033282,-0.584692979706299
"3225","Marovoay",0.459280809031363,-0.642242894319733
"3226","Marquette",-0.321268534701939,0.144170586432282
"3227","Marrakesh",-0.654526816095248,0.544926827581625
"3228","Marrupa",0.456473505685786,-0.636976919120506
"3229","Marsabit",0.459024516666056,-0.639113971156193
"3230","Marsala",-0.373235170689206,0.195727014357489
"3231","Marseille",-1.08345287428481,1.03132220436185
"3232","Martapura",0.329305551567063,-0.464266090416639
"3233","Mary",-0.825391148190631,0.672317059708661
"3234","Mary borough",0.283721055011597,-0.461111297907185
"3235","Maryborough",0.359730044979613,-0.540683244057463
"3236","Marzuq",0.185751594728731,-0.36175391115714
"3237","Masaka",0.668383887790919,-0.42477602772766
"3238","Masan",-1.24117916692223,1.115525295048
"3239","Masasi",0.445542550365053,-0.624472742017419
"3240","Mascara",-0.119837892621335,-0.0513040509137644
"3241","Maseru",0.38755221219654,-0.520575189175457
"3242","Mashhad",-0.779472979440791,0.67404839652899
"3243","Masindi-Port",0.464620437453566,-0.647836151646423
"3244","Masjed Soleyman",-0.585710990134351,0.413503813534601
"3245","Mason City",-0.160981429339925,-0.0131468701179454
"3246","Massawa",0.407380228238659,-0.584908713917695
"3247","Masterton",0.321879606094171,-0.500403783143505
"3248","Masvingo",0.425223679300771,-0.603508327194142
"3249","Matadi",0.394312908526725,-0.575043596087249
"3250","Matagalpa",0.388765686333425,-0.567433817711785
"3251","Matagami",0.255171438164865,-0.438619631700687
"3252","Matamoros",-1.61461454153791,1.50549977004013
"3253","Matanzas",0.101061246508057,-0.271389472603197
"3254","Matara",0.584677299311923,-0.442289366415192
"3255","Mataram",0.253521751384472,-0.377647851303011
"3256","Mataro",-0.897566415419319,0.736675774110296
"3257","Matehuala",0.154433805585802,-0.328846862674848
"3258","Mathura",0.567860361593476,-0.16003818045319
"3259","Mato Grosso",0.308334379700744,-0.492196200603836
"3260","Matola",-0.359011633130464,0.220807514788187
"3261","Matruh",-0.903605368930135,0.730135767334739
"3262","Matsue",0.244405056965136,-0.408131677094042
"3263","Matsumoto",0.261964609862578,-0.413191828069932
"3264","Matsuyama",0.147046614679866,-0.262857472009151
"3265","Maturin",-2.9403186208074,2.78423562058921
"3266","Maues",0.140306102596565,-0.321961447228589
"3267","Maumere",0.460035616676981,-0.612936830200554
"3268","Maun",0.302683336972878,-0.480376134724434
"3269","Mawlamyine",0.341183879677767,-0.510631382738729
"3270","Maxixe",0.462737053384995,-0.603054033168921
"3271","May Pen",0.286315495570843,-0.43889046144979
"3272","Mayaguez",0.130298937622309,-0.184353103634459
"3273","Maykop",-0.144268904719772,-0.0195651722293129
"3274","Mazabuka",0.338996535835081,-0.518943617461193
"3275","Mazar-e Sharif",0.450112084907687,-0.503269343319544
"3276","Mazatenango",0.327057347092489,-0.506673501749051
"3277","Mazatlan",-0.997854325952907,0.838740832928772
"3278","Mazyr",0.270583099731931,-0.446704062268727
"3279","Mbabane",0.230794434841073,-0.404855590992492
"3280","Mbaiki",0.46461931874949,-0.647837270350499
"3281","Mbala",0.445892386218154,-0.627575536976837
"3282","Mbale",0.515911013282121,-0.589305969379166
"3283","Mbalmayo",0.43423241408084,-0.614638718665755
"3284","Mbandaka",0.469868007541992,-0.639314459501381
"3285","Mbanza-Congo",0.326051513070481,-0.508029557444661
"3286","Mbanza-Ngungu",0.404817902914091,-0.577753669246574
"3287","Mbarara",0.520628164115522,-0.566163508855377
"3288","Mbe",0.464614984786978,-0.647841604313011
"3289","Mbeya",0.430343658927309,-0.596564742676228
"3290","Mbuji-Mayi",0.475597718546317,-0.602495738370629
"3291","Mbulu",0.463619891159599,-0.644652160092381
"3292","McAlester",-0.216270069472667,0.0418525006581322
"3293","McAllen",-1.37645920009698,1.30122046854437
"3294","McCook",0.180736737068584,-0.361598639179677
"3295","McGrath",0.413858919205598,-0.598181985466097
"3296","Meadow Lake",0.132003503271664,-0.313695501084963
"3297","Medan",0.257418285220358,0.0962163540172764
"3298","Medani",0.337840305121376,-0.487422318924725
"3299","Medea",0.054968805614285,-0.222959125007657
"3300","Medellin",-0.429712648129927,0.331116055907897
"3301","Medford",-0.141229934851419,-0.0120510566524131
"3302","Medicine Hat",-0.429686108692038,0.260010623211801
"3303","Medina",-4.03898656674837,3.91161606119153
"3304","Medinipur",1.48005882215567,0.46671134982046
"3305","Mednogorsk",0.244226598555696,-0.426135075066344
"3306","Meekatharra",0.437215841753575,-0.621402153220447
"3307","Meerut",1.60497266186644,0.800435869541358
"3308","Megion",-1.94649850448002,1.76494067207828
"3309","Meiganga",0.462003239736773,-0.642427654007444
"3310","Meizhou",0.103397845375229,-0.244129295408136
"3311","Mejillones",0.203646398784834,-0.386671136222802
"3312","Mekambo",0.464165359831489,-0.64706784735627
"3313","Mekele",0.40019793684956,-0.575834025798437
"3314","Meknes",-0.12455329931249,-0.00487405131574421
"3315","Mekoryuk",0.448115062830446,-0.632425737500231
"3316","Melbourne1",-0.16407222706986,0.105854696960573
"3317","Melbourne2",-0.42171604860329,0.808455921134365
"3318","Melilla",-1.21296649684622,1.04184120121487
"3319","Melitopol",0.282433939478658,-0.433271932388208
"3320","Melo",0.0707996821181413,-0.248102758800462
"3321","Melton",0.081077443136278,-0.255340024375509
"3322","Melun",-0.61218242049485,0.498915757383469
"3323","Melut",0.449755112006324,-0.632682631399393
"3324","Melville",0.191010855264469,-0.372892983564403
"3325","Memphis",-1.71411156022801,1.82717720685034
"3326","Mendi",0.464555925123923,-0.647155720624899
"3327","Mendocino",0.44393918039408,-0.627919166056887
"3328","Mendoza",-1.24875268969861,1.18508024796883
"3329","Mengzi",0.307965035834523,-0.448661783371043
"3330","Meningie",0.444870169572022,-0.629081749997283
"3331","Menongue",0.370574365458735,-0.548071984977176
"3332","Merauke",0.318107126307473,-0.496382458255507
"3333","Merced",-0.141183180612936,-0.0205230571572572
"3334","Mercedes1",-0.453187975196771,0.276218501801587
"3335","Mercedes2",-0.899519084647878,0.726557999113399
"3336","Mercedes3",-0.230475229441458,0.0502120864200769
"3337","Mercedes4",-0.152216176189076,-0.0275914232810266
"3338","Merida",-1.48217301000477,1.37644051082423
"3339","Meridian",-0.692683305223431,0.527581883039214
"3340","Merimbula",0.420877911547676,-0.604841800328973
"3341","Merowe",0.366630906014743,-0.549611859760326
"3342","Merredin",0.341988219899644,-0.524848024923644
"3343","Meru",0.825103706247041,-0.284529928864773
"3344","Mesa",-1.56257782107788,1.61959964118323
"3345","Messina",-0.234295136687373,0.0780091254605784
"3346","Metairie",-3.12690045674014,3.0277598482318
"3347","Metz",-0.427131868171995,0.363338200708427
"3348","Mexicali",-2.17037845430714,2.04835179683152
"3349","Mexico City",-0.513774129415307,1.09061523380914
"3350","Meymaneh",0.475898632874547,-0.600564414310409
"3351","Mezen",0.405316378589422,-0.588488848712248
"3352","Miahuatlan",0.405584137370335,-0.586744271829648
"3353","Miami",-1.85954034999888,2.739207623098
"3354","Miami Beach",-2.99538194706039,2.8680021432745
"3355","Miandrivazo",0.463173085232704,-0.646458472504166
"3356","Mianyang",3.43307152329881,2.43808330074672
"3357","Miass",-0.157708759477617,-0.00469151395630807
"3358","Michurinsk",0.265807723066174,-0.437328869759615
"3359","Middelburg1",0.413627677007361,-0.597023297718832
"3360","Middelburg2",0.0311140245602556,-0.207105131530399
"3361","Middlesbrough",-1.14504721461649,1.03892004423924
"3362","Midland",-0.538501695715383,0.38519843625819
"3363","Mikhaylovka",-0.0360605072472264,-0.141724808948097
"3364","Mikumi",0.46392847490978,-0.642808393174565
"3365","Milagro",-0.00400382669734273,-0.163263782208269
"3366","Milan",-0.512451876391779,1.3622745278199
"3367","Mildura",0.126914859379889,-0.304363334604
"3368","Miles City",0.161015234080883,-0.341788131463381
"3369","Millerovo",0.216158775439292,-0.395031570957674
"3370","Milwaukee",-1.26594305445594,1.40756610400902
"3371","Minas",0.0779748901541507,-0.256994375706028
"3372","Minatitlan",-4.28346985873182,4.12411081678481
"3373","Mindelo",0.213726784633747,-0.392797791371328
"3374","Mineiros",0.172366324108776,-0.351456589852349
"3375","Mingan",0.39668561053698,-0.580547924548208
"3376","Minna",0.273598108321556,-0.435534866747045
"3377","Minneapolis",-1.0718960112902,1.62460918693846
"3378","Minot",-0.380236368323376,0.209420287120124
"3379","Minsk",-0.974653743808605,0.867574078747437
"3380","Minxian",0.447622894248383,-0.621721340863269
"3381","Miracema",0.0992495900816604,-0.279338667561394
"3382","Miri",-0.0230469965208094,-0.135833776445914
"3383","Mirnyy",-0.732439839265458,0.550744536444426
"3384","Mirput Khas",0.35873850074159,-0.480652278534909
"3385","Mirzapur",0.526737575686867,-0.500252224324613
"3386","Mishan",0.40328336090507,-0.575615160226986
"3387","Miskolc",0.0829014375484068,-0.237680987651898
"3388","Misratah",-2.46509950508487,2.30451030033565
"3389","Missoula",0.0651878408306055,-0.228533640524967
"3390","Mistassini",0.25769778122403,-0.441159719664597
"3391","Mitchell",-0.191110639996862,0.0125623626667839
"3392","Mitilini",0.0603219869535937,-0.240394343562169
"3393","Mitla",0.436522589634771,-0.620689749236497
"3394","Mito",-0.0289776035927921,-0.103350340328314
"3395","Mityana",0.427511477891155,-0.599148687002623
"3396","Mitzik",0.46174337186141,-0.643707070115852
"3397","MÌùnster",0.111499133944998,-0.26037416070778
"3398","Miyazaki",0.128973262549883,-0.27212132504982
"3399","Mizdah",0.142907240696034,-0.32683825613439
"3400","Mmabatho",0.219966391653647,-0.386080940215798
"3401","Mo i Rana",-0.457678033613519,0.280326420351372
"3402","Moab",0.380330513767084,-0.561600118545199
"3403","Moanda1",-0.0210805969164599,-0.115130653789326
"3404","Moanda2",0.353484003899679,-0.532007421499924
"3405","Moba",0.460367709186535,-0.642970945499061
"3406","Mobile",-1.03380209083048,0.940887230065179
"3407","Mobridge",0.286069816681299,-0.468991969324488
"3408","Mocambique",0.409585787381362,-0.592237770748487
"3409","Modena",-0.863222999837692,0.70430315890978
"3410","Modesto",-0.825889771416311,0.70018751425845
"3411","Moengo",0.372771021492652,-0.553811806411983
"3412","Mogadishu",0.381723644558104,-0.529913859376111
"3413","Mogocha",0.315781491133052,-0.4950205597782
"3414","Mojokerto",0.626006478533309,-0.114239477867294
"3415","Mokpo",-0.795695746675915,0.628001191963017
"3416","Molde",0.000813652177658677,-0.178040094373088
"3417","Molepolole",0.398504926266634,-0.569547293023889
"3418","Mollendo",0.334999879435322,-0.516471106007325
"3419","Moloundou",0.464776128983494,-0.647679346220219
"3420","Mombasa",0.326691592024718,-0.389085070297346
"3421","Monaco",-0.536190304087607,0.364917542423729
"3422","Monchegorsk",-0.719651538033871,0.546479071255346
"3423","Monclova",-0.855536920624376,0.699050659775035
"3424","Moncton",-0.378937109358791,0.230743478613656
"3425","Mongbwalu",0.464708348689337,-0.645422252232232
"3426","Mongo",0.453182872497692,-0.636731583857319
"3427","Mongomo",0.148033118451414,-0.330623180004897
"3428","Mongu",0.392527965416435,-0.566418823991553
"3429","Monroe",-0.679976117018297,0.542664282095924
"3430","Monrovia",0.421700561363207,-0.550485135050678
"3431","Mont-Laurier",0.154847399888933,-0.332378911181005
"3432","Monte Cristi",0.309725447008488,-0.491833960644342
"3433","Montego Bay",0.0652347303589879,-0.230086603152048
"3434","Montemorelos",0.157300248866867,-0.335238258032692
"3435","Montepuez",0.422028725130046,-0.599786509466586
"3436","Monterey1",0.0748726326736511,-0.226560701424335
"3437","Monterey2",0.0995148919935738,-0.246558769700648
"3438","Monteria",-0.655782355514126,0.48461858196179
"3439","Montero",0.0974976421901207,-0.270899034331692
"3440","Monterrey",-1.30406984153852,1.33695602164159
"3441","Montes Claros",-0.296996248070078,0.140731473193798
"3442","Montevideo",-1.47984932078288,1.4223162836267
"3443","Montgomery",-1.13746331196002,1.02516878345023
"3444","Monticello",0.435776345169253,-0.619001855255909
"3445","Montpelier1",0.433798755443931,-0.61640333415848
"3446","Montpelier2",0.355190165767813,-0.536498806267964
"3447","Montpellier",-1.17080874178844,1.0458417483764
"3448","Montreal",-2.12403847630386,2.32067626022192
"3449","Montrose",0.347950895508899,-0.52379896212473
"3450","Monywa",0.382911544010919,-0.543565810968284
"3451","Moorhead",-0.862345513717675,0.687025774630747
"3452","Moose Jaw",-0.176852630958728,0.00103238550505123
"3453","Mopti",0.411490326633743,-0.590802506397758
"3454","Moquegua",0.237491471802831,-0.417768056062754
"3455","Moradabad",1.03844176431126,0.119730583284957
"3456","Moranbah",0.303249253157411,-0.485099970094951
"3457","Moratuwa",0.456629448404562,-0.429785270757657
"3458","Morawa",0.425286884586504,-0.609205763442979
"3459","Moree",0.297138864923148,-0.476139452576554
"3460","Morelia",-0.0279871738343635,-0.121369361888251
"3461","Morgantown",-0.322408831702623,0.152237173501214
"3462","Morioka",0.113068187239688,-0.25832395069446
"3463","Morogoro",0.381460921579637,-0.553496790235314
"3464","Moron1",0.294615476167599,-0.473563168518582
"3465","Moron2",0.447739917118718,-0.628122199779664
"3466","Morondava",0.419081327777258,-0.60325423486315
"3467","Moroni",0.460080481741619,-0.62246805183532
"3468","Moroto",0.464151170111458,-0.648305418988532
"3469","Morrinhos",0.202926451612809,-0.381723176143365
"3470","Morshansk",0.373018757096673,-0.548086682084491
"3471","Moscow",-2.92263854543112,3.33830134433176
"3472","Moshi",0.581483043074427,-0.520078471486356
"3473","Moss",-0.338865460590868,0.163718570996274
"3474","Mossel Bay",0.0350150267803965,-0.215322339092669
"3475","Mossendjo",0.465972799564141,-0.646064364702067
"3476","Mossoro",-0.645207923553226,0.475701677963273
"3477","Mostaganem",-0.506678874572205,0.341309561371382
"3478","Mostar",0.0402724116094922,-0.206646691246491
"3479","Mosul",-0.00324189041136271,-0.130831397338112
"3480","Motul",0.289512128824798,-0.46900719767857
"3481","Motupe",0.373357071099445,-0.555956952049509
"3482","Mouila",0.462335124582242,-0.643361625299934
"3483","Moundou",0.447677399072094,-0.620072807263443
"3484","Mount Barker",0.436407252557669,-0.619581096140676
"3485","Mount Gambier",0.243664760516756,-0.421424389047471
"3486","Mount Isa",0.026914796004945,-0.206104628269746
"3487","Moyale",0.456169996775266,-0.636263969676997
"3488","Moyo",0.466337171870318,-0.646119417229671
"3489","Moyobamba",0.308704762745589,-0.48974805400568
"3490","Mozdok",0.314393890331758,-0.489760409092527
"3491","Mozhga",0.32598069325083,-0.502243119193736
"3492","Mpika",0.432853076252729,-0.615787737291136
"3493","Mpwapwa",0.455496165530754,-0.639029870804227
"3494","Mt. Hagen",0.459071362899449,-0.629527684567653
"3495","Mt. Shasta",0.421780974550323,-0.604356504134345
"3496","Mtsensk",0.328799878681569,-0.512889163980847
"3497","Mtwara",0.378150041792397,-0.546908622723247
"3498","Muar",-0.177331849183051,0.0206980562515583
"3499","Mubende",0.451485158437234,-0.63532621772538
"3500","Mubi",0.507284572282896,-0.605172016817093
"3501","Muconda",0.462904488692611,-0.646140433713305
"3502","Mudangiang",-0.0462005069066136,-0.0741057094550599
"3503","Mudgee",0.355444809470892,-0.535677232321275
"3504","Mudon",0.447509729034024,-0.605517302362927
"3505","Mufulira",0.324763975329729,-0.497005318699881
"3506","Mugla",-0.0595007712901385,-0.119957451189955
"3507","Muglad",0.466234643986484,-0.643941247121106
"3508","Muisne",0.430977906097918,-0.615131875701666
"3509","Mulhouse",-0.294221478753503,0.15742132878286
"3510","Multan",2.92038383326152,1.91292724749613
"3511","Mumbai",-0.301115397166831,0.658209985890645
"3512","Mumbwa",0.436063996162495,-0.617505417052755
"3513","Munchon",0.467751243888007,-0.641517169419748
"3514","Muncie",-0.333764765334383,0.182708632599789
"3515","Munich",-0.0853318804924381,0.070651042282253
"3516","Murcia",-1.10598967865828,0.986699748529417
"3517","Murfreesboro",-0.770904051029639,0.628735294318606
"3518","Muriae",-0.404100756403912,0.230452455327126
"3519","Murmansk",-1.68756490708564,1.53048748364891
"3520","Murom",0.11575378166555,-0.287365522141216
"3521","Muroran",0.120660242452401,-0.275821561441458
"3522","Murray Bridge",0.295247549422,-0.47277365171108
"3523","Mus",0.275725267494676,-0.450133362964445
"3524","Musan",0.462815578668087,-0.644484835010185
"3525","Muscat",-2.57127275698757,2.42473887600668
"3526","Mushie",0.465088619869773,-0.647367969230216
"3527","Musina",0.178631346508849,-0.360488250475075
"3528","Muskegon",-0.160879613582026,0.0138259590781385
"3529","Muskogee",-0.181193233767231,0.0161160284730634
"3530","Musoma",0.461562955365582,-0.626322402082804
"3531","Muswellbrook",0.276603314034107,-0.457086154152753
"3532","Mutare",0.393019745019851,-0.560298990889087
"3533","Muyinga",1.10791032174927,-0.00184092685862214
"3534","Muzaffarnagar",0.952888522056196,0.0685511114957846
"3535","Muzaffarpur",3.2590566882904,2.21949468996569
"3536","Mwanza",0.490733429977095,-0.549836361771027
"3537","Mweka",0.466021781294848,-0.646434807805141
"3538","Mwene-Ditu",0.471761162249141,-0.640695426850848
"3539","Mwenga",0.465389172289758,-0.64704355190995
"3540","Mwingi",0.458573168372926,-0.640849852294648
"3541","Mwinilunga",0.464431516335939,-0.647365651589002
"3542","My Tho",-0.640642795666378,0.466030341829863
"3543","Myeik",0.421151002319265,-0.600419877820507
"3544","Myingyan",0.409060333799028,-0.577772837413181
"3545","Myitkyina",0.431383085415819,-0.597713450977734
"3546","Mykolayiv",-0.099707573186891,-0.0630318627270701
"3547","Mymensingh",1.8672179681727,0.793938356990895
"3548","Myrtle Beach",-1.11439983116184,0.945876909215616
"3549","Mysore",0.0699461804164645,-0.151636490779935
"3550","Mzuzu",0.431807721488989,-0.590804997612263
"3551","Naberezhnyye Chelny",-0.664815246079027,0.532297156459139
"3552","Nabeul",-0.280254990561744,0.111467063289595
"3553","Nabire",0.399624296383627,-0.58190436009698
"3554","Nablus",-0.121691455428971,-0.0173406764006305
"3555","Nacala",0.279447640238068,-0.422079849751522
"3556","Nacaome",0.363911785214577,-0.547769742860906
"3557","Nadym",-0.916196593655345,0.733040069772989
"3558","Naga",0.460887274913899,-0.548565099724977
"3559","Nagano",0.279444854786671,-0.36616915509195
"3560","Nagaoka",0.237186345443084,-0.38869984468041
"3561","Nagasaki",0.146899290101147,-0.297549446841501
"3562","Nagele",0.455770341160733,-0.637744375876668
"3563","Nagercoil",0.456902364527853,-0.423326394096686
"3564","Nagoya",-0.124853898990932,0.916160878997264
"3565","Nagpur",-0.0620769228081871,0.0790034869333227
"3566","Naha",-0.680276547495026,0.58807616629708
"3567","Nain",0.292736491980227,-0.476680955341841
"3568","Nairobi",0.290767109298537,-0.212124516838968
"3569","Naivasha",0.419382144906609,-0.599155505262842
"3570","Najran",-1.49570618559245,1.3330477149888
"3571","Nakhodka",-0.0639270526405976,-0.100678453700286
"3572","Nakhon Phanom",0.18314307191114,-0.354931228479815
"3573","Nakhon Ratchasima",-0.0556248656364599,-0.0855726184912256
"3574","Nakhon Sawan",0.0317495126562709,-0.1993295130915
"3575","Nakhon Si Thammarat",0.221514006981368,-0.360155567053661
"3576","Nakuru",0.406533295827558,-0.554075385957021
"3577","Naltchik",0.231993440923805,-0.373293030037701
"3578","Nalut",0.215115483125751,-0.397181547988144
"3579","Nam Dinh",0.891461346231412,-0.0519230988011153
"3580","Namanga",0.456499196165323,-0.640340825921561
"3581","Namangan",0.275447901437546,-0.2965990235065
"3582","Namibe",-0.386865469268934,0.207234788578304
"3583","Nampo",0.457668412481457,-0.629622071222353
"3584","Nampula",0.309888049785284,-0.458068881864261
"3585","Namtu",0.452834741578873,-0.635859356632782
"3586","Namur",-0.0707805982055746,-0.0795424117106452
"3587","Nan",0.345048852629518,-0.507562119980703
"3588","Nanaimo",-0.0758247912349948,-0.0841186719453794
"3589","Nancha",0.427811980071449,-0.604560298195664
"3590","Nanchang",0.885764334670409,0.101536244190403
"3591","Nanchong",2.35524741061695,1.35696910005361
"3592","Nancy",-0.427912028028422,0.294864167621012
"3593","Nanded",0.309632858606266,-0.40886207833719
"3594","Nandi",0.393188568040905,-0.573478778848419
"3595","Nandyal",0.377279710446619,-0.537296643766844
"3596","Nangong",0.67439743608919,-0.316864506107482
"3597","Nanjing",-0.911050404197526,0.958534926613069
"3598","Nanning",-0.954671876796085,0.880328889348265
"3599","Nanping",0.208363021302163,-0.382733633334077
"3600","Nantes",-0.694345491298321,0.610698394639172
"3601","Nantong",1.18664690399776,0.669605133306808
"3602","Nanuque",0.223645185782712,-0.403638281753198
"3603","Nanyang",1.24844328135213,0.28848718201575
"3604","Nanyuki",0.432369099242042,-0.606509433009418
"3605","Naples1",-0.454926896395894,0.381401435607321
"3606","Naples2",-0.905482579610669,1.19847678510109
"3607","Nara",0.46611090714711,-0.646345681952879
"3608","Narathiwat",0.05744969517438,-0.233830213069133
"3609","Narayanganj",0.582763732069589,-0.262226044469418
"3610","Narrabri",0.369214162384673,-0.549615867141506
"3611","Narrogin",0.401014639781634,-0.583372158580071
"3612","Narsarsuaq",0.42881819480032,-0.613132617426205
"3613","Narva",-0.206732211156313,0.032891181271489
"3614","Naryan Mar",-0.640021270131828,0.457118995371716
"3615","Naryn",0.443644444182654,-0.620558891926007
"3616","Nasca",0.261191079434227,-0.4405109602853
"3617","Nashville",-1.18049746908742,1.26089470025535
"3618","Nasik",0.442129472442616,-0.243132500115247
"3619","Nassau",-0.904468921721765,0.750694000756402
"3620","Nata",0.449326888508755,-0.633499626128644
"3621","Natal",-0.551220198221917,0.492854037691234
"3622","Natchez",-0.227231027278881,0.0569487390262243
"3623","National City",-0.885436763235999,0.859634526200193
"3624","Natitingou",0.437655024475095,-0.616577662548863
"3625","Nautla",0.425422250667215,-0.607242015480021
"3626","Navajoa",-0.279134001688077,0.109754614149242
"3627","Navoi",0.272074024646986,-0.419245566627147
"3628","Navsari",0.407571034667444,-0.591744989963695
"3629","Nawabganj",2.26261584245932,1.22900711972168
"3630","Nawabshah",0.53168376959215,-0.397904073706561
"3631","Naxcivan",0.020971256825002,-0.194955396519437
"3632","Naypyidaw",0.170688819516678,-0.322703297738978
"3633","Nazareth",-0.73126597192494,0.563715842421595
"3634","Nazret",0.556823926664575,-0.510989089518394
"3635","Nazyvayevsk",0.364822530152092,-0.544469016312745
"3636","Nchelenge",0.454551880604404,-0.636856469699027
"3637","Ndalatando",0.0909188879694488,-0.274150091216182
"3638","Ndele",0.464252415970957,-0.646861402935919
"3639","Ndende",0.464173130233226,-0.647702016973181
"3640","Ndjamena",0.0596701291500806,-0.215360730906427
"3641","Ndola",0.177651287902444,-0.338622403316598
"3642","Necochea",-0.833475737880027,0.664506411489432
"3643","Needles",0.175380189883184,-0.354946043625036
"3644","Neftekamsk",-0.0562700102772679,-0.119564859686822
"3645","Nehe",0.34268736992488,-0.519212726823195
"3646","Neiafu",0.448996701004303,-0.631979042449585
"3647","Neiba",0.358498455813024,-0.538804921176455
"3648","Neijiang",2.65416936758433,1.63380347201812
"3649","Neiva",0.0657284903773597,-0.210817843494267
"3650","Nekemte",0.457066026182428,-0.635041571324857
"3651","Nelidovo",0.316970740731641,-0.496345220582008
"3652","Nellore",0.450467643819059,-0.419110062987659
"3653","Nelson1",0.190935501062163,-0.365469341671505
"3654","Nelson2",0.344951738181434,-0.52511755889858
"3655","Nelspruit",-0.00431164922189649,-0.172225692385786
"3656","Nenana",0.30847271972367,-0.492803708088966
"3657","Nenjiang",0.363564691745635,-0.537516420615265
"3658","Nepalganj",0.675665191553041,-0.409224878881085
"3659","Nephi",0.397561313511175,-0.579365811730974
"3660","Nerchinsk",0.4063587832782,-0.584800650760396
"3661","Neryungri",-0.198773435873033,0.0148273366953504
"3662","Neuquen",-1.7608265556629,1.60596464925219
"3663","Nevelsk",0.237406284327337,-0.417548153054594
"3664","Nevers",0.0624759282702829,-0.232108565772624
"3665","Nevinnomyssk",0.182204487486982,-0.343129168793541
"3666","Nevyansk",0.091265259709172,-0.269959682504755
"3667","New Albany",-1.21998321903432,1.07333788362649
"3668","New Amsterdam",0.401209268260098,-0.580075973996772
"3669","New Bedford",-0.15910934940912,0.0141582125132988
"3670","New Braunfels",-0.51155330016538,0.343722124469024
"3671","New Delhi",34.4693711491823,33.6529573623667
"3672","New Glasgow",0.226323682358858,-0.401087838862507
"3673","New Haven",-0.100695224269486,0.289575958881376
"3674","New Iberia",-0.5822762085176,0.413579961112379
"3675","New Liskeard",0.164423067933866,-0.346121995171971
"3676","New London",-0.126921312131956,-0.015723694835185
"3677","New Orleans",-3.01461855994706,2.98358792377144
"3678","New Plymouth",0.260825689263411,-0.43308024069376
"3679","New York",0.369787129605477,2.44203431151441
"3680","Newark",-0.540211633165537,1.50916082938277
"3681","Newcastle",-0.775844064780882,0.832296525306906
"3682","Newman",0.220651286041872,-0.404830270207238
"3683","Newport",-0.114949296366426,-0.0534887981198418
"3684","Neyshabur",0.0600989197033502,-0.229597817940124
"3685","Nezahualcoyotl",-0.771327432914234,0.848159283910744
"3686","Ngaoundere",0.4237485127773,-0.601696082337781
"3687","Ngara",0.465221487955004,-0.645623998536244
"3688","Nguigmi",0.461906184991361,-0.644855351416975
"3689","Nguru",0.457920182877467,-0.637197775704159
"3690","Nha Trang",0.0169613476623175,-0.176338019283598
"3691","Niagara Falls",-0.640221557489447,0.512742107725777
"3692","Niamey",0.112168694841182,-0.251877977967865
"3693","Nice",-0.608816559891403,0.583360528649317
"3694","Nicosia",-0.659976552246898,0.522284049186572
"3695","Nicuadala",0.443462660472828,-0.623449426605581
"3696","Nieuw Nickerie",0.343096303987946,-0.519158275812889
"3697","Niigata",0.0814036789484669,-0.193636462118876
"3698","Nikel",-0.42080586333089,0.238899737008256
"3699","Nikolayevsk",0.340109063001479,-0.521941592366823
"3700","Nikolayevsk na Amure",0.3381754810691,-0.518098791442332
"3701","Nikopol",0.0829245397598792,-0.253571118751696
"3702","Nimes",-0.619450889827988,0.468606117096691
"3703","Nimule",0.464069293439022,-0.648223845252141
"3704","Ninde",-0.148284666571851,-0.00842789441584516
"3705","Ningan",0.310732810611292,-0.486640133232129
"3706","Ningbo",-0.621127708664521,0.761820860909101
"3707","Ninh Binh",0.648122830140681,-0.33316101693155
"3708","Nioro du Sahel",0.431739243074891,-0.614392861678861
"3709","Nipigon",0.339044218622767,-0.522476842855975
"3710","Niquelandia",0.270424788167365,-0.450949385242274
"3711","Nis",-0.487382239959188,0.320097070753962
"3712","Niteroi",-1.1585033603961,1.10436632109071
"3713","Niyala",0.434147202895783,-0.589830780196521
"3714","Nizamabad",0.270576967108463,-0.403991703801207
"3715","Nizhenvartovsk",-3.10900807760933,2.93160279867658
"3716","Nizhnekamsk",-1.03002625555472,0.886210652494425
"3717","Nizhneudinsk",0.13939070620662,-0.315869619777229
"3718","Nizhny Novgorod",-1.24251841140374,1.15988162302876
"3719","Nizhny Tagil",-0.408534359208464,0.27439778966024
"3720","Nizhnyaya Tura",-0.272503189815326,0.101357467692019
"3721","Nizhyn",0.405434846238972,-0.568080840258768
"3722","Nizwa",-0.0897040157274569,-0.0878325811838572
"3723","Njombe",0.458315557153865,-0.638458037273252
"3724","Nkawkaw",0.416559256101624,-0.596362123812926
"3725","Nkhata Bay",0.465676927298943,-0.637876906182202
"3726","Nkhotakota",0.484132323260593,-0.621260738431181
"3727","Nkongsamba",0.439983891983205,-0.618838656772941
"3728","Nogales",-0.0765846218441319,-0.0834688807910782
"3729","Noginsk",-0.601863412081391,0.446484456350787
"3730","Nola",0.466337487564905,-0.646119101535084
"3731","Nome",0.194019740985574,-0.377260802972194
"3732","Nong Khai",0.238873051585855,-0.394719076910403
"3733","Nongan",0.357864637388708,-0.500489476287937
"3734","Nonthaburi",-1.00178851377143,0.963611546500917
"3735","Norfolk1",-1.46356030477661,1.54789896851811
"3736","Norfolk2",-0.350127145164419,0.175013139725242
"3737","Norilsk",-2.23878809989675,2.07866250435752
"3738","Norman",-0.849130818513122,0.693936904331891
"3739","Norman Wells",0.0279152197748722,-0.211985255121916
"3740","Norrkoping",-0.421564812534943,0.269364777305037
"3741","Norseman",0.431266056826476,-0.615201324443722
"3742","North Battleford",0.02873062177296,-0.206515153218719
"3743","North Bay",-0.0344232760416743,-0.133722138833553
"3744","North Platte",-0.0882192136535839,-0.0870021813642205
"3745","Northam",0.304212232275214,-0.485470817818751
"3746","Norwich",-0.223090546222684,0.0671569387222432
"3747","Nottingham",-0.578794477051402,0.538814966860416
"3748","Nouadhibou",0.106878986484069,-0.285197794894227
"3749","Nouakchott",-0.0675354167209021,-0.0811909313251574
"3750","Noumea",-0.282007373759108,0.112920086462102
"3751","Nova Cruz",0.344894875615261,-0.524696904358216
"3752","Nova Friburgo",0.20829742057162,-0.37158407270256
"3753","Nova Iguacu",-1.73607370469334,1.81058324758065
"3754","Nova Lima",-0.155161662445287,-0.0225313400989555
"3755","Nova Vicosa",0.0981910212506857,-0.281167075010136
"3756","Novara",-0.600365954677427,0.428052125858585
"3757","Novi Sad",-0.808966826813373,0.651779179160039
"3758","Novo Airao",0.300421554035317,-0.483012797707523
"3759","Novo Hamburgo",-0.854747829071785,0.774562200790867
"3760","Novo Horizonte",0.122214401325178,-0.302597051213145
"3761","Novoaltaysk",0.0467186045226996,-0.216323130660277
"3762","Novocherkassk",-0.0683797804613132,-0.0996739471494966
"3763","Novokuybishevsk",-1.34808839204554,1.19138501452939
"3764","Novokuznetsk",-0.86837323260437,0.734278094525489
"3765","Novomoskovsk",-0.266459126888713,0.0862515021082625
"3766","Novorossiysk",-0.772785384179499,0.604428855221966
"3767","Novoshakhtinsk",0.275145960287023,-0.449651146975218
"3768","Novosibirsk",-2.17082778406465,2.05859176514891
"3769","Novotroitsk",-0.271026185865423,0.0994048651671512
"3770","Novozybkov",0.32464099930128,-0.502389869619764
"3771","Novyy Urengoy",-1.46168582903699,1.2773472659294
"3772","Nowra",0.281728449576753,-0.455365693742045
"3773","Nowy Sacz",0.139275970173091,-0.28531194952255
"3774","Nsukka",0.659784697421034,-0.442154644891945
"3775","Nueva Gerona",0.319776992375773,-0.500462087409742
"3776","Nueva Imperial",0.316952511090894,-0.49970194507481
"3777","Nueva Rosita",-0.0211000531501128,-0.158375963039664
"3778","Nueve de Julio",-0.15921445748452,-0.0193626594650392
"3779","Nuevitas",0.351621989122891,-0.526466874736908
"3780","Nuevo Casas Grandes",0.318921552203195,-0.493369282034498
"3781","Nuevo Laredo",-2.01290726235245,1.84696597153385
"3782","Nukualofa",0.371128930286795,-0.550040763212852
"3783","Nukus",0.315845305766202,-0.476855559024367
"3784","Numan",0.461171269781721,-0.636991932333579
"3785","Nuqui",0.464150564292941,-0.648306024807048
"3786","Nurnberg",0.0223769326831081,-0.0996053878539218
"3787","Nusaybin",0.147766842627222,-0.32367192306904
"3788","Nyagan",-1.00567060654683,0.826081199202936
"3789","Nyanza",0.591862089459751,-0.512600641412116
"3790","Nyimba",0.430598221680484,-0.614761959261072
"3791","Nyiregyhaza",0.0917198224949614,-0.254865022717653
"3792","Nyunzu",0.466018181267008,-0.646438407832981
"3793","Nzega",0.451139346547074,-0.633421534242707
"3794","Nzerekore",0.467542926095804,-0.638984123090487
"3795","Nzeto",0.375138531721936,-0.55805290667462
"3796","Oak Ridge",-0.261462975544777,0.0958133041814401
"3797","Oakland",-0.956634262532501,0.963936695596416
"3798","Oamaru",0.219706691400146,-0.40395117654981
"3799","Oatlands",0.455748396793305,-0.639283828071598
"3800","Oaxaca",0.21535812710069,-0.327056532030986
"3801","Ob",-4.35268817428525,4.17474153046642
"3802","Obando",0.381841000279358,-0.563497779961401
"3803","Obidos",0.199385529631847,-0.380724834582751
"3804","Obihiro",-0.138536662767479,-0.0175676575655446
"3805","Obninsk",-0.599130823852583,0.420626193107289
"3806","Obo",0.464929585305063,-0.647527003794926
"3807","Obock",0.444088674977664,-0.627636643651322
"3808","Obuasi",0.3080484869496,-0.462645372333311
"3809","Ocala",-0.259473152018712,0.142706599258026
"3810","Ocana",0.359890750140378,-0.535374186271441
"3811","Oceanside",-0.460325357179738,0.431099786641087
"3812","Ocumare del Tuy",0.0111398597676199,-0.184820488239331
"3813","Odense",-0.239002153452523,0.0913050859498153
"3814","Odessa1",-0.58666268217474,0.43607056691358
"3815","Odessa2",-0.324761868480131,0.210600873573359
"3816","Odienne",0.356873436767554,-0.538561606014438
"3817","Ogbomosho",0.466507345443453,-0.612857299074479
"3818","Ogden",-0.0239154186425766,-0.0492821130769012
"3819","Oita",-0.106327902485061,-0.0305678536086229
"3820","Ojinaga",0.117773855642648,-0.294866491417517
"3821","Okahandja",0.413388993831865,-0.593494914135854
"3822","Okara",2.3110874385833,1.32918657110606
"3823","Okayama",-0.0951263837914478,0.0115288762934701
"3824","Okha",0.0334308666113461,-0.210590195115977
"3825","Oklahoma City",-1.49882944795834,1.54828443595783
"3826","Oktyabrsk",0.197692632482541,-0.379085666861364
"3827","Oktyabrskiy",-0.0787390544235532,-0.0960073693112435
"3828","Olavarria",-0.66049214012675,0.489604238681997
"3829","Olbia",-0.67297645943849,0.498497302316007
"3830","Oldenburg",0.294431697830243,-0.441415241414753
"3831","Olgiy",0.453489369168181,-0.632988131349516
"3832","Olinda",-0.948879715980786,0.819487274614717
"3833","Olmaliq",0.20227030673365,-0.371025369119337
"3834","Olmos",0.366185522601925,-0.548784819620552
"3835","Olomouc",-0.278069165569438,0.109954071832681
"3836","Olongapo",0.396891878127274,-0.508122032245236
"3837","Olovyannaya",0.39327690868245,-0.576153586212355
"3838","Olsztyn",-0.239060270708528,0.0760441876629947
"3839","Olympia",-0.169083029779905,0.0383289463863709
"3840","Omagh",0.109185974832328,-0.288532265949558
"3841","Omaha",-1.66028727553074,1.65996736388792
"3842","Omdurman",-0.200950958507127,0.111154216859368
"3843","Ometepec",0.352965036652933,-0.529030586826966
"3844","Omsk",-1.21358408008696,1.14378279128412
"3845","Omutninsk",0.319414198894862,-0.496651368034274
"3846","Ondjiva",0.114421228894331,-0.297989640623402
"3847","Ondo",0.458239160726315,-0.593011258479142
"3848","Ondorhaan",0.4337094390965,-0.614544104555673
"3849","Onega",0.243230920327343,-0.421996625486702
"3850","Ongjin",0.466963022022873,-0.641011363933247
"3851","Ongole",0.329723998372494,-0.48220138848101
"3852","Ongwediva",0.30228144649141,-0.484063108750499
"3853","Onitsha",0.467973827062434,-0.455689334351688
"3854","Ontario",0.0656445443708717,-0.245355692092879
"3855","Oostanay",-0.298517921448157,0.132196388633858
"3856","Opobo",0.319923795521416,-0.501583082476324
"3857","Opole",0.0314470547234862,-0.185732777724605
"3858","Oradea",-0.462402060075509,0.298972949737403
"3859","Oral",-0.00161162386613249,-0.162106317779442
"3860","Oran",-4.21585487901793,4.13932994081495
"3861","Orange",0.295883559659147,-0.467479847898544
"3862","Orange Walk",0.21287645451137,-0.393173334096238
"3863","Orangeburg",-0.44398223583646,0.273139822427255
"3864","Orangeville",-0.0774516204970328,-0.101797403739409
"3865","Oranjemund",0.342187801851635,-0.525827540804173
"3866","Oranjestad",0.0608288225003158,-0.23031817924162
"3867","Ordu",0.149413652967378,-0.297024859906244
"3868","Orebro",-0.601389474028698,0.440983849833221
"3869","Orekhovo-Zuevo",-0.113107006286151,-0.0600022081611449
"3870","Orel",-0.21653934345796,0.0613461990147569
"3871","Orenburg",-0.986527941104984,0.848696297221843
"3872","Orillia",-0.0490025680926956,-0.120440564277628
"3873","Oriximina",0.23969602389049,-0.420409526155868
"3874","Orizaba",0.18062423730068,-0.329802599072352
"3875","Orlando",-1.24018137657601,1.56688189177873
"3876","Orleans",-0.509525401984412,0.385932432034915
"3877","Orlu",0.974302192441393,-0.0160636393454733
"3878","Ormac",0.45340450169054,-0.608680147976344
"3879","Ornskoldsvik",-0.13924305477574,-0.0285910153316361
"3880","Orocue",0.381905201351444,-0.565748357015101
"3881","Orongen Zizhiqi",0.445534746335155,-0.62299219113355
"3882","Orsha",0.0425139662210635,-0.213050549879062
"3883","Orsk",-0.0824880204615753,-0.0901219181791811
"3884","Orumiyeh",-0.190572976124966,0.0430033221315346
"3885","Oruro",0.129540898139326,-0.299403515910645
"3886","Osaka",-0.356197812073729,1.21915205682781
"3887","Osakarovka",0.349253576919772,-0.53191715880946
"3888","Osh",0.256749785845488,-0.378802910694702
"3889","Oshawa",-0.778190867821848,0.708375759539852
"3890","Oshikango",0.333645465186069,-0.516617502672973
"3891","Oshkosh",-0.353199932418903,0.191606996412631
"3892","Oshogbo",0.40545536521703,-0.537814143898635
"3893","Osijek",-0.150513005023403,-0.0174074706581928
"3894","Oskemen",-0.163614317450094,0.00288065429058761
"3895","Oslo",-1.44124857211798,1.38913538939911
"3896","OsnabrÌùck",0.192196164757407,-0.326074156995385
"3897","Osorio",-0.192360108345732,0.0138813685715878
"3898","Osorno",-0.0951556523026784,-0.0723409192155593
"3899","Ostersund",-0.362363780247847,0.194025122184475
"3900","Ostrava",-0.236930874068528,0.156614140159547
"3901","Otar",0.287161020725671,-0.465009912385337
"3902","Otaru",0.153327071886692,-0.322641737000511
"3903","Otjiwarongo",0.374578189988163,-0.553759112925664
"3904","Otradnyy",-0.339173669202302,0.162993626800255
"3905","Otsu",-0.0869565209256196,-0.0432085588884341
"3906","Ottawa",-0.954866028811301,0.954880237672881
"3907","Ottumwa",-0.0282456217367013,-0.145060299704384
"3908","Oturkpo",0.399124106020239,-0.574896273354329
"3909","Otuzco",0.448553454135959,-0.632400269664769
"3910","Ouadda",0.464149809615764,-0.648306779484225
"3911","Ouagadougou",-0.0190995486171315,-0.0788108359604017
"3912","Ouahigouya",0.375090486119183,-0.552860365815674
"3913","Ouargla",-1.07493149049278,0.908588014620908
"3914","Oudtshoorn",0.184913653239071,-0.359434913777959
"3915","Ouesso",0.439460084322247,-0.619234880865005
"3916","Ouezzane",0.326069411074037,-0.498668168597618
"3917","Ouidah",0.619389739938818,-0.4770499437742
"3918","Oujda",-0.897258910186579,0.738375552288819
"3919","Oulu",-0.817646493182725,0.685106944999205
"3920","Oum Hadjer",0.464604373039761,-0.647852216060228
"3921","Ourense",-0.521529041765537,0.347068455011076
"3922","Ourinhos",-0.118242151248959,-0.044284316960321
"3923","Outjo",0.424868175947228,-0.606980536537853
"3924","Ouyen",0.412049889911467,-0.596002272877746
"3925","Ovalle",-0.285873943419019,0.105731764165762
"3926","Oviedo",-0.649740909448962,0.491363201083231
"3927","Owando",0.354686613302352,-0.534459771220749
"3928","Owensboro",-0.46400590815417,0.304156492929651
"3929","Owo",0.439398972368285,-0.618586821985268
"3930","Oxford",-0.0818953410999887,-0.0681882519927644
"3931","Oxford House",0.386204505722063,-0.570490031062878
"3932","Oyem",0.437119307634484,-0.615642839618648
"3933","Oyo",0.486015527125382,-0.60088841081789
"3934","Oytal",0.381642666232571,-0.552494707346829
"3935","Ozamis",0.433879090229813,-0.609360546551295
"3936","Paarl",-0.0426033686537004,-0.114417700728992
"3937","Pabna",1.35614408922946,0.28466031952303
"3938","Pacasmayo",0.208632895644379,-0.38937520037493
"3939","Pachuca",0.0647515695726471,-0.203301972121916
"3940","Padang",0.215291609606928,-0.340310092058326
"3941","Padangpanjang",0.380166535960924,-0.561817174027708
"3942","Padangsidempuan",0.396421966587375,-0.571816555347133
"3943","Padilla",0.460576320542242,-0.644155889957623
"3944","Paducah",-0.393346001995049,0.230208059351624
"3945","Pagadian",0.455844150530029,-0.617986217369174
"3946","Pago Pago",0.394776035006284,-0.572261809229006
"3947","Paita",-0.281134271172288,0.0994728926301351
"3948","Pakalongan",0.470422337294588,-0.409763307091705
"3949","Pakanbaru",-0.160740155088114,0.0260261214834085
"3950","Pakokku",0.400463930462387,-0.571500219730417
"3951","Pakwach",0.473222738284663,-0.638930711084374
"3952","Pakxe",0.29947664842102,-0.476384459139928
"3953","Pala",0.464141673384534,-0.64829967027105
"3954","Palangkaraya",0.298248017561331,-0.464265631563061
"3955","Palapye",0.384900782790708,-0.564155300095685
"3956","Palatka",-0.0559918687608331,-0.118106149327979
"3957","Palembang",-0.032821184569908,-0.0557021452654479
"3958","Palermo",-0.52343769156762,0.437944072322114
"3959","Pali",0.278825977952936,-0.431089301404849
"3960","Pallasovka",0.389572796967248,-0.571001839279216
"3961","Palm Coast",0.0442739598858355,-0.202796793474002
"3962","Palm Springs",-0.704711516499165,0.631280233701741
"3963","Palma",-0.847935017044535,0.71220588348563
"3964","Palma Soriano",0.23658589175044,-0.414582439152258
"3965","Palmas",0.258620718111405,-0.438874930922507
"3966","Palmeira dos Indios",0.0288867036765956,-0.208721118902921
"3967","Palmer",-0.0769861715488805,-0.104172550709055
"3968","Palmerston North",0.0113437066244114,-0.181661397683824
"3969","Palopo",0.457762904852723,-0.640354900684247
"3970","Palu",0.421055961939897,-0.463789720449242
"3971","Pampa del Infierno",0.109164214677355,-0.291665591142619
"3972","Pamplona1",0.379240650555459,-0.560913911715882
"3973","Pamplona2",-0.866266997452193,0.715063724680559
"3974","Panama City1",-0.824791617823752,0.697826095236676
"3975","Panama City2",-0.46723643018351,0.328367311553404
"3976","Panda",0.44357763678302,-0.62775814477924
"3977","Panevezy",0.0276053880880051,-0.197136830365902
"3978","Pangkalpinang",0.320281082623462,-0.480669448256392
"3979","Panipat",1.1254588309685,0.462395064873563
"3980","Panshi",0.232752293783965,-0.401315865643892
"3981","Panuco",0.230691037398031,-0.410217924608202
"3982","Panzhihua",0.143431825959055,-0.301237774777407
"3983","Papasquiaro",0.459486876621004,-0.643669082806966
"3984","Paracatu",0.215749317431938,-0.391837449032235
"3985","Parachinar",0.453683559560011,-0.631368263197161
"3986","Paracuru",0.138935790647137,-0.32215313146206
"3987","Paragominas",0.427429591151112,-0.607208686857223
"3988","Paragould",-0.180198052275131,0.00691435140637954
"3989","Paraguari",0.0996882395702551,-0.282175062354042
"3990","Paraiso",-0.342710480201748,0.159730271989352
"3991","Parakou",0.34963096691623,-0.521124821664632
"3992","Paramaribo",-0.519699400597577,0.373528807053884
"3993","Parana",-1.76724099976496,1.60761461498391
"3994","Paranagua",-0.422405048782983,0.252090843216497
"3995","Paranaiba",0.14081501119369,-0.318789677104181
"3996","Parbhani",0.314863827985802,-0.457916924210752
"3997","Pardubice",-0.0914155752911705,-0.0746166357113617
"3998","Parepare",0.353754031647864,-0.523548842815507
"3999","Paris",-1.24416118251824,1.94367126637141
"4000","Parkersburg",-0.179168272266217,0.0185679164725294
"4001","Parkes",0.370252691368918,-0.551036305582111
"4002","Parma",-1.18090170457223,1.01945642602171
"4003","Parnaiba",-0.464425549813113,0.290272227654877
"4004","Parnu",-0.17028206956727,-0.00374985246284421
"4005","Parowan",0.429092453255135,-0.611820781389066
"4006","Parras",0.313295796906303,-0.492947063587167
"4007","Parry Sound",0.220484565491105,-0.401408757856202
"4008","Partizansk",0.407114576128128,-0.574346868849171
"4009","Pasadena1",-2.80862866367187,2.81455461644256
"4010","Pasadena2",-1.7175535952187,1.96257812340146
"4011","Pasay City",-0.0129729825641146,0.20980701302198
"4012","Paso de los Toros",0.140875774085988,-0.322702157412872
"4013","Paso Rio Mayo",0.349311840330101,-0.53333850387009
"4014","Paso Robles",0.0928682217188452,-0.268647343520668
"4015","Passau",0.317222850205009,-0.486254572360372
"4016","Passo Fundo",0.0168850216559294,-0.173982356489772
"4017","Passos",0.208149452080983,-0.377957658337635
"4018","Pasto",0.265017244605398,-0.436656952081621
"4019","Pasuruan",0.330161415331704,-0.28254322200645
"4020","Paterson",-0.677733087036886,0.957889486039019
"4021","Pathankot",0.731706289651454,-0.151950149486453
"4022","Pathein",0.362118002538917,-0.538186522756794
"4023","Pathum Thani",-0.753214441907844,0.721507674500804
"4024","Pati",1.04228438385172,0.0568870168624401
"4025","Patiala",1.08577746936095,0.271998367408546
"4026","Pativilca",0.446101598854538,-0.605956431317934
"4027","Patna",4.931671434971,3.97164412055807
"4028","Patos",-0.0247676208724003,-0.146030875380354
"4029","Patra",-0.307939502020148,0.147436334319091
"4030","Pavlodar",-1.05589565537716,0.898266981239169
"4031","Paysandu",-0.398284381411042,0.222843635835164
"4032","Peace River",0.0430043304140726,-0.225540498252778
"4033","Pec1",0.287014994019301,-0.456433851352817
"4034","Pec2",-0.0706151904146365,-0.099553800156546
"4035","Pechora",-0.132549851949133,-0.0480610427116335
"4036","Pecos",0.0295615054407764,-0.209471953195375
"4037","Pecs",0.0225619006964939,-0.184511396232917
"4038","Pedreiras",0.206294647439315,-0.377347293048846
"4039","Pedro Juan Caballero",-0.473159058993943,0.309253272674877
"4040","Pedro Luro",0.105024182068049,-0.286820756019955
"4041","Pelotas",-0.438074853669145,0.281387960451673
"4042","Pematangsiantar",0.355218969394456,-0.514372173646905
"4043","Pemba",0.318180667791201,-0.483729992758655
"4044","Penapolis",0.0633395778902243,-0.236424266140929
"4045","Pendleton",0.136646174940114,-0.31516786301354
"4046","Penedo",0.242630078897399,-0.417547778109196
"4047","Penola",0.449585162855093,-0.633052467288492
"4048","Penonome",0.312136627706948,-0.491340916178835
"4049","Pensacola",-0.779331278799784,0.693101278961871
"4050","Penticton",-0.0117983373396237,-0.165497572175212
"4051","Penza",-0.674439987036515,0.539123462159795
"4052","Penzance",0.332215176521566,-0.511626302402259
"4053","Peoria",-0.738225377723782,0.619129439615306
"4054","Perabumulih",0.0748100535731183,-0.248031175551998
"4055","Pereira",-0.015673565902358,-0.140726930462845
"4056","Pergamino",-0.69098087011776,0.520859829354764
"4057","Perito Moreno",0.172333220634336,-0.354634196854312
"4058","Perm",-1.01437796950142,0.937918031393059
"4059","Pernik",0.230394119295502,-0.403736580800146
"4060","Perpignan",-1.10345704296515,0.949767099740247
"4061","Perth1",-0.0528974792135149,-0.123528937358741
"4062","Perth2",-0.633425545930529,0.763208693033339
"4063","Perugia",-0.0666056954630466,-0.079002389564905
"4064","Pervouralsk",-0.210865654017588,0.0422673718955952
"4065","Pescara",-1.05074557838818,0.916231889765063
"4066","Peshawar",1.13749428082544,0.188147044136713
"4067","Petatlan",0.378532921844493,-0.560012401105195
"4068","Peterborough1",-0.246326100628019,0.0862031219567929
"4069","Peterborough2",0.452004053412917,-0.635153142767425
"4070","Petersburg",-0.418801504803431,0.294159506275325
"4071","Peto",0.262902603725529,-0.445898074759026
"4072","Petoskey",0.2319540791944,-0.41310079527651
"4073","Petrolina",-0.914392477961595,0.741352539810563
"4074","Petropavlovsk",-1.07567514090918,0.908285970471734
"4075","Petropavlovsk Kamchatskiy",-0.353197723118394,0.187518767002777
"4076","Petropolis",0.0175592123305993,-0.16812936176867
"4077","Petrovsk Zabaykalskiy",0.405826137671368,-0.58121393032325
"4078","Petrozavodsk",-1.01240185582947,0.846462148319819
"4079","Phan Rang",0.245540382352728,-0.409456972121793
"4080","Phan Thiet",-8.42464847087306,8.29521223924068
"4081","Phayao",0.291066030578132,-0.474644896449126
"4082","Phetchaburi",-0.0491842136392914,-0.116985024139779
"4083","Philadelphia",-0.443505247697359,1.61071445023575
"4084","Phitsanulok",-0.00469208149232822,-0.149188011210193
"4085","Phnom Penh",0.324750635576202,-0.339239866747799
"4086","Phoenix",-1.41719066663248,2.00997539423639
"4087","Phrae",0.303128062138351,-0.456324127274428
"4088","Phuket",-0.21708309992921,0.0533896445946966
"4089","Phyarpon",0.442804806794238,-0.623062279409685
"4090","Pichilemu",0.273627734250837,-0.454204627515952
"4091","Picos",-0.258793047186,0.078985223958635
"4092","Piedras Negras",-0.530547806228835,0.363116426951303
"4093","Pierre",-0.209730957662156,0.0297675960708705
"4094","Pietermaritzburg",0.0484647025016544,-0.180526338448845
"4095","Pijijiapan",0.258803512132452,-0.440556285555041
"4096","Pilar",-0.0115241904946151,-0.168184007126653
"4097","Pilibhit",0.958159193731541,-0.0444109474113003
"4098","Pimentel",0.255342763462901,-0.437012752403062
"4099","Pinar del Rio",0.309531502315682,-0.477767146906177
"4100","Pindamonhangaba",-0.0716774261058071,-0.0694019946199427
"4101","Pine Bluff",-0.373795886277431,0.21323721544938
"4102","Pingdingshan",1.27801457937904,0.395169151970704
"4103","Pingdu",0.546644738141943,-0.317000416119033
"4104","Pingliang",0.306702612332785,-0.470193540247072
"4105","Pingtung",-0.245964597907613,0.154913142803241
"4106","Pingxiang1",0.36558551135873,-0.545985736470351
"4107","Pingxiang2",0.322140972966381,-0.451014477295097
"4108","Pingyi",0.581419341763949,-0.365040560321703
"4109","Pinheiro",0.156574066012339,-0.337289381009298
"4110","Pinrang",0.457352338739952,-0.609344199894803
"4111","Pinsk",0.239004657110584,-0.411848058763491
"4112","Piracicaba",-0.737828016712192,0.592115668754183
"4113","PiraiÌ©vs",-2.50210551457355,2.37947283197931
"4114","Pirapora",0.244538786330767,-0.413754176233319
"4115","Pirassununga",0.0131383534635621,-0.188012869969926
"4116","Pires do Rio",0.325007736759339,-0.504688723398058
"4117","Pirgos",0.203033160278396,-0.379285963194742
"4118","Piripiri",0.210211668330362,-0.389061132230893
"4119","Pisa",-0.353889911662223,0.228401503430471
"4120","Pisco",-0.161615344377015,-0.0195049244133223
"4121","Pitesti",-0.141790393637895,-0.0198958350808386
"4122","Pittsburgh",-0.26330309623672,0.555358679989868
"4123","Pittsfield",0.155864934713702,-0.320819603891493
"4124","Piura",-0.46458704332029,0.298820689846285
"4125","Pizen",-0.284474130527959,0.120796379337742
"4126","Placetas",0.365031377420714,-0.54688775666421
"4127","Plast",0.295678773390626,-0.47352496804141
"4128","Plattsburg",-0.336202354037034,0.159797376633953
"4129","Play Ku",0.275977051497569,-0.442211399777598
"4130","Pleven",0.0320787708429634,-0.206710530481982
"4131","Plock",-0.723822692678237,0.560840578745232
"4132","Ploiesti",-0.425465506160747,0.264868036538876
"4133","Plovdiv",-0.54229621496962,0.376503785923401
"4134","Plumtree",0.451414756946783,-0.635294406776233
"4135","Plymouth",-0.326811106857736,0.173915266717392
"4136","Pocatello",0.0684438549599124,-0.233532569922478
"4137","Pochutla",0.339333149811009,-0.519277920479368
"4138","Pocos de Caldas",0.18730243829171,-0.34819271165009
"4139","Podgorica",-0.693809570175783,0.524444853726158
"4140","Podolsk",-1.71466328159852,1.56471560233159
"4141","Poffader",0.429791671788462,-0.613710092888559
"4142","Pohang",-0.922689962915551,0.783988271760794
"4143","Pointe-a-Pitre",-0.302613159753752,0.140141836373107
"4144","Pointe-Noire",-0.444606321603392,0.292573153620535
"4145","Poitier",-0.0673594037887992,-0.0904644432688349
"4146","Pokrovsk",0.0380948071539139,-0.221202980389901
"4147","Pol-e Khomri",0.379024599564325,-0.558910451427752
"4148","Polatli",-0.00692525223582401,-0.171236686030146
"4149","Polatsk",0.103473375237361,-0.274879096202301
"4150","Polevskoy",0.035180289676778,-0.215631681613151
"4151","Polokwane",-0.0991704159846236,-0.0680918223210608
"4152","Polson",0.351163612037177,-0.533296210809955
"4153","Poltava",0.143875951556794,-0.298704693819172
"4154","Polyarnyy",-0.089984907624494,-0.0915578806448456
"4155","Ponca City",-0.107529181926293,-0.0663521205508523
"4156","Ponce",-0.558670447786337,0.404296973771701
"4157","Pondicherry",1.53718666264496,0.609383624456232
"4158","Ponta Grossa",-0.136415290751118,-0.00799563563461143
"4159","Ponta Pora",-0.498990658441,0.330428476606608
"4160","Ponte Nova",0.226032272220939,-0.398160800687221
"4161","Pontes e Lacerda",0.157594620358361,-0.337226105303806
"4162","Pontiac",-0.734445196405197,0.992584050606813
"4163","Pontianak",0.157339101846625,-0.291425001833708
"4164","Popayan",0.190708264104365,-0.363294616628851
"4165","Poplar Bluff",-0.152324002684832,-0.0238304634428437
"4166","Popondetta",0.441069053091192,-0.622442176656714
"4167","Porbandar",0.347678600605202,-0.498057266082672
"4168","Pori",-0.710134132237427,0.551185152506304
"4169","Porlamar",-0.547608057171137,0.393874248923203
"4170","Poronaysk",0.0915418806266182,-0.272095578462828
"4171","Port Alfred",0.346730852657126,-0.530936028510648
"4172","Port Arthur",-1.7978855849556,1.63382950574728
"4173","Port Augusta",0.285132855361496,-0.466155380826777
"4174","Port Blair",0.22315482643314,-0.397195301386943
"4175","Port Charlotte",-0.226833966198974,0.0750804166288939
"4176","Port Douglas",0.384978939795402,-0.568845065262279
"4177","Port Elizabeth",-0.615816683854629,0.510092046191334
"4178","Port Harcourt",0.289839158325847,-0.142820025806341
"4179","Port Hardy",0.325425395076305,-0.509093460113364
"4180","Port Hedland",-0.653004075677094,0.469712957204546
"4181","Port Hope Simpson",0.433925535227953,-0.61820049882171
"4182","Port Lavaca",-0.188385265868338,0.00832722130918787
"4183","Port Lincoln",0.298252284438258,-0.479877908951665
"4184","Port Louis",0.118871876422538,-0.247757101166144
"4185","Port Macquarie",0.249386303221952,-0.422599668616774
"4186","Port Moresby",-0.218754714772319,0.0670211427557545
"4187","Port Pirie",0.301007618481193,-0.480216093536859
"4188","Port Shepstone",0.32216006666087,-0.503387175050865
"4189","Port Sudan",-0.074701793463996,-0.0855589316507225
"4190","Port-au-Prince",0.337539675597604,-0.385072360214797
"4191","Port-Gentil",-0.298824170117296,0.121241120263648
"4192","Port-of-Spain",-1.432789581795,1.28924506885454
"4193","Port-Vila",0.399194155886985,-0.581273553668657
"4194","Portachuelo",0.34711970668576,-0.529493324800629
"4195","Portel",0.0162867118349679,-0.200440838150428
"4196","Portimao",-0.728973267821748,0.564814753758454
"4197","Portland1",-0.245402724983787,0.106734543788213
"4198","Portland2",-0.690489458742219,0.915794686537581
"4199","Portland3",0.290557525772538,-0.470830906943355
"4200","Porto",-0.44039986227451,0.87139137920088
"4201","Porto Alegre",-1.19587229503594,1.30017859814891
"4202","Porto Nacional",0.128511562151068,-0.310209820542607
"4203","Porto Santana",-0.368093707691665,0.188946563984814
"4204","Porto Seguro",-0.122604940447515,-0.0552515462619496
"4205","Porto Uniao",0.272249337915974,-0.442082307415062
"4206","Porto Velho",-1.0633658714809,0.914476324050095
"4207","Porto-Novo",0.458458460114171,-0.5182374284397
"4208","Portoviejo",-0.446231929585347,0.276470139297798
"4209","Portsmouth",-0.155919781118602,0.0920665906549608
"4210","Porvoo",-0.451003566224173,0.275908320645972
"4211","Posadas",-1.07870015791816,0.922650777399958
"4212","Poso",0.378711269771858,-0.558485607227656
"4213","Potchefstroom",0.145738532745443,-0.315069532630616
"4214","Poti",0.0285195293410112,-0.203883587286015
"4215","Potiskum",0.418557864269501,-0.5938274841916
"4216","Potosi",0.269339720232991,-0.447605924832987
"4217","Potsdam",-0.0714884729129888,-0.0710380642507092
"4218","Poughkeepsie",-0.0369914947065825,-0.0754740165978705
"4219","Pouso Alegre",0.0106855952418407,-0.170194808642418
"4220","Powell",0.286930179343199,-0.468712640403056
"4221","Powell River",0.280977380611545,-0.463208607529708
"4222","Poza Rica de Hidalgo",-1.2605891339276,1.09637689483169
"4223","Poznan",-0.882804069247176,0.785739037846274
"4224","Prachin Buri",0.192313190377481,-0.368881685170937
"4225","Prague",-0.824472643783386,0.75599694612828
"4226","Praia",0.165364786680558,-0.336213788734375
"4227","Praya",0.696882775947313,-0.313233827898443
"4228","Prescott",0.274935517629233,-0.438438272789359
"4229","Presidencia Roque Saenz Pena",-1.0346108531158,0.862468592723225
"4230","Presidente Prudente",-0.253560179012377,0.105691075555642
"4231","Presov",0.130282605557713,-0.300680458679167
"4232","Pretoria",-0.461894186571975,0.461368464028081
"4233","Price",0.315599859308277,-0.495945521712669
"4234","Prieska",0.322026193841586,-0.504310661713619
"4235","Prijedor",0.286732473958003,-0.461171499256152
"4236","Prince Albert",-0.320963086709967,0.14803011563259
"4237","Prince George",-0.22986266584225,0.0740286329538657
"4238","Principe da Beira",0.458561689371501,-0.64241699533816
"4239","Pristina",0.0134490286456144,-0.182867091443378
"4240","Prizren",0.163595777417085,-0.337337980055459
"4241","Probolinggo",0.621183193878171,-0.273858194525911
"4242","Proddatur",0.390808794779172,-0.542566777659165
"4243","Progreso",-0.0196532548825296,-0.160724248961142
"4244","Progress",0.430950326242794,-0.615213481048788
"4245","Prokopyevsk",0.0211495306748023,-0.163236972198372
"4246","Proserpine",0.383192706302291,-0.565896967170706
"4247","Providence",-0.433430359740365,0.537749725184018
"4248","Provideniya",0.430567201400852,-0.614487798066747
"4249","Provo",-0.15457782830921,0.052624991482155
"4250","Przemysl",0.246119887331317,-0.407376612436657
"4251","Pskov",-0.380459019349983,0.216351900263349
"4252","Pucallpa",-0.102112034292914,-0.0609875046520131
"4253","Puebla",-0.0912122542875523,0.11672637374851
"4254","Pueblo",-0.0596394817290485,-0.0902529196355289
"4255","Puerto Aisen",0.34474756480268,-0.525453835031242
"4256","Puerto Armuelles",0.390210838613136,-0.570960390715491
"4257","Puerto Ayacucho",-0.0321446140454186,-0.140175937470653
"4258","Puerto Barrios",0.135991383546972,-0.315332398657821
"4259","Puerto Berrio",0.304663046058539,-0.486020169438447
"4260","Puerto Cabezas",0.356195575042742,-0.536712727704227
"4261","Puerto Carreno",0.327334317760403,-0.509623138191448
"4262","Puerto Deseado",-0.225346452853964,0.0427872342984889
"4263","Puerto Escondido",0.244220820776085,-0.423565766630303
"4264","Puerto la Cruz",-2.31037062187112,2.16458152663761
"4265","Puerto Lempira",0.456711877300816,-0.640574417149733
"4266","Puerto Limon",0.0621552199580284,-0.241380900026405
"4267","Puerto Lopez",0.312326816472197,-0.494608631872377
"4268","Puerto Madryn",-1.31617994475004,1.14003490880068
"4269","Puerto Maldonado",0.195584444646406,-0.371800501168346
"4270","Puerto Montt",-0.205298571137578,0.0354556487673645
"4271","Puerto Natales",0.0429334471798587,-0.226618644133593
"4272","Puerto Princesa",0.365831650575427,-0.537340904214231
"4273","Puerto San Julian",-0.3155389005736,0.132100091020192
"4274","Puerto Vallarta",-0.23920248468766,0.0740926011922733
"4275","Puerto Varas",0.148713336380354,-0.330107290561935
"4276","Pugachev",0.182315463020277,-0.36037344088257
"4277","Pukatawagan",0.383221975665837,-0.567333339266712
"4278","Pula",-0.404755415898961,0.2281028284806
"4279","Punata",0.38293649146128,-0.563818643825279
"4280","Pune",0.296229253514641,-0.0228950824211997
"4281","Puno",0.381307630164342,-0.559747478294039
"4282","Punta Alta",-0.205732052835494,0.0303265821885024
"4283","Punta Arenas",-0.47909504681723,0.305418554232998
"4284","Punta del Este",0.0209771435269178,-0.205186464769517
"4285","Punta Gorda",0.361313892627343,-0.544576921618657
"4286","Punta Prieta",0.458991039548682,-0.643183179064669
"4287","Puntarenas",0.100079255590936,-0.273755122717488
"4288","Punto Fijo",-6.20992595066374,6.05673251485056
"4289","Puqi",0.368922190616875,-0.518496985657625
"4290","Puquio",0.448769125118108,-0.631721221089937
"4291","Puri",0.648650777248392,-0.324380658860435
"4292","Purnia",2.00372022435582,0.968689065387178
"4293","Pursat",0.433118906911728,-0.614834876772001
"4294","Putian",0.0888565576010373,0.0158081543855716
"4295","Putrajaya",-1.14795033460399,1.25828293928434
"4296","Puyang",1.40480764215966,0.493480581971903
"4297","Pyatigorsk",0.235034073604452,-0.413619467322926
"4298","Pyay",0.297278569476865,-0.475220173442721
"4299","Pyongsan",0.458850844523975,-0.636656031252942
"4300","Pyongyang",0.476847008343413,-0.49750295307118
"4301","Pyu",0.431251486449101,-0.611855001189622
"4302","Qaanaq",0.46433833582227,-0.648118253277719
"4303","Qairouan",-0.0597034176053411,-0.102291057975771
"4304","Qal at Bishah",-1.14217971665105,0.97096481577816
"4305","Qaminis",-0.347321781352173,0.163924284374338
"4306","Qapshaghay",0.217712475682958,-0.39900016315167
"4307","Qaraghandy",-0.41209237976904,0.260190870718998
"4308","Qaratau",0.408122086773372,-0.588685069834623
"4309","Qarazhal",0.399156501087875,-0.580037768856799
"4310","Qarqaraly",0.446238437457531,-0.629268999242437
"4311","Qarshi",0.221124891379914,-0.335284258228063
"4312","Qasr-e Shirin",0.100074407249733,-0.283505457057795
"4313","Qasserine",0.116950209673918,-0.294479723724682
"4314","Qazaly",0.41505980909763,-0.598867263880807
"4315","Qazvin",-0.170551642670709,0.00154639056598289
"4316","Qena",-1.35487373697992,1.18871412974519
"4317","Qingan",0.276801270908829,-0.444894674539889
"4318","Qingdao",0.202163609789231,0.223026054949934
"4319","Qinggang",0.388826580049266,-0.555782139500888
"4320","Qingyuan",0.0737224862616772,-0.151337045706495
"4321","Qinhuangdao",0.417507231820108,-0.160513570431975
"4322","Qinzhou",0.138846879235149,-0.253529320897956
"4323","Qiqihar",-0.546109011440329,0.412052666310756
"4324","Qitaihe",0.310944279536502,-0.418300191061977
"4325","Qom",-0.779398267200693,0.625960849871341
"4326","Qomsheh",0.160399529127147,-0.334478399105074
"4327","Qoqon",0.493129700644049,-0.388569218625056
"4328","Quang Ngai",0.460233302184114,-0.497749414640769
"4329","Quang Tri",0.445165489610106,-0.617932086849698
"4330","Quanzhou",0.0430290933042232,0.496722215652697
"4331","Quarai",0.0854024859865956,-0.266347878688313
"4332","Quchan",0.250304850407421,-0.422984405861431
"4333","Queanbeyan",0.105783754705048,-0.281022322421481
"4334","Quebec",-1.41121331734204,1.36782032772506
"4335","Queenstown1",0.304827849643177,-0.481828408044356
"4336","Queenstown2",0.344360932763374,-0.528605161911169
"4337","Queenstown3",0.45046974704927,-0.634235607384271
"4338","Quelimane",0.190595993352899,-0.368800307219803
"4339","Quellon",0.301203223171758,-0.483831223367352
"4340","Queretaro",-0.557344628967416,0.431557212517004
"4341","Quesada",0.3255365351177,-0.507847489021525
"4342","Quetta",0.177232824609003,-0.31230275967343
"4343","Quetzaltenango",0.455373866292115,-0.495468462384028
"4344","Quezon City",0.876494758134146,0.211828288854272
"4345","Qui Nhon",0.46350677829306,-0.521802942287526
"4346","Quibala",0.459052504130231,-0.642904194582917
"4347","Quibdo",0.376554242211776,-0.554481180971481
"4348","Quiemo",0.421576170030848,-0.603074511948979
"4349","Quillacollo",-0.052810418996652,-0.0975124313520221
"4350","Quillota",0.0276842513666918,-0.199751947297889
"4351","Quilon",0.779903724787848,-0.241090216175054
"4352","Quime",0.461977458934829,-0.64584508174132
"4353","Quincy",-0.314188086137123,0.147575026783663
"4354","Quinhagak",0.446199995479106,-0.630348411983207
"4355","Quipungo",0.464074340064226,-0.648238449333358
"4356","Quirihue",0.330036517471307,-0.512729274098576
"4357","Quissico",0.457495269381887,-0.641677251192158
"4358","Quito",-0.0354094302857332,0.0324379805811898
"4359","Quixada",0.109160648304672,-0.292380398378379
"4360","Qulan",0.399309215853303,-0.580316696920492
"4361","Qulsary",0.184230262966041,-0.362028372477138
"4362","Qunghirot",0.429003259753757,-0.593681174870768
"4363","Qurghonteppa",0.38629930555563,-0.49821435322037
"4364","Qusmuryn",0.242306363596875,-0.42504219649418
"4365","Quzhou",0.422933965874179,-0.391947362270355
"4366","Qyzylorda",-0.534406262868529,0.364231621556432
"4367","Raba",0.457171229694914,-0.602941368193633
"4368","Rabat",-0.459405890872604,0.431666817177269
"4369","Rabaul",0.447864471463656,-0.630146552030658
"4370","Rach Gia",0.62560466284279,-0.421910001641975
"4371","Racine",-0.547492082036252,0.401877748744174
"4372","Radom",-0.237596650522634,0.0928956024944117
"4373","Rafaela",-1.39325536544407,1.22087012476031
"4374","Rafha",-1.77356693913997,1.59564970327357
"4375","Ragusa",-0.381276127963326,0.208373976178403
"4376","Rahimyar Khan",0.595887033362332,-0.409662190938435
"4377","Raichur",0.163978944740316,-0.316562915420721
"4378","Raipur",0.0470822522159879,0.0437940513368408
"4379","Rajahmundry",1.15907738889688,0.14191438230216
"4380","Rajapalaiyam",0.385156578699823,-0.496133217839985
"4381","Rajkot",-0.0661883364320601,-0.0651940484027626
"4382","Rajshahi",7.72809416548689,6.68154886618792
"4383","Raleigh",-0.746344691300847,0.81477186791092
"4384","Rampur",1.36058205598169,0.486380191681356
"4385","Rancagua",-0.845778507427036,0.674312344277959
"4386","Ranchi",0.413556280714062,-0.254233491352906
"4387","Rangoon",-0.193433913489384,0.135188913436545
"4388","Rangpur",1.55426678850808,0.471064339854173
"4389","Rankin Inlet",0.170615638011321,-0.353637356778735
"4390","Rapid City",-0.309588903453991,0.152049856053634
"4391","Ras al Khaymah",-1.66019895187211,1.49578931761615
"4392","Rashid",-0.172640078940158,0.00398635966203167
"4393","Rasht",-0.269473140763549,0.127539574545865
"4394","Ratchaburi",-0.190051818998821,0.0208067484986593
"4395","Ratlam",0.314258000126455,-0.447480168981427
"4396","Raton",0.36765567272175,-0.548098854256159
"4397","Raub",0.296796755983671,-0.474706280057707
"4398","Raurkela",0.0571837260147842,-0.177805153023365
"4399","Ravenna",-0.89992782659271,0.740201071535326
"4400","Ravensthorpe",0.455092127027045,-0.63929725324765
"4401","Rawalpindi",0.93923145314743,0.10627687290503
"4402","Rawlins",0.320439734267414,-0.500212744791609
"4403","Rawson",-0.672674461983279,0.492791270769715
"4404","Rayevskiy",0.316076411886469,-0.496838069883276
"4405","Rayong",-0.735824560881296,0.562355259290525
"4406","Reading",-0.043414140694608,0.0294537510927215
"4407","Recife",-0.895190855177438,0.919299968903203
"4408","Reconquista",-0.820865687691767,0.648462766236586
"4409","Red Deer",-0.90651941683639,0.73556977636467
"4410","Red Lake",0.235981320085312,-0.418860501632455
"4411","Redding",-0.0910652772132744,-0.0573076864088188
"4412","Regensburg",0.123334573915268,-0.268504722773991
"4413","Reggane",0.149717517795661,-0.33194224921959
"4414","Reggio di Calabria",-0.329149257729023,0.165144101472595
"4415","Regina",-1.34044315223645,1.18851007690548
"4416","Registro",0.0826635186165643,-0.261136841364676
"4417","Rehoboth",0.40414704237532,-0.583718474476829
"4418","Reims",-0.680679733109545,0.524003305221847
"4419","Rennes",-0.725852661012535,0.575481732280267
"4420","Reno",-0.270989451899179,0.168066849098865
"4421","Resistencia",-1.45142734691462,1.31123871993166
"4422","Resita",0.229882898995102,-0.404821828587736
"4423","Revelstoke",0.29005714130087,-0.470155878689746
"4424","Reykjavik",-1.48566410249775,1.32881718058312
"4425","Reynosa",-1.48018443865305,1.34452100007731
"4426","Rezekne",0.162232019249345,-0.338159375361214
"4427","Rhinelander",0.094858721543669,-0.274479037344863
"4428","Ribeirao Preto",-0.838425713126014,0.722359156103713
"4429","Riberalta",0.281133018615747,-0.458531570413285
"4430","Richland",-0.362830604020648,0.187291492990384
"4431","Richmond1",-0.59869210884682,0.74831893092536
"4432","Richmond2",0.352092356453024,-0.533370649642157
"4433","Richmond3",-0.336460860009428,0.169632849518526
"4434","Richmond4",0.214126120876576,-0.39388253728932
"4435","Richmond5",0.427228641240677,-0.611402359475867
"4436","Rida",0.449507785021749,-0.625481693173566
"4437","Ridder",0.282054502237254,-0.457866709774401
"4438","Riga",-0.986601458685954,0.864837494153806
"4439","Rigolet",0.445654495816841,-0.629936610257365
"4440","Rijeka",-0.267671869133947,0.109330501531654
"4441","Rimouski",-0.321246460344382,0.149955743897521
"4442","Rio Bueno",0.29405438936474,-0.475882642913635
"4443","Rio Claro",-0.180653023469559,0.0356096400628785
"4444","Rio Colorado",0.158442887242589,-0.338753049271149
"4445","Rio Cuarto",-0.63090093288195,0.462747731420849
"4446","Rio de Janeiro",-2.15133677310875,2.5055668631287
"4447","Rio Gallegos",-0.942195520326317,0.769480144393843
"4448","Rio Grande1",-0.431423457471583,0.264524429521549
"4449","Rio Grande2",-0.937788621347859,0.760222483732188
"4450","Rio Largo",0.135908271668835,-0.256294440287861
"4451","Rio Negro",0.196388086454262,-0.368178040455043
"4452","Rio Tercero",-0.0832825876034912,-0.0924100608034601
"4453","Rio Verde1",0.315721563668641,-0.490300736332024
"4454","Rio Verde2",-0.163850562495514,-0.00838458595836801
"4455","Riobamba",0.22986863270992,-0.399321263640046
"4456","Riohacha",-0.215971483217818,0.0400942207991053
"4457","Rivas",0.355821957928698,-0.535072092495975
"4458","Rivera",-0.144914068238374,-0.0190717437649791
"4459","Riverside",-1.48315134514923,1.64922215051961
"4460","Riverton",0.301266926946358,-0.480209495471316
"4461","Riviere-du-Loup",-0.268502080471174,0.0914417922780431
"4462","Rivne",0.153302479196307,-0.3231622268385
"4463","Riyadh",-6.19645625001238,6.32464312935469
"4464","Rize",0.368751125985626,-0.435949297233139
"4465","Rizhao",0.189056757610756,-0.152529444354006
"4466","Roanne",-0.120240689439816,-0.0425703294964195
"4467","Roanoke",-0.26304874496851,0.166902823739314
"4468","Robertsport",0.464455620276611,-0.647990063785963
"4469","Robore",0.40287723731765,-0.583774908688108
"4470","Rocha",0.0140430162102745,-0.192810387488547
"4471","Rochester1",-0.500227217764315,0.523897576347378
"4472","Rochester2",-0.553118186495101,0.398994941239849
"4473","Rock Hill",-0.533485774302049,0.386891513151464
"4474","Rock Island",-0.874197883772964,0.744808646896599
"4475","Rockford",-0.553027913284364,0.460620378739443
"4476","Rockhampton",0.0558128968263819,-0.224734887239951
"4477","Rocky Mount",-0.432978216562849,0.275994143623727
"4478","Rodeo",0.40021740759541,-0.584141608393987
"4479","Rodos",-0.255716600928068,0.0780798132669546
"4480","Roebourne",0.41199264563497,-0.594994104121937
"4481","Rohtak",0.613590340398075,-0.082986063941667
"4482","Rolim de Moura",0.211428489197672,-0.386391863497865
"4483","Roma",0.341298686202583,-0.523239947331956
"4484","Rome",-1.80005731369208,1.86548441325324
"4485","Rondonopolis",-0.874967352212535,0.70852627006639
"4486","Rosario do Sul",0.121463546584567,-0.300777065952211
"4487","Rosario1",-2.13157834479405,2.06787263844979
"4488","Rosario2",0.284577866077648,-0.466232003761266
"4489","Rosario3",0.360280595566876,-0.543890744606219
"4490","Roseau",0.360556328402947,-0.540491420847105
"4491","Roseburg",0.167540328816306,-0.339388415714414
"4492","Rosenheim",0.284722215317973,-0.452477082460198
"4493","Roskilde",-0.00575477104434764,-0.168731377103741
"4494","Roslavl",0.127277290311134,-0.3043134856913
"4495","Rosso",0.39504595528826,-0.575007626031733
"4496","Rostock",-0.136716123981288,-0.00574121853503176
"4497","Rostov1",-0.767925808222988,0.65019815637989
"4498","Rostov2",-0.0137715981620248,-0.166245072305058
"4499","Roswell",0.0547029341492821,-0.220280671610225
"4500","Rotorua",0.228958560738176,-0.400314136786894
"4501","Rotterdam",-4.34443058417194,4.35313108935842
"4502","Rouen",-0.649412408221451,0.530582656004837
"4503","Roura",0.430829660223796,-0.614984645734078
"4504","Rouyn-Noranda",-0.244206715239726,0.068977969073403
"4505","Rovaniemi",-0.954584540119748,0.780718273100955
"4506","Roxas",0.401577867829911,-0.57929703849363
"4507","Rubtsovsk",0.146422343508211,-0.316558630947276
"4508","Rudny",-0.0937947232305621,-0.0836395315644193
"4509","Ruhengeri",0.669329724053924,-0.43598393722529
"4510","Rumbek",0.462603507135698,-0.645827275276943
"4511","Rundu",0.369335096645705,-0.550522547024694
"4512","Ruse",-0.00845489489755757,-0.155351270110835
"4513","Russas",-0.0368351957594206,-0.142954752272862
"4514","Rustavi",0.126633697215191,-0.295552503120805
"4515","Rustenburg",-0.119799235969583,-0.0332734571643062
"4516","Ruteng",0.456431592518106,-0.632232226774823
"4517","Ruzayevka",0.183689469873251,-0.358891640851455
"4518","Ryazan",-0.812344322790306,0.681437956865204
"4519","Rybinsk",-0.259559107941327,0.0991622191060201
"4520","Rzeszow",-0.0179806875675383,-0.0988184672629825
"4521","Rzhev",0.104424956801287,-0.281348198413388
"4522","Saarbrucken",0.117982970583155,-0.0931202261754844
"4523","Sabanalarga",0.225484203436932,-0.395182479644898
"4524","Sabha",-0.701977618979535,0.528969588133821
"4525","Sabinas Hidalgo",0.153879389707419,-0.333853434045393
"4526","Sabzewar",0.00932176890698272,-0.182372468445935
"4527","Sacramento",-0.954089022570192,1.11714877358507
"4528","Sadah",0.415551800728752,-0.567955803836855
"4529","Sadiqabad",0.721561299656012,-0.212894160855218
"4530","Safford",0.296444925066414,-0.475367872294137
"4531","Safi",-0.413263490542689,0.244993422863241
"4532","Safonovo",0.104768558848253,-0.281108992573275
"4533","Sagar",0.289978249627153,-0.435721784735037
"4534","Saginaw1",-0.535289844873394,0.396563503469011
"4535","Saginaw2",-0.175504087021119,0.0202255835710272
"4536","Sagua la Grande",0.279791278590537,-0.459922505861945
"4537","Saharanpur",3.26234273931976,2.47848137008821
"4538","Sahiwal",1.44932169930799,0.43687679011152
"4539","Saida1",0.0353873899178425,-0.17295952860314
"4540","Saida2",-0.012288388531907,-0.160313650095878
"4541","Saidpur",1.82049534914679,0.761734533519522
"4542","Saidu",0.671770972243668,-0.416895167301967
"4543","Saint GeorgeÛªs",0.297132701311192,-0.477925022540536
"4544","Saint John's",0.000748445653263916,-0.175933726342488
"4545","Saint-Etienne",-0.401848781465612,0.260934474858966
"4546","Saint-Georges1",-0.149467238581642,-0.0232061160768019
"4547","Saint-Georges2",0.413822113306025,-0.597976772326569
"4548","Saint-Laurent-du-Maroni",0.0797297768994299,-0.262950553120543
"4549","Saint-Louis",0.396802091926596,-0.569828055094132
"4550","Sakata",0.258539521822503,-0.433216671252228
"4551","Sakhon Nakhon",0.178962530419605,-0.352055654007603
"4552","Saki",0.277669407147351,-0.454793966715845
"4553","Salalah",-3.39148451824329,3.23188066446745
"4554","Salamanca1",-0.801884977857127,0.6347320984286
"4555","Salamanca2",0.295979436317641,-0.477776276968194
"4556","Salamanca3",-0.501427850174228,0.337876835277838
"4557","Salatiga",0.349480812078777,-0.502904868542918
"4558","Salavat",-0.822621530620339,0.648698033763425
"4559","Salaverry",0.232310410546995,-0.415538108845722
"4560","Saldanha",0.0426376122187927,-0.223152394055237
"4561","Sale",0.249403076459802,-0.430157534745451
"4562","Salekhard",-1.57343423941246,1.39287297682582
"4563","Salem1",-0.545542710053539,0.447046543762208
"4564","Salem2",-0.384235052364116,0.253507430123194
"4565","Salem3",0.884751342590036,0.0368442349782827
"4566","Salerno",-0.680344204512391,0.637225770402683
"4567","Salgueiro",0.132726620175563,-0.315024154838014
"4568","Salima",0.501495022909991,-0.600826183902036
"4569","Salina",-0.0904018303838117,-0.0771535750410486
"4570","Salina Cruz",-5.42793613811097,5.25610349255661
"4571","Salinas1",-0.421161448786906,0.257622148898352
"4572","Salinas2",0.179781182526076,-0.362997255834246
"4573","Salinopolis",0.0674546881344157,-0.249418305081405
"4574","Salisbury",-0.312857756153448,0.148054172819302
"4575","Salluit",0.408614870752401,-0.592934162052845
"4576","Salmon",0.40018194105298,-0.58242796835506
"4577","Salsk",0.100033339882658,-0.277337892136863
"4578","Salt Lake City",-0.363641288097487,0.549066972715905
"4579","Salta",-0.856896249929504,0.713145851337123
"4580","Saltillo",-0.343243371215922,0.213452957117812
"4581","Salto",-0.80028202583305,0.625914113109399
"4582","Salum",0.152205153179478,-0.335333861229409
"4583","Salvador",-1.47241499112441,1.41583831738195
"4584","Salzburg",0.0855787897060871,-0.232145812079178
"4585","Samalut",-0.213977431661103,0.0767264606402254
"4586","Samandagi",0.252938023054649,-0.413271065480544
"4587","Samara",-1.19579171657312,1.10742039591029
"4588","Samarinda",0.0854332741407916,-0.234853857198407
"4589","Samarqand",0.256623132434184,-0.307138882843482
"4590","Sambalpur",0.203271400542267,-0.339313713755741
"4591","Sambava",0.456516898015693,-0.636127420954835
"4592","Same",0.458280519435359,-0.642123092346451
"4593","Sampit",0.348929213640387,-0.524642497321299
"4594","Samsun",-0.00668578741996602,-0.0383864987788871
"4595","Samut Prakan",-1.03083780980025,1.0632271481176
"4596","San",0.414175556841427,-0.593766530429563
"4597","San Angelo",-0.230141602657304,0.0786289601100362
"4598","San Antonio de los Banos",0.216030282738538,-0.398475113342588
"4599","San Antonio Oeste",-0.188735076538466,0.00760689812804068
"4600","San Antonio1",-1.5316357024615,1.70982376156241
"4601","San Antonio2",-0.286319433712365,0.115467603419596
"4602","San Bernardino",-1.30284122391199,1.5698881684566
"4603","San Bernardo",-1.21069869261535,1.14810461232823
"4604","San Carlos",0.43876726810675,-0.621440414647714
"4605","San Carlos de Bariloche",0.034398898477797,-0.199193643381061
"4606","San Carlos del Zulia",0.096133842945602,-0.274107995586709
"4607","San Cristobal",-0.152741090271894,0.00238603837944583
"4608","San Cristobal de Las Casas",0.296405952661944,-0.457774986557253
"4609","San Diego",-0.547051324886389,0.835511445805419
"4610","San Felipe1",0.0583443841865871,-0.238505343762497
"4611","San Felipe2",-0.211114953271997,0.0308756428607683
"4612","San Fernando de Apure",-0.296455598256469,0.129041813172549
"4613","San Fernando1",-1.58251304793372,1.43192633974235
"4614","San Fernando2",0.0735170460757432,-0.251722141476523
"4615","San Fernando3",0.000240396201829696,-0.178238712944195
"4616","San Francisco de Macoris",-0.00137314179926797,-0.17215028581573
"4617","San Francisco1",-0.754130143877011,1.20968547193106
"4618","San Francisco2",-0.557240609498741,0.379741437563622
"4619","San Gabriel",0.422408174009665,-0.604371779617107
"4620","San Ignacio",0.413059982926239,-0.589712968017941
"4621","San Javier",0.435481107237956,-0.617843064364986
"4622","San Jose de Mayo",-0.563196772632051,0.383660269959702
"4623","San Jose del Guaviare",0.310219033179774,-0.492184946459121
"4624","San Jose1",-0.334150385316635,0.307548840796836
"4625","San Jose2",0.276812611093999,-0.45793592355158
"4626","San Jose3",-0.972893425604659,1.11328036801503
"4627","San Juan Bautista",0.137964064055564,-0.320187812415381
"4628","San Juan del Rio",0.11196324758384,-0.277629437881117
"4629","San Juan del Sur",0.393933363178741,-0.578093176031348
"4630","San Juan1",-0.121390217634705,0.476292995676812
"4631","San Juan2",-0.855373172493518,0.749616241444576
"4632","San Justo",-0.375419687184365,0.193380656444618
"4633","San Lorenzo1",0.369188390480718,-0.551994602768117
"4634","San Lorenzo2",-1.35636034800824,1.31582132260617
"4635","San Luis Obispo",0.0182955090576062,-0.189674163669988
"4636","San Luis Potosi",-0.173960626961936,0.0562771764425079
"4637","San Luis1",0.450034176498579,-0.633297798746323
"4638","San Luis2",-0.724566826299423,0.559270981101468
"4639","San Marcos",-0.402531874691226,0.233854609650817
"4640","San Marino",-0.141504633228005,-0.032078900418271
"4641","San Martin1",-0.425827562550193,0.255314503771014
"4642","San Martin2",0.301407798680728,-0.483688642584358
"4643","San Mateo",-0.660977734993098,0.580378762704836
"4644","San Miguel",0.271572341754669,-0.436244852882289
"4645","San Miguel de Tucuman",-1.28537414716861,1.16643119501163
"4646","San Nicolas",-0.693323421750895,0.528801850931826
"4647","San Pablo",0.356788448819591,-0.52393996788505
"4648","San Pedro de las Colonias",0.147247105414053,-0.326628198597539
"4649","San Pedro de Macoris",-0.292699517479357,0.121309822340858
"4650","San Pedro Sula",-0.513616248445869,0.365065036273845
"4651","San Pedro1",0.106925703757835,-0.283956617591901
"4652","San Pedro2",-0.000207521831169441,-0.182255149313496
"4653","San Rafael1",-0.285324454194192,0.113013686518907
"4654","San Rafael2",0.439242258975512,-0.623109287995631
"4655","San Ramon",0.414760620455619,-0.597384316461721
"4656","San Ramon de la Nueva Oran",-0.273567132550051,0.0942905914127186
"4657","San Salvador",0.172947165726527,-0.218698018317797
"4658","San Salvador de Jujuy",-0.15386296252035,-0.0097212750478374
"4659","San SebastiÌÁn",-0.577642438450144,0.434668174809259
"4660","San-Pedro",0.283634669071796,-0.457497805844246
"4661","Sanaa",-0.0521456384606414,-0.0737315038532686
"4662","Sanandaj",-0.0357190284890068,-0.13463882568145
"4663","Sancti Spiritus",0.141860876542444,-0.319347970785201
"4664","Sandakan",0.0554026469087501,-0.220878359241333
"4665","Sandnes",-1.15604464785275,0.982577897146448
"4666","Sanford",-0.815659497468932,0.750065538574362
"4667","Sangli",0.465051652421174,-0.425031826060394
"4668","Sangolqui",0.0277592060437376,-0.171704814544066
"4669","Sanliurfa",-0.397100127942914,0.232180499070117
"4670","Sanming",0.222609946775692,-0.40679538428005
"4671","Santa Ana",0.334629239931894,-0.496913534779831
"4672","Santa Barbara1",0.401092736673601,-0.58415931122037
"4673","Santa Barbara2",-0.0842328296734184,-0.0559097863250971
"4674","Santa Barbara3",0.361822374072087,-0.545044523476922
"4675","Santa Clara",0.0480004721409327,-0.213916076963645
"4676","Santa Cruz Cabralia",0.233256340881535,-0.417422522854922
"4677","Santa Cruz de Tenerife",-0.747472448392978,0.588943680577905
"4678","Santa Cruz do Sul",-0.262014242718658,0.0952676177461018
"4679","Santa Cruz1",-0.415001194300996,0.234413160205779
"4680","Santa Cruz2",0.126977334535397,-0.310510826260932
"4681","Santa Fe1",0.150103328863794,-0.307240553722614
"4682","Santa Fe2",-2.64799692291836,2.49402381518703
"4683","Santa Ines",0.0389489127527817,-0.210298995900593
"4684","Santa Lucia",0.106567057526224,-0.288442523276216
"4685","Santa Maria da Vitoria",0.0317773547588892,-0.215330340663687
"4686","Santa Maria1",-0.121688569180362,-0.0377801567512139
"4687","Santa Maria2",-0.0435998868885746,-0.107323239961816
"4688","Santa Marta",-1.37833472139588,1.20830077867378
"4689","Santa Rita",-0.592882861183351,0.40964714382026
"4690","Santa Rosa de Copan",0.313148034146602,-0.493677922534188
"4691","Santa Rosa1",-0.156639851467518,0.0221991073257101
"4692","Santa Rosa2",-0.844049202545178,0.673713995906256
"4693","Santa Rosa3",0.158556072495961,-0.33109233976134
"4694","Santa Rosalia",0.229216480132064,-0.411453207709187
"4695","Santa Vitoria do Palmar",0.164792960071538,-0.345068887184334
"4696","Santana do Livramento",-0.0986822689636388,-0.073114654610156
"4697","Santander",-1.14348891248964,0.994465399729363
"4698","Santarem",-0.609673906076805,0.439276196836281
"4699","Santiago de Compostela",-0.340306182731839,0.165067004922204
"4700","Santiago de Cuba",-0.25751062019076,0.100429039499515
"4701","Santiago del Estero",-1.49909728059808,1.34572890434288
"4702","Santiago Ixcuintla",0.276441308313919,-0.456833304754596
"4703","Santiago Tuxtla",0.377864300497051,-0.559953570150697
"4704","Santiago1",0.151080333923339,-0.329349608165854
"4705","Santiago2",-0.276929614054252,0.152737336987944
"4706","Santiago3",-1.5979237178789,1.74419674042833
"4707","Santo Andre",-2.34396631321595,2.46564913776221
"4708","Santo angelo",0.145024200160708,-0.319265639463447
"4709","Santo Domingo",-0.645318136211312,0.626100344166709
"4710","Santo Tomas",0.456947237606515,-0.639897735869319
"4711","Santos",-1.72682294420396,1.65757767457792
"4712","Sanya",-0.392462332427798,0.226740936623489
"4713","Sao Borja",-0.0342550240528237,-0.14194810619426
"4714","Sao Carlos",-0.141004182870711,-0.00887260870146322
"4715","Sao Francisco do Sul",-0.0853521708732786,-0.095456515958874
"4716","Sao Gabriel",-0.248033619992659,0.0703418790868065
"4717","Sao Joao da Boa Vista",0.122138314347019,-0.292940815455933
"4718","Sao Joao del Rei",0.12600811219375,-0.296439654931294
"4719","Sao Jose de Ribamar",-0.119244171146478,-0.061471206551614
"4720","Sao Jose do Rio Preto",-0.755403768519013,0.618988558306728
"4721","Sao Jose dos Campos",-0.739698076604161,0.638798276817089
"4722","Sao Jose dos Pinhais",-0.543052620101283,0.4637565981599
"4723","Sao Lourenco do Sul",-0.0960340346279163,-0.0854829744865058
"4724","Sao Luis",-1.25356997259773,1.16257881783462
"4725","Sao Luiz Gonzaga",0.280134071432839,-0.458527106872388
"4726","Sao Mateus",-0.484535886655866,0.309269401425727
"4727","Sao Paolo",-1.68752472621388,2.48011750318627
"4728","Sao Tome",0.348774095823437,-0.521662923398324
"4729","Sapele",-0.734289063977299,0.648228090242948
"4730","Sapporo",-0.898560882887869,0.874181164083637
"4731","Saraburi",-0.205872782319157,0.0308043441197602
"4732","Sarajevo",-0.11576518801265,-0.0307693808106562
"4733","Saransk",-0.479943470479866,0.325028632783164
"4734","Sarapul",-0.381465235341263,0.208863777776126
"4735","Sarasota",-0.552668850713268,0.537440412149975
"4736","Saratoga Springs",0.0202802123864613,-0.180365468927377
"4737","Saratov",-1.04289936398362,0.921205964947022
"4738","Sargodha",1.27466026651952,0.264666332766337
"4739","Sarh",0.46237421653524,-0.641896235714976
"4740","Sari",-0.490954110762973,0.334516651766279
"4741","Sarmiento",0.151766427474421,-0.333587363834123
"4742","Sarnia",-0.648979319076954,0.52327453286938
"4743","Sarqan",0.450483546920291,-0.628536069953796
"4744","Saryshaghan",0.409783290113949,-0.594031750015043
"4745","Saseba",0.138399270536656,-0.30314032446045
"4746","Saskatoon",-1.38913077654521,1.24708036511812
"4747","Sasovo",0.325415445260635,-0.505281999212504
"4748","Sassandra",0.425155963054821,-0.605881404069589
"4749","Sassari",-0.31927856217298,0.1495973233398
"4750","Satadougou",0.46389639313232,-0.64805769177489
"4751","Saudarkrokur",-0.13397894911982,-0.0495780971745519
"4752","Sault Ste. Marie",-0.706613066131917,0.548170445856892
"4753","Saurimo",0.226101500676011,-0.405013507830086
"4754","Savannah",-1.17019990691357,1.044574484538
"4755","Savannakhet",0.181332872456047,-0.354389995882342
"4756","Saveh",-0.182016008847068,0.0047558484629965
"4757","Savetskaya Gavan",0.145534914063747,-0.327310622366471
"4758","Savonlinna",0.0528329587235632,-0.227758318707275
"4759","Sawahlunto",0.452011264412777,-0.618642654780264
"4760","Sayanogorsk",0.108358053602713,-0.289602403363929
"4761","Saywun",-0.485756913183775,0.307615018418008
"4762","Scarborough",0.182310020306835,-0.355161499661399
"4763","Schefferville",0.294179126018403,-0.478464018510954
"4764","Schenectady",-0.189653165776607,0.0580413091071354
"4765","Scottsbluff",-0.0551385239287033,-0.119011465058952
"4766","Scottsdale1",0.432654552887627,-0.61641052947961
"4767","Scottsdale2",-0.515547905746255,0.341016184209695
"4768","Scranton",-0.293416148354941,0.157954052235694
"4769","Seattle",-0.551734489626234,1.08686528614134
"4770","Sechura",0.293090160925759,-0.475999569657479
"4771","Sefra",0.289057125037086,-0.469296629446173
"4772","Segezha",-0.198106265031359,0.0169981526128406
"4773","Segou",0.342962325696927,-0.521032959247352
"4774","Seguela",0.305372676854893,-0.486429658700338
"4775","Sekondi",0.122568665425932,-0.279908853448522
"4776","Selawik",0.362587742793319,-0.546677568134351
"4777","Selfoss",-0.283876670186534,0.101216679481117
"4778","Selibaby",0.455625141695081,-0.639789710660466
"4779","Selkirk",-0.288694429046577,0.107259644425528
"4780","Selma",-0.372605196951778,0.196093237538617
"4781","Semarang",3.13613118142365,2.20211042708176
"4782","Sembe",0.465402451672884,-0.647054137427105
"4783","Semey",0.00491128815515053,-0.154002115624367
"4784","Semnan",-0.0885293855070535,-0.0851984665143637
"4785","Sena Madureira",0.197846253365667,-0.376748885324748
"4786","Sendai",-0.250302057239544,0.190045820769731
"4787","Senhor do Bonfim",0.184251104446061,-0.366255079629479
"4788","Sennar",0.38722718817947,-0.566518322577416
"4789","Sensuntepeque",0.422906866727712,-0.602509400073249
"4790","Seoul",-1.24778065941139,2.05832705044449
"4791","Serang",0.510041205258313,-0.0747345350568618
"4792","Serdobsk",0.355366795822314,-0.531949940536833
"4793","Seremban",-0.850467304905092,0.711325251592648
"4794","Seres",-0.0746478046273121,-0.103888502172899
"4795","Sergiyev Posad",-0.199087769334003,0.0319718584809327
"4796","Serov",-0.13006919010288,-0.038408767877893
"4797","Serowe",0.402953968572692,-0.572347144802079
"4798","Serpukhov",-0.515390665365851,0.347618571003922
"4799","Serrinha",0.267184110496433,-0.438158845509936
"4800","Sesheke",0.394828627928456,-0.578996668237953
"4801","Sete Lagoas",-0.202791166973124,0.0422597363274279
"4802","Setif",-0.503086989244255,0.343487336080983
"4803","Settat",-0.0915702831740159,-0.0831481534659199
"4804","Setubal",-1.00787836712642,0.846539486890655
"4805","Sevastapol",0.0261485645944095,-0.172261484991605
"4806","Severnyy",0.0475262669747537,-0.230063179722586
"4807","Severodvinsk",-1.23605632543901,1.06680686956513
"4808","Severomorsk",-1.05516574905034,0.876468173994964
"4809","Severouralsk",0.244591306416461,-0.420096848885473
"4810","Seville",-2.21169014703669,2.11821181282685
"4811","Seymour",0.366928507482002,-0.549387050534916
"4812","Sfax",-0.496193211694896,0.37058775468634
"4813","Shache",0.288468467370732,-0.459135146855487
"4814","Shadrinsk",-0.107605729960155,-0.0673453655504185
"4815","Shahjahanpur",1.82941095541184,0.780219540592393
"4816","Shahrisabz",0.455784790002338,-0.509050209344061
"4817","Shahrud",-0.0621613960380339,-0.116739495806436
"4818","Shakhty",0.104951866545016,-0.252725242461333
"4819","Shalqar",0.285464513690005,-0.465910678897179
"4820","Shamattawa",0.374742269907666,-0.558500153388287
"4821","Shamva",0.453405794525338,-0.635479819316372
"4822","Shangdu",0.417796634988365,-0.598259224355405
"4823","Shanghai",2.42008232874917,3.40369775498967
"4824","Shangqiu",2.00596333599629,1.07495061489348
"4825","Shangrao",0.451950770495022,-0.442047156287191
"4826","Shangzhi",0.408214154724163,-0.582028976640043
"4827","Shannon",0.0332005385589983,-0.21499073004372
"4828","Shantou",1.20210737547773,0.659731781515858
"4829","Shanxian",1.32229196493799,0.31946724051181
"4830","Shaoguan",0.123616728105442,-0.235745217998732
"4831","Shaowu",0.306774598353159,-0.49096261000052
"4832","Shaoxing",-0.0315783763700108,0.26861932275423
"4833","Shaoyang",0.452962432740203,-0.622887806132465
"4834","Shar",0.40553407859849,-0.587956526985358
"4835","Sharbaqty",0.211266631787642,-0.395541379009138
"4836","Sharjah",-3.82692124346774,3.72216034898979
"4837","Sharya",0.237526957887869,-0.413709282110455
"4838","Shashemene",0.572918108905476,-0.530409573866163
"4839","Shashi",0.398957128992236,-0.385776109316117
"4840","Shawinigan",-0.0797233486869858,-0.0887130019090511
"4841","Shawnee",-0.250143700855853,0.0767014182036879
"4842","Shchekino",0.0682228270940479,-0.243228599948771
"4843","Shebekino",0.226131579282606,-0.403562615652878
"4844","Sheberghan",0.364554267108486,-0.531619237802026
"4845","Sheboygan",-0.291582428118721,0.122359214916573
"4846","Sheffield",-0.497978399019811,0.542123321614771
"4847","Sheikhu Pura",0.997336754870055,0.056857781840878
"4848","Shelburne",0.390308035908539,-0.572727675704779
"4849","Shemonaikha",0.357185684134164,-0.537850942444102
"4850","Shendi",0.424088822959954,-0.594751999314277
"4851","Shenyeng",-0.892110016252692,1.02368480024762
"4852","Shenzhen",-0.833488232049242,1.32176952397997
"4853","Shepparton",0.123807462985435,-0.300174279316198
"4854","Sherbrooke",-0.557254340088471,0.410398718077463
"4855","Sherlovaya Gora",0.40974197406384,-0.59380781416886
"4856","Sherman",-0.266222651773457,0.0990202535416481
"4857","Shieli",0.365768579294394,-0.544360381252728
"4858","Shihezi",0.215458997616287,-0.319491969657481
"4859","Shijianzhuang",2.51422169776709,1.72440825856995
"4860","Shilka",0.413629724194604,-0.593808974393892
"4861","Shillong",0.436593818148592,-0.539796555300214
"4862","Shimanovsk",0.315784410739797,-0.493840104339125
"4863","Shimoga",0.334123939260809,-0.427090368346557
"4864","Shimonoseki",0.123068212802403,-0.276273052331936
"4865","Shinyanga",0.46540534264229,-0.617705069320848
"4866","Shira",0.373431421549077,-0.557714903647649
"4867","Shiraz",-0.518513501794916,0.410191096805858
"4868","Shishou",0.442940562853921,-0.564944109536309
"4869","Shiyan",0.234726508259402,-0.369959699677747
"4870","Shizuishan",0.254298305438938,-0.434866483825925
"4871","Shizuoka",-0.108578003748695,-0.0184693907995466
"4872","Shkoder",-0.185396360991867,0.00700573358450045
"4873","Sholapur",-0.00777892630040873,-0.133699064480728
"4874","Shonzhy",0.439914514366445,-0.622098378073278
"4875","Shostka",0.356938087974721,-0.530301215637158
"4876","Shouzhou",0.108260687423384,-0.242853230416946
"4877","Shreveport",-1.39344424844141,1.29563468527369
"4878","Shu",0.351237762501794,-0.524303297067998
"4879","Shuangcheng",0.336840204143548,-0.498512061555103
"4880","Shulan",0.245871129760471,-0.416163232714311
"4881","Shumen",0.202761351112601,-0.37920339546313
"4882","Shumerlya",0.277875776092396,-0.456439462733569
"4883","Shuya",0.181852103022063,-0.355609771974126
"4884","Shuyang",1.28492478285111,0.413346457102409
"4885","Shwebo",0.406320043647453,-0.580074963763969
"4886","Shymkent",0.0399962994226066,-0.172079280366749
"4887","Si Racha",-0.67637726903174,0.493739887975483
"4888","Sialkote",0.890384758653656,-0.0514671367170184
"4889","Siauliai",-0.075430779144219,-0.0920511217590303
"4890","Sibay",-0.0486622220878236,-0.128922152703381
"4891","Sibiti",0.463402321994572,-0.646307730280047
"4892","Sibiu",-0.360352736918185,0.189947094483363
"4893","Sibolga",0.443862692932343,-0.581096802551008
"4894","Sibu",0.0125192650412863,-0.176661759501552
"4895","Sibut",0.46555187147599,-0.646904717623999
"4896","Sica Sica",0.45192288342488,-0.635791620774601
"4897","Sicuani",0.444913438852297,-0.626041574833623
"4898","Sidi bel Abbes",-0.444681621263701,0.27382834241129
"4899","Sidney",0.233067830837999,-0.414690213864119
"4900","Siedlce",0.0371667951340544,-0.209053866161376
"4901","Siem Reap",0.220912435445432,-0.391974425138155
"4902","Siena",-0.0177939067967315,-0.158425599695778
"4903","Siguiri",0.457460961741353,-0.637938306629292
"4904","Sikar",0.465056481689116,-0.39503628984917
"4905","Sikasso",0.358356262327801,-0.536069091399528
"4906","Sikonge",0.463199363667757,-0.646420406085886
"4907","Silchar",0.977583427244084,-0.0737706299156994
"4908","Siliguri",1.35420710898366,0.346887501535853
"4909","Simao",0.234219656515276,-0.406544479259775
"4910","Simferopol",0.17914707925602,-0.325947058139269
"4911","Sincelejo",-0.306084123651772,0.137062980017846
"4912","Singapore",-3.07196259504574,3.05455234697402
"4913","Singaraja",0.424767069929239,-0.572978302850953
"4914","Singida",0.437038417881667,-0.615891989396753
"4915","Singkawang",0.332859729378544,-0.510443086955589
"4916","Singleton",0.291318183091599,-0.473931878054445
"4917","Sinnamary",0.39883390733991,-0.582677612633762
"4918","Sinop",-0.175495110648457,-0.00314982643028525
"4919","Sinuiju",0.359684044032613,-0.53572227614395
"4920","Sioux City",-0.76819154789102,0.612278203206785
"4921","Sioux Falls",-1.43469298124784,1.29314733597086
"4922","Siping",0.0382041027572389,-0.153996707938753
"4923","Siracusa",-0.390471907813087,0.225328687892914
"4924","Sirsa",0.514042293081059,-0.326448073668787
"4925","Sisaket",0.161997252062133,-0.337997788791551
"4926","Sisophon",0.44284836820233,-0.621836234571576
"4927","Sitapur",1.35033053790687,0.289454671658654
"4928","Sitia",0.282003334965152,-0.464929286441713
"4929","Sitka",0.285579498498255,-0.466782150286402
"4930","Sittwe",0.437722466388632,-0.615127262821738
"4931","Sivas",-0.115608560376687,-0.0553107968732511
"4932","Siwa",0.14911951420043,-0.328927877152805
"4933","Sixaola",0.451937881870486,-0.635787239759896
"4934","Skagway",0.408371133249559,-0.592356204048127
"4935","Skelleftea",-0.570062889604767,0.397875756790023
"4936","Skien",-0.783815491931902,0.623814015163436
"4937","Skikda",-4.46348057205709,4.31121176093772
"4938","Skopje",-0.672848084926703,0.530019514892944
"4939","Skovorodino",0.232144875608825,-0.41289917101611
"4940","Slantsy",0.172815069451036,-0.353712136955024
"4941","Slavgorod",0.327035394371169,-0.506183209398451
"4942","Slavonski Brod",-0.0995624180476505,-0.0651296792000349
"4943","Slidell",-0.492848940771244,0.342547286575078
"4944","Sligo",0.0388068620647774,-0.218849157124309
"4945","Sliven",0.0278957701828223,-0.204028070191822
"4946","Slobodskoy",0.379507718604893,-0.557904941896555
"4947","Slupsk",-0.245601865727476,0.0747124547136684
"4948","Slyudyanka",0.336525522708587,-0.516490296086725
"4949","Smara",-0.0944806569771331,-0.0863435088958857
"4950","Smithers",0.188154487791654,-0.370254143379544
"4951","Smithton",0.398966606024974,-0.581766916533823
"4952","Smolensk",-0.566647549263887,0.414401707810544
"4953","Sobral",-0.737414364762684,0.558881106908445
"4954","Soc Trang",0.504201661753702,-0.48997987110823
"4955","Sochi",-1.03724903232847,0.86600901899879
"4956","Socorro1",0.314780908108432,-0.495082608164566
"4957","Socorro2",0.400027218130839,-0.582628171263307
"4958","Sodankyla",-0.125174002718789,-0.0560111147212309
"4959","Sodo",0.930541929622969,-0.179483851655097
"4960","Sofia",-0.507872863276665,0.4030285727736
"4961","Sogamoso",0.234665276086995,-0.411658306499163
"4962","Sohag",-0.0173469157973279,0.207426737972632
"4963","Sohano",0.433499261004614,-0.616719885488219
"4964","Sokcho",-0.127876957148476,-0.0476916252491539
"4965","Soke",0.15553682826978,-0.318115306860339
"4966","Sokode",0.429816172682866,-0.605934947052854
"4967","Sokol",0.054208314832529,-0.230003709368139
"4968","Sokolo",0.464449206737724,-0.648007382362265
"4969","Sokoto",0.433515535951729,-0.505370667000523
"4970","Sol-lletsk",0.177658874440993,-0.355004717953037
"4971","Soledad",-0.611058358696054,0.476242094194995
"4972","Solikamsk",-0.351849364881025,0.186856482199836
"4973","Solnechnogorsk",-0.386225578351329,0.207032230616895
"4974","Solwezi",0.286295007944444,-0.466171006716965
"4975","Son Tay",0.403928348875447,-0.371132711287365
"4976","Sonbong",0.458693721547969,-0.638273693596862
"4977","Songea",0.444508764856028,-0.621592067852012
"4978","Songkhla",0.114275339344625,-0.289116814048676
"4979","Songo",0.463168393603099,-0.645151886774277
"4980","Sonipat",0.422223599458064,0.0526005556416856
"4981","Sonson",0.433030404134601,-0.615628804615382
"4982","Sonsonate",0.359138124608269,-0.515313599062235
"4983","Sopur",0.492995717254527,-0.545892353813624
"4984","Sorocaba",-1.08399285820533,0.976892425313997
"4985","Sorong",0.185350302621628,-0.366062508826156
"4986","Soroti",0.460623258800349,-0.644464557439912
"4987","Sosnogorsk",-0.289047902895386,0.107112051300744
"4988","Sotik",0.478583321149992,-0.632698506018641
"4989","Soubre",0.406914495755583,-0.573010593132217
"4990","Souk Ahras",-0.170412759129882,-0.00188991685165932
"4991","Sousse",-0.699291021210476,0.549995220673802
"4992","South Bend",-0.743555931615348,0.647980181370141
"4993","Southampton",-0.248892363959194,0.122164942994098
"4994","Southaven",-1.33068788729841,1.19028609893272
"4995","Southend",-0.311210376446276,0.2357696434453
"4996","Southern Cross",0.436398777475817,-0.620597106840037
"4997","Sovetsk1",0.226100103173858,-0.405867181163902
"4998","Sovetsk2",0.419466947440686,-0.602240152764173
"4999","Soyo",-0.407220709168114,0.226487991237062
"5000","Spanish Town",-0.0876182051819119,-0.0612724417630491
"5001","Spartanburg",-0.368936181907966,0.250411822384207
"5002","Sparti",0.300188220473984,-0.482146210164399
"5003","Spassk Dalniy",0.31479358471201,-0.48445521520389
"5004","Spencer",0.0767921125901624,-0.25666380256195
"5005","Split",-0.547743547775099,0.393186750485217
"5006","Spokane",-0.329619980196105,0.245970545073069
"5007","Spring Hill",-0.14426590469651,0.0213240168371669
"5008","Springbok",0.38865938712226,-0.572307872278683
"5009","Springfield1",-1.07252132570298,0.961206142945269
"5010","Springfield2",-0.97301462674754,0.831828313598283
"5011","Springfield3",-0.459345003728736,0.302624354738883
"5012","Springfield4",-0.434051866247753,0.39836084974594
"5013","Springfield5",-0.191024641446771,0.0221641270327351
"5014","Springs",-0.302315952653755,0.161506331468574
"5015","Srinagar",0.944586595483692,-0.0631076645338907
"5016","St. Anthony",0.377882833949278,-0.562152788831889
"5017","St. Augustine",-0.0374659589262514,-0.109968541648245
"5018","St. Charles1",-0.924630156566274,0.987353743432378
"5019","St. Charles2",-0.489624354624436,0.326783652474058
"5020","St. Cloud",-0.713121520035316,0.562179455882192
"5021","St. George",-0.0617234311295712,-0.0918973252156822
"5022","St. John",-0.345143290775968,0.185945940078906
"5023","St. JohnÛªs",-0.319375778848193,0.172135582190313
"5024","St. Joseph",-0.446619433039678,0.295047077292292
"5025","St. Louis",-1.1153256769315,1.53379783787283
"5026","St. Paul",-1.17162329065357,1.20924334279481
"5027","St. Petersburg1",-1.33007565249251,1.35772359361086
"5028","St. Petersburg2",-4.14958042424187,4.20072343313414
"5029","St.-Benoit",0.267839978950469,-0.449088832909581
"5030","St.-Brieuc",0.12460316992356,-0.288180638513252
"5031","St.-Denis",-0.0714416524775204,-0.0945772646991363
"5032","St.-Jerome",-0.522051875958214,0.3635064558103
"5033","Stamford",-0.326594444361222,0.352615473220472
"5034","Standerton",0.298889224858827,-0.478321541856325
"5035","Stanley",0.411401494636447,-0.594890513832202
"5036","Stara Zagora",-0.150944357309019,-0.0256198283159827
"5037","Staraya Russa",0.219020064724749,-0.396118199239062
"5038","Starsy Oskol",-0.269001161000964,0.102284470950936
"5039","State College",-0.00202636618131576,-0.161236155705567
"5040","Stavanger",-1.15390105709032,0.984537080896179
"5041","Stavropol",-0.0872040822284845,-0.0685421465389251
"5042","Stawell",0.409328308227615,-0.591787618321148
"5043","Steinbach",-0.401934096769512,0.220537786581657
"5044","Steinkjer",0.0242443229379127,-0.204555031775716
"5045","Stepanakert",0.256942225842363,-0.434884302736055
"5046","Stephenville",0.288020645983131,-0.467895902922582
"5047","Sterlitamak",-0.373031557184792,0.215879705702162
"5048","Stettler",0.261104023551673,-0.442870559628316
"5049","Stillwater",-0.440817186992269,0.267522608612626
"5050","Stockholm",-1.24369075900257,1.31330640923456
"5051","Stoke",-0.396975475525031,0.281214744068748
"5052","Stony Rapids",0.386469587705782,-0.570774894466338
"5053","Stralsund",0.179359957871216,-0.351667932188238
"5054","Strasbourg",-0.56581905913791,0.45478161990501
"5055","Streaky Bay",0.449236263488493,-0.633439082135401
"5056","Strezhevoy",-0.60960446199378,0.429620354767315
"5057","Stuttgart",0.0661624805717635,-0.00659196330702231
"5058","Subotica",-0.330035246405065,0.159115462230238
"5059","Suceava",0.0911244922917584,-0.263489640497939
"5060","Sucre",0.184837456356985,-0.356862079658714
"5061","Sudbury",-0.366158766910823,0.213374186176954
"5062","Suhar",-0.712792653456647,0.557175805463718
"5063","Suihua",-0.0172652641725227,-0.131932995627036
"5064","Suileng",0.433159551697666,-0.603716412902819
"5065","Sukabumi",0.676772458355409,-0.376620464003451
"5066","Sukhothai",0.31939646219882,-0.499070247818048
"5067","Sukhumi",-0.152661373459166,-0.0200616238544147
"5068","Sukkur",0.727461296009619,-0.133412854749774
"5069","Sullana",-0.207975200334089,0.0325509372130613
"5070","Sumbawanga",0.456566791712698,-0.631733597147743
"5071","Sumbe",-0.047339741383046,-0.136205777432154
"5072","Sumenep",0.716391358968252,-0.272019189794745
"5073","Sumqayt",-0.185520781566533,0.0189803541685584
"5074","Sumter",-0.230162904064959,0.072032699457258
"5075","Sumy",-0.0488698542774086,-0.115905860956855
"5076","Sunbury",0.115512855012696,-0.295991872414405
"5077","Sunchales",-0.467319016808032,0.286353603253906
"5078","Sunchon",0.49717765154986,-0.606553587429773
"5079","Sunderland",-1.14678350824831,1.02442060156222
"5080","Sundsvall",-0.629543454491514,0.479026163545733
"5081","Sungai Petani",-0.0754741562713712,-0.0174686204638046
"5082","Sungaipenuh",0.393172188490661,-0.574824511550401
"5083","Sunshine Coast",0.11797469856193,-0.267128889348126
"5084","Suntar",0.36906579654258,-0.552498764539004
"5085","Superior",-0.52012990978305,0.344955361324287
"5086","Sur",-1.00256325523486,0.822728724332324
"5087","Surabaya",3.12886280367504,2.3232647307939
"5088","Surakarta",2.67791536472172,1.72250018191743
"5089","Surat",0.571304247671478,0.0247028214293927
"5090","Surat Thani",0.0729435306379573,-0.234848691067255
"5091","Surgut",-5.03474898979883,4.86274814472337
"5092","Surigao",0.407991277990314,-0.585362637411884
"5093","Surin",0.24367587561006,-0.414522305389118
"5094","Surt",-0.984491326550431,0.808621386662038
"5095","Suva",0.338111810837131,-0.503220762150924
"5096","Suwalki",0.039737255132905,-0.214763099051573
"5097","Suwon",-0.986853888537765,1.15666223624021
"5098","Suzhou",-0.886580565993331,1.26954438827713
"5099","Svendborg",0.346397546923585,-0.521100925319935
"5100","Svetogorsk",-0.427288777234033,0.261102425812229
"5101","Svobodnyy",0.317033009871278,-0.490864205968741
"5102","Swakopmund",0.0850094954865875,-0.265715044520047
"5103","Swan Hill",0.324644915810682,-0.505265765848459
"5104","Swansea",-0.00254741941656576,-0.116326357598088
"5105","Swellendam",0.28139324382941,-0.463255733300111
"5106","Swift Current",0.016999787837987,-0.195622037066252
"5107","Sydney1",-0.437672165283891,0.768957094953769
"5108","Sydney2",-0.0427599932646411,-0.127294890923656
"5109","Syktyvkar",-0.503554650043878,0.350850300698398
"5110","Sylhet",1.24832341851946,0.191479465260903
"5111","Syracuse",-0.428712409201825,0.360403845300593
"5112","Syzran",-0.25693517853802,0.111461571975646
"5113","Szczecin",-0.484899843175522,0.343836136682323
"5114","Szeged",-0.0510576075811881,-0.104218199759952
"5115","Szekesfehervar",-0.062894463989586,-0.103793445669502
"5116","Szolnok",0.129993600197437,-0.299888013966355
"5117","Szombathely",-0.0120626073279774,-0.158063516646095
"5118","Tabora",0.437248465295585,-0.60706280977101
"5119","Tabriz",-0.568613945814819,0.429458990220303
"5120","Tabuk",-1.97322709565432,1.81968940777012
"5121","Tacheng",0.150698692851905,-0.326526752770438
"5122","Tacloban",0.374972612076092,-0.548076213146917
"5123","Tacna",0.187986538322452,-0.355767073437856
"5124","Tacoma",-0.807025727878251,0.856182678450802
"5125","Tacuarembo",-0.314642451475525,0.136053450314764
"5126","Tadmur",0.238289950314134,-0.419392467321434
"5127","Taedong",0.463912392200307,-0.647662703465867
"5128","Taganrog",-0.311728860132733,0.14930232679625
"5129","Tagum",0.433673912312521,-0.615967961372339
"5130","Tahoua",0.429203532026522,-0.602471608874373
"5131","Taian",0.727017852226585,-0.141859016941615
"5132","Taichung",-0.401790373779394,0.804742072776608
"5133","Tailai",0.389260296699706,-0.567641152032695
"5134","Tainan",-0.863274057342629,0.841251953383014
"5135","Taipei",-0.76207438802168,1.20304639268277
"5136","Taiping",-0.129128872165498,-0.0335096438674906
"5137","Taitung",0.168433597612173,-0.33005925401053
"5138","Taiyuan",0.601009732464806,0.189747039241863
"5139","Taizhou",1.72159604251724,1.04264922156131
"5140","Taizz",1.00073172495116,-0.0718238157349524
"5141","Tak",0.172719455465309,-0.34819304268604
"5142","Takamatsu",0.0423522547801971,-0.186843938971918
"5143","Takaoka",0.272699710941215,-0.4274005961566
"5144","Takapuna",-0.20184119759703,0.0520199933754574
"5145","Takeo",0.449740968139133,-0.63051965409441
"5146","Talara",-0.333304781958179,0.153517181539941
"5147","Talas",0.417067066799907,-0.589700365998327
"5148","Talca",-0.442397036688448,0.27534703128188
"5149","Talcahuano",-1.0969620200274,0.933531531956243
"5150","Taldyqorghan",0.290185260549597,-0.458837529421795
"5151","Tall Afar",0.351485222133819,-0.528610736144495
"5152","Tallahassee",-0.476940098011025,0.379342528609779
"5153","Tallinn",-1.10814169338968,0.971419410339536
"5154","Taloyoak",0.266130841976532,-0.450487025690415
"5155","Taltal",0.322327901746076,-0.505377993897726
"5156","Tamale",0.191072095447892,-0.350524560865992
"5157","Tamanrasset",-0.162904900254694,-0.0160694145521078
"5158","Tamazunchale",0.409029584017193,-0.569834648935942
"5159","Tambacounda",0.414926090205866,-0.593613932254247
"5160","Tambov",-0.305726109167269,0.152216381619611
"5161","Tame",0.328870454074716,-0.509605417712029
"5162","Tampa",-0.955583598608202,1.42730811500845
"5163","Tampere",-0.66307852192275,0.561484320298734
"5164","Tampico",-1.38781813035842,1.26050588298959
"5165","Tamuin",0.375921821243974,-0.557481927857979
"5166","Tamworth",0.25167725970993,-0.425118520169247
"5167","Tan An",-0.238359211474553,0.0817116189176009
"5168","Tan Tan",0.135288082050229,-0.313130683102726
"5169","Tandil",-0.59001651421945,0.421056388287701
"5170","Tanga",0.342447862252061,-0.514133836160785
"5171","Tangail",1.26110081558129,0.222408593556357
"5172","Tangier",-1.10144000687084,0.968765837935784
"5173","Tangshan",0.704678386787128,0.301281380577712
"5174","Tanjungkarang-Telubketung",0.0830249870770422,-0.258183969094332
"5175","Tanjungpandan",0.31736336351087,-0.494953524283385
"5176","Tanjungpinang",0.13508692088461,-0.31141874283212
"5177","Tanta",-0.269356545598175,0.92519623907574
"5178","Taonan",0.290177555817831,-0.462905979695273
"5179","Tapachula",0.0483652784279182,-0.205289108585857
"5180","Tara",0.376703299545798,-0.554613753788167
"5181","Tarabuco",0.460504715966377,-0.644083640287255
"5182","Tarakan",0.277887221509741,-0.451107086417581
"5183","Taranto",-1.32584402238329,1.16840938770947
"5184","Tarapoto",0.442245989894132,-0.62640190780771
"5185","Taraz",0.0435903127591598,-0.188608439648872
"5186","Tarbes",-0.028969890222137,-0.13507652611265
"5187","Taree",0.298782799956354,-0.477916631589902
"5188","Tarija",0.182186983286426,-0.354697709892093
"5189","Tarlac",0.626471483174261,-0.38192713277353
"5190","Tarma",0.434940459961696,-0.619100438461301
"5191","Tarnow",0.158749053694561,-0.256132020550358
"5192","Tarragona",-1.40781628886097,1.25013983656947
"5193","Tarsus",-0.471154487172488,0.385957000442183
"5194","Tartagal",-0.282234726494282,0.103850296148177
"5195","Tartu",-2.41663989488025,2.24493263574946
"5196","Tartus",0.406045565332801,-0.410353390064008
"5197","Tarutung",0.448727574958836,-0.632881715013742
"5198","Tash Komur",0.414250064439733,-0.596117369339402
"5199","Tashkent",-0.345197675854224,0.396183974171312
"5200","Tashtagol",0.360308419105567,-0.537902373838777
"5201","Tasikmalaya",0.516277425720601,-0.383829195667577
"5202","Tatarsk",-0.0175603930554802,-0.160962134057934
"5203","Tatui",0.0444299652070118,-0.209606945037687
"5204","Tatvan",0.321048192699373,-0.500837811558003
"5205","Taubate",-0.209502661413718,0.107313870486121
"5206","Taungoo",0.401199742606281,-0.570549867618719
"5207","Taupo",0.325616096756608,-0.504435983832328
"5208","Tauranga",0.0171916334301069,-0.18797256563638
"5209","Tavda",0.300151038592567,-0.473250055155054
"5210","Tawau",-0.148985657747117,-0.0148839615521887
"5211","Tayshet",-0.0329944440224933,-0.141388818753955
"5212","Tayynsha",0.249034941447253,-0.431266998081042
"5213","Taza",-0.072262499266434,-0.102849731965852
"5214","Tbilisi",-0.470994254227727,0.336103503817733
"5215","Tebessa",-0.485646691000112,0.313989255653689
"5216","Tebingtinggi",0.341238039310316,-0.499150145330034
"5217","Tecoman",0.0599656437629989,-0.23791075809718
"5218","Tecuala",0.277593746007888,-0.460321342148475
"5219","Tefe",0.30239022518915,-0.477797471246769
"5220","Tegal",0.964521202357349,0.0299473937929144
"5221","Tegucigalpa",-0.239612687933621,0.0906858163996927
"5222","Tehran",-1.41982690992698,1.41684654392677
"5223","Tehuacan",0.138404390331637,-0.305930426752516
"5224","Tehuantepec",0.0357451651892331,-0.213598343941771
"5225","Tejen",-0.364746977607751,0.187526979392774
"5226","Tekax",0.212688962090841,-0.394508578190139
"5227","Tekirdag",-0.215966936077824,0.0381535165960534
"5228","Tel Aviv-Yafo",-3.16004044961984,3.13508122107104
"5229","Telemaco Borba",0.158931857922933,-0.334539238915131
"5230","Teller",0.415355242453906,-0.59968971463117
"5231","Teluk Intan",0.0724641913490135,-0.244131706066164
"5232","Tema",-0.38295488575906,0.268974198062834
"5233","Temirtau",-0.723134966179037,0.551831165425961
"5234","Temple",-0.564813110557247,0.401322229366111
"5235","Temuco",-0.367366361356221,0.19885082825031
"5236","Tena",0.237460483368694,-0.416921291380581
"5237","Tengchong",0.404732449039383,-0.575273590887373
"5238","Tenkodogo",0.42763259932494,-0.605969420460456
"5239","Tennant Creek",0.347185855137622,-0.529881839724372
"5240","Tenosique",-0.102816148422959,-0.0777656016274129
"5241","Teofilo Otoni",0.137581407620101,-0.311909041313494
"5242","Tepic",-0.0731749800397451,-0.0926251210564903
"5243","Teresina",-1.0192062009885,0.89053812436922
"5244","Termiz",0.30491585940014,-0.455842465472238
"5245","Ternate",0.307249851800245,-0.482329802980191
"5246","Ternopil",0.226161915923253,-0.392826845323727
"5247","Terrace",0.0566543680926523,-0.236906485049237
"5248","Terre Haute",-0.447574202935207,0.292253818008436
"5249","Tessenei",0.460085998281252,-0.639714693748937
"5250","Tete",0.0197298408900031,-0.193665886865507
"5251","Tetovo",0.276150908214058,-0.447758770629727
"5252","Texarkana",-0.692460345287335,0.541291061622899
"5253","Texas City",-1.39094784024303,1.2343845008758
"5254","Teziutlan",0.407253194095184,-0.560757806588391
"5255","Tezpur",0.865998798877565,-0.189774812707316
"5256","Thai Nguyen",0.530156541803752,-0.401331436813106
"5257","Thanh Hoa",0.717749704959991,-0.286191834436787
"5258","Thanjavur",0.884482604933157,-0.117903197439725
"5259","The Hague",-5.83056635901573,5.90599279613851
"5260","The Pas",-0.158311192487796,-0.0235468442512212
"5261","Theodore",0.453950490955415,-0.638132960000395
"5262","Thermopolis",0.395597606068422,-0.578013407936041
"5263","Thessalon",0.362770485612452,-0.54636584656169
"5264","Thessaloniki",-1.18736731905994,1.06522434051843
"5265","Thies",0.285476764378676,-0.449049207987446
"5266","Thika",0.352880945849534,-0.528900213487813
"5267","Thimphu",0.410597769323971,-0.581143722095995
"5268","Thohoyandou",0.475175885666696,-0.470052887298566
"5269","Thompson",-0.277846390598153,0.0976454197286513
"5270","Thongwa",0.426232228789794,-0.609499229458101
"5271","Thorshavn",0.18596113213357,-0.366718992244826
"5272","Three Springs",0.445571314758395,-0.629765048799436
"5273","Thunder Bay",-0.549476740765119,0.397868252487843
"5274","Thung Song",0.331914134405246,-0.514831785298501
"5275","Tianjin",7.07323790248277,6.44366839459166
"5276","Tianmen",0.771395526842513,-0.243964787465323
"5277","Tianshui",0.382631515418562,-0.465371920593248
"5278","Tiarat",-0.10676934557375,-0.064880133432212
"5279","Tibati",0.464292240810331,-0.647204168918571
"5280","Ticul",0.254702260903822,-0.433881039669063
"5281","Tidjikdja",0.46413145769683,-0.646221814739949
"5282","Tidore",0.451197093281744,-0.622521944191317
"5283","Tieli",0.318346467439206,-0.486258931573844
"5284","Tieling",0.272104054941917,-0.399265578919042
"5285","Tijuana",-0.804531148070323,0.790570895657261
"5286","Tikhoretsk",0.133715900250077,-0.30830806645634
"5287","Tikhvin",-0.149949472842458,-0.0289270866631696
"5288","Tikrit",0.113490273821865,-0.288129327822183
"5289","Tillaberi",0.44148928263096,-0.623527442328912
"5290","Tillamook",0.320264484791289,-0.501416578975178
"5291","Timaru",0.0825317014000648,-0.260921439587551
"5292","Timashevsk",0.0883102467311389,-0.265064537480858
"5293","Timbauba",0.311034499107648,-0.467572089175084
"5294","Timbedra",0.461831987208212,-0.645998119406357
"5295","Timbuktu",0.4156755960476,-0.593842920958533
"5296","Timika",0.366639700797609,-0.547050984143242
"5297","Timimoun",0.379736220929693,-0.562011627030295
"5298","Timiryazevskiy",-0.356909091913339,0.175581146956343
"5299","Timisoara",-0.649928676331848,0.493167515218974
"5300","Timmins",-0.175008884587364,-0.00130699562190739
"5301","Timon",-0.966957718110495,0.795204947071308
"5302","Tindouf",0.0278330408818056,-0.206186002854093
"5303","Tingo Maria",0.373592845258386,-0.553116974778176
"5304","Tinogasta",0.308387367380614,-0.492300353176059
"5305","Tirana",-0.604286610220065,0.446760879821526
"5306","Tiraspol",0.157885327344299,-0.326401632999729
"5307","Tirgu Mures",-0.0297050120692451,-0.139803513842621
"5308","Tiruchchirappalli",1.84744812898634,0.885422455223869
"5309","Tirunelveli",0.234179212276144,-0.315315098977476
"5310","Tirupati",0.493129354139367,-0.391196409662355
"5311","Tiruppur",0.304397868800176,-0.338639629348057
"5312","Tiruvannamalai",0.902420837016169,-0.102072937690392
"5313","Titusville",-0.027179952857145,-0.13082888002199
"5314","Tizimin",0.278346981917264,-0.456966450855173
"5315","Tiznit",0.0678403372538078,-0.245216886644227
"5316","Tlaxcala",0.174999055731439,-0.275834288743888
"5317","Tlaxiaco",0.415192483804603,-0.597565136313359
"5318","Tlimcen",-0.353542545070379,0.192278015728922
"5319","Toamasina",0.298803294734516,-0.466000792609794
"5320","Tobol",0.2191892946662,-0.402508551181638
"5321","Tobolsk",-1.2185685416987,1.04309351649582
"5322","Tocache",0.368749716097093,-0.552596953540552
"5323","Tocantinopolis",0.235443515443833,-0.417732910770705
"5324","Toconao",0.458085739245959,-0.642264371185907
"5325","Togiak",0.441236987574201,-0.625541393046223
"5326","Toguchin",0.222560707312155,-0.400366447850029
"5327","Tokar",0.466075780080956,-0.646380809019033
"5328","Tokmak",0.359128619707048,-0.523506180316497
"5329","Toktogul",0.406501047473815,-0.583467376585183
"5330","Tokushima",0.203389212745912,-0.305889447332336
"5331","Tokyo",0.0381822362178316,1.88216799141457
"5332","Tolanaro",0.40984285027212,-0.591751632189132
"5333","Toledo1",-1.04309006543757,1.01596522112163
"5334","Toledo2",-0.0856072244112562,-0.0894400325798441
"5335","Toliara",0.43733190957152,-0.605099809150302
"5336","Tolu",0.211854122077725,-0.39446863743682
"5337","Toluca",0.0201239141071173,-0.0330057413688649
"5338","Tolyatti",-1.2752627125074,1.15794979261866
"5339","Tom Price",0.370779394537433,-0.553510568739223
"5340","Tomah",0.0970282070927665,-0.276283219618165
"5341","Tomakomai",-0.0678142135947187,-0.0976588441068617
"5342","Tombstone",0.417607493762989,-0.601272818302446
"5343","Tomsk",-1.00431805656619,0.870184147540581
"5344","Tonantins",0.439389360093123,-0.623543694526313
"5345","Tongchuan",0.411821509554075,-0.558484630515036
"5346","Tonghua",0.410397779226294,-0.589457120305242
"5347","Tongliao",-0.0426381097143286,-0.105578460906069
"5348","Tongling",0.0767511676403723,-0.194151705041012
"5349","Tongren",0.0993693116960222,-0.27494579870962
"5350","Tonk",0.26425150284446,-0.428725567776602
"5351","Tonopah",0.427893357557343,-0.611617147838831
"5352","Toowoomba",0.148650101704954,-0.308078747098021
"5353","Topeka",-0.555998842908031,0.419426728201858
"5354","Topki",-0.00467060112285926,-0.17458018293687
"5355","Torbat-e Jam",0.211607157434804,-0.389655904339038
"5356","Toronto",-1.54508057164913,2.19897292622934
"5357","Tororo",0.971715513481147,-0.138351454415088
"5358","Torreon",-1.05614954016357,0.936493987184431
"5359","Torzhok",-0.10001039225998,-0.0784425902757617
"5360","Totness",0.423907429652385,-0.607129004821426
"5361","Tottori",0.247506966954926,-0.415082891315476
"5362","Touggourt",-0.631612338389268,0.459514317374229
"5363","Toulon",-0.775816400963145,0.660987266102516
"5364","Toulouse",-1.06165308319829,1.02543231193017
"5365","Tournavista",0.458259439552775,-0.642417084371403
"5366","Tours",-0.221134288725024,0.0987753068514351
"5367","Townsville",-0.402991650478487,0.254905183971088
"5368","Toyama",0.0151030463048109,-0.146454656980318
"5369","Tozeur",0.125759844419027,-0.303446925002611
"5370","Trablous",0.153134545743723,-0.255727520003208
"5371","Trabzon",0.376342275124542,-0.334788725662442
"5372","Tralee",0.121408513200595,-0.299310377520305
"5373","Trancas",0.330673582075474,-0.514577579271981
"5374","Trang",0.134540841561242,-0.302873617090214
"5375","Tranqueras",0.26940683630931,-0.452799079453769
"5376","Traralgon",0.22416641108412,-0.401959235184961
"5377","Traverse City",0.0259786689031428,-0.191429306562948
"5378","Treinta y Tres",0.0242741633166757,-0.203747588273388
"5379","Trelew",-1.13083625412718,0.957148853110535
"5380","Trento",-0.15148789813497,-0.011345537750108
"5381","Trenton",-0.757186483777592,0.791475565494408
"5382","Trepassey",0.438901181592705,-0.622936042694615
"5383","Tres Arroyos",-0.651837052225691,0.473288190657156
"5384","Tres Lagoas",-0.151511215051581,-0.018303286266169
"5385","Treviso",-0.349850695809674,0.221947838940717
"5386","Trieste",-0.79372465961281,0.631505283639483
"5387","Trindade",-0.0565878466257298,-0.0960792689890675
"5388","Trinidad1",0.324378265892696,-0.504836066982846
"5389","Trinidad2",0.106285788402601,-0.284394595136203
"5390","Tripoli1",-2.45007184471874,2.33711922823506
"5391","Tripoli2",0.185089776097382,-0.36506633795506
"5392","Trivandrum",1.42494260674178,0.432887274604104
"5393","Trnava",-0.211045428886567,0.0355849447417284
"5394","Trois Rivieres",-0.690691013477188,0.534495658256951
"5395","Troitsk",0.0504943456683371,-0.221631133375123
"5396","Trollhattan",-0.0982512948383952,-0.0707704577282791
"5397","Tromso",-1.25264066655375,1.0754341214152
"5398","Trondheim",-1.36056722657024,1.2062661146673
"5399","Trout River",0.440101184590497,-0.624363164782872
"5400","Troyes",-0.39229631884328,0.232370614560879
"5401","Trujillo1",0.284690715388776,-0.464524610062309
"5402","Trujillo2",0.283847583598054,-0.467711985671716
"5403","Trujillo3",-0.294870116132236,0.140462255093156
"5404","Truth or Consequences",0.372977872500848,-0.553498329934526
"5405","Tsavo",0.464126032323257,-0.648280400760633
"5406","Tsetserleg",0.455168177907253,-0.635160682405853
"5407","Tshabong",0.402533517368038,-0.585308804539546
"5408","Tshela",0.462632533158357,-0.645852287067885
"5409","Tshikapa",0.455695334500252,-0.627721521427288
"5410","Tskhinvali",0.212717389365194,-0.392288983115692
"5411","Tsu",-0.0509976740733541,-0.0135665014635231
"5412","Tsumeb",0.36949235734227,-0.550408870682937
"5413","Tsuruoka",0.282101213090647,-0.456015661226146
"5414","Tuapse",-0.380212012645681,0.202530350385274
"5415","Tuban",1.2238306662258,0.310920041146686
"5416","Tubarao",-0.213312734626616,0.0437446423651143
"5417","Tubruq",-1.29105202590165,1.11563377309019
"5418","Tucano",0.117437118305201,-0.301596632016868
"5419","Tucson",-0.461720845812599,0.505180753776634
"5420","Tucumcari",0.209842530298322,-0.391226054869376
"5421","Tucupita",-0.484137818772561,0.303689527767493
"5422","Tucurui",0.433160149304472,-0.617314729224273
"5423","Tukuyu",0.490912610260827,-0.620570245763531
"5424","Tula1",-0.249600745033401,0.118870738848571
"5425","Tula2",0.401723451761733,-0.585901699041806
"5426","Tulare",-0.291960739550016,0.120939125184001
"5427","Tulcea",-0.129464731442185,-0.0476736026876518
"5428","Tulsa",-1.27244831105599,1.26401028350231
"5429","Tulua",-0.0723336515124562,-0.1037050992974
"5430","Tulun",0.106224712998032,-0.27897587057429
"5431","Tumbes",-0.00971021099308897,-0.169134616310395
"5432","Tumen",0.25972054523982,-0.43842695831986
"5433","Tumkur",0.20219869645807,-0.347970823498913
"5434","Tumut",0.36329667312582,-0.545454921720043
"5435","Tunduma",0.412932587878718,-0.590912319817008
"5436","Tunduru",0.463299311217375,-0.647458960713675
"5437","Tungkang",-0.339811255146562,0.295519984329453
"5438","Tunis",-1.00111807750152,1.00044638172603
"5439","Tunja",0.245612708900609,-0.420422921788275
"5440","Tununak",0.449914696588854,-0.634070996587382
"5441","Tunuyan",0.189506619591142,-0.370832279853318
"5442","Tupa",0.0895773892163156,-0.26066605473189
"5443","Tupelo",-0.779864449356868,0.612283118460156
"5444","Tupiza",0.4298390326718,-0.613722330653235
"5445","Tuquerres",0.454149270633696,-0.623285408911982
"5446","Turbat",0.386156551790278,-0.556807108589213
"5447","Turbo",0.17904563651034,-0.360413596942016
"5448","Turin",-1.29983749445813,1.27090430488516
"5449","Turkistan",0.3037290134003,-0.475819476161871
"5450","Turkmenabat",-0.7025863540598,0.545964200900186
"5451","Turkmenbasy",-1.27356951620091,1.0956098375368
"5452","Turku",-1.30311067723551,1.17755339186704
"5453","Turnovo",0.0257992191363739,-0.201294552690503
"5454","Turpan",0.132361580734116,-0.304382704010706
"5455","Tuscaloosa",-0.846915934914973,0.712138177444364
"5456","Tuticorin",0.153090372689511,-0.312811269149811
"5457","Tuxpam",0.108504920107259,-0.279213304469854
"5458","Tuxpan",0.30389398551227,-0.484580015774664
"5459","Tuxtla Gutierrez",-0.51207412678839,0.360303713748308
"5460","Tuymazy",-0.309012364513391,0.13131137073567
"5461","Tuzla",0.0877335515256253,-0.256032838742752
"5462","Tver",-0.904237688648404,0.752407769155444
"5463","Tweed Heads",0.132212907647948,-0.305892349378666
"5464","Twin Falls",0.0411147078381507,-0.210739890995879
"5465","Tyler",-0.653208727945757,0.508025834429295
"5466","Tynda",0.222129961835092,-0.404251458173789
"5467","Tyumen",-2.4509471470117,2.33107033867299
"5468","Tzaneen",0.284226294117069,-0.46324271512193
"5469","Uba",0.0667302437403854,-0.231604142641434
"5470","Ubaitaba",0.274006319643281,-0.456348990895934
"5471","Uberaba",-0.285024869906325,0.129169240887791
"5472","Uberlandia",-0.591675322518351,0.45849405044572
"5473","Ubomba",0.458039185476238,-0.642227876400639
"5474","Ubon Ratchathani",0.0855926999328774,-0.234399683487029
"5475","Udaipur",0.121477364256735,-0.243482183925314
"5476","Udine",-0.173296632003686,0.0292597376699743
"5477","Udon Thani",-0.084325409037392,-0.0783173127098525
"5478","Ufa",-0.768527488013382,0.664651853330558
"5479","Uglegorsk",0.358298427329669,-0.538221098535488
"5480","Uglich",0.0576220989603587,-0.236830398483994
"5481","Uige",0.141874957813403,-0.324790638604138
"5482","Uitenhage",-0.265293031993169,0.106423044748866
"5483","Ujjain",0.202176057293032,-0.316604052793517
"5484","Ujungpandang",0.645103235971041,-0.200485560058191
"5485","Ukhta",-0.822397385995123,0.651584433313907
"5486","Ukiah",0.207426646771491,-0.382867655378955
"5487","Ulaanbaatar",-0.0410654101777927,-0.091230480284027
"5488","Ulaangom",0.438558078301415,-0.620185597027675
"5489","Ulan Ude",-0.161439862542633,0.0177173196678817
"5490","Ulanhot",0.140344051773953,-0.296178398613831
"5491","Uliastay",0.443370010167666,-0.625716957446722
"5492","Ulladulla",0.354373516052825,-0.536533166858819
"5493","Ulm",0.143289118857271,-0.294682503745347
"5494","Ulsan",-1.39915593068898,1.29476587087641
"5495","Ulundi",0.35956864543251,-0.539890549624615
"5496","Ulyanovsk",-0.293005610986896,0.14593264525895
"5497","Uman",-0.523025404947781,0.348745954893905
"5498","Umea",-1.1599405882816,0.995563448165873
"5499","Umm al Qaywayn",-0.742952240161009,0.563862438379889
"5500","Umm Ruwaba",0.447559887071832,-0.626227537195942
"5501","Umtata",0.298594298712185,-0.440788099059274
"5502","Unalakleet",0.390183685213833,-0.574232713246777
"5503","Unalaska",0.316924383768712,-0.501019010689454
"5504","Uncia",0.432598373770866,-0.615876405218854
"5505","Upata",-0.366259258017484,0.18985121408976
"5506","Upington",0.019879098290292,-0.194963132631185
"5507","Upper Hutt",0.281613023841836,-0.456596690913417
"5508","Uppsala",-0.765810385713652,0.615158234881641
"5509","Uray",-0.543718555774075,0.360353269505002
"5510","Urbana",-0.888735383510984,0.738443046869484
"5511","Urgentch",0.270958681267876,-0.428568720556477
"5512","Urgut",0.441146973922054,-0.592560587031499
"5513","Uroteppa",0.433834660982522,-0.591273148693598
"5514","Uruapan",0.168675031152542,-0.339250178508906
"5515","Urubamba",0.443201479544488,-0.626449404259746
"5516","Uruguaiana",-0.381427845922745,0.213312741011969
"5517","Urumqi",-0.702310227153801,0.650020227011989
"5518","Uryupinsk",0.340585277071995,-0.518473162204752
"5519","Urzhar",0.427478822012658,-0.607439440738418
"5520","Usak",-0.0882748311004236,-0.0848955052669042
"5521","Usakos",0.445861887143515,-0.629166023080739
"5522","Ushtobe",0.407253886819126,-0.586841561634295
"5523","Ushuaia",-0.303166426495599,0.127616308293758
"5524","Usolye Sibirskoye",0.115772453042647,-0.280762792488772
"5525","Uspallata",0.409154815966573,-0.592563011431989
"5526","Ussuriysk",-0.0487154656641876,-0.106432245580758
"5527","Ust Kut",-0.0484409218746047,-0.129279793453681
"5528","Ust-Ulimsk",-0.0708732549893435,-0.110245298076045
"5529","Uthai Thani",0.0703695541193445,-0.252118389991993
"5530","Utica",-0.150035421080239,0.00144081268110627
"5531","Utrecht",-0.535686861518076,0.433449945177575
"5532","Utsunomiya",-0.0199131603665081,-0.0646744983989952
"5533","Uttaradit",0.208486259908848,-0.374141260028928
"5534","Uvinza",0.46617688196124,-0.646279707138749
"5535","Uvira",0.453298421346511,-0.631204932720264
"5536","Uyar",0.185850185196255,-0.364282999300004
"5537","Uyuni",0.428946429914084,-0.611064006533096
"5538","Uzhgorod",0.223728127880688,-0.389432370872055
"5539","Uzhur",0.0529955608142985,-0.231711147329942
"5540","Vaasa",-0.787276337928822,0.621408414032535
"5541","Vac",0.111386872289798,-0.290134763128761
"5542","Vacaria",0.194375236604736,-0.36918769189147
"5543","Vadodara",0.594424706927318,-0.0200289156717859
"5544","Vaduz",0.332827029784806,-0.500793963431742
"5545","Val d'Or",-0.349047277085467,0.172579932892103
"5546","Valdez",0.180117910891656,-0.363516321592017
"5547","Valdivia",-0.126521813422943,-0.042236943783022
"5548","Valdosta",-0.833399396243377,0.67211869128402
"5549","Valenca",0.0885130200745059,-0.270847288204227
"5550","Valencia1",-1.20406416652441,1.13452303437174
"5551","Valencia2",-2.34865450356112,2.28657839699591
"5552","Valera",-0.0458233269444877,-0.125360794559687
"5553","Valladolid1",-0.922253991609626,0.762489514189199
"5554","Valladolid2",0.0938524237399161,-0.272454630159184
"5555","Valle de la Pascua",-0.451712295992811,0.2743522891822
"5556","Valledupar",-0.812153335353692,0.648004266664766
"5557","Vallegrande",0.449922269800625,-0.632903279960443
"5558","Vallejo",-0.431129910559805,0.279577695352071
"5559","Vallenar",0.160817234836493,-0.340598225296494
"5560","Valletta",-0.861325559897046,0.715829556602373
"5561","Valparai",0.455373491736724,-0.628445038984745
"5562","Valparaiso1",0.39198008468599,-0.57471228453647
"5563","Valparaiso2",-0.717542218164118,0.600507700265551
"5564","Valuyki",0.239972907316572,-0.417574935661875
"5565","Van",0.0212053509729017,-0.175395144140919
"5566","Van Horn",0.362202510094513,-0.545593110305152
"5567","Vanadzor",0.441856232716523,-0.615365872447193
"5568","Vancouver1",-0.800086614876668,0.751322370961954
"5569","Vancouver2",-1.37534689085062,1.44994112845534
"5570","Vanhynsdorp",0.380017499404358,-0.563949404883382
"5571","Vanino",0.120020868121611,-0.295437387940978
"5572","Varamin",-0.286313047346455,0.109026295643219
"5573","Varanasi",5.29116562821441,4.29259655055755
"5574","Varna",-0.565116146836809,0.396254455575839
"5575","Varzea Grande",-0.772264690686713,0.631443013058543
"5576","Vasteraas",-0.901989476240908,0.746452538547226
"5577","Vatican City",-1.93020535152933,1.81060937686841
"5578","Vaxjo",-0.293378607951972,0.124961021015512
"5579","Vegreville",0.152312398773137,-0.334713794291914
"5580","Veinticinco de Mayo",0.154678697901389,-0.334022990590449
"5581","Velikiy Ustyug",0.268835583397439,-0.450986993047062
"5582","Velikiye Luki",-0.0398865793234965,-0.129526032942256
"5583","Vellore",0.871263436198255,-0.0592407097748402
"5584","Velsk",0.0376672721586832,-0.216934748523578
"5585","Venado Tuerto",-0.716987050751586,0.542448856054671
"5586","Venice",-0.344783981864057,0.165181061726291
"5587","Ventspils",-0.350188262219558,0.173211681487874
"5588","Vera",-0.104752873674577,-0.0764338338995522
"5589","Veracruz",-1.25331871988061,1.10141137384985
"5590","Vereeniging",-0.168303001056534,0.0410323887802312
"5591","Vergara",0.312002232630562,-0.495150834187044
"5592","Verkhniy Ufaley",0.250710035800641,-0.427593210747052
"5593","Verkhnyaya Salda",0.163342213479079,-0.339782954434365
"5594","Vernal",0.268512758382365,-0.446274323741848
"5595","Vernon",0.141542351535197,-0.320548070501455
"5596","Vero Beach",-0.200413839181977,0.0551903620216175
"5597","Verona",-0.649674991198262,0.553605340632674
"5598","Versailles",-0.889582684854817,1.03267899441148
"5599","Viacha",0.232321975223745,-0.414387770205428
"5600","Viana",0.25035045473867,-0.433255100025793
"5601","Vibo Valentia",0.124622983064009,-0.29901906210899
"5602","Viborg",0.234035256328106,-0.409600230086928
"5603","Vicente Guerrero",0.387898464031918,-0.571286037540863
"5604","Vichuga",0.281722631743837,-0.457464349188355
"5605","Vichy",0.162268831278064,-0.327955064311264
"5606","Vicksburg",-0.438696106809331,0.267766498198651
"5607","Victor Harbor",0.385197742442656,-0.566083917743155
"5608","Victoria Falls",0.401151775350805,-0.582339526785638
"5609","Victoria1",-0.872673358282383,0.709931470723551
"5610","Victoria2",-0.272073588090249,0.140927336539542
"5611","Victoria3",0.292524151290635,-0.474520299277218
"5612","Victoria5",-0.483194721307464,0.30216763728274
"5613","Victoriaville",-0.265615287669145,0.0962353778553387
"5614","Victorica",0.257146168221091,-0.439076556813567
"5615","Viedma",-0.982533879974191,0.80688074471149
"5616","Vienna",-0.427680936829962,0.43850956314947
"5617","Vientiane",0.10546658120574,-0.199915853333021
"5618","Viet Tri",0.436895173957604,-0.415776216213352
"5619","Vigo",-0.617454235673656,0.469372097082137
"5620","Vijayawada",0.997195448626259,0.0650854148076486
"5621","Vikhorevka",0.327402151242982,-0.511692818560699
"5622","Vila Velha",-1.29390148553734,1.24586017831531
"5623","Vilanculos",0.326143384994933,-0.510319568993949
"5624","Vilhena",-0.196914970279836,0.0258867416584087
"5625","Villa Ahumada",0.353228126846429,-0.53553297440658
"5626","Villa Angela",-0.42399473558888,0.246482054097243
"5627","Villa Carlos Paz",-0.16102842599546,-0.00977105424127853
"5628","Villa Constitucion",-0.894166366036055,0.714429660844903
"5629","Villa Hayes",-0.12542025476149,-0.056774070360658
"5630","Villa Maria",-0.99324348825437,0.820444922680283
"5631","Villa Rumipal",0.329910568723552,-0.51357989994405
"5632","Villa Union",0.18807921825616,-0.370240181758571
"5633","Villahermosa",-0.63977415658426,0.508347611343897
"5634","Villanueva",0.404453504422315,-0.587180557780719
"5635","Villarica",0.162378712190791,-0.345627903461125
"5636","Villavicencio",-0.332678602417138,0.160072653140884
"5637","Villazon",0.409798546091778,-0.590198503039546
"5638","Vilnius",-0.46818294692786,0.329702346309443
"5639","Vilyuysk",0.301262905727844,-0.48433076720928
"5640","Vina del Mar",-0.749731376785445,0.617904616792561
"5641","Vinh",0.332667938707774,-0.43611752030453
"5642","Vinnytsya",0.0421908234762106,-0.198448007393745
"5643","Virginia Beach",-1.03535563808082,0.923522479962549
"5644","Visakhapatnam",0.507273271869414,-0.193132277362556
"5645","Visalia",-0.345635612202894,0.188271648974801
"5646","Visby",-0.274234439060169,0.0961941855643444
"5647","Viseu",0.295288221302174,-0.479442240762237
"5648","Vitoria da Conquista",-0.0701366282704459,-0.0916262865834217
"5649","Vitoria1",-1.19139114324274,1.11483772238374
"5650","Vitoria2",-1.29736185419791,1.13020439936864
"5651","Vitsyebsk",-0.653527019650574,0.498620159251903
"5652","Vizianagaram",0.433991890181738,-0.618160963259531
"5653","Vladikavkaz",-0.0596161942583164,-0.0894143590560759
"5654","Vladimir",-0.867078549298738,0.704254886338303
"5655","Vladivostok",-1.05957856188068,0.910954322005324
"5656","Vlore",-0.241018918947959,0.0620584412638749
"5657","Voi",0.438097877192912,-0.620378006093947
"5658","Volgodonsk",-0.18559629691255,0.00453552896090655
"5659","Volgograd",-0.564813003648058,0.444778091455823
"5660","Volkhov",-0.0127257709442936,-0.160495046457758
"5661","Volksrust",0.410531536378575,-0.59221151666877
"5662","Vologda",-1.19987802193744,1.03999246545519
"5663","Volos",-0.394476805976493,0.226061594110733
"5664","Volsk",0.273336530910419,-0.448101002079731
"5665","Volta Redonda",-0.335261300410842,0.213935849847086
"5666","Volzhskiy",-0.627569344864835,0.477158541288371
"5667","Vorkuta",-0.405035074689167,0.233283922353591
"5668","Voronezh",-0.82104524828989,0.660064144700304
"5669","Votkinsk",0.0541574754192929,-0.227457624893168
"5670","Voznesensk",0.303856529318985,-0.478541078919303
"5671","Vratsa",0.26194912543244,-0.44090736891273
"5672","Vryburg",0.289399188047952,-0.467712882439846
"5673","Vryheid",0.332460739456274,-0.510263105584243
"5674","Vung Tau",-0.219602518688349,0.05330403444182
"5675","Vyazemskiy",0.360975224129154,-0.540547191197963
"5676","Vyazma",0.0618932325886156,-0.240234660817024
"5677","Vyborg",-0.524486927571393,0.348525661314238
"5678","Vyshnniy Volochek",0.107817746588337,-0.283987519727857
"5679","Vyska",-0.152361382861217,-0.0211468696188738
"5680","Wa",0.299755417013678,-0.480215176560922
"5681","Waco",-0.648736206656524,0.51887616930863
"5682","Wafangdian",0.2988443894942,-0.445748567939196
"5683","Wagga Wagga",0.190376335496182,-0.356848010355543
"5684","Wagin",0.430265024703552,-0.61368158397895
"5685","Wahiawa",-0.163440732862933,0.0154011376199705
"5686","Wailuku",0.125312786460879,-0.299236674666984
"5687","Waingapu",0.406127944639814,-0.587817301572064
"5688","Wainwright",0.242544213102999,-0.426801098842208
"5689","Waitakere",0.286628042720838,-0.470843318140693
"5690","Wajir",0.420401357625076,-0.599863690356105
"5691","Wakayama",-0.0354972865947035,-0.0915466388912982
"5692","Wakema",0.460864996071493,-0.637827466302259
"5693","Waku Kungo",0.447907991693054,-0.628998364036032
"5694","Walbrzych",0.101808985847299,-0.26613195058033
"5695","Walla Walla",-0.0014544753011778,-0.170111666594156
"5696","Wallace",0.392532092652232,-0.576572823775848
"5697","Wallaroo",0.395045617208163,-0.578208896791838
"5698","Walvis Bay",-0.202070083160534,0.0233779907301733
"5699","Wamba",0.467434697973016,-0.645021891126973
"5700","Wanganui",0.253213322836192,-0.425374025765423
"5701","Wangaratta",0.295269594818056,-0.474166141554777
"5702","Wangqing",0.374546598736344,-0.551910965852107
"5703","Wanxian",0.552338783397492,-0.448708521298274
"5704","Warangal",0.475361325356759,-0.406690833430974
"5705","Warri",-0.254229129345199,0.239531511966478
"5706","Warrnambool",0.266722748469117,-0.44329880756177
"5707","Warsaw",-0.981227905267369,1.09053787728211
"5708","Warwick",0.364209864757372,-0.542592308356592
"5709","Washington, D.C.",-1.08533314212851,2.16288969172651
"5710","Watampone",0.35862217453245,-0.536537728740398
"5711","Waterbury",-0.130967491060279,0.00892482797383274
"5712","Waterford",-0.225834801996774,0.050834503435036
"5713","Waterloo",-0.512280772764659,0.362868147098872
"5714","Watertown",-0.179419296606388,0.0053783137842968
"5715","Waterville",0.126852870392528,-0.300994989194171
"5716","Watsa",0.458427726823823,-0.639144629763409
"5717","Wau",0.452039432569841,-0.6247195491996
"5718","Waukegan",-0.807278957707548,0.936105250203357
"5719","Waukesha",-0.727713168779919,0.652365687979154
"5720","Wausau",-0.184054692237308,0.0288040847458085
"5721","Wawa",0.356476822220606,-0.538833442526815
"5722","Waycross",-0.202551659134191,0.0312454422559191
"5723","Weifang",0.788617518547906,0.121340931785988
"5724","Weihai",-0.2283938340157,0.114583380362279
"5725","Weinan",0.964035961253298,0.0918123019504856
"5726","Welkom",0.192561811714792,-0.351805135343305
"5727","Wellington",-0.0147929146252421,-0.141528265254081
"5728","Wenatchee",-0.274236756356332,0.110027489676646
"5729","Wenshan",0.128295114664355,-0.297506069722323
"5730","Wenzhou",0.0252020227007841,0.209455511083637
"5731","West Bend",-0.194972795087451,0.0226282751318005
"5732","West Palm Beach",-1.19549347788724,1.30679619570578
"5733","Westport",0.451278818323905,-0.635510858547239
"5734","Wetaskiwin",-0.0453468720394197,-0.135509095275072
"5735","Wewak",0.397317147160802,-0.581471685161816
"5736","Weyburn",0.115330424000069,-0.296939471209281
"5737","Whakatane",0.262204357517735,-0.443447631885388
"5738","Whangarei",0.245076805469008,-0.418312827228622
"5739","Wheeling",-0.152100723728224,-0.00948500428569746
"5740","White Sulphur Springs",0.361915594309117,-0.5453883296619
"5741","Whitehorse",-0.140547175690675,-0.0371168545605284
"5742","Whyalla",0.156756295801948,-0.332267559020278
"5743","Wiarton",0.358973244825075,-0.542321361115151
"5744","Wichita",-0.793198338485957,0.747863472814464
"5745","Wichita Falls",-0.48213834969038,0.334968220289076
"5746","Wiener",0.0905998957571747,-0.254961065913615
"5747","Wiesbaden",-0.156641905760755,0.0745906036285751
"5748","Wilcannia",0.445111565969183,-0.629043189940291
"5749","Wilkes Barre",-0.303943351281811,0.165444021050364
"5750","Willcox",0.343613103318683,-0.525954806865487
"5751","Willemstad",-0.339238066062686,0.187831213236007
"5752","Williams Lake",0.0445545301480164,-0.223210996909626
"5753","Williamsport",0.00427533823481027,-0.169573335086722
"5754","Williston",-0.670221157199495,0.491011706689907
"5755","Willmar",-0.465629216551226,0.287609804390086
"5756","Wilmington1",-0.619986048067469,0.508279937410408
"5757","Wilmington2",-0.731391995016356,0.835127447026333
"5758","Winchester",-0.217024107914944,0.0542625751932538
"5759","Windhoek",0.0357994518025524,-0.18754509494763
"5760","Windsor1",-1.57194969542726,1.64757309859267
"5761","Windsor2",0.312206077665586,-0.494890423514082
"5762","Winneba",0.352170780665067,-0.528847834443749
"5763","Winnemucca",0.285067431905422,-0.464781307370163
"5764","Winnipeg",-2.55918330367717,2.48953719164079
"5765","Winona",0.0307418600874594,-0.204795326512427
"5766","Winston-Salem",-0.474617327274021,0.428076298226023
"5767","Winter Haven",-0.425129560455177,0.287486415397211
"5768","Winton",0.417645930542011,-0.601243116592446
"5769","Witu",0.46415118626232,-0.648305402837669
"5770","Wloclawek",-0.13011120761436,-0.0390441634808519
"5771","Wollongong",-0.228368686879691,0.0799367334622235
"5772","Wonju",-0.266043137065139,0.103824623335923
"5773","Wonsan",0.449262503757586,-0.618115123828819
"5774","Wonthaggi",0.383939036844923,-0.565701764889182
"5775","Woodward",0.100667343606436,-0.278304104529758
"5776","Worcester1",-0.415916318623878,0.323013567375732
"5777","Worcester2",-0.14767560062443,-0.0258051848275868
"5778","Wrangell",0.381954013023934,-0.565722945015355
"5779","Wroclaw",-0.75543785404051,0.64127548582617
"5780","Wuchuan",0.41036506985592,-0.591511285396845
"5781","Wuhan",3.51946762167491,2.70183031859378
"5782","Wuhu",0.128524901036592,-0.111066085511929
"5783","Wukari",0.449117114092349,-0.630483449323167
"5784","Wum",0.465703459729282,-0.646748947465058
"5785","Wuppertal",0.080550995191075,-0.140729466881243
"5786","Wurzburg",0.202137260410304,-0.353827735201984
"5787","Wuwei",0.423408759782934,-0.472645593326698
"5788","Wuxi",0.0918251735164549,0.933091124604782
"5789","Wuyuan",0.39270155009135,-0.573136389862292
"5790","Wuzhou",0.199361728508386,-0.344415237429515
"5791","Xai-Xai",0.291377314996121,-0.466750540896597
"5792","Xalapa",0.0340726753788027,-0.194322257771147
"5793","Xanthi",-0.0804557282005011,-0.0935791315168313
"5794","Xapeco",-0.0715576535797438,-0.0922372555613306
"5795","Xiamen",-1.37583456196614,1.23789275467532
"5796","Xian",2.53161707837442,1.95442968663135
"5797","Xiangfan",2.42714947799203,1.44393424043284
"5798","Xiangkhoang",0.456156091027545,-0.63944019030392
"5799","Xiangtai",0.744521240713423,-0.0829408009201746
"5800","Xiangtan",0.353859346223519,-0.264218753747813
"5801","Xiantao",1.02317539640609,0.00615817902324667
"5802","Xiaogan",0.923089524406681,-0.0162075907508068
"5803","Xichang",0.29955204500914,-0.436585486931343
"5804","Xigaze",0.430822892324963,-0.611181831655682
"5805","Xilinhot",-0.144485468580117,-0.0302306984460418
"5806","Xinguara",0.18794655410138,-0.371171073505439
"5807","Xingyi",0.164013021349326,-0.311266445007555
"5808","Xining",0.181499323199955,-0.292783192744586
"5809","Xinqing",0.455770515246655,-0.634573311075551
"5810","Xinxiang",0.61307006057176,-0.0710869560849146
"5811","Xinyang",0.530610078187192,-0.361850870738454
"5812","Xinyi",1.03545291189863,0.207304985366199
"5813","Xinyu",0.509550216903077,-0.467016359266156
"5814","Xinzhou",0.156366358875482,-0.290306241715891
"5815","Xique-Xique",0.138002167962381,-0.321239044407852
"5816","Xuanhua",0.196650569884266,-0.333594621594694
"5817","Xuchang",1.46538207400516,0.581813576994453
"5818","Xuzhou",1.07716341532824,0.313036235172951
"5819","Yaan",0.617420165869993,-0.394094685951403
"5820","Yacuiba",0.093019214346075,-0.271673368288989
"5821","Yakeshi",0.326924039492677,-0.502751796196196
"5822","Yakima",-0.381925780395697,0.222148106468642
"5823","Yakutat",0.439119955166442,-0.623426637100233
"5824","Yakutsk",-1.31365937066083,1.15837906042328
"5825","Yala",0.0756042222828441,-0.248255248985354
"5826","Yalta",0.0891403892718535,-0.267091672413367
"5827","Yalutorovsk",-0.0164737884047717,-0.162436785096925
"5828","Yamagata",0.10957855451922,-0.254293234928782
"5829","Yamba",0.41258547011047,-0.595958737903549
"5830","Yambio",0.464415282673725,-0.639835375394476
"5831","Yamoussoukro",-0.208767556416994,0.045743305314012
"5832","Yanbu al Bahr",-2.93374081061194,2.76473488221943
"5833","Yandoon",0.451772434255507,-0.629050534585167
"5834","Yangambi",0.465402900254643,-0.647053688845346
"5835","Yangjiang",0.248416427560589,-0.269935967444887
"5836","Yangquan",0.350371048089347,-0.401342628422439
"5837","Yangzhou",0.223775555911239,-0.0570644283459181
"5838","Yanji",0.0702351853031283,-0.215951267797523
"5839","Yankton",-0.143755989808297,-0.0358658093403989
"5840","Yantai",-0.0525797753705374,0.111419756999118
"5841","Yaounde",0.0616183997142214,-0.1739595505411
"5842","Yarmouth",0.179829423289047,-0.360434467736762
"5843","Yaroslave",-1.278761563824,1.15061915769107
"5844","Yaynangyoung",0.424856661877216,-0.60433147900319
"5845","Yazd",-0.48730837225658,0.338583250750968
"5846","Ye",0.464236241626205,-0.641752462014729
"5847","Yefremov",0.188793733157184,-0.36550019522303
"5848","Yegoryevsk",-0.365675681366359,0.18659123905079
"5849","Yei",0.463764349875804,-0.646670482808441
"5850","Yekaterinburg",-2.12116014363116,2.02755707345116
"5851","Yelets",-0.0255840133385141,-0.139720786048932
"5852","Yelimane",0.464146039072962,-0.648310550027027
"5853","Yellowknife",-0.183981164213182,0.00507345780129613
"5854","Yemanzhelinsk",0.210727691570054,-0.386268774268142
"5855","Yendi",0.404762017952327,-0.585832063007899
"5856","Yeniseysk",-0.0684411871314915,-0.112388101298073
"5857","Yeosu",-0.906919362874129,0.760652453072236
"5858","Yeppoon",0.292113689432898,-0.4757154615021
"5859","Yerevan",0.16666195556758,-0.281353904526735
"5860","Yevlax",0.19169764911351,-0.370669666810307
"5861","Yevpatoriya",0.0962149557977618,-0.271358015847314
"5862","Yeysk",-0.0797239649149368,-0.0989070797244964
"5863","Yian",0.375436977898246,-0.553772679373955
"5864","Yibin",0.845934054897127,-0.187702503290515
"5865","Yichang",0.3456133390833,-0.361901312798466
"5866","Yichun",0.0434276878254123,-0.220048071099596
"5867","Yinchuan",-0.760738682495483,0.586862944998912
"5868","Yingkow",0.388519484796515,-0.248820594912204
"5869","Yining",-0.26452685485238,0.117254933092699
"5870","Yirga Alem",0.841870454098344,-0.268176018232297
"5871","Yishan",0.124338276769688,-0.299101466631169
"5872","Yishui",0.734177320965896,-0.223540841555008
"5873","Yitulihe",0.457359400664421,-0.636224933432406
"5874","Yiyang",0.717730041373151,-0.274889066677666
"5875","Yogyakarta",0.827589700769806,-0.0527819581245083
"5876","Yokohama",-0.662101061114049,0.932918484739435
"5877","Yola",0.48580954262584,-0.573558974483019
"5878","Yomou",0.46477055654483,-0.647686032555159
"5879","Yongzhou",0.478707776643636,-0.533236230938621
"5880","York1",-0.445284960711342,0.334610457875105
"5881","York2",-0.212528841163041,0.0516444627511551
"5882","Yorkton",-0.0835224756653256,-0.094817823147993
"5883","Yoshkar Ola",-0.601119658741194,0.449127844562463
"5884","Young",0.331489391906454,-0.513100876545203
"5885","Youngstown",-0.580680598960562,0.52659792734707
"5886","Ypacarai|Ita",-0.0952855283354703,-0.0871977576582708
"5887","Yuanlin",-0.205117584936391,0.322928808888738
"5888","Yuba City",-0.0214767674766228,-0.131018469260046
"5889","Yuci",0.249721443453205,-0.235136268727129
"5890","Yueyang",0.422828677481881,-0.332943378823757
"5891","Yulara",0.444296675215646,-0.62791237060801
"5892","Yulin1",0.470083422500551,-0.299822066473019
"5893","Yulin2",-0.357488637753549,0.188083580180641
"5894","Yuma",-0.969126118955467,0.805280201305541
"5895","Yunxian",0.392610627673587,-0.553582339195183
"5896","Yurga",-0.220005858466036,0.0405193409274376
"5897","Yuxi",0.209375376459287,-0.335269212341267
"5898","Yuzhno Sakhalinsk",-0.890499525754334,0.722595789595384
"5899","Zabid",0.451924029316544,-0.587504804700778
"5900","Zabol",-0.090497260792753,-0.0678668133979203
"5901","Zacatecas",0.0559960291041364,-0.2219591986085
"5902","Zadar",-0.404213617123344,0.230827302628097
"5903","Zagreb",-1.55146241366168,1.45617623749914
"5904","Zahedan",-0.444314578649919,0.276788851281794
"5905","Zahle",-0.0817437006392354,-0.096459312925641
"5906","Zakho",-0.0882756755639112,-0.0866665357317794
"5907","Zalantun",0.302296756110806,-0.47579385649761
"5908","Zambezi",0.464603744627597,-0.647852844472392
"5909","Zamboanga",0.32000539090412,-0.458800799771784
"5910","Zamora1",0.245891477722578,-0.418870774015539
"5911","Zamora2",0.417881558445848,-0.600787640953171
"5912","Zanesville",-0.16739894155864,5.870758050458e-05
"5913","Zanjan",-0.0912916452887321,-0.0788013998244324
"5914","Zanzibar",0.377375854377927,-0.5322831564228
"5915","Zaozernyy",0.19666346704622,-0.376887770235863
"5916","Zaozhuang",0.990881045885316,0.161734076163597
"5917","Zapala",-0.0369399235000911,-0.141895896027558
"5918","Zaporizhzhya",-0.194015752971099,0.0544127103513079
"5919","Zarafshon",0.22801758996662,-0.408952280532091
"5920","Zaragoza",-1.76922573582121,1.62379251383251
"5921","Zarate",-2.24711372987686,2.06967252385012
"5922","Zaraza",0.0363935928310315,-0.215609502176373
"5923","Zaria",0.391176465962899,-0.544307852226687
"5924","Zarzis",0.119679161747501,-0.287642256200672
"5925","Zaysan",0.43018019391984,-0.610598685960472
"5926","Zelenodolsk",-0.112913766037614,-0.070843665175078
"5927","Zelenokumsk",0.348635203014427,-0.524101338292431
"5928","Zenica",0.0628409266608006,-0.235566737244481
"5929","Zhaltyr",0.388346094691842,-0.572225402389192
"5930","Zhangjiakou",-0.0101766098510919,-0.137114080271468
"5931","Zhangye",0.366083032943269,-0.489121102622663
"5932","Zhangzhou",-0.0578820682760307,0.0615908137150773
"5933","Zhanibek",0.406315831746202,-0.587910938461033
"5934","Zhanjiang",-0.2259419834257,0.109242578821407
"5935","Zhanyi",0.350420561324572,-0.406178293528082
"5936","Zhaodong",0.34070919610017,-0.497415847410959
"5937","Zhaoqing",0.198289876369173,-0.239903095308871
"5938","Zhaotang",0.453883773387974,-0.502198110526445
"5939","Zharkent",0.426230950955905,-0.600081024381022
"5940","Zheleznogorsk",0.0764311046715691,-0.256463278994872
"5941","Zheleznogorsk Ilimskiy",-0.0279609260174715,-0.152852206519439
"5942","Zhengzhou",15.323910927734,14.4527418308701
"5943","Zhenjiang",-0.193272712454706,0.195327160823276
"5944","Zhetiqara",0.218730756492463,-0.398555060586534
"5945","Zhijiang",0.445262607949177,-0.591583041715587
"5946","Zhob",0.453054719936194,-0.632961692911427
"5947","Zholymbet",0.426722755877475,-0.61001745119196
"5948","Zhosaly",0.320853610550372,-0.501786369682069
"5949","Zhoukou",2.37173668035746,1.37480628496754
"5950","Zhuanghe",0.380515216659634,-0.494766353733012
"5951","Zhucheng",0.401719903527823,-0.420139986512788
"5952","Zhuzhou",0.124434010198286,-0.197700042297255
"5953","Zhytomyr",0.207214212079996,-0.370913291466602
"5954","Zibo",0.859681695623502,0.324952502046581
"5955","Zicheng",0.416510274720748,-0.505601168407835
"5956","Zielona Gora",-0.188284267602336,0.0191837585901611
"5957","Zigong",1.2836703654059,0.26000339474944
"5958","Ziguinchor",0.38690252412875,-0.560061251921012
"5959","Zilina",-0.0352612332008537,-0.138700276068365
"5960","Zima",0.0186561704318723,-0.193827470533255
"5961","Zinder",0.413700441990331,-0.581137275019257
"5962","ZÌùrich",-0.0704410293002712,-0.0215846290504477
"5963","Zixing",0.444380477094564,-0.625744970422646
"5964","Zlatoust",0.0696480172112514,-0.236990083499426
"5965","Zlin",0.139269178992378,-0.302930459657705
"5966","Zmeinogorsk",0.402563463957043,-0.58485391807369
"5967","Zomba",0.625132804889048,-0.473904906917408
"5968","Zongo",0.437192094711106,-0.619661894019554
"5969","Zonguldak",-0.0126819985462058,-0.139943333782614
"5970","Zouar",0.464141693776403,-0.648314895323586
"5971","Zouirat",0.275089078153016,-0.456374888559678
"5972","Zrenjanin",0.00578618962172261,-0.177194816381728
"5973","Zumpango",-0.49146851003151,0.477699112046519
"5974","Zunyi",0.58829453691935,-0.320354132729544
"5975","Zuozhou",0.345464510429218,-0.52265351478275
"5976","Zuwarah",-0.281095655214622,0.100320594355972
"5977","Zvishavane",0.43744319980269,-0.61661957799675
"5978","Zvolen",0.142468638109138,-0.319216816422021
"5979","Zwedru",0.458432477469961,-0.639164733687037
"5980","Zyryanovsk",0.304817258027126,-0.480110335566968
