"","City","Cluster","Baseline_Stability","Stability"
"1","Aalborg","B",0.983102836879434,0.965506249852382
"2","Aarhus","B",0.983102836879434,0.956742942175746
"3","Aba","A",0.993604140526975,0.982472603497738
"4","Abadan","F",0.989459459459459,0.97797448997918
"5","Abaetetuba","B",0.983102836879434,0.968940179726946
"6","Abai","A",0.993604140526975,0.983232646819394
"7","Abakan","C",0.988288633461049,0.791710656585795
"8","Abancay","A",0.993604140526975,0.982825241652359
"9","Abau","A",0.993604140526975,0.985066462439366
"10","Abaza","A",0.993604140526975,0.983992335446924
"11","Abbottabad","A",0.993604140526975,0.982583566570064
"12","Abeche","A",0.993604140526975,0.983092001164237
"13","Abengourou","A",0.993604140526975,0.982728625290308
"14","Abeokuta","A",0.993604140526975,0.982677567921403
"15","Aberdeen1","B",0.983102836879434,0.961729471231164
"16","Aberdeen2","B",0.983102836879434,0.91667323672571
"17","Aberdeen3","C",0.988288633461049,0.953283724208201
"18","Abha","C",0.984878671775225,0.815353533812573
"19","Abidjan","B",0.977641843971632,0.956293739219908
"20","Abilene","B",0.977641843971632,0.802390718959509
"21","Abohar","A",0.993604140526975,0.983100043964449
"22","Abomey","A",0.993604140526975,0.982396009372227
"23","Abong Mbang","A",0.993604140526975,0.982959699760669
"24","Abra Pampa","A",0.993604140526975,0.98251186847071
"25","Abu Dhabi","F",0.994054054054054,0.98246479546372
"26","Abu Kamal","A",0.993604140526975,0.9828674243868
"27","Abuja","B",0.977641843971632,0.973802302130059
"28","Acapulco","B",0.983102836879434,0.969576304517323
"29","Acarau","A",0.985962986198242,0.96643821459989
"30","Acarigua","C",0.988288633461049,0.953191570644905
"31","Acatlan","A",0.993604140526975,0.982763751805416
"32","Accra","B",0.977641843971632,0.850725386686405
"33","Achinsk","C",0.988288633461049,0.950078869152013
"34","Acu","B",0.983102836879434,0.966007397503798
"35","Ad Dakhla","B",0.977641843971632,0.820497180483907
"36","Ad Damman","F",0.994054054054054,0.982348624684403
"37","Ad Diwaniyah","C",0.988288633461049,0.956946893793551
"38","Ad Nabk","A",0.993604140526975,0.982975861819534
"39","Adana","C",0.984878671775225,0.795585327824743
"40","Adapazari","B",0.977641843971632,0.840355563884252
"41","Addis Ababa","A",0.993604140526975,0.982582046589572
"42","Adelaide","B",0.977641843971632,0.956002648071278
"43","Aden","C",0.988288633461049,0.950509690197748
"44","Adi Ugri","A",0.993604140526975,0.985571982069297
"45","Adigrat","A",0.993604140526975,0.983183148554069
"46","Adiyaman","A",0.985962986198242,0.957357578803751
"47","Ado Ekiti","A",0.993604140526975,0.985536457238111
"48","Adrar","B",0.983102836879434,0.967738631287075
"49","Afyon","B",0.983102836879434,0.96555466948657
"50","Agadez","A",0.993604140526975,0.983334180528724
"51","Agadir","C",0.984878671775225,0.953145952818013
"52","Agartala","A",0.993604140526975,0.890593061414475
"53","Agboville","A",0.993604140526975,0.982543572910265
"54","Agen","B",0.983102836879434,0.968677219387607
"55","Agordat","A",0.993604140526975,0.984431314635236
"56","Agra","A",0.993604140526975,0.909820052829007
"57","Agri","A",0.993604140526975,0.983080581709822
"58","Agrinio","A",0.985962986198242,0.955375947100711
"59","Agua Prieta","B",0.983102836879434,0.958950989472666
"60","Aguascalientes","B",0.983102836879434,0.967848549782367
"61","Ahar","A",0.993604140526975,0.98317169225095
"62","Ahmadabad","D",0.991481481481482,0.741050961313417
"63","Ahmednagar","A",0.993604140526975,0.982696493256469
"64","Ahwaz","E",0.987741935483871,0.957380176065422
"65","Aigua","A",0.993604140526975,0.984127217451564
"66","Aiken","B",0.983102836879434,0.965808174372212
"67","Aiquile","A",0.993604140526975,0.982401343050899
"68","Aix-en-Provence","C",0.988288633461049,0.950007671221545
"69","Aizawl","A",0.993604140526975,0.982564433318675
"70","Ajaccio","B",0.983102836879434,0.973271078419883
"71","Ajdabiya","E",0.988924731182796,0.953716623276595
"72","Ajmer","A",0.993604140526975,0.982230165037664
"73","Aketi","A",0.993604140526975,0.983328229155057
"74","Akhtubinsk","A",0.993604140526975,0.983228581500875
"75","Akita","A",0.985962986198242,0.844169357318682
"76","Akola","A",0.993604140526975,0.983871543091137
"77","Akron","C",0.988288633461049,0.949738804695483
"78","Aksu","A",0.126395859473024,0.525879189000896
"79","Aksum","A",0.993604140526975,0.983028558310077
"80","Akureyi","C",0.988288633461049,0.958717375549106
"81","Al Ahmadi","F",0.989459459459459,0.977522195862971
"82","Al Amarah","C",0.984878671775225,0.952679969605085
"83","Al Ayn","E",0.987741935483871,0.954738279702538
"84","Al Bayda","A",0.985962986198242,0.835573173577028
"85","Al Fallujah","A",0.993604140526975,0.983954705083685
"86","Al Fujayrah","E",0.988924731182796,0.959865110308961
"87","Al Hasakah","A",0.993604140526975,0.981944486106723
"88","Al Hillah","B",0.977641843971632,0.762984949620432
"89","Al Hudaydah","B",0.983102836879434,0.963836278995747
"90","Al Hufuf","F",0.994054054054054,0.982464253660925
"91","Al Jaghbub","B",0.983102836879434,0.97014872012106
"92","Al Jahra","F",0.875945945945946,0.485947648753096
"93","Al Jubayl","F",0.994054054054054,0.98276072185709
"94","Al Karak","A",0.993604140526975,0.985048978002554
"95","Al Khalil","B",0.983102836879434,0.967200950592053
"96","Al Kharj","F",0.989459459459459,0.978032007058072
"97","Al Khums","C",0.988288633461049,0.953277833302011
"98","Al Kut","C",0.984878671775225,0.880734506103172
"99","Al Ladhiqiyah","A",0.976144918444165,0.557871878760504
"100","Al Marj","C",0.988288633461049,0.949533721269059
"101","Al Mubarraz","F",0.989459459459459,0.977951262586672
"102","Al Mukalla","B",0.977641843971632,0.919366193893277
"103","Al Musayyib","B",0.983102836879434,0.965031615172913
"104","Al Qamishli","A",0.993604140526975,0.983788586573072
"105","Al Qunaytirah","A",0.993604140526975,0.982811855358798
"106","Al Quwayiyah","C",0.988288633461049,0.951998156132623
"107","Al Wajh","E",0.987741935483871,0.9578240730934
"108","Al-Qatif","F",0.989459459459459,0.977851241951017
"109","Alagoinhas","C",0.912579821200512,0.765427177788552
"110","Alajuela","B",0.983102836879434,0.965255761331655
"111","Alamogordo","A",0.993604140526975,0.983247206051955
"112","Alapayevsk","B",0.983102836879434,0.965685552681411
"113","Alatyr","A",0.993604140526975,0.98298347901503
"114","Alayat Samail","B",0.983102836879434,0.958581090876973
"115","Albacete","B",0.983102836879434,0.964272873621311
"116","Albany1","C",0.988288633461049,0.949863120935549
"117","Albany2","C",0.988288633461049,0.953050079439725
"118","Albany3","B",0.983102836879434,0.964811171096558
"119","Albany4","A",0.993604140526975,0.983569669952585
"120","Albert Lea","B",0.983102836879434,0.964427092179824
"121","Albuquerque","B",0.977641843971632,0.839261553463873
"122","Albury","B",0.983102836879434,0.960162710662536
"123","Aldama","A",0.993604140526975,0.983487838360055
"124","Aldan","A",0.993604140526975,0.968127364735644
"125","Aleksandrovsk","A",0.993604140526975,0.983580062929469
"126","Alekseyevka","A",0.985962986198242,0.976696796606347
"127","Aleksin","B",0.983102836879434,0.959499489372668
"128","Aleppo","A",0.993604140526975,0.984797266870697
"129","Alexandria1","B",0.977641843971632,0.829547280090081
"130","Alexandria2","C",0.984878671775225,0.830914424343192
"131","Alexandria3","E",0.988924731182796,0.947540348153198
"132","Alexandroupoli","B",0.983102836879434,0.968554776604023
"133","Aleysk","A",0.993604140526975,0.983581371968786
"134","Algeciras","E",0.988924731182796,0.955008837571848
"135","Algha","A",0.993604140526975,0.983111270417489
"136","Algiers","C",0.984878671775225,0.823279104611346
"137","Ali Bayramli","A",0.993604140526975,0.982049824432551
"138","Ali Sabih","A",0.993604140526975,0.983191746478228
"139","Alicante","C",0.984878671775225,0.954926200541963
"140","Alice","B",0.977641843971632,0.967685356357018
"141","Alice Springs","A",0.993604140526975,0.968756825315379
"142","Aligarh","D",0.995555555555555,0.851193046457811
"143","Alipur Duar","A",0.993604140526975,0.568346471483158
"144","Aliwal North","A",0.993604140526975,0.984692236953607
"145","Allahabad","D",0.995555555555555,0.847094849107483
"146","Allanmyo","A",0.993604140526975,0.986266023236688
"147","Allappey","A",0.993604140526975,0.983495705296435
"148","Allende","A",0.993604140526975,0.984020680202371
"149","Allentown","C",0.874010217113667,0.517405347925038
"150","Alliance","B",0.983102836879434,0.967658944299955
"151","Almaty","C",0.988288633461049,0.932958760874153
"152","Almenara","A",0.993604140526975,0.982402016899585
"153","Almeria","C",0.984878671775225,0.952510550028182
"154","Almetyevsk","B",0.977641843971632,0.958510735136075
"155","Almirante","A",0.993604140526975,0.983178321494601
"156","Alor Setar","B",0.983102836879434,0.958823989724166
"157","Alotau","A",0.993604140526975,0.98469293116049
"158","Alpena","A",0.985962986198242,0.832501405443356
"159","Alpine","A",0.993604140526975,0.983020132853511
"160","Alta Gracia","B",0.983102836879434,0.968578881197831
"161","Altagracia de Orituco","B",0.983102836879434,0.962714154839863
"162","Altamira","B",0.983102836879434,0.965539175470186
"163","Altay","A",0.993604140526975,0.983838825729819
"164","Alton","C",0.988288633461049,0.950769055795019
"165","Altoona","B",0.983102836879434,0.96460284237341
"166","Alvorada","A",0.993604140526975,0.982996986348363
"167","Alwar","A",0.993604140526975,0.983891896096632
"168","Alxa Zuoqi","A",0.993604140526975,0.982598512261485
"169","Am Timan","A",0.993604140526975,0.983112159947409
"170","Amahai","A",0.993604140526975,0.983447390454062
"171","Amapa","A",0.993604140526975,0.983374669189421
"172","Amarillo","B",0.977641843971632,0.801414103870247
"173","Amasya","B",0.983102836879434,0.966552110960831
"174","Ambala","A",0.993604140526975,0.983654490803075
"175","Ambanja","A",0.993604140526975,0.982531805463273
"176","Ambato","A",0.993604140526975,0.983066297254656
"177","Ambatondrazaka","A",0.993604140526975,0.983567679776342
"178","Ambon","A",0.993604140526975,0.985371593447887
"179","Americana","C",0.874010217113667,0.587498418005957
"180","Ames","B",0.977641843971632,0.851182088833992
"181","Amherst","A",0.993604140526975,0.966725296077357
"182","Amiens","B",0.983102836879434,0.964711594234079
"183","Amman","C",0.988288633461049,0.949574811779695
"184","Ammochostos","B",0.983102836879434,0.967901181288031
"185","Amol","B",0.983102836879434,0.967328211614362
"186","Amos","B",0.983102836879434,0.969328826042838
"187","Amravati","A",0.993604140526975,0.968006045613756
"188","Amritsar","D",0.988148148148148,0.777151104839928
"189","Amsterdam","C",0.984878671775225,0.892002510346361
"190","Amursk","A",0.976144918444165,0.635752785266103
"191","An Najaf","C",0.984878671775225,0.955299422498548
"192","An Nasiriyah","C",0.988288633461049,0.95243765893676
"193","Anaco","E",0.988924731182796,0.955294811563578
"194","Anapolis","B",0.983102836879434,0.966340028979776
"195","Anatuya","B",0.983102836879434,0.965328427770645
"196","Anbyon","A",0.993604140526975,0.983235552398367
"197","Anchorage","E",0.988924731182796,0.950950795685734
"198","Ancona","C",0.988288633461049,0.950117337311681
"199","Ancud","A",0.993604140526975,0.983123952430439
"200","Anda","B",0.983102836879434,0.96479913688243
"201","Anderson","B",0.983102836879434,0.96412892991182
"202","Andijon","A",0.993604140526975,0.982849758103291
"203","Andkhvoy","A",0.993604140526975,0.983128032004784
"204","Andoany","A",0.993604140526975,0.98314322107482
"205","Andong","B",0.983102836879434,0.966312185662763
"206","Andorra","A",0.993604140526975,0.983236432972041
"207","Andradina","A",0.993604140526975,0.967506175385872
"208","Androka","A",0.993604140526975,0.982524871565918
"209","Angangxi","A",0.993604140526975,0.98308802362534
"210","Angarsk","B",0.977641843971632,0.852653411602582
"211","Angeles","A",0.993604140526975,0.983967828880986
"212","Angers","B",0.983102836879434,0.96755139533336
"213","Angoche","A",0.993604140526975,0.984436448132146
"214","Angol","A",0.985962986198242,0.968891090492114
"215","Angren","A",0.993604140526975,0.983328721880241
"216","Ankang","A",0.993604140526975,0.984954612891297
"217","Ankara","C",0.984878671775225,0.823366094254448
"218","Anlu","A",0.993604140526975,0.98260117499882
"219","Ann Arbor","C",0.988288633461049,0.951832553650227
"220","Annaba","B",0.977641843971632,0.807645770250934
"221","Annapolis","C",0.988288633461049,0.951715273048074
"222","Annecy","B",0.983102836879434,0.965465124892039
"223","Anqing","B",0.983102836879434,0.964503051639682
"224","Ansan","E",0.988924731182796,0.954407988430096
"225","Anshan","B",0.983102836879434,0.966093299673269
"226","Anshun","A",0.993604140526975,0.98279175227365
"227","Antalaha","A",0.993604140526975,0.983435536368301
"228","Antalya","C",0.984878671775225,0.952641481352692
"229","Antananarivo","A",0.993604140526975,0.983393568774443
"230","Antigonish","A",0.993604140526975,0.984142168439215
"231","Antofagasta","B",0.983102836879434,0.965385029347824
"232","Antsirabe","A",0.993604140526975,0.983627897272303
"233","Antsiranana","A",0.993604140526975,0.98476363690596
"234","Antsohihy","A",0.993604140526975,0.983179562741204
"235","Antwerpen","C",0.988288633461049,0.95386289975201
"236","Anuradhapura","A",0.993604140526975,0.983700796300484
"237","Anxi","A",0.993604140526975,0.983962790234374
"238","Anyang","A",0.993604140526975,0.983375787637001
"239","Anzhero Sudzhensk","A",0.985962986198242,0.813755970031945
"240","Aomori","B",0.983102836879434,0.959178812632376
"241","Apalachicola","A",0.993604140526975,0.983327139479023
"242","Apatity","C",0.988288633461049,0.949983783860227
"243","Apatzingan","A",0.993604140526975,0.982994767100683
"244","Apia","A",0.993604140526975,0.983775880445066
"245","Apodi","A",0.985962986198242,0.967855885470694
"246","Apolo","A",0.993604140526975,0.983352207272347
"247","Appleton","C",0.988288633461049,0.956625961637207
"248","Apsheronsk","A",0.993604140526975,0.983566074102061
"249","Apucarana","B",0.983102836879434,0.960380253540443
"250","Aqadyr","A",0.993604140526975,0.986313080585651
"251","Aqsay","B",0.983102836879434,0.959172991693382
"252","Aqtau","B",0.977641843971632,0.95732440841072
"253","Aqtobe","B",0.134391252955083,0.499754972098495
"254","Aquidauana","B",0.983102836879434,0.959211318351055
"255","Ar Ramadi","B",0.983102836879434,0.964704775656296
"256","Ar Raqqah","A",0.993604140526975,0.984111699359743
"257","Ar Rutbah","A",0.993604140526975,0.983431547995472
"258","Aracaju","C",0.984878671775225,0.952967201916528
"259","Aracati","B",0.983102836879434,0.969493184840361
"260","Aracatuba","B",0.983102836879434,0.966644331573863
"261","Aracuai","A",0.993604140526975,0.983598658475502
"262","Arad","B",0.977641843971632,0.961799794357271
"263","Araguaina","B",0.983102836879434,0.963953408438003
"264","Araguari","B",0.983102836879434,0.958553878911416
"265","Arak","B",0.983102836879434,0.96583157619657
"266","Aral","A",0.985962986198242,0.967249813624457
"267","Aranyaprathet","A",0.993604140526975,0.983038455967074
"268","Arapiraca","C",0.984878671775225,0.957988860841562
"269","Arapongas","B",0.983102836879434,0.965276134112073
"270","Arar","E",0.987741935483871,0.956090909472691
"271","Ararangua","B",0.983102836879434,0.972501788411107
"272","Ararat","A",0.993604140526975,0.98294585704957
"273","Arauca","B",0.983102836879434,0.958838784167412
"274","Araxa","A",0.993604140526975,0.982854234632945
"275","Arba Minch","A",0.993604140526975,0.98293695999349
"276","Arcata","A",0.993604140526975,0.982974207251568
"277","Archangel","C",0.988288633461049,0.957693087708567
"278","Arcoverde","A",0.993604140526975,0.983024082180552
"279","Arctic Bay","A",0.993604140526975,0.982701545556508
"280","Ardabil","B",0.983102836879434,0.966660763537382
"281","Ardmore","B",0.977641843971632,0.957780839096298
"282","Arecibo","B",0.983102836879434,0.959416773821196
"283","Arequipa","B",0.983102836879434,0.964151650719811
"284","Arezzo","B",0.983102836879434,0.957799926930884
"285","Argentia","A",0.993604140526975,0.983626184601133
"286","Arica","B",0.983102836879434,0.958934293721048
"287","Arjona","A",0.993604140526975,0.98289791622221
"288","Armavir","B",0.983102836879434,0.965066976987152
"289","Armenia","B",0.983102836879434,0.964450460300495
"290","Armidale","A",0.993604140526975,0.983048589608167
"291","Arqalyq","A",0.993604140526975,0.983368705475101
"292","Arras","B",0.977641843971632,0.801279692004144
"293","Arrecife","B",0.983102836879434,0.956996042731226
"294","Arroyos y Esteros","A",0.993604140526975,0.982779062569476
"295","Arsenyev","A",0.993604140526975,0.982689073965999
"296","Artemisa","A",0.993604140526975,0.983215428352691
"297","Artemovsk","A",0.993604140526975,0.98303698714798
"298","Artemovskiy","A",0.985962986198242,0.683118536535171
"299","Artigas","A",0.985962986198242,0.856008966241721
"300","Arua","A",0.993604140526975,0.98229880425209
"301","Arusha","A",0.993604140526975,0.985235043623794
"302","Arvayheer","A",0.993604140526975,0.982975935930636
"303","Arviat","A",0.993604140526975,0.982976006698521
"304","Arxan","A",0.993604140526975,0.984401352439896
"305","Arys","A",0.993604140526975,0.983511253724606
"306","Arzamas","A",0.993604140526975,0.983533385149562
"307","As Salt","B",0.983102836879434,0.967204349092741
"308","As Samawah","B",0.977641843971632,0.964719466290312
"309","As Sulaymaniyah","E",0.988924731182796,0.948456120500124
"310","As Sulayyil","C",0.988288633461049,0.9529301884772
"311","As Suwayda","A",0.993604140526975,0.982841874934979
"312","Asahikawa","B",0.983102836879434,0.965934236936212
"313","Asbest","B",0.983102836879434,0.968613449941565
"314","Ascension","A",0.993604140526975,0.983512967813306
"315","Asela","A",0.993604140526975,0.983884217308266
"316","Ash Shatrah","B",0.983102836879434,0.966408065236814
"317","Ash Shihr","B",0.983102836879434,0.964550042942961
"318","Asha","B",0.983102836879434,0.96533006212513
"319","Ashburton1","A",0.993604140526975,0.983149015720264
"320","Ashburton2","A",0.993604140526975,0.982475859985413
"321","Asheville","B",0.983102836879434,0.959840746882395
"322","Ashgabat","E",0.987741935483871,0.814302257575549
"323","Asino","A",0.993604140526975,0.982714353487074
"324","Asmara","A",0.993604140526975,0.982632535776946
"325","Asosa","A",0.993604140526975,0.982887426321168
"326","Assab","A",0.993604140526975,0.982731628444143
"327","Assis","B",0.983102836879434,0.936363950294944
"328","Astana","E",0.987741935483871,0.805425181967295
"329","Asti","B",0.977641843971632,0.959588771618049
"330","Astoria","A",0.993604140526975,0.984387447619851
"331","Astrakhan","B",0.977641843971632,0.83026166043775
"332","Asuncion","C",0.984878671775225,0.803223469004096
"333","Aswan","E",0.988924731182796,0.945143138967637
"334","Asyut","B",0.977641843971632,0.958091169636866
"335","At Bashy","A",0.993604140526975,0.983480414611844
"336","At Taif","E",0.988924731182796,0.949641523853159
"337","Atakpame","A",0.993604140526975,0.983869344526243
"338","Atamyrat","A",0.985962986198242,0.967777722349361
"339","Atar","A",0.993604140526975,0.9832100177624
"340","Atasu","A",0.993604140526975,0.983068877267908
"341","Atbara","A",0.993604140526975,0.983300767632311
"342","Atbasar","A",0.993604140526975,0.984836896892531
"343","Athabasca","A",0.993604140526975,0.983723529047365
"344","Athens1","B",0.983102836879434,0.958060713711356
"345","Athens2","E",0.987741935483871,0.954690488720738
"346","Atherton","A",0.993604140526975,0.983921627596807
"347","Ati","A",0.993604140526975,0.983044177182039
"348","Atikokan","A",0.993604140526975,0.981741500185916
"349","Atkarsk","A",0.993604140526975,0.984279358631249
"350","Atlanta","C",0.984878671775225,0.953915229489303
"351","Atlantic City","E",0.987741935483871,0.954487941031446
"352","Atlixco","A",0.993604140526975,0.976040486649809
"353","Atoyac","A",0.993604140526975,0.984352703762949
"354","Atyrau","C",0.988288633461049,0.95676783326768
"355","Auburn","C",0.988288633461049,0.949156188786783
"356","Auckland","B",0.977641843971632,0.839971154773355
"357","Augsburg","B",0.865608747044919,0.52783785095704
"358","Augusta1","C",0.984878671775225,0.952107680168035
"359","Augusta2","B",0.983102836879434,0.961307520501768
"360","Aurangabad1","A",0.993604140526975,0.98430656819286
"361","Aurangabad2","A",0.993604140526975,0.983912867928968
"362","Aurora1","C",0.988288633461049,0.954397119108812
"363","Aurora2","C",0.984878671775225,0.828568853395432
"364","Austin","C",0.984878671775225,0.951052087540005
"365","Autlan","A",0.993604140526975,0.983496483992562
"366","Auxerre","B",0.983102836879434,0.968654885679713
"367","Avare","B",0.983102836879434,0.966853786648912
"368","Aweil","A",0.993604140526975,0.984084425881955
"369","Awka","A",0.993604140526975,0.983334099827316
"370","Ayacucho","A",0.993604140526975,0.982940574886041
"371","Ayakoz","A",0.993604140526975,0.982691587397373
"372","Ayapel","A",0.993604140526975,0.982873813291986
"373","Ayaviri","A",0.993604140526975,0.982766744317056
"374","Aydin","B",0.983102836879434,0.96675515109779
"375","Ayorou","A",0.993604140526975,0.984180204843616
"376","Ayounel el Atrous","A",0.993604140526975,0.984543358554367
"377","Ayr1","B",0.983102836879434,0.968746884763213
"378","Ayr2","A",0.993604140526975,0.982690196832432
"379","Ayutthaya","C",0.988288633461049,0.951588734860583
"380","Az Aubayr","F",0.989459459459459,0.978678419469191
"381","Az Zahran","F",0.994054054054054,0.982173789172744
"382","Az Zarqa","C",0.988288633461049,0.9490128135118
"383","Az Zawiyah","E",0.988924731182796,0.948249783222811
"384","Azare","A",0.993604140526975,0.983604268533386
"385","Azogues","A",0.993604140526975,0.984844571011123
"386","Azul","C",0.988288633461049,0.950366460840995
"387","Babahoyo","A",0.976144918444165,0.650690890049588
"388","Babanusa","A",0.993604140526975,0.983098480174534
"389","Babati","A",0.993604140526975,0.983699065452472
"390","Babruysk","A",0.993604140526975,0.983062236140716
"391","Bac Giang","A",0.993604140526975,0.984474121052471
"392","Bac Lieu","A",0.993604140526975,0.983509930537036
"393","Bacabal","B",0.983102836879434,0.966193132695764
"394","Bacau","B",0.983102836879434,0.959988611471372
"395","Bacolod","A",0.993604140526975,0.983247402942399
"396","Badajoz","C",0.988288633461049,0.927801125866708
"397","Baddeck","A",0.993604140526975,0.983827402110465
"398","Badulla","A",0.993604140526975,0.982852334688358
"399","Bafang","A",0.993604140526975,0.984193991843021
"400","Bafata","A",0.993604140526975,0.98328929276705
"401","Bafia","A",0.993604140526975,0.984213363745299
"402","Bafoussam","A",0.993604140526975,0.982531984038346
"403","Bafra","A",0.985962986198242,0.937176378375533
"404","Bagamoyo","A",0.993604140526975,0.982778440529053
"405","Bage","A",0.976144918444165,0.581606606024107
"406","Baghdad","E",0.987741935483871,0.960294913566413
"407","Baghlan","A",0.993604140526975,0.983569296286256
"408","Bago","A",0.993604140526975,0.982708672827147
"409","Baguio City","A",0.993604140526975,0.982958513813687
"410","Bahawalpur","A",0.993604140526975,0.960219255861657
"411","Bahia Blanca","C",0.988288633461049,0.952244253494307
"412","Bahir Dar","A",0.993604140526975,0.982168364492867
"413","Bahraich","A",0.993604140526975,0.819628877347555
"414","Baia Mare","B",0.983102836879434,0.967849828125186
"415","Baicheng","A",0.993604140526975,0.982718575199392
"416","Baie-Comeau","B",0.983102836879434,0.968083269272118
"417","Baiquan","A",0.993604140526975,0.983064014589474
"418","Bairnsdale","A",0.993604140526975,0.98299205734119
"419","Bakal","A",0.993604140526975,0.982855131729591
"420","Baker Lake","A",0.993604140526975,0.983377536700176
"421","Bakersfield","C",0.988288633461049,0.948770428433727
"422","Baku","C",0.984878671775225,0.953798415719392
"423","Balakhna","B",0.983102836879434,0.969574100365818
"424","Balakovo","B",0.983102836879434,0.966652527020015
"425","Balancan","A",0.993604140526975,0.983250031363935
"426","Balashov","A",0.993604140526975,0.983083378589005
"427","Balboa","C",0.984878671775225,0.954575702723609
"428","Balcarce","B",0.977641843971632,0.95664690682617
"429","Baleshwar","A",0.993604140526975,0.973195941199352
"430","Balikesir","B",0.977641843971632,0.956244400066786
"431","Balikpapan","C",0.988288633461049,0.949657843102999
"432","Balkanabat","C",0.988288633461049,0.952429167174287
"433","Balkh","A",0.993604140526975,0.984368317544058
"434","Ballarat","A",0.993604140526975,0.976676615098985
"435","Ballina","A",0.993604140526975,0.984033693178785
"436","Balqash","B",0.983102836879434,0.966402522430852
"437","Balsas","B",0.983102836879434,0.966610441045455
"438","Baltasar Brum","A",0.993604140526975,0.984290847677203
"439","Balti","A",0.993604140526975,0.98479680542112
"440","Baltimore","E",0.988924731182796,0.955185518260534
"441","Balykchy","A",0.993604140526975,0.983582389572865
"442","Balyqshy","B",0.977641843971632,0.956373344299451
"443","Bama","A",0.993604140526975,0.982041836494264
"444","Bamako","B",0.983102836879434,0.96640578126833
"445","Bambari","A",0.993604140526975,0.98465812749033
"446","Bamenda","A",0.993604140526975,0.983075509936618
"447","Bamian","A",0.993604140526975,0.982973925333127
"448","Banamba","A",0.993604140526975,0.982806317657732
"449","Banda Aceh","A",0.993604140526975,0.984538947724917
"450","Bandar Lampung","B",0.983102836879434,0.965420248893894
"451","Bandar Seri Begawan","C",0.988288633461049,0.953265979314335
"452","Bandar-e Bushehr","C",0.988288633461049,0.95145114445238
"453","Bandar-e-Abbas","C",0.984878671775225,0.925142933088177
"454","Bandjarmasin","B",0.983102836879434,0.958711222206049
"455","Bandundu","A",0.993604140526975,0.983742065772262
"456","Bandung","D",0.995555555555555,0.855521114144828
"457","Banes","A",0.993604140526975,0.984318365239091
"458","Banff","A",0.993604140526975,0.982721127263227
"459","Banfora","A",0.993604140526975,0.983364817044756
"460","Bangalore","B",0.983102836879434,0.958678651691978
"461","Bangassou","A",0.993604140526975,0.982686487391001
"462","Banghazi","E",0.987741935483871,0.886620962764949
"463","Bangkok","C",0.984878671775225,0.953375680400319
"464","Bangor","B",0.983102836879434,0.963007066770712
"465","Banguela","B",0.983102836879434,0.966021518633127
"466","Bangui","A",0.993604140526975,0.982482623854558
"467","Bani Walid","C",0.988288633461049,0.950785506684348
"468","Banja Luka","B",0.983102836879434,0.963688658614195
"469","Banjul","A",0.993604140526975,0.983398556903557
"470","Bannu","A",0.993604140526975,0.984365579359569
"471","Bansang","A",0.993604140526975,0.984288691131306
"472","Banska Bystrica","A",0.993604140526975,0.968609247561492
"473","Banyuwangi","A",0.993604140526975,0.983622627520402
"474","Baoding","A",0.993604140526975,0.607804567554144
"475","Baoji","A",0.993604140526975,0.983091500010466
"476","Baoshan","A",0.993604140526975,0.984527562720234
"477","Baotou","B",0.983102836879434,0.964744727717745
"478","Baqubah","C",0.988288633461049,0.951888741424223
"479","Bar Harbor","A",0.993604140526975,0.98402018123475
"480","Barabinsk","A",0.985962986198242,0.97555779366374
"481","Barahona","B",0.983102836879434,0.967874438684234
"482","Baramula","A",0.993604140526975,0.984610218777923
"483","Baranavichy","B",0.983102836879434,0.959042945455885
"484","Barbacena","A",0.985962986198242,0.966585364533707
"485","Barcaldine","A",0.993604140526975,0.983909032743136
"486","Barcelona1","E",0.988924731182796,0.959959255367561
"487","Barcelona2","E",0.987741935483871,0.954884963815822
"488","Barcelos","A",0.993604140526975,0.9826772205215
"489","Barddhaman","D",0.995555555555555,0.838060236627672
"490","Bareilly","D",0.991481481481482,0.661458114865281
"491","Bari","C",0.984878671775225,0.823640174318478
"492","Barinas","B",0.977641843971632,0.813329456272717
"493","Barisal","A",0.993604140526975,0.799178541383044
"494","Barlett","C",0.125989782886335,0.459459020936289
"495","Barletta","C",0.988288633461049,0.952654719519192
"496","Barnaul","B",0.983102836879434,0.957994121351495
"497","Barquisimeto","B",0.977641843971632,0.963396370719283
"498","Barra do Bugres","A",0.993604140526975,0.984358491764542
"499","Barra do Garcas","B",0.983102836879434,0.963595072369862
"500","Barra Mansa","B",0.983102836879434,0.965092517130014
"501","Barrancabermeja","C",0.988288633461049,0.956329454432245
"502","Barranquilla","C",0.984878671775225,0.943670998823134
"503","Barras","A",0.993604140526975,0.983545478118299
"504","Barreiras","B",0.983102836879434,0.964785200294567
"505","Barreiros","A",0.993604140526975,0.983025804673987
"506","Barretos","B",0.983102836879434,0.966259069182507
"507","Barrie","C",0.988288633461049,0.949603260030641
"508","Barrow","C",0.988288633461049,0.954694464697511
"509","Bartica","A",0.993604140526975,0.982851985142266
"510","Bartlesville","B",0.983102836879434,0.966231154988929
"511","Barysaw","A",0.985962986198242,0.856153744840345
"512","Basankusu","A",0.993604140526975,0.984751530929945
"513","Basel","B",0.983102836879434,0.966984276682903
"514","Basoko","A",0.993604140526975,0.984814781676903
"515","Basra","E",0.987741935483871,0.954881671945906
"516","Basse-terre","A",0.993604140526975,0.983103883542021
"517","Basseterre","A",0.985962986198242,0.81907651508635
"518","Bastia","B",0.983102836879434,0.965670532292807
"519","Bata","B",0.983102836879434,0.957645702708056
"520","Batangas","B",0.983102836879434,0.958976240428815
"521","Batatais","A",0.993604140526975,0.98323569703737
"522","Bataysk","B",0.983102836879434,0.964598861691584
"523","Batemans Bay","A",0.993604140526975,0.983679493898287
"524","Bath","A",0.985962986198242,0.96899692722833
"525","Bathurst1","A",0.993604140526975,0.984919741258708
"526","Bathurst2","A",0.993604140526975,0.982456038891186
"527","Bati","A",0.993604140526975,0.982820548711492
"528","Batman","B",0.983102836879434,0.967048028410592
"529","Batna","C",0.984878671775225,0.959163824310878
"530","Baton Rouge","E",0.988924731182796,0.954574092384225
"531","Batouri","A",0.993604140526975,0.98282101906653
"532","Battambang","A",0.993604140526975,0.982787138104612
"533","Batticaloa","A",0.993604140526975,0.984614959035868
"534","Battle Creek","B",0.983102836879434,0.964267161535877
"535","Batu Pahat","B",0.983102836879434,0.95580065884694
"536","Batumi","B",0.977641843971632,0.956763933490713
"537","Baturite","A",0.993604140526975,0.98318009610114
"538","Baubau","A",0.993604140526975,0.984506272691537
"539","Bauchi","A",0.993604140526975,0.983198825721345
"540","Bauru","C",0.988288633461049,0.788660062251469
"541","Bavaro","A",0.993604140526975,0.968226533630995
"542","Bawku","A",0.993604140526975,0.983541894405928
"543","Bay City","B",0.983102836879434,0.965350016450594
"544","Bayamo","B",0.983102836879434,0.948843839342693
"545","Bayan Obo","A",0.993604140526975,0.984380568956391
"546","Baydhabo","A",0.993604140526975,0.983813816805424
"547","Bayghanin","A",0.993604140526975,0.982492513551788
"548","Baytown","E",0.987741935483871,0.958207515984328
"549","Beaufort","B",0.983102836879434,0.959499700194839
"550","Beaufort West","A",0.993604140526975,0.983209983337671
"551","Beaumont","E",0.987741935483871,0.954148072565239
"552","Beaver Falls","B",0.983102836879434,0.965790377640562
"553","Bechar","B",0.983102836879434,0.958987362097928
"554","Beckley","B",0.983102836879434,0.959172389566267
"555","Beer Sheva","E",0.987741935483871,0.953410921882504
"556","Beeville","B",0.983102836879434,0.968585292413364
"557","Behbehan","C",0.988288633461049,0.955282447870415
"558","Beian","A",0.993604140526975,0.983168265131452
"559","Beihai","B",0.983102836879434,0.968738589103554
"560","Beijing","H",1,1
"561","Beipiao","A",0.993604140526975,0.982592084649824
"562","Beira","B",0.983102836879434,0.959813086361996
"563","Beirut","C",0.988288633461049,0.95206298948186
"564","Beitbridge","A",0.993604140526975,0.984788901600574
"565","Beja","A",0.985962986198242,0.841905403603282
"566","Bejaia","B",0.983102836879434,0.959674750404047
"567","Bekasi","B",0.983102836879434,0.924681525980732
"568","Bekiy","A",0.993604140526975,0.983196388482038
"569","Belabo","A",0.993604140526975,0.984474020720002
"570","Belaya Kalitva","A",0.993604140526975,0.983036369636012
"571","Belebey","B",0.983102836879434,0.966402591802989
"572","Beledweyne","A",0.993604140526975,0.984695481791677
"573","Belem","E",0.988924731182796,0.960276810733559
"574","Belen","A",0.993604140526975,0.982716202229726
"575","Belfast","C",0.988288633461049,0.949044886683796
"576","Belgaum","A",0.993604140526975,0.984997240989217
"577","Belgorod","C",0.988288633461049,0.952050237368154
"578","Belgrade","E",0.988924731182796,0.946023105120978
"579","Belize City","B",0.983102836879434,0.964848087084376
"580","Bell Ville","B",0.983102836879434,0.963606459338814
"581","Bella Union","A",0.985962986198242,0.793620796810513
"582","Bella Vista","A",0.993604140526975,0.982471131281124
"583","Bellary","A",0.993604140526975,0.983356292353251
"584","Belleville1","C",0.984878671775225,0.952275586482282
"585","Belleville2","B",0.983102836879434,0.965701505872156
"586","Bellingham","B",0.983102836879434,0.964039564049852
"587","Bello","B",0.983102836879434,0.965099243236244
"588","Belmopan","A",0.993604140526975,0.983317789324777
"589","Belo Horizonte","C",0.988288633461049,0.951831896169545
"590","Belogorsk","A",0.985962986198242,0.948414005583996
"591","Bemidji","B",0.983102836879434,0.964040270981577
"592","Ben Gardane","A",0.993604140526975,0.982889040445388
"593","Bend","A",0.993604140526975,0.967334743145301
"594","Bendigo","A",0.993604140526975,0.98309462240097
"595","Benevento","B",0.983102836879434,0.969731077118589
"596","Bengbu","A",0.993604140526975,0.984674470079021
"597","Bengkulu","A",0.993604140526975,0.982820309203419
"598","Beni","A",0.993604140526975,0.984446526712004
"599","Beni Mazar","B",0.983102836879434,0.964255663792414
"600","Beni Ounif","A",0.993604140526975,0.967512808027063
"601","Beni Suef","C",0.988288633461049,0.950383813938796
"602","Benin City","B",0.983102836879434,0.957874864491707
"603","Benoni","C",0.988288633461049,0.957487431831082
"604","Bento Goncalves","B",0.983102836879434,0.966585366771379
"605","Benton Harbor","B",0.983102836879434,0.965509909973853
"606","Benxi","B",0.983102836879434,0.966178898418833
"607","Berber","A",0.993604140526975,0.984723071417159
"608","Berbera","A",0.993604140526975,0.983240765145385
"609","Berberati","A",0.993604140526975,0.98318103187599
"610","Berdyansk","A",0.993604140526975,0.983541864075022
"611","Berekum","A",0.993604140526975,0.983934916401614
"612","Berezniki","B",0.134391252955083,0.530837136302518
"613","Bergamo","C",0.988288633461049,0.950046511437656
"614","Bergen","C",0.874010217113667,0.630034258517654
"615","Berkeley","C",0.984878671775225,0.955156930580203
"616","Berlin","B",0.977641843971632,0.931230671965513
"617","Bermejo","A",0.993604140526975,0.985234212306626
"618","Bern","A",0.985962986198242,0.96615888194022
"619","Berri","A",0.993604140526975,0.982633052863668
"620","Bertoua","A",0.993604140526975,0.984432589788718
"621","Besalampy","A",0.993604140526975,0.986037577354491
"622","Besancon","B",0.983102836879434,0.967452030238245
"623","Betanzos","A",0.993604140526975,0.983691062513256
"624","Bethal","A",0.993604140526975,0.983335877667554
"625","Bethanie","A",0.993604140526975,0.983783979568158
"626","Bethel","A",0.993604140526975,0.983653938374721
"627","Bethlehem","A",0.993604140526975,0.982939199593768
"628","Bezhetsk","A",0.993604140526975,0.983635196908738
"629","Beziers","C",0.988288633461049,0.920179787272889
"630","Bhagalpur","D",0.995555555555555,0.844096873875695
"631","Bharatpur","A",0.993604140526975,0.972685373543321
"632","Bhatpara","A",0.993604140526975,0.850519478433435
"633","Bhavnagar","A",0.993604140526975,0.984004680096901
"634","Bhilwara","A",0.985962986198242,0.91994857488309
"635","Bhisho","A",0.993604140526975,0.984310598053957
"636","Bhiwandi","B",0.983102836879434,0.967326263147726
"637","Bhiwani","A",0.993604140526975,0.963095516171413
"638","Bhopal","B",0.983102836879434,0.966051040941676
"639","Bhubaneshwar","A",0.993604140526975,0.983031729265573
"640","Bhusawal","A",0.993604140526975,0.982982129601871
"641","Biak","A",0.993604140526975,0.983111801732054
"642","Bialystok","B",0.134391252955083,0.52731470053301
"643","Biarritz","B",0.983102836879434,0.964310251227672
"644","Bicheno","A",0.993604140526975,0.984499675172645
"645","Bida","A",0.993604140526975,0.983473911228294
"646","Bidar","A",0.993604140526975,0.982958984060996
"647","Biel","B",0.983102836879434,0.959952036185
"648","Bielefeld","A",0.993604140526975,0.976624005927089
"649","Bien Hoa","B",0.983102836879434,0.966222586086761
"650","Big Spring","B",0.983102836879434,0.961732225503578
"651","Biggar","A",0.993604140526975,0.983212935182246
"652","Biharamulo","A",0.993604140526975,0.982363783718318
"653","Bijapur","A",0.993604140526975,0.967621111232896
"654","Bijar","A",0.993604140526975,0.98477403532028
"655","Bikaner","B",0.983102836879434,0.965849487744907
"656","Bikin","A",0.993604140526975,0.982662169948568
"657","Bila Tserkva","A",0.993604140526975,0.983419265150236
"658","Bilaspur","A",0.985962986198242,0.967141970931841
"659","Bilbao","E",0.988924731182796,0.949246440351519
"660","Billings","B",0.977641843971632,0.947863432821724
"661","Biloela","A",0.993604140526975,0.983182419986403
"662","Biloxi","C",0.984878671775225,0.934184257456485
"663","Biltine","A",0.993604140526975,0.983891250490503
"664","Binghamton","B",0.983102836879434,0.964847343738513
"665","Binjai","A",0.993604140526975,0.983077896376161
"666","Bintulu","B",0.983102836879434,0.968144978527553
"667","Birak","B",0.983102836879434,0.958670249052653
"668","Birao","A",0.993604140526975,0.984557244802914
"669","Biratnagar","A",0.993604140526975,0.528341240020896
"670","Birganj","D",0.995555555555555,0.852993442088443
"671","Birjand","B",0.983102836879434,0.966448009422132
"672","Birmingham1","C",0.988288633461049,0.951540620986554
"673","Birmingham2","C",0.984878671775225,0.958150768777193
"674","Birni Nkonni","A",0.993604140526975,0.985167887592957
"675","Birnin Kebbi","A",0.993604140526975,0.983637817909788
"676","Birobidzhan","A",0.985962986198242,0.967950598402972
"677","Birsk","B",0.983102836879434,0.969060007907789
"678","Biryusinsk","A",0.993604140526975,0.983026280883849
"679","Bishkek","B",0.983102836879434,0.965202202966508
"680","Bishop","A",0.993604140526975,0.982841277654763
"681","Biskra","C",0.988288633461049,0.950018350208669
"682","Bismarck","C",0.988288633461049,0.952925279297922
"683","Bissau","A",0.993604140526975,0.98279429350451
"684","Bitam","A",0.993604140526975,0.985007143007195
"685","Bitola","A",0.985962986198242,0.966917649556995
"686","Biu","A",0.993604140526975,0.982913076414658
"687","Biysk","A",0.985962986198242,0.966525213628096
"688","Bizerte","B",0.983102836879434,0.965660418652762
"689","Blackpool","B",0.983102836879434,0.963868715801986
"690","Blacksburg","B",0.983102836879434,0.966998412330257
"691","Blagodarnyy","A",0.993604140526975,0.983153157024965
"692","Blagoveshchensk","C",0.984878671775225,0.954160320552387
"693","Blantyre","A",0.993604140526975,0.930572118204205
"694","Blenheim","A",0.993604140526975,0.982685169975103
"695","Blitar","A",0.993604140526975,0.983302309271269
"696","Bloemfontein","B",0.983102836879434,0.967015947713671
"697","Bloemhof","A",0.993604140526975,0.982937419598002
"698","Bloomington1","B",0.977641843971632,0.821039885802303
"699","Bloomington2","C",0.988288633461049,0.955534397563319
"700","Bluefields","A",0.993604140526975,0.983001440341387
"701","Blumenau","B",0.983102836879434,0.965352166980909
"702","Bo","A",0.993604140526975,0.982784748885606
"703","Boa Vista","C",0.988288633461049,0.957227753731864
"704","Boaco","A",0.993604140526975,0.985080639932023
"705","Bobo Dioulasso","A",0.993604140526975,0.984427854359009
"706","Bocaiuva","A",0.993604140526975,0.983009257576107
"707","Bocas del Toro","A",0.993604140526975,0.984790884039421
"708","Bodo","C",0.984878671775225,0.951239943780974
"709","Boende","A",0.993604140526975,0.982574017077547
"710","Bogor","B",0.983102836879434,0.962709533989599
"711","Bogoroditsk","A",0.993604140526975,0.983840641188723
"712","Bogota","C",0.988288633461049,0.95544083782156
"713","Bogotol","A",0.985962986198242,0.938721376726624
"714","Bogue","A",0.993604140526975,0.983369350696309
"715","Boise","B",0.977641843971632,0.835603913179741
"716","Bojnurd","A",0.985962986198242,0.949209828651948
"717","Boke","A",0.993604140526975,0.982913834073992
"718","Bol","A",0.993604140526975,0.982788394574279
"719","Bolama","A",0.993604140526975,0.982115755227418
"720","Bolgatanga","A",0.993604140526975,0.984322289973585
"721","Boli","A",0.993604140526975,0.983449259207799
"722","Bollnas","B",0.983102836879434,0.965928031309287
"723","Bolobo","A",0.993604140526975,0.982634439711633
"724","Bologna","C",0.988288633461049,0.95022061931452
"725","Bologoye","A",0.993604140526975,0.984207508272319
"726","Bolu","A",0.993604140526975,0.968042048119479
"727","Bolzano","B",0.983102836879434,0.965869867490052
"728","Boma","A",0.993604140526975,0.983067559086434
"729","Bondo","A",0.993604140526975,0.984418106773355
"730","Bondoukou","A",0.993604140526975,0.982877185754144
"731","Bongandanga","A",0.993604140526975,0.983793011472316
"732","Bongaree","A",0.993604140526975,0.983168986518847
"733","Bongor","A",0.993604140526975,0.983055132169769
"734","Bonn","B",0.983102836879434,0.970114891954533
"735","Boorama","A",0.993604140526975,0.982804723418742
"736","Boosaaso","A",0.993604140526975,0.984622429091628
"737","Boras","B",0.983102836879434,0.966446714415679
"738","Bordeaux","C",0.988288633461049,0.951736007270415
"739","Bordertown","A",0.993604140526975,0.983144631740109
"740","Borisoglebsk","A",0.993604140526975,0.983269592932565
"741","Borlange","C",0.988288633461049,0.950712844594719
"742","Borovichi","B",0.983102836879434,0.966303351311291
"743","Borzya","A",0.993604140526975,0.983369665725833
"744","Bose","B",0.983102836879434,0.967124361528218
"745","Bosobolo","A",0.993604140526975,0.983716072162074
"746","Bossangoa","A",0.993604140526975,0.982981453401102
"747","Bossembele","A",0.993604140526975,0.983060014349657
"748","Boston","C",0.988288633461049,0.932336355061641
"749","Botosani","A",0.985962986198242,0.937492534078707
"750","Botucatu","B",0.983102836879434,0.968212419449281
"751","Bouake","B",0.983102836879434,0.95884448194604
"752","Bouar","A",0.993604140526975,0.983049251046853
"753","Bougouni","A",0.993604140526975,0.98311316387214
"754","Bouira","A",0.985962986198242,0.796975856046455
"755","Boulder","B",0.983102836879434,0.968157072120169
"756","Boulder City","B",0.983102836879434,0.964726904381688
"757","Bourges","B",0.977641843971632,0.957755751006907
"758","Bournemouth","B",0.983102836879434,0.966100546294996
"759","Boutilimit","A",0.993604140526975,0.983316175867004
"760","Bowling Green1","C",0.988288633461049,0.950056719550687
"761","Bowling Green2","B",0.977641843971632,0.939125370237792
"762","Bozeman","A",0.985962986198242,0.966128114556217
"763","Bozoum","A",0.993604140526975,0.982043752774171
"764","Bradford","C",0.988288633461049,0.959527023807662
"765","Braga","B",0.983102836879434,0.964255252860193
"766","Braganca","B",0.983102836879434,0.965205639864146
"767","Braganca Paulista","B",0.983102836879434,0.963314894704327
"768","Brahmapur","A",0.993604140526975,0.982153242065865
"769","Brainerd","B",0.983102836879434,0.966450747221722
"770","Brandfort","A",0.993604140526975,0.983263625336562
"771","Brandon","B",0.977641843971632,0.964700263438148
"772","Brasilia","E",0.988924731182796,0.954592667233857
"773","Brasov","B",0.983102836879434,0.964341512058228
"774","Bratislava","C",0.984878671775225,0.839146134185747
"775","Bratsk","B",0.983102836879434,0.9657854184425
"776","Braunschweig","B",0.983102836879434,0.957901609464958
"777","Brazzaville","B",0.977641843971632,0.874575052880512
"778","Bredasdorp","A",0.993604140526975,0.983772026124288
"779","Bremen","B",0.983102836879434,0.96025582072554
"780","Bremerhaven","B",0.983102836879434,0.965183108607385
"781","Bremerton","B",0.983102836879434,0.967407972635918
"782","Brest1","B",0.983102836879434,0.971998443343701
"783","Brest2","B",0.983102836879434,0.965048991682772
"784","Breves","B",0.865608747044919,0.551819783734613
"785","Bria","A",0.993604140526975,0.983491341854868
"786","Bridgeport","B",0.983102836879434,0.963851790336833
"787","Bridgetown","B",0.983102836879434,0.960036324117244
"788","Brighton","B",0.983102836879434,0.958682339119541
"789","Brikama","A",0.993604140526975,0.982791286038843
"790","Brindisi","C",0.988288633461049,0.952859899084931
"791","Brisbane","C",0.988288633461049,0.929289366003959
"792","Bristol1","B",0.983102836879434,0.96571248812688
"793","Bristol2","B",0.977641843971632,0.966896500909196
"794","Brits","B",0.983102836879434,0.96174727362204
"795","Brive","B",0.983102836879434,0.964374473316796
"796","Brno","B",0.977641843971632,0.956548746820189
"797","Brochet","A",0.993604140526975,0.984216724048268
"798","Brockville","B",0.983102836879434,0.958217946019385
"799","Broken Hill","A",0.993604140526975,0.982969861869981
"800","Brookings","B",0.977641843971632,0.963962944877334
"801","Brooks","B",0.983102836879434,0.917700758779345
"802","Broome","A",0.985962986198242,0.967417297615569
"803","Brovary","E",0.988924731182796,0.956336983564964
"804","Brownsville","E",0.988924731182796,0.955220705638226
"805","Brownsweg","A",0.993604140526975,0.982212247587438
"806","Brownwood","A",0.976144918444165,0.628596923676259
"807","Brugge","B",0.983102836879434,0.956322244537058
"808","Brumado","B",0.983102836879434,0.967267241746123
"809","Brunswick","B",0.977641843971632,0.854286491125587
"810","Brusque","B",0.983102836879434,0.964267100564053
"811","Brussels","C",0.988288633461049,0.950734465456376
"812","Bryan","C",0.984878671775225,0.840784329289992
"813","Bryansk","B",0.983102836879434,0.964157870774756
"814","Bua Yai","A",0.993604140526975,0.983340200863893
"815","Bucaramanga","B",0.983102836879434,0.965472634026325
"816","Buchanan","A",0.993604140526975,0.983009710669045
"817","Buchans","A",0.993604140526975,0.983813211453476
"818","Bucharest","C",0.984878671775225,0.955081487362589
"819","Budapest","C",0.988288633461049,0.951828183368869
"820","Budaun","A",0.993604140526975,0.890052455301305
"821","Buenaventura","A",0.985962986198242,0.968255203760587
"822","Buenos Aires","F",0.989459459459459,0.978879791319009
"823","Buffalo","C",0.988288633461049,0.953038391932319
"824","Bugt","A",0.993604140526975,0.984331972185707
"825","Bugulma","B",0.983102836879434,0.958780733314251
"826","Buguruslan","A",0.985962986198242,0.794839243403742
"827","Buizhou","A",0.993604140526975,0.983548991000822
"828","Bujumbura","D",0.991481481481482,0.659909769370189
"829","Bukachacha","A",0.993604140526975,0.982968370355626
"830","Bukama","A",0.993604140526975,0.982677101647024
"831","Bukavu","A",0.993604140526975,0.983575341766311
"832","Bukittinggi","A",0.993604140526975,0.983311178680513
"833","Bukoba","A",0.993604140526975,0.983230196067433
"834","Bulaevo","A",0.993604140526975,0.983167987445886
"835","Bulandshahr","A",0.993604140526975,0.919153328140067
"836","Bulawayo","A",0.993604140526975,0.982844792285705
"837","Bulungu","A",0.993604140526975,0.983893677037807
"838","Bumba","A",0.993604140526975,0.98453109484352
"839","Bunbury","B",0.983102836879434,0.958917124272803
"840","Bundaberg","A",0.993604140526975,0.976980119336528
"841","Bungoma","A",0.993604140526975,0.981644723075769
"842","Bunia","A",0.993604140526975,0.982750131253032
"843","Buon Me Thuot","A",0.993604140526975,0.983228592999788
"844","Bur Safaga","B",0.977641843971632,0.958564190592937
"845","Bur Said","E",0.988924731182796,0.960502549739039
"846","Buraydah","F",0.994054054054054,0.985523701210117
"847","Burco","A",0.993604140526975,0.984757751550836
"848","Burgas","B",0.983102836879434,0.966107672289892
"849","Burgos","B",0.977641843971632,0.958044920881005
"850","Burhanpur","A",0.993604140526975,0.983529206850129
"851","Buriram","A",0.985962986198242,0.975596316896246
"852","Burley","A",0.993604140526975,0.983146917240555
"853","Burlington1","B",0.983102836879434,0.965540604454935
"854","Burlington2","A",0.985962986198242,0.926348417515063
"855","Burnie","A",0.993604140526975,0.984792901780562
"856","Burns Lake","A",0.993604140526975,0.982986668415785
"857","Bursa","C",0.984878671775225,0.953906529755871
"858","Bururi","A",0.993604140526975,0.985296435439888
"859","Busan","C",0.984878671775225,0.826199028579378
"860","Businga","A",0.993604140526975,0.983581700394837
"861","Busselton","A",0.993604140526975,0.984707523423756
"862","Buta","A",0.993604140526975,0.982483678500832
"863","Butare","A",0.993604140526975,0.983122923439004
"864","Butembo","A",0.993604140526975,0.982719632145267
"865","Butte","A",0.993604140526975,0.96779258343283
"866","Butterworth","B",0.977641843971632,0.959085694714563
"867","Butuan","A",0.993604140526975,0.982587264780625
"868","Buurhakaba","A",0.993604140526975,0.983642429216228
"869","Buxoro","A",0.985962986198242,0.950222029431166
"870","Buy","A",0.993604140526975,0.983732922073156
"871","Buyant-Uhaa","A",0.993604140526975,0.983417968091313
"872","Buynaksk","A",0.985962986198242,0.812192527834364
"873","Buzau","B",0.983102836879434,0.963298067893279
"874","Buzmeyin","C",0.988288633461049,0.949106884079071
"875","Buzuluk","B",0.983102836879434,0.960023875360892
"876","Bydgoszcz","B",0.977641843971632,0.839236498518193
"877","Byron Bay","A",0.993604140526975,0.983035554303397
"878","Bytom","C",0.988288633461049,0.951282191131118
"879","Byumba","A",0.993604140526975,0.982839116861763
"880","Ca Mau","A",0.993604140526975,0.983767974804503
"881","Caazapa","A",0.993604140526975,0.985418743511853
"882","Caballococha","A",0.993604140526975,0.984562949472593
"883","Cabanatuan","A",0.993604140526975,0.983352089536589
"884","Cabimas","C",0.984878671775225,0.953935431341528
"885","Cabinda","B",0.983102836879434,0.965038654099042
"886","Cabo de Santo Agostinho","B",0.977641843971632,0.959201998218079
"887","Cabo Frio","B",0.983102836879434,0.956841296820791
"888","Cabo San Lucas","B",0.977641843971632,0.923109148916327
"889","Caboolture","A",0.985962986198242,0.967328117744251
"890","Caborca","B",0.983102836879434,0.955748961142305
"891","Cacador","A",0.993604140526975,0.985448867648552
"892","Cachoeira do Sul","A",0.985962986198242,0.976283712261422
"893","Cachoeiro de Itapemirim","B",0.983102836879434,0.967403406879295
"894","Cacolo","A",0.993604140526975,0.984430142068995
"895","Cadillac","A",0.985962986198242,0.977929432874977
"896","Cadiz1","A",0.993604140526975,0.982980423364682
"897","Cadiz2","A",0.993604140526975,0.982446248022916
"898","Caen","B",0.977641843971632,0.957999232724044
"899","Cafayate","A",0.993604140526975,0.98306191434123
"900","Cagayan de Oro","A",0.985962986198242,0.967384232806228
"901","Cagliari","C",0.988288633461049,0.950551542454673
"902","Cahul","A",0.993604140526975,0.983405238262622
"903","Caibarien","A",0.993604140526975,0.983248389353286
"904","Caico","B",0.983102836879434,0.965528158144788
"905","Cairns","B",0.983102836879434,0.965684730228967
"906","Cairo","C",0.984878671775225,0.800372292515145
"907","Cajabamba","A",0.993604140526975,0.983585043615389
"908","Cajamarca","A",0.993604140526975,0.982951563220616
"909","Calabar","A",0.993604140526975,0.983780411895776
"910","Calabozo","B",0.977641843971632,0.956925778145713
"911","Calais1","A",0.993604140526975,0.984982595944188
"912","Calais2","C",0.988288633461049,0.952095274060896
"913","Calama","B",0.983102836879434,0.958310114982477
"914","Calarasi","A",0.985962986198242,0.96784965173506
"915","Calbayog","A",0.993604140526975,0.98270643552694
"916","Calbuco","A",0.993604140526975,0.984024437372985
"917","Calcutta","G",0.998181818181818,0.895758548567537
"918","Caldera","A",0.993604140526975,0.984005794632464
"919","Caldwell","B",0.983102836879434,0.968469941771878
"920","Calgary","E",0.988924731182796,0.955388394609898
"921","Cali","C",0.988288633461049,0.954132485297036
"922","Callao","E",0.988924731182796,0.952149270882175
"923","Caloundra","A",0.993604140526975,0.966946098760699
"924","Calucinga","A",0.993604140526975,0.982311963582043
"925","Calulo","A",0.993604140526975,0.984107808533319
"926","Cam Pha","A",0.985962986198242,0.968241316434892
"927","Cam Ranh","A",0.993604140526975,0.981990307535394
"928","Camabatela","A",0.993604140526975,0.982865381228478
"929","Camacupa","A",0.993604140526975,0.983454808892577
"930","Camaguey","B",0.983102836879434,0.95884372226508
"931","Camana","A",0.993604140526975,0.983217714051271
"932","Camaqua","B",0.983102836879434,0.961452977748311
"933","Cameta","B",0.983102836879434,0.964616738477904
"934","Camiri","A",0.993604140526975,0.983603217089223
"935","Camocim","A",0.985962986198242,0.864569124063728
"936","Campana","E",0.988924731182796,0.954321952314942
"937","Campbell River","A",0.985962986198242,0.966931404255418
"938","Campeche","C",0.984878671775225,0.951651150938174
"939","Campina Grande","A",0.126395859473024,0.547714308631518
"940","Campinas","C",0.988288633461049,0.952064116145887
"941","Campo Belo","A",0.993604140526975,0.98384266462028
"942","Campo Grande","C",0.988288633461049,0.95429205375717
"943","Campo Maior","A",0.126395859473024,0.504354229503725
"944","Campo Murao","B",0.983102836879434,0.965653770218339
"945","Campoalegre","A",0.993604140526975,0.983985379515095
"946","Campos","C",0.988288633461049,0.947348474086199
"947","Camrose","B",0.983102836879434,0.966818538449162
"948","Can Tho","A",0.993604140526975,0.98379225975658
"949","Canakkale","B",0.983102836879434,0.96074496010864
"950","Cananea","A",0.993604140526975,0.983524473711137
"951","Canas","A",0.993604140526975,0.981945098871381
"952","Canatlan","A",0.993604140526975,0.982993972203999
"953","Canberra","B",0.983102836879434,0.963288243454631
"954","Cancun","C",0.984878671775225,0.950661793873259
"955","Canela","A",0.985962986198242,0.831670122748211
"956","Cangamba","A",0.993604140526975,0.982730421052525
"957","Cangzhou","A",0.993604140526975,0.983593028266398
"958","Caninde","B",0.983102836879434,0.968694229210613
"959","Canoas","C",0.984878671775225,0.806722697704616
"960","Canoinhas","A",0.993604140526975,0.983831060603591
"961","Canton","C",0.988288633461049,0.956088426985824
"962","Cap-Haitien","A",0.993604140526975,0.983255598379709
"963","Capanema","A",0.985962986198242,0.967655433088937
"964","Cape Coast","A",0.993604140526975,0.983177761308326
"965","Cape Coral","B",0.977641843971632,0.83075846279005
"966","Cape Dorset","A",0.993604140526975,0.98300887674912
"967","Cape Girardeau","C",0.988288633461049,0.948505887811289
"968","Cape Town","E",0.988924731182796,0.947536678867769
"969","Caracarai","A",0.993604140526975,0.983320474264633
"970","Caracas","C",0.988288633461049,0.950969237230238
"971","Carahue","A",0.993604140526975,0.981848390575336
"972","Caratinga","A",0.993604140526975,0.983507665348418
"973","Carazinho","A",0.985962986198242,0.968110809847065
"974","Carbondale","B",0.977641843971632,0.956787285119383
"975","Cardiff","B",0.983102836879434,0.969020275922972
"976","Carhue","B",0.983102836879434,0.91745851509918
"977","Carlisle","B",0.865608747044919,0.47289435463389
"978","Carlsbad","B",0.983102836879434,0.958068379115303
"979","Carmelo","A",0.985962986198242,0.968532035099647
"980","Carnot","A",0.993604140526975,0.983351265386732
"981","Carora","B",0.983102836879434,0.960827775561372
"982","Carpina","A",0.993604140526975,0.982734201262962
"983","Carson City","A",0.993604140526975,0.977144366323086
"984","Cartagena1","C",0.984878671775225,0.807574796710333
"985","Cartagena2","C",0.984878671775225,0.945821764228183
"986","Cartago1","B",0.983102836879434,0.962317126194823
"987","Cartago2","A",0.985962986198242,0.938796586385635
"988","Cartwright","A",0.993604140526975,0.98454452549581
"989","Caruaru","B",0.983102836879434,0.961161189498408
"990","Carupano","B",0.983102836879434,0.967088653401281
"991","Casa Grande","B",0.983102836879434,0.964905955553333
"992","Casablanca","C",0.984878671775225,0.934790867794301
"993","Cascavel","B",0.983102836879434,0.96529169539869
"994","Caserta","C",0.984878671775225,0.957512849959988
"995","Casper","B",0.983102836879434,0.959942940369176
"996","Castanhal","B",0.983102836879434,0.96536819331689
"997","Castello","C",0.984878671775225,0.954449431609324
"998","Castries","A",0.985962986198242,0.938723474845171
"999","Castro1","A",0.993604140526975,0.983711778571428
"1000","Castro2","A",0.993604140526975,0.983658143665177
"1001","Catalao","B",0.983102836879434,0.965124153261671
"1002","Catamarca","C",0.988288633461049,0.953296874794801
"1003","Catanduva","B",0.983102836879434,0.9734777115832
"1004","Catania","C",0.988288633461049,0.952158973603607
"1005","Catanzaro","B",0.983102836879434,0.965662992002691
"1006","Cauquenes","A",0.993604140526975,0.983016061721482
"1007","Caxias","B",0.983102836879434,0.96230779886421
"1008","Caxias do Sul","B",0.977641843971632,0.797126972274436
"1009","Caxito","A",0.993604140526975,0.982966615766865
"1010","Cayambe","A",0.993604140526975,0.982775203304376
"1011","Cayenne","B",0.983102836879434,0.965714196070292
"1012","Cebu","B",0.983102836879434,0.96435661778977
"1013","Cedar City","A",0.993604140526975,0.981926204047721
"1014","Cedar Rapids","C",0.988288633461049,0.950838456050707
"1015","Ceduna","A",0.993604140526975,0.98287269928092
"1016","Celaya","B",0.983102836879434,0.967188138162928
"1017","Celeken","B",0.983102836879434,0.96714190258355
"1018","Central Coast","A",0.993604140526975,0.983739978339366
"1019","Centralia","A",0.985962986198242,0.966557948365666
"1020","Ceres","A",0.993604140526975,0.983434200828428
"1021","Cerrillos","B",0.983102836879434,0.965721213666438
"1022","Cerro de Pasco","A",0.993604140526975,0.983001765998497
"1023","Ceske Budejovice","B",0.983102836879434,0.965405442947187
"1024","Chabahar","C",0.988288633461049,0.952332433663
"1025","Chacabuco","B",0.983102836879434,0.968873082450589
"1026","Chachapoyas","A",0.993604140526975,0.983766640831949
"1027","Chadron","A",0.993604140526975,0.983013988701462
"1028","Chaiyaphum","A",0.993604140526975,0.983719778046922
"1029","Chake Chake","A",0.993604140526975,0.985251597333167
"1030","Chalkida","B",0.983102836879434,0.959924906091954
"1031","Challapata","A",0.993604140526975,0.982759542755779
"1032","Chamical","A",0.985962986198242,0.95772424253538
"1033","Champoton","B",0.983102836879434,0.959300404260189
"1034","Chancay","A",0.993604140526975,0.983471657133018
"1035","Chandigarh","A",0.993604140526975,0.952501516145224
"1036","Chandrapur","A",0.993604140526975,0.983320656669451
"1037","Changchun","C",0.988288633461049,0.95188997618107
"1038","Changde","A",0.993604140526975,0.982677799663829
"1039","Changhua","C",0.988288633461049,0.954905116437046
"1040","Changling","A",0.993604140526975,0.982685027362406
"1041","Changping","B",0.983102836879434,0.958079722416815
"1042","Changsha","A",0.993604140526975,0.982747476653527
"1043","Changting","A",0.993604140526975,0.983551041825702
"1044","Changyon","A",0.993604140526975,0.984030788994314
"1045","Changzhi","A",0.993604140526975,0.98302538661405
"1046","Changzhou","B",0.983102836879434,0.958592138319806
"1047","Channel-Port aux Basques","A",0.993604140526975,0.983743759433089
"1048","Chanthaburi","A",0.985962986198242,0.833176925633326
"1049","Chaoyang","A",0.985962986198242,0.976070868297686
"1050","Chaozhou","A",0.993604140526975,0.984446878151653
"1051","Chapadinha","B",0.983102836879434,0.967782327011035
"1052","Chapaev","A",0.993604140526975,0.983833707846995
"1053","Chapayevsk","A",0.985962986198242,0.9662626249129
"1054","Chapleau","A",0.993604140526975,0.983462165030431
"1055","Charata","C",0.988288633461049,0.951032071029197
"1056","Charikar","A",0.993604140526975,0.982996262470223
"1057","Charleroi","B",0.977641843971632,0.932743817144703
"1058","Charleston1","C",0.988288633461049,0.949594203711474
"1059","Charleston2","B",0.977641843971632,0.956473526490789
"1060","Charleville","A",0.993604140526975,0.982345194529689
"1061","Charlotte","C",0.984878671775225,0.953493754703075
"1062","Charlottesville","B",0.983102836879434,0.967419496597207
"1063","Charlottetown","B",0.983102836879434,0.966707536708762
"1064","Charters Towers","A",0.993604140526975,0.983171083802391
"1065","Chascomus","B",0.983102836879434,0.965491170871617
"1066","Chattanooga","C",0.988288633461049,0.951675152147634
"1067","Chau Doc","A",0.993604140526975,0.983953674519839
"1068","Chauk","A",0.993604140526975,0.983191036772547
"1069","Cheboksary","B",0.977641843971632,0.80932100046885
"1070","Chegdomyn","A",0.993604140526975,0.983430975245188
"1071","Chelyabinsk","E",0.988924731182796,0.956667125200278
"1072","Chemnitz","A",0.985962986198242,0.967375804719041
"1073","Chengde","A",0.993604140526975,0.982339191110221
"1074","Chengdu","D",0.988148148148148,0.693498713107888
"1075","Chennai","D",0.995555555555555,0.838419600982662
"1076","Chenzhou","B",0.983102836879434,0.965362895712079
"1077","Cheongju","B",0.977641843971632,0.793360688388635
"1078","Chepes","A",0.993604140526975,0.968418352350157
"1079","Cherbourg","B",0.983102836879434,0.957733392900262
"1080","Cheremkhovo","A",0.985962986198242,0.966574501660582
"1081","Cherepanovo","A",0.993604140526975,0.982946254581933
"1082","Cherepovets","C",0.984878671775225,0.832517597625921
"1083","Cherkasy","A",0.993604140526975,0.982438014259706
"1084","Cherkessk","A",0.126395859473024,0.536929100348442
"1085","Cherlak","A",0.993604140526975,0.983535671166099
"1086","Chernihiv","A",0.993604140526975,0.983658701625376
"1087","Chernivtsi","A",0.993604140526975,0.985581219676506
"1088","Chernogorsk","A",0.993604140526975,0.983020186416573
"1089","Chernyakhovsk","A",0.993604140526975,0.983991099648034
"1090","Chester","B",0.983102836879434,0.955565703340869
"1091","Chesterfield Inlet","A",0.993604140526975,0.983824927971047
"1092","Chetumal","B",0.983102836879434,0.96535165782674
"1093","Chevery","A",0.993604140526975,0.982819662814507
"1094","Cheyenne","B",0.983102836879434,0.970464867819512
"1095","Chiai","B",0.983102836879434,0.968022127047785
"1096","Chiang Mai","B",0.983102836879434,0.966664194443395
"1097","Chiang Rai","A",0.993604140526975,0.966782473443354
"1098","Chibemba","A",0.993604140526975,0.985347891670721
"1099","Chibia","A",0.993604140526975,0.98354728066162
"1100","Chicago","E",0.987741935483871,0.954702680807426
"1101","Chiclayo","B",0.977641843971632,0.861536405808757
"1102","Chico","B",0.983102836879434,0.964507806298731
"1103","Chicoutimi","C",0.988288633461049,0.952560689294447
"1104","Chifeng","B",0.983102836879434,0.924176107886925
"1105","Chignik","A",0.993604140526975,0.984002465739694
"1106","Chihuahua","C",0.988288633461049,0.948860891809045
"1107","Chilca","A",0.993604140526975,0.982758605448488
"1108","Childress","A",0.993604140526975,0.982871406987137
"1109","Chilecito","B",0.983102836879434,0.960155259687372
"1110","Chililabombwe","A",0.993604140526975,0.982078537465364
"1111","Chillan","B",0.977641843971632,0.95676097090671
"1112","Chilpancingo","A",0.993604140526975,0.967782147158956
"1113","Chimbote","B",0.983102836879434,0.966191871245622
"1114","Chimboy","A",0.993604140526975,0.984043298456969
"1115","Chimoio","A",0.993604140526975,0.983502676480599
"1116","Chinandega","A",0.993604140526975,0.983095822529866
"1117","Chincha Alta","B",0.983102836879434,0.958929382390637
"1118","Chingola","A",0.993604140526975,0.983031919695994
"1119","Chinhoyi","A",0.993604140526975,0.984261735289277
"1120","Chiniot","A",0.993604140526975,0.982762209537822
"1121","Chinsali","A",0.993604140526975,0.982888052058334
"1122","Chipata","A",0.993604140526975,0.983195226255095
"1123","Chiquinquira","A",0.993604140526975,0.98399853652679
"1124","Chirala","A",0.993604140526975,0.982962575155963
"1125","Chiramba","A",0.993604140526975,0.98289509327485
"1126","Chirchiq","A",0.993604140526975,0.983767337013632
"1127","Chiredzi","A",0.993604140526975,0.982696654764133
"1128","Chisinau","B",0.983102836879434,0.965061910111781
"1129","Chistopol","A",0.985962986198242,0.797002524033003
"1130","Chita","B",0.983102836879434,0.964364070272076
"1131","Chitipa","A",0.993604140526975,0.983914036547281
"1132","Chitre","A",0.993604140526975,0.96643336100451
"1133","Chittagong","A",0.993604140526975,0.806713496823696
"1134","Chitungwiza","A",0.993604140526975,0.982872689665421
"1135","Chivilcoy","C",0.988288633461049,0.953775696837844
"1136","Chlef","B",0.983102836879434,0.960419499540365
"1137","Cholpon Ata","A",0.993604140526975,0.98212303222298
"1138","Choluteca","A",0.985962986198242,0.707600011249712
"1139","Choma","A",0.993604140526975,0.982742703045406
"1140","Chon Buri","C",0.988288633461049,0.949480546384824
"1141","Chonchi","A",0.993604140526975,0.984227196103944
"1142","Chone","A",0.993604140526975,0.982809052842255
"1143","Chongjin","A",0.993604140526975,0.982886765792361
"1144","Chongju","A",0.993604140526975,0.983292856107355
"1145","Chongqing","G",0.998181818181818,0.881951381951382
"1146","Chos Malal","A",0.993604140526975,0.983320019505485
"1147","Chosan","A",0.993604140526975,0.982801448908603
"1148","Chosica","A",0.993604140526975,0.983040433125523
"1149","Chota","A",0.993604140526975,0.981927761467892
"1150","Choybalsan","A",0.993604140526975,0.982634556838592
"1151","Christchurch","B",0.977641843971632,0.803346996743693
"1152","Christiansted","B",0.983102836879434,0.958153270218606
"1153","Chukai","B",0.983102836879434,0.966279992966856
"1154","Chulucanas","A",0.993604140526975,0.982666507551584
"1155","Chumbicha","A",0.993604140526975,0.983370404145783
"1156","Chumphon","A",0.993604140526975,0.967861777670239
"1157","Chuncheon","B",0.983102836879434,0.957603230389357
"1158","Chungli","C",0.984878671775225,0.951596896047815
"1159","Chuquicamata","A",0.993604140526975,0.985020849681158
"1160","Chur","A",0.993604140526975,0.983238599070732
"1161","Chusovoy","B",0.983102836879434,0.962298137964534
"1162","Chuxiong","A",0.993604140526975,0.983822446921299
"1163","Ciego de Avila","A",0.985962986198242,0.818735387458506
"1164","Cienaga","B",0.983102836879434,0.963347499221808
"1165","Cienfuegos","B",0.983102836879434,0.958672299668898
"1166","Cilacap","A",0.993604140526975,0.962732410641659
"1167","Cincinnati","C",0.984878671775225,0.953011282230886
"1168","Cirebon","A",0.993604140526975,0.981616951069105
"1169","Ciudad Bolivar","C",0.125989782886335,0.566844931563811
"1170","Ciudad Camargo","A",0.993604140526975,0.982513047877615
"1171","Ciudad Constitucion","B",0.983102836879434,0.964334208125249
"1172","Ciudad Cortes","A",0.993604140526975,0.983957591965149
"1173","Ciudad del Carmen","C",0.984878671775225,0.95749601124679
"1174","Ciudad del Este","B",0.134391252955083,0.540253954551266
"1175","Ciudad Guayana","E",0.988924731182796,0.955746269948045
"1176","Ciudad Guzman","A",0.993604140526975,0.984935317390019
"1177","Ciudad Hidalgo","A",0.993604140526975,0.983895393362254
"1178","Ciudad JuÌÁrez","C",0.984878671775225,0.835660137573827
"1179","Ciudad Madero","E",0.987741935483871,0.95458395470265
"1180","Ciudad Mante","B",0.983102836879434,0.736581407598406
"1181","Ciudad Obregon","B",0.134391252955083,0.52908270634143
"1182","Ciudad Valles","A",0.985962986198242,0.977409810884265
"1183","Ciudad Victoria","B",0.977641843971632,0.940319638675184
"1184","Civitavecchia","C",0.988288633461049,0.951436023240986
"1185","Clare","A",0.993604140526975,0.98258181946339
"1186","Clarksburg","B",0.983102836879434,0.963966794745155
"1187","Clarksville","B",0.977641843971632,0.95686866698608
"1188","Cleburne","B",0.983102836879434,0.969409481448441
"1189","Clermont-Ferrand","B",0.983102836879434,0.969244678831569
"1190","Cleveland","C",0.984878671775225,0.953872993928535
"1191","Cliza","A",0.993604140526975,0.984603328464731
"1192","Cloncurry","A",0.993604140526975,0.983997861119536
"1193","Clovis","B",0.983102836879434,0.92875184374506
"1194","Cluj-Napoca","B",0.977641843971632,0.965353504753125
"1195","Coalcoman","A",0.993604140526975,0.983967040579233
"1196","Coari","B",0.983102836879434,0.958661440125273
"1197","Coatzacoalcos","E",0.987741935483871,0.954758341349831
"1198","Cobalt","A",0.993604140526975,0.983214455561162
"1199","Coban","A",0.993604140526975,0.984554508050651
"1200","Cobija","B",0.983102836879434,0.959115617451251
"1201","Cobram","A",0.993604140526975,0.984494404825054
"1202","Coburg","A",0.993604140526975,0.982840708331615
"1203","Cochabamba","B",0.983102836879434,0.967370804827165
"1204","Cochin","A",0.993604140526975,0.983819426210286
"1205","Cochrane","A",0.993604140526975,0.984576866532487
"1206","Cody","A",0.993604140526975,0.982794981835183
"1207","Coffeyville","B",0.983102836879434,0.965104082028822
"1208","Coffs Harbour","A",0.993604140526975,0.982638731214469
"1209","Coihaique","A",0.993604140526975,0.984829760579611
"1210","Coimbatore","A",0.993604140526975,0.982258619916588
"1211","Coimbra","C",0.988288633461049,0.959375387607215
"1212","Colac","A",0.993604140526975,0.983595600414209
"1213","Colesberg","A",0.993604140526975,0.983588536013274
"1214","Colima","B",0.983102836879434,0.972330796463021
"1215","Colinas","A",0.993604140526975,0.976983267570949
"1216","Collipulli","A",0.993604140526975,0.97551683971401
"1217","Colombo","D",0.991481481481482,0.671650329455108
"1218","Colon1","B",0.977641843971632,0.957687414774541
"1219","Colon2","A",0.993604140526975,0.982296950056574
"1220","Colorado Springs","B",0.977641843971632,0.956370155680212
"1221","Columbia1","C",0.912579821200512,0.757155253456157
"1222","Columbia2","C",0.988288633461049,0.952178081759876
"1223","Columbia3","C",0.988288633461049,0.953772191195759
"1224","Columbus1","C",0.988288633461049,0.951991488411428
"1225","Columbus2","E",0.988924731182796,0.953567814839287
"1226","Comallo","A",0.993604140526975,0.982934275342939
"1227","Comandante Fontana","A",0.993604140526975,0.982850965848083
"1228","Comayagua","A",0.993604140526975,0.984135799690491
"1229","Combarbala","A",0.993604140526975,0.983161930155272
"1230","Comilla","D",0.995555555555555,0.850596764854011
"1231","Como","C",0.988288633461049,0.950490760178815
"1232","Comodoro Rivadavia","C",0.988288633461049,0.951575506057534
"1233","Comondante Luis Piedrabuena","B",0.983102836879434,0.965962595273942
"1234","Compostela","A",0.993604140526975,0.982955348569974
"1235","Conakry","A",0.993604140526975,0.983159529877258
"1236","Concepcion del Uruguay","C",0.988288633461049,0.949220112432669
"1237","Concepcion1","C",0.988288633461049,0.954200420219799
"1238","Concepcion2","B",0.983102836879434,0.96183375748086
"1239","Concord","B",0.983102836879434,0.96886609497924
"1240","Concordia1","E",0.988924731182796,0.945995560501646
"1241","Concordia2","A",0.993604140526975,0.982626172621133
"1242","Conselheiro Lafaiete","A",0.993604140526975,0.985376651983647
"1243","Constanta","C",0.988288633461049,0.949941332448622
"1244","Constantine","B",0.977641843971632,0.8787211886503
"1245","Constitucion","A",0.985962986198242,0.967701689515254
"1246","Contamana","A",0.993604140526975,0.983200807461281
"1247","Conway","C",0.988288633461049,0.956595550568789
"1248","Cooma","A",0.993604140526975,0.983779682571861
"1249","Coos Bay","A",0.993604140526975,0.983020497409431
"1250","Copenhagen","B",0.977641843971632,0.956363744760218
"1251","Copiapo","B",0.977641843971632,0.9575652956026
"1252","Coquimbo","B",0.977641843971632,0.948144454199802
"1253","Coracora","A",0.993604140526975,0.983373499182111
"1254","Coral Gables","E",0.987741935483871,0.95343900910245
"1255","Coral Springs","E",0.988924731182796,0.954691699290837
"1256","Cordoba1","E",0.988924731182796,0.951733380077285
"1257","Cordoba2","C",0.988288633461049,0.952301092627282
"1258","Cordoba3","A",0.985962986198242,0.967523458511169
"1259","Cordova","A",0.993604140526975,0.983296347684279
"1260","Cork","B",0.977641843971632,0.958302483471423
"1261","Corner Brook","A",0.985962986198242,0.967639210109943
"1262","Cornwall","B",0.983102836879434,0.965187713509916
"1263","Coro","C",0.988288633461049,0.951839413341658
"1264","Coronel","C",0.874010217113667,0.484183045900042
"1265","Coronel Bogado","A",0.993604140526975,0.983330465603595
"1266","Coronel Oviedo","B",0.977641843971632,0.95435875161336
"1267","Coronel Suarez","B",0.983102836879434,0.966924479565955
"1268","Corpus Christi","E",0.988924731182796,0.951257714256948
"1269","Corrientes","E",0.988924731182796,0.957567583569735
"1270","Corum","B",0.983102836879434,0.965742859108754
"1271","Corumba","B",0.983102836879434,0.965021766647922
"1272","Corvallis","B",0.983102836879434,0.918554556463652
"1273","Cotabato","A",0.993604140526975,0.982936384046348
"1274","Cotonou","A",0.993604140526975,0.983935046979481
"1275","Cottbus","A",0.993604140526975,0.967959357160092
"1276","Council Bluffs","E",0.882258064516129,0.593152371994817
"1277","Courtenay","A",0.985962986198242,0.948144681459067
"1278","Coventry","B",0.977641843971632,0.959987023496738
"1279","Covilha","B",0.983102836879434,0.965228449436682
"1280","Covington","C",0.984878671775225,0.957026267075015
"1281","Cowell","A",0.993604140526975,0.98486758772857
"1282","Cowra","A",0.993604140526975,0.982840438149634
"1283","Craig","A",0.993604140526975,0.982952185713655
"1284","Craiova","B",0.977641843971632,0.839484348458768
"1285","Cranbourne","B",0.983102836879434,0.964044590196816
"1286","Cranbrook","A",0.993604140526975,0.983638873939646
"1287","Crateus","A",0.985962986198242,0.859732622421581
"1288","Crato","B",0.983102836879434,0.959144221236425
"1289","Crescent City","A",0.993604140526975,0.98429377287418
"1290","Crestview","B",0.983102836879434,0.959656894069474
"1291","Criciuma","B",0.977641843971632,0.803399057416505
"1292","Cristalina","A",0.993604140526975,0.983376831424203
"1293","Crookston","B",0.983102836879434,0.961806434894983
"1294","Crotone","B",0.977641843971632,0.971906940287893
"1295","Cruzeiro do Sul","B",0.983102836879434,0.965310188580153
"1296","Cuamba","A",0.993604140526975,0.983111758256663
"1297","Cuauhtemoc","A",0.993604140526975,0.98425595644631
"1298","Cubal","A",0.993604140526975,0.983528798301518
"1299","Cucuta","C",0.988288633461049,0.950472082645208
"1300","Cuddalore","A",0.993604140526975,0.98320227712796
"1301","Cuenca","B",0.983102836879434,0.960406136573458
"1302","Cuencame","A",0.993604140526975,0.984321011517692
"1303","Cuernavaca","B",0.983102836879434,0.968093607406819
"1304","Cuevo","A",0.993604140526975,0.983362772063906
"1305","Cuiaba","C",0.988288633461049,0.953102804954578
"1306","Culiacan","C",0.988288633461049,0.954669526487718
"1307","Cumana","C",0.984878671775225,0.953352850604599
"1308","Cumberland","B",0.983102836879434,0.968372892736615
"1309","Curanilahue","A",0.993604140526975,0.982902661880604
"1310","Curepipe","A",0.993604140526975,0.983635219315115
"1311","Curico","B",0.983102836879434,0.965930315877089
"1312","Curitiba","C",0.988288633461049,0.953421729662995
"1313","Curvelo","A",0.985962986198242,0.85727195393906
"1314","Cusco","A",0.993604140526975,0.984278549726541
"1315","Cutral Co","B",0.983102836879434,0.95888158334911
"1316","Cuttack","D",0.995555555555555,0.84928656823707
"1317","Cyangugu","A",0.993604140526975,0.983585897753105
"1318","Da Lat","A",0.985962986198242,0.968246338188119
"1319","Da Nang","A",0.993604140526975,0.967509869078576
"1320","Daan","A",0.993604140526975,0.982852476276339
"1321","Dabou","A",0.993604140526975,0.984108965946181
"1322","Daegu","C",0.984878671775225,0.951714433108157
"1323","Daejeon","C",0.984878671775225,0.952500983451518
"1324","Dagupan","A",0.993604140526975,0.983467461388784
"1325","Dakar","B",0.983102836879434,0.96532618912657
"1326","Dalandzadgad","A",0.993604140526975,0.983103520014444
"1327","Dalby","A",0.993604140526975,0.982743892414951
"1328","Dalhart","A",0.993604140526975,0.984286948640917
"1329","Dali1","A",0.993604140526975,0.983302675549731
"1330","Dali2","A",0.993604140526975,0.984123248624832
"1331","Dalian","C",0.988288633461049,0.959122521219685
"1332","Dallas","E",0.987741935483871,0.958470394542644
"1333","Dalnegorsk","A",0.993604140526975,0.983958110658228
"1334","Dalnerechensk","A",0.993604140526975,0.983750246563411
"1335","Daloa","A",0.993604140526975,0.983087184560856
"1336","Dalton","B",0.983102836879434,0.969277882419994
"1337","DamanhÌÈr","B",0.134391252955083,0.524273586058337
"1338","Damascus","A",0.985962986198242,0.897087713392998
"1339","Dandong","A",0.993604140526975,0.976254410836925
"1340","Dangriga","A",0.993604140526975,0.983051262980024
"1341","Danjiangkou","A",0.993604140526975,0.983172367372494
"1342","Danville","B",0.983102836879434,0.968197502605328
"1343","Daqing","C",0.988288633461049,0.957042549343056
"1344","Dar es Salaam","B",0.983102836879434,0.959185468462335
"1345","Darnah","C",0.988288633461049,0.949644006610391
"1346","Darregueira","A",0.993604140526975,0.982616651213029
"1347","Darwin","B",0.983102836879434,0.966670816878041
"1348","Dasoguz","B",0.977641843971632,0.821802954255282
"1349","Datong","B",0.983102836879434,0.969648665985461
"1350","Daugavpils","B",0.983102836879434,0.961336876256344
"1351","Dauphin","A",0.985962986198242,0.77679178122926
"1352","Davangere","A",0.993604140526975,0.976591678997457
"1353","Davao","A",0.985962986198242,0.967963710069064
"1354","Davenport","C",0.988288633461049,0.951999638710958
"1355","David","A",0.985962986198242,0.852414214853397
"1356","Dawei","A",0.993604140526975,0.983169738990958
"1357","Dawmat al Jandal","E",0.988924731182796,0.946188771590284
"1358","Dawson Creek","B",0.983102836879434,0.968542773806853
"1359","Dayr az Azwr","A",0.993604140526975,0.982454956117565
"1360","Dayton","C",0.988288633461049,0.954820715452559
"1361","Daytona Beach","B",0.977641843971632,0.89037761960404
"1362","De Aar","A",0.993604140526975,0.983966724838435
"1363","Debre Birhan","A",0.993604140526975,0.98284901175478
"1364","Debre Markos","A",0.993604140526975,0.983031008873437
"1365","Debrecen","B",0.983102836879434,0.961410020584386
"1366","Decatur","C",0.988288633461049,0.949186571775908
"1367","Deer Lake","A",0.993604140526975,0.983257572148279
"1368","Dehibat","A",0.993604140526975,0.983620651069486
"1369","Dehra Dun","A",0.993604140526975,0.98271264153648
"1370","Del Rio","B",0.983102836879434,0.966988825449805
"1371","Delano","B",0.983102836879434,0.964889459880583
"1372","Delhi","G",0.998181818181818,0.917427974324526
"1373","Delicias","A",0.985962986198242,0.85882173051305
"1374","Demba","A",0.993604140526975,0.983195321633349
"1375","Dembi Dolo","A",0.993604140526975,0.983085443555625
"1376","Deming","A",0.993604140526975,0.98339231476894
"1377","Dengzhou","A",0.993604140526975,0.832877750698811
"1378","Deniliquin","A",0.993604140526975,0.982507264855818
"1379","Denizli","C",0.988288633461049,0.947479494523074
"1380","Denow","A",0.993604140526975,0.982889434538397
"1381","Denpasar","B",0.983102836879434,0.967891193867886
"1382","Denton","C",0.988288633461049,0.952674683194093
"1383","Denver","C",0.988288633461049,0.967092557331608
"1384","Dera Ghazi Khan","A",0.993604140526975,0.982944131701546
"1385","Dera Ismail Khan","A",0.993604140526975,0.98375846713587
"1386","Derbent","B",0.865608747044919,0.612848634503882
"1387","Derzhavinsk","A",0.993604140526975,0.983633050625203
"1388","Des Moines","C",0.984878671775225,0.850068192262067
"1389","Desaguadero","A",0.993604140526975,0.982856304790585
"1390","Dese","A",0.993604140526975,0.983471187886309
"1391","Detroit","C",0.984878671775225,0.795767229222661
"1392","Devils Lake","A",0.985962986198242,0.822711415779621
"1393","Devonport","A",0.993604140526975,0.984136163217998
"1394","Deyang","A",0.993604140526975,0.808377882817151
"1395","Dezful","C",0.988288633461049,0.949360465992528
"1396","Dezhou","A",0.993604140526975,0.931818104242685
"1397","Dhaka","G",0.998181818181818,0.894139009139009
"1398","Dhamar","A",0.993604140526975,0.982799848000614
"1399","Dhanbad","D",0.995555555555555,0.849305726568661
"1400","Dhule","A",0.993604140526975,0.983500899090582
"1401","Diamantina","A",0.993604140526975,0.983100105678807
"1402","Dibaya","A",0.993604140526975,0.98316811511995
"1403","Dibrugarh","A",0.993604140526975,0.982411206549485
"1404","Dickinson","B",0.983102836879434,0.969870286953157
"1405","Dieppe","B",0.983102836879434,0.968145166193802
"1406","Diffa","A",0.993604140526975,0.982907698558834
"1407","Digby","A",0.993604140526975,0.983718416923037
"1408","Dijon","B",0.977641843971632,0.773521525257247
"1409","Dila","A",0.993604140526975,0.949536998293021
"1410","Dili","A",0.985962986198242,0.954200528040696
"1411","Dillingham","A",0.993604140526975,0.982906601139914
"1412","Dillon","A",0.993604140526975,0.98261143106256
"1413","Dilolo","A",0.993604140526975,0.983592429355606
"1414","Dimbokro","A",0.993604140526975,0.983235637310627
"1415","Dimitrovgrad","B",0.983102836879434,0.964701985534766
"1416","Dindigul","A",0.993604140526975,0.983924768919104
"1417","Dingzhou","A",0.993604140526975,0.819891318703424
"1418","Diourbel","A",0.993604140526975,0.984588613431846
"1419","Dire Dawa","A",0.993604140526975,0.98303097880792
"1420","Dirj","A",0.993604140526975,0.982187155733768
"1421","DÌùsseldorf","B",0.977641843971632,0.96551009575106
"1422","Divinopolis","B",0.983102836879434,0.958021837150411
"1423","Diyarbakir","B",0.983102836879434,0.964797036353079
"1424","Djambala","A",0.993604140526975,0.98295234452983
"1425","Djanet","A",0.993604140526975,0.983031408063469
"1426","Djelfa","C",0.988288633461049,0.954724190688803
"1427","Djenne","A",0.993604140526975,0.983022922247598
"1428","Djibouti","B",0.983102836879434,0.967530280283045
"1429","Djougou","A",0.993604140526975,0.984615351352463
"1430","Dnipropetrovsk","B",0.983102836879434,0.966210630788276
"1431","Doba","A",0.993604140526975,0.983796350860188
"1432","Dobrich","A",0.985962986198242,0.968120035434046
"1433","Dodge City","B",0.983102836879434,0.95896252086637
"1434","Dodoma","A",0.993604140526975,0.983264797555166
"1435","Doha","F",0.994054054054054,0.981292640653497
"1436","Dolbeau","B",0.983102836879434,0.964647821979439
"1437","Dolinsk","A",0.993604140526975,0.983322660198971
"1438","Dolo Bay","A",0.993604140526975,0.983494324409121
"1439","Dolores","B",0.983102836879434,0.965128330500878
"1440","Dombarovskiy","A",0.993604140526975,0.983144319146678
"1441","Dondo1","A",0.993604140526975,0.984442474493395
"1442","Dondo2","A",0.993604140526975,0.982349243107509
"1443","Donegal","A",0.993604140526975,0.982662843095581
"1444","Donetsk","B",0.983102836879434,0.95983814203084
"1445","Dong Hoi","A",0.993604140526975,0.983040914956404
"1446","Dongola","A",0.993604140526975,0.982496362413194
"1447","Dortmund","B",0.983102836879434,0.968568553913633
"1448","Dosso","A",0.993604140526975,0.983488755993187
"1449","Dothan","B",0.977641843971632,0.83511537584077
"1450","Douala","B",0.983102836879434,0.965809837809125
"1451","Douglas1","B",0.983102836879434,0.967802931486644
"1452","Douglas2","A",0.993604140526975,0.982562928987727
"1453","Douglas3","A",0.985962986198242,0.691948906069184
"1454","Douglas4","A",0.985962986198242,0.917844391147068
"1455","Dourados","B",0.983102836879434,0.959848515823451
"1456","Dover1","C",0.874010217113667,0.564436014725832
"1457","Dover2","B",0.983102836879434,0.960851005333669
"1458","Drammen","C",0.988288633461049,0.949000621891234
"1459","Dresden","A",0.985962986198242,0.870673237550156
"1460","Drobeta-Turnu Severin","B",0.983102836879434,0.966966586943619
"1461","Drogheda","B",0.983102836879434,0.966692706055521
"1462","Drohobych","B",0.983102836879434,0.960826311606719
"1463","Drummondville","C",0.988288633461049,0.947126700962497
"1464","Dryden","B",0.983102836879434,0.968688034010347
"1465","Dubayy","F",0.994054054054054,0.982807966362828
"1466","Dubbo","A",0.993604140526975,0.975595710811375
"1467","Dublin1","B",0.983102836879434,0.96473384986503
"1468","Dublin2","C",0.984878671775225,0.915966423993785
"1469","Dubrovnik","B",0.983102836879434,0.965318388400279
"1470","Dubuque","B",0.983102836879434,0.970263396512789
"1471","Dudinka","E",0.987741935483871,0.956988088326354
"1472","Duisburg","B",0.977641843971632,0.814911671969088
"1473","Duitama","A",0.993604140526975,0.98290542159173
"1474","Duluth","B",0.977641843971632,0.955599529757252
"1475","Duma","A",0.993604140526975,0.984151750729087
"1476","Dumas","A",0.993604140526975,0.984331430712869
"1477","Dumfries","A",0.985962986198242,0.842532173183791
"1478","Dumyat","B",0.977641843971632,0.81165822751241
"1479","Dund-Us","A",0.993604140526975,0.984066416480718
"1480","Dundalk","B",0.983102836879434,0.965417459222068
"1481","Dundee","B",0.983102836879434,0.967922755313726
"1482","Dundo","A",0.993604140526975,0.983724789121832
"1483","Dunedin","A",0.976144918444165,0.606060033046048
"1484","Dunhua","A",0.993604140526975,0.982908278566633
"1485","Dunhuang","A",0.993604140526975,0.983145612797514
"1486","Duque de Caxias","E",0.987741935483871,0.813616323296825
"1487","Durango1","B",0.983102836879434,0.964556466218134
"1488","Durango2","A",0.993604140526975,0.984630984926622
"1489","Durazno","B",0.983102836879434,0.965700944323869
"1490","Durban","C",0.988288633461049,0.949421147633545
"1491","Durham","C",0.988288633461049,0.951310789480258
"1492","Durres","B",0.977641843971632,0.958001179176496
"1493","Dushanbe","A",0.993604140526975,0.984641337456113
"1494","Dyatkovo","A",0.993604140526975,0.982237670014089
"1495","Dzaoudzi","A",0.993604140526975,0.984403145235139
"1496","Dzerzhinsk","B",0.983102836879434,0.967678792023169
"1497","Dzhankoy","A",0.993604140526975,0.983192897660899
"1498","Dzuunharaa","A",0.993604140526975,0.982339398239776
"1499","Eagle","A",0.993604140526975,0.982715453420178
"1500","Eagle Pass","B",0.977641843971632,0.955972645640934
"1501","East London","B",0.983102836879434,0.966493716536659
"1502","Eastmain","A",0.993604140526975,0.983654674724142
"1503","Eau Claire","B",0.983102836879434,0.964430774541778
"1504","Ebolowa","A",0.993604140526975,0.983315608995084
"1505","Echuca","A",0.993604140526975,0.983840942040668
"1506","Ed Damazin","A",0.993604140526975,0.982916613716688
"1507","Ed Dueim","A",0.993604140526975,0.983867910000377
"1508","EdDamer","A",0.993604140526975,0.982901865610982
"1509","Edea","A",0.993604140526975,0.982544703219806
"1510","Edinburg","C",0.984878671775225,0.909750059630572
"1511","Edinburgh","B",0.134391252955083,0.551703197635326
"1512","Edirne","B",0.977641843971632,0.959446670578281
"1513","Edmonton","E",0.987741935483871,0.942796714186939
"1514","Edmundston","A",0.985962986198242,0.966324227617974
"1515","Egilsstadir","A",0.993604140526975,0.966230335360576
"1516","Eindhoven","C",0.874010217113667,0.606067517532974
"1517","Eirunepe","A",0.993604140526975,0.983934935979935
"1518","Ekibastuz","C",0.984878671775225,0.844433697989228
"1519","El Alamein","C",0.988288633461049,0.919566841140873
"1520","El Arish","B",0.977641843971632,0.816688608166265
"1521","El Banco","A",0.993604140526975,0.983889484248274
"1522","El Bayadh","B",0.983102836879434,0.959390891221615
"1523","El Calafate","B",0.977641843971632,0.956376289901501
"1524","El Carmen de Bolivar","A",0.993604140526975,0.982169786409651
"1525","El Centro","C",0.988288633461049,0.954041392784414
"1526","El Daba","B",0.983102836879434,0.959457666180221
"1527","El Dorado1","B",0.983102836879434,0.957651730131447
"1528","El Dorado2","A",0.993604140526975,0.982198271975538
"1529","El Faiyum","C",0.988288633461049,0.949063551154715
"1530","El Fasher","A",0.993604140526975,0.982981248530124
"1531","El Fuerte","A",0.993604140526975,0.982818657876769
"1532","El Giza","E",0.987741935483871,0.953954426781035
"1533","El Golea","B",0.983102836879434,0.966947120094931
"1534","El Jadida","B",0.977641843971632,0.939863857228797
"1535","El Kef","A",0.993604140526975,0.982874108743244
"1536","El Maiten","A",0.993604140526975,0.982582363236184
"1537","El Manaqil","A",0.993604140526975,0.983209809734927
"1538","El Mansura","C",0.988288633461049,0.9514696578265
"1539","El Manteco","A",0.993604140526975,0.982963376287256
"1540","El Minya","B",0.977641843971632,0.956807982420175
"1541","El Obeid","A",0.993604140526975,0.983522918169603
"1542","El Oued","C",0.984878671775225,0.951909151372849
"1543","El Paso","C",0.984878671775225,0.962457765732609
"1544","El Suweis","E",0.987741935483871,0.955640780949394
"1545","El Tigre","C",0.984878671775225,0.861311535712656
"1546","El Tur","B",0.977641843971632,0.955260037240487
"1547","Elazig","B",0.983102836879434,0.965108402223147
"1548","Elbasan","A",0.993604140526975,0.967771693118811
"1549","Elblag","B",0.977641843971632,0.957266191240827
"1550","Eldama Ravine","A",0.993604140526975,0.983102815406495
"1551","Eldorado","A",0.993604140526975,0.982187140548114
"1552","Eldoret","A",0.993604140526975,0.98370412405632
"1553","Elgin","C",0.988288633461049,0.951352652614969
"1554","Elista","A",0.993604140526975,0.983749765367154
"1555","Elk","B",0.865608747044919,0.52328894817436
"1556","Elkhart","B",0.977641843971632,0.958684351969726
"1557","Elko","A",0.993604140526975,0.983865635746612
"1558","Elmira","B",0.983102836879434,0.968000181461505
"1559","Ely1","A",0.993604140526975,0.983606217340886
"1560","Ely2","A",0.993604140526975,0.982727998042643
"1561","Embi","A",0.993604140526975,0.982964408686029
"1562","Embu","A",0.993604140526975,0.982375560177245
"1563","Emden","B",0.983102836879434,0.961280156335504
"1564","Emerald","A",0.993604140526975,0.983299313121431
"1565","Emmonak","A",0.993604140526975,0.982946558059873
"1566","Emporia","B",0.983102836879434,0.965817597536986
"1567","En Nuhud","A",0.993604140526975,0.982737029380033
"1568","Encarnacion","C",0.984878671775225,0.953038579928856
"1569","Ende","A",0.993604140526975,0.984374397292789
"1570","Engels","C",0.988288633461049,0.951127913202387
"1571","Enid","B",0.983102836879434,0.958377376701926
"1572","Ensenada","B",0.977641843971632,0.956160459550391
"1573","Entebbe","A",0.993604140526975,0.984002470593543
"1574","Enterprise","B",0.983102836879434,0.968892684419662
"1575","Enugu","A",0.993604140526975,0.860290588472969
"1576","Er Rachidia","A",0.993604140526975,0.983184896509732
"1577","Erechim","B",0.983102836879434,0.968732513079361
"1578","Eregli","A",0.993604140526975,0.967448969677031
"1579","Erenhot","A",0.993604140526975,0.984465903264978
"1580","Erfurt","B",0.983102836879434,0.960489976915116
"1581","Ergun Zuoqi","A",0.993604140526975,0.983509808067276
"1582","Erie","B",0.977641843971632,0.810768529468614
"1583","Ertis","A",0.993604140526975,0.984914638247586
"1584","Erymentau","A",0.993604140526975,0.982556158172244
"1585","Erzincan","A",0.985962986198242,0.967452519268963
"1586","Erzurum","B",0.983102836879434,0.965504762709536
"1587","Esbjerg","A",0.993604140526975,0.968397683434048
"1588","Escanaba","B",0.983102836879434,0.95847007752081
"1589","Escuinapa","A",0.985962986198242,0.81980606808894
"1590","Escuintla","A",0.993604140526975,0.983121983601801
"1591","Eseka","A",0.993604140526975,0.983379471793111
"1592","Esik","A",0.993604140526975,0.983795928550263
"1593","Esil","A",0.993604140526975,0.983173406360887
"1594","Eskisehir","B",0.134391252955083,0.547508008642334
"1595","Esmeraldas","B",0.977641843971632,0.95939793988262
"1596","Esperance","A",0.993604140526975,0.98250888111405
"1597","Esperanza","A",0.985962986198242,0.950853223316003
"1598","Espungabera","A",0.993604140526975,0.982616404756366
"1599","Esquel","B",0.983102836879434,0.958592904543018
"1600","Essen","B",0.977641843971632,0.964352790679651
"1601","Estancia","A",0.985962986198242,0.859612219275623
"1602","Esteli","A",0.993604140526975,0.984283536224722
"1603","Etawah","A",0.993604140526975,0.618083447604095
"1604","Eugene","B",0.983102836879434,0.964484992130672
"1605","Eumseong","A",0.985962986198242,0.948729516544394
"1606","Eureka","A",0.993604140526975,0.984806012283422
"1607","Evanston","E",0.987741935483871,0.945443099835301
"1608","Evansville","C",0.988288633461049,0.961170852407501
"1609","Everett","C",0.988288633461049,0.956821403573413
"1610","Ewo","A",0.993604140526975,0.984193152805856
"1611","Exeter","B",0.983102836879434,0.966905646111751
"1612","Exmouth","A",0.993604140526975,0.984257859714495
"1613","Eyl","A",0.993604140526975,0.983226512904612
"1614","Eyumojok","A",0.993604140526975,0.983427175567181
"1615","Fada","A",0.993604140526975,0.984140421194659
"1616","Fairbanks","E",0.987741935483871,0.952242334438263
"1617","Faisalabad","A",0.993604140526975,0.881792402731197
"1618","Faizabad","D",0.995555555555555,0.844799488196561
"1619","Falfurrias","B",0.983102836879434,0.959798568977848
"1620","Farafangana","A",0.993604140526975,0.98300676236048
"1621","Farah","A",0.993604140526975,0.983016356918018
"1622","Faranah","A",0.993604140526975,0.982691741282489
"1623","Fargo","C",0.125989782886335,0.552366242145568
"1624","Fargona","A",0.993604140526975,0.983292417864659
"1625","Faribault","B",0.983102836879434,0.965566553050794
"1626","Farmington","B",0.865608747044919,0.497740999306901
"1627","Faro","C",0.984878671775225,0.9518438533482
"1628","Fasa","A",0.985962986198242,0.966434624054777
"1629","Fatehpur","D",0.991481481481482,0.682163977774021
"1630","Fayetteville1","C",0.988288633461049,0.958831117861227
"1631","Fayetteville2","B",0.977641843971632,0.957501849909529
"1632","Feira de Santana","B",0.977641843971632,0.753800534032692
"1633","Felipe Carrillo Puerto","A",0.985962986198242,0.966460466357151
"1634","Fengcheng","A",0.993604140526975,0.983749945458385
"1635","Fengjie","A",0.993604140526975,0.983521008564752
"1636","Fengshan","E",0.988924731182796,0.948631559828797
"1637","Fengzhen","A",0.993604140526975,0.982578575948344
"1638","Ferkessedougou","A",0.993604140526975,0.982518926406451
"1639","Fernandopolis","A",0.993604140526975,0.976633535298216
"1640","Ferrara","C",0.988288633461049,0.955728408889556
"1641","Ferrenafe","A",0.993604140526975,0.982050206944585
"1642","Feyzabad","A",0.993604140526975,0.983071384839871
"1643","Fez","C",0.988288633461049,0.948621049926051
"1644","Fianarantsoa","A",0.993604140526975,0.983219438966852
"1645","Filadelfia","A",0.993604140526975,0.984254377344601
"1646","Finnsnes","B",0.977641843971632,0.956825273833219
"1647","Firozabad","A",0.993604140526975,0.982945606524671
"1648","Flagstaff","A",0.993604140526975,0.983114247180986
"1649","Flensburg","A",0.985962986198242,0.966618530973114
"1650","Flin Flon","A",0.985962986198242,0.853293481419198
"1651","Flint","C",0.988288633461049,0.958203811163055
"1652","Florence1","B",0.977641843971632,0.836165162523156
"1653","Florence2","B",0.977641843971632,0.955468864909251
"1654","Florence3","C",0.988288633461049,0.962787800572614
"1655","Florencia","A",0.993604140526975,0.982533318995869
"1656","Flores","A",0.993604140526975,0.983885666084634
"1657","Floriano","B",0.983102836879434,0.966825754696208
"1658","Florianopolis","C",0.984878671775225,0.903555124322124
"1659","Focsani","B",0.983102836879434,0.959351774750998
"1660","Foggia","C",0.984878671775225,0.924038732439258
"1661","Fond du Lac","B",0.977641843971632,0.923781136402149
"1662","Fonte Boa","A",0.993604140526975,0.983169888256696
"1663","Forbes","A",0.993604140526975,0.983128476159332
"1664","Formiga","A",0.993604140526975,0.984240193735598
"1665","Formosa1","E",0.988924731182796,0.945105063337357
"1666","Formosa2","A",0.985962986198242,0.956452371105081
"1667","Fort Chipewyan","A",0.993604140526975,0.983828308757832
"1668","Fort Collins","B",0.983102836879434,0.970778884891734
"1669","Fort Good Hope","A",0.993604140526975,0.984465687003966
"1670","Fort Lauderdale","E",0.987741935483871,0.953531665228913
"1671","Fort McMurray","B",0.977641843971632,0.959753692483844
"1672","Fort Pierce","B",0.977641843971632,0.927570559136972
"1673","Fort Resolution","A",0.993604140526975,0.98313635182684
"1674","Fort Severn","A",0.993604140526975,0.982655366368861
"1675","Fort Shevchenko","A",0.993604140526975,0.982887948002713
"1676","Fort Simpson","A",0.993604140526975,0.984613693841108
"1677","Fort Smith1","B",0.977641843971632,0.816888433303423
"1678","Fort Smith2","B",0.865608747044919,0.597053121364169
"1679","Fort St. John","C",0.988288633461049,0.951001883243506
"1680","Fort Stockton","A",0.993604140526975,0.985052226950239
"1681","Fort Wayne","C",0.984878671775225,0.952069309609874
"1682","Fort Yukon","A",0.993604140526975,0.983486275946107
"1683","Fort-de-France","B",0.977641843971632,0.886967035680356
"1684","Fortaleza","C",0.984878671775225,0.803918270551922
"1685","Foshan","C",0.988288633461049,0.951220039129445
"1686","Foumban","A",0.993604140526975,0.983426955125419
"1687","Foz do Iguacu","C",0.988288633461049,0.952859997618938
"1688","Franca","B",0.983102836879434,0.970670255873932
"1689","Franceville","A",0.993604140526975,0.9828749809049
"1690","Francistown","A",0.993604140526975,0.984159171407554
"1691","Frankfort","B",0.983102836879434,0.966730041204867
"1692","Frankfurt","B",0.983102836879434,0.973090912830642
"1693","Fredericksburg","B",0.983102836879434,0.964871126208923
"1694","Fredericton","B",0.983102836879434,0.965735714689618
"1695","Frederikshavn","A",0.985962986198242,0.967007931105873
"1696","Freeport1","C",0.988288633461049,0.950611334914321
"1697","Freeport2","B",0.983102836879434,0.966425846833715
"1698","Freetown","A",0.993604140526975,0.984330497335303
"1699","Freiburg","A",0.985962986198242,0.967774430172504
"1700","Fresnillo","A",0.993604140526975,0.983211064659137
"1701","Fresno","C",0.988288633461049,0.951372423964648
"1702","Fria","A",0.993604140526975,0.982464712417007
"1703","Frias","B",0.983102836879434,0.966590105219739
"1704","Frolovo","A",0.993604140526975,0.984669962421881
"1705","Frontera","A",0.993604140526975,0.982513510014058
"1706","Frutal","A",0.993604140526975,0.982947928378802
"1707","Ft. Dodge","B",0.983102836879434,0.965457429297733
"1708","Ft. Myers","C",0.984878671775225,0.95930428033939
"1709","Ft. Worth","E",0.988924731182796,0.955258233791271
"1710","Fuan","A",0.993604140526975,0.983006776180825
"1711","Fujin","A",0.985962986198242,0.966484841184253
"1712","Fukui","B",0.983102836879434,0.965223942968019
"1713","Fukuoka","B",0.983102836879434,0.959362859398225
"1714","Fukushima","A",0.985962986198242,0.977182413180756
"1715","Fulin","A",0.993604140526975,0.983490647677621
"1716","Funchal","B",0.977641843971632,0.932685160257048
"1717","Funtua","A",0.993604140526975,0.983461250128285
"1718","Furth","B",0.983102836879434,0.959280122228646
"1719","Fushun","B",0.977641843971632,0.854192654680874
"1720","Fuxin","A",0.993604140526975,0.975827587135047
"1721","Fuyang","D",0.995555555555555,0.856127526937219
"1722","Fuyu","B",0.983102836879434,0.961356775293756
"1723","Fuzhou","C",0.988288633461049,0.95289820416673
"1724","Gaalkacyo","A",0.993604140526975,0.982628836344615
"1725","Gabes","B",0.983102836879434,0.965858583532187
"1726","Gaborone","B",0.983102836879434,0.963980109430671
"1727","Gadsden","B",0.977641843971632,0.964179478480731
"1728","Gafsa","A",0.985962986198242,0.977077863965816
"1729","Gagnoa","A",0.993604140526975,0.98302887847842
"1730","Gainesville","B",0.983102836879434,0.95859137430927
"1731","Galati","C",0.874010217113667,0.55914651197051
"1732","Galesburg","B",0.983102836879434,0.956545166246227
"1733","Galle","A",0.993604140526975,0.982714010069025
"1734","Gallup","A",0.993604140526975,0.985416366709141
"1735","Galveston","C",0.984878671775225,0.954014427573074
"1736","Galway","B",0.983102836879434,0.965375722821207
"1737","Gamba","A",0.993604140526975,0.982861509862071
"1738","Ganca","B",0.983102836879434,0.959531376772751
"1739","Gandajika","A",0.993604140526975,0.982959886747599
"1740","Gander","A",0.993604140526975,0.982541654052765
"1741","Gandhinagar","A",0.993604140526975,0.983304127414222
"1742","Gangneung","B",0.977641843971632,0.965268150026002
"1743","Gangtok","A",0.993604140526975,0.982786571294448
"1744","Gannan","A",0.993604140526975,0.982302178255188
"1745","Ganzhou","A",0.993604140526975,0.98352956302607
"1746","Gao","A",0.993604140526975,0.983782271354375
"1747","Garanhuns","A",0.993604140526975,0.983441154227123
"1748","Garca","A",0.985962986198242,0.926537794709497
"1749","Garden City","B",0.983102836879434,0.967276970788968
"1750","Gardiz","A",0.993604140526975,0.984174110878604
"1751","Garissa","A",0.993604140526975,0.982889476288075
"1752","Garoowe","A",0.993604140526975,0.982789012020833
"1753","Garoua","A",0.993604140526975,0.982645273691054
"1754","Gary","C",0.125989782886335,0.520471832543013
"1755","Garzon","A",0.993604140526975,0.98417700540142
"1756","Gashua","A",0.993604140526975,0.982461008444029
"1757","Gaspe","A",0.985962986198242,0.839554718708615
"1758","Gatchina","C",0.988288633461049,0.954488260190478
"1759","Gavle","C",0.988288633461049,0.953639431315382
"1760","Gawler","B",0.983102836879434,0.965133473791312
"1761","Gay","B",0.983102836879434,0.967062155614125
"1762","Gaya1","A",0.993604140526975,0.983227470185865
"1763","Gaya2","A",0.993604140526975,0.796657252099607
"1764","Gaza","B",0.983102836879434,0.967757735382571
"1765","Gaziantep","C",0.988288633461049,0.959303309102291
"1766","Gbadolite","A",0.993604140526975,0.983693982879778
"1767","Gbarnga","A",0.993604140526975,0.983831576675841
"1768","Gdansk","C",0.984878671775225,0.953142546430294
"1769","Gdynia","C",0.988288633461049,0.950464305490857
"1770","Gedaref","A",0.993604140526975,0.983064953454426
"1771","Geelong","B",0.983102836879434,0.965431147372335
"1772","Geita","A",0.993604140526975,0.983920564649205
"1773","Gejiu","A",0.993604140526975,0.983314446755954
"1774","Gelendzhik","B",0.983102836879434,0.965031595549343
"1775","Gemena","A",0.993604140526975,0.982940005854458
"1776","Geneina","A",0.993604140526975,0.983118262644002
"1777","General Conesa","B",0.983102836879434,0.95994368449245
"1778","General Guemes","B",0.983102836879434,0.956536440182127
"1779","General Pico","B",0.977641843971632,0.964243683893374
"1780","General Roca","B",0.983102836879434,0.964100315716334
"1781","General Santos","A",0.993604140526975,0.982329395883402
"1782","Geneva","B",0.983102836879434,0.958226815820797
"1783","Genoa","C",0.988288633461049,0.952279200477597
"1784","Gent","B",0.977641843971632,0.957087285059362
"1785","George","A",0.985962986198242,0.896227808717532
"1786","George Town2","C",0.988288633461049,0.952613421074188
"1787","Georgetown1","B",0.983102836879434,0.959924578562881
"1788","Georgetown2","A",0.993604140526975,0.983818968538858
"1789","Georgievsk","A",0.993604140526975,0.983017007976441
"1790","Gera","A",0.993604140526975,0.982810675471931
"1791","Geraldton1","B",0.983102836879434,0.958711697872341
"1792","Geraldton2","A",0.993604140526975,0.983842329705239
"1793","Ghadamis","B",0.983102836879434,0.968098173031609
"1794","Ghanzi","A",0.993604140526975,0.9832544484738
"1795","Ghardaia","B",0.983102836879434,0.958341613880037
"1796","Gharyan","B",0.977641843971632,0.958104512815257
"1797","Ghat","A",0.993604140526975,0.982591361279034
"1798","Ghaziabad","C",0.988288633461049,0.956446510924257
"1799","Ghazni","A",0.993604140526975,0.982715477453261
"1800","Gibraltar","E",0.988924731182796,0.94885040185076
"1801","Giessen","A",0.985962986198242,0.976624563113865
"1802","Gifu","B",0.983102836879434,0.963733920687603
"1803","Gijon","C",0.988288633461049,0.956695949224554
"1804","Gila Bend","A",0.993604140526975,0.983434528308718
"1805","Gilgit","A",0.993604140526975,0.984522292141606
"1806","Gillette","B",0.983102836879434,0.966875555547668
"1807","Gimbi","A",0.993604140526975,0.984698098908486
"1808","Gimli","A",0.993604140526975,0.981776146659994
"1809","Gingin","A",0.993604140526975,0.982922610005343
"1810","Gingoog","A",0.993604140526975,0.982572858052069
"1811","Girardot","B",0.983102836879434,0.967999862719536
"1812","Gisborne","A",0.993604140526975,0.984335113330703
"1813","Gitarama","A",0.993604140526975,0.982713368712094
"1814","Gitega","A",0.993604140526975,0.984737426545227
"1815","Giyon","A",0.993604140526975,0.982614348073425
"1816","Gjovik","B",0.983102836879434,0.965288615554387
"1817","Gladstone","B",0.983102836879434,0.95596837942836
"1818","Glasgow1","A",0.993604140526975,0.982302856985429
"1819","Glasgow2","C",0.984878671775225,0.955144926375856
"1820","Glazov","B",0.983102836879434,0.966732137994655
"1821","Glendale","E",0.988924731182796,0.944622798064642
"1822","Glendive","A",0.993604140526975,0.983531568641116
"1823","Glenwood Springs","A",0.993604140526975,0.983524585034123
"1824","Gliwice","B",0.977641843971632,0.933566333813766
"1825","Goba","A",0.993604140526975,0.982809614814718
"1826","Gogrial","A",0.993604140526975,0.984718554829129
"1827","Goiana","A",0.993604140526975,0.982759310171387
"1828","Goianesia","A",0.993604140526975,0.968374018878517
"1829","Goiania","C",0.988288633461049,0.956847522075759
"1830","Gold Coast","B",0.983102836879434,0.964420205758079
"1831","Goldsboro","B",0.977641843971632,0.956996652985509
"1832","Golela","A",0.993604140526975,0.984288857617624
"1833","Golmud","A",0.993604140526975,0.982570156468326
"1834","Golyshmanovo","A",0.993604140526975,0.984235281911577
"1835","Goma","A",0.993604140526975,0.983222926276831
"1836","Gombe","A",0.985962986198242,0.976560902210999
"1837","Gomez Palacio","C",0.988288633461049,0.958943534998302
"1838","Gonaives","A",0.993604140526975,0.983388561646935
"1839","Gonbad-e Kavus","B",0.983102836879434,0.965697984160089
"1840","Gonder","A",0.993604140526975,0.983002385273068
"1841","Goodland","A",0.993604140526975,0.984453997761359
"1842","Goondiwindi","A",0.993604140526975,0.983879011960633
"1843","Gorakhpur","D",0.988148148148148,0.757795680156573
"1844","Gorgan","B",0.983102836879434,0.96512493932545
"1845","Gorno Altaysk","A",0.993604140526975,0.984119599700022
"1846","Gornyak","A",0.993604140526975,0.984148047653147
"1847","Goroka","A",0.993604140526975,0.983486042310042
"1848","Gorontalo","A",0.993604140526975,0.983383624346213
"1849","Gorzow Wielkopolski","B",0.983102836879434,0.965255648508634
"1850","Goteborg","C",0.988288633461049,0.959363295379027
"1851","Gottingen","A",0.993604140526975,0.98254111225796
"1852","Goulburn","A",0.993604140526975,0.982613005624725
"1853","Goulimine","B",0.983102836879434,0.964124157718842
"1854","Goundam","A",0.993604140526975,0.98268523109359
"1855","Goure","A",0.993604140526975,0.983464262303809
"1856","Governador Valadares","B",0.983102836879434,0.96812281772478
"1857","Goya","C",0.988288633461049,0.947651112540976
"1858","Goycay","A",0.993604140526975,0.984624434381774
"1859","Graaff Reinet","A",0.993604140526975,0.983448195494417
"1860","Grafton","A",0.993604140526975,0.983191682664247
"1861","Grahamstown","A",0.993604140526975,0.982473961422972
"1862","Granada1","A",0.993604140526975,0.983619509198652
"1863","Granada2","C",0.988288633461049,0.948922824403939
"1864","Grand Bassam","A",0.993604140526975,0.982959891472216
"1865","Grand Canyon","A",0.993604140526975,0.982155429660114
"1866","Grand Forks","C",0.984878671775225,0.957138703780804
"1867","Grand Island","B",0.977641843971632,0.956733813977608
"1868","Grand Junction","A",0.985962986198242,0.957676594702327
"1869","Grand Prairie1","E",0.987741935483871,0.95413454679117
"1870","Grand Prairie2","C",0.984878671775225,0.951877476532839
"1871","Grand Rapids","B",0.977641843971632,0.853622353177281
"1872","Granja","B",0.983102836879434,0.96174609264221
"1873","Grants Pass","A",0.985962986198242,0.967825461070365
"1874","Graz","A",0.126395859473024,0.488684490502516
"1875","Great Falls","B",0.983102836879434,0.965524629710216
"1876","Greeley","B",0.983102836879434,0.963979359841781
"1877","Green Bay","C",0.988288633461049,0.95441342762783
"1878","Green River","A",0.993604140526975,0.983928931524598
"1879","Greeneville","C",0.988288633461049,0.950554528956774
"1880","Greenock","B",0.983102836879434,0.964862026534085
"1881","Greensboro","C",0.984878671775225,0.95453714959566
"1882","Greenville1","C",0.874010217113667,0.496844160136234
"1883","Greenville2","B",0.967960992907803,0.625652199535421
"1884","Greenville3","A",0.993604140526975,0.983906670045464
"1885","Grenoble","B",0.977641843971632,0.804984609095762
"1886","Griffith","A",0.993604140526975,0.982585869319766
"1887","Groningen","B",0.983102836879434,0.968037448581987
"1888","Grootfontein","A",0.993604140526975,0.983209244507124
"1889","Groznyy","B",0.983102836879434,0.964953105804442
"1890","Grudziadz","B",0.983102836879434,0.966144336142829
"1891","Gryazi","B",0.983102836879434,0.962093232424474
"1892","Guadalajara1","C",0.988288633461049,0.955259828248302
"1893","Guadalajara2","C",0.988288633461049,0.954587329524912
"1894","Guaira","A",0.985962986198242,0.96712720825075
"1895","Guajara-Miram","A",0.993604140526975,0.982882148708627
"1896","Gualeguay","C",0.988288633461049,0.948496161057033
"1897","Gualeguaychu","C",0.988288633461049,0.951323904230489
"1898","Guamuchil","B",0.983102836879434,0.966955262899037
"1899","Guanajuato","A",0.993604140526975,0.983150955334083
"1900","Guanambi","B",0.983102836879434,0.964350735347358
"1901","Guanare","B",0.977641843971632,0.955521800818449
"1902","Guangshui","A",0.993604140526975,0.983818469818765
"1903","Guangyuan","A",0.993604140526975,0.982759686030368
"1904","Guangzhou","D",0.987407407407407,0.779274448863836
"1905","Guanhaes","A",0.993604140526975,0.982310227263858
"1906","Guantanamo","B",0.983102836879434,0.969370890206258
"1907","Guaranda","A",0.993604140526975,0.98306751413881
"1908","Guarapuava","B",0.983102836879434,0.958529770112631
"1909","Guaratingueta","B",0.983102836879434,0.959376777412547
"1910","Guasave","A",0.126395859473024,0.537100367288535
"1911","Guasdualito","A",0.993604140526975,0.985103837880973
"1912","Guatemala","B",0.977641843971632,0.957810586671706
"1913","Guaxupe","A",0.993604140526975,0.982577656549325
"1914","Guayaquil","E",0.987741935483871,0.951327379875974
"1915","Guaynas","B",0.983102836879434,0.957109106659948
"1916","Gubakha","A",0.985962986198242,0.838336765107787
"1917","Gubkin","A",0.993604140526975,0.9827411704654
"1918","Guide","A",0.993604140526975,0.982772362265721
"1919","Guider","A",0.993604140526975,0.983611297347504
"1920","Guiglo","A",0.993604140526975,0.984007546463849
"1921","Guilin","A",0.985962986198242,0.967364886768176
"1922","Guines","A",0.993604140526975,0.984868306097843
"1923","Guiyang","B",0.983102836879434,0.965898201438651
"1924","Gujranwala","A",0.993604140526975,0.815415244015829
"1925","Gujrat","A",0.993604140526975,0.912621727302723
"1926","Gulbarga","B",0.983102836879434,0.958590945133265
"1927","Gulfport","C",0.988288633461049,0.951062903620788
"1928","Guliston","A",0.993604140526975,0.983279937874478
"1929","Gulu","A",0.993604140526975,0.982579256812222
"1930","Gunnedah","A",0.993604140526975,0.982849274185692
"1931","Gunnison","A",0.993604140526975,0.983715288720851
"1932","Gunsan","B",0.977641843971632,0.790431210672835
"1933","Guntur","A",0.993604140526975,0.983037090445514
"1934","Gurgaon","B",0.983102836879434,0.926227084950426
"1935","Gurupi","B",0.983102836879434,0.95943742504262
"1936","Guryevsk","A",0.993604140526975,0.984518592066943
"1937","Gusau","A",0.993604140526975,0.983089548949978
"1938","Gusinoozyorsk","A",0.993604140526975,0.983013246705265
"1939","Guwahati","A",0.993604140526975,0.982933113274025
"1940","Guymon","A",0.993604140526975,0.983231802088657
"1941","Gwadar","A",0.993604140526975,0.983316913144362
"1942","Gwalior","B",0.983102836879434,0.964272599794693
"1943","Gwanda","A",0.993604140526975,0.981672197564274
"1944","Gwangju","C",0.988288633461049,0.953893826306648
"1945","Gweru","A",0.993604140526975,0.983048150814359
"1946","Gyeongju","B",0.983102836879434,0.96467967419374
"1947","Gympie","A",0.993604140526975,0.982451060572128
"1948","Gyor","B",0.983102836879434,0.959080723937668
"1949","Gyumri","A",0.993604140526975,0.982745835555716
"1950","Gyzlarbat","B",0.983102836879434,0.966372167348525
"1951","Ha Giang","A",0.993604140526975,0.984668363784965
"1952","Ha Tinh","A",0.993604140526975,0.98269489716101
"1953","Haarlem","C",0.988288633461049,0.954757074389484
"1954","Hachinohe","B",0.983102836879434,0.963970800526099
"1955","Hachioji","C",0.988288633461049,0.954144043216935
"1956","Hadiboh","A",0.993604140526975,0.9832608681792
"1957","Haeju","A",0.993604140526975,0.984284408015473
"1958","Hafar al Batin","F",0.989459459459459,0.985927268677972
"1959","Hagere Hiywet","A",0.993604140526975,0.983039373089556
"1960","Hagerstown","B",0.977641843971632,0.837186790455794
"1961","Haifa","E",0.987741935483871,0.953104929236501
"1962","Haikou","B",0.977641843971632,0.840919761113164
"1963","Hail","E",0.987741935483871,0.789943003988826
"1964","Hailar","A",0.993604140526975,0.983355866482248
"1965","Hailun","A",0.993604140526975,0.984635073498941
"1966","Haiphong","A",0.993604140526975,0.873734661150157
"1967","Hajjah","A",0.993604140526975,0.983034932848542
"1968","Hakkari","A",0.993604140526975,0.983368672955467
"1969","Hakodate","B",0.983102836879434,0.967208339113333
"1970","Halacho","A",0.993604140526975,0.985306473925701
"1971","Haldia","A",0.993604140526975,0.984968641638396
"1972","Halifax","B",0.977641843971632,0.820170403090994
"1973","Halmstad","B",0.983102836879434,0.963729881584903
"1974","Hamadan","B",0.983102836879434,0.964328251784196
"1975","Hamah","A",0.985962986198242,0.96693256659999
"1976","Hamamatsu","B",0.983102836879434,0.959956450866772
"1977","Hamburg","B",0.983102836879434,0.956534810078314
"1978","Hamhung","A",0.993604140526975,0.982748931746248
"1979","Hami","B",0.983102836879434,0.966804121430214
"1980","Hamilton2","C",0.984878671775225,0.79674304567156
"1981","Hamilton3","B",0.983102836879434,0.966008956733048
"1982","Hamilton4","A",0.993604140526975,0.98202632695174
"1983","Hammerfest","C",0.988288633461049,0.932223608269547
"1984","Hampton","C",0.984878671775225,0.952621650596368
"1985","Hancheng","A",0.993604140526975,0.983599059715095
"1986","Hancock","A",0.985962986198242,0.833363669266389
"1987","Handan","D",0.995555555555555,0.802630821198799
"1988","Hanggin Houqi","A",0.993604140526975,0.983091444953399
"1989","Hangu","B",0.983102836879434,0.965261490096583
"1990","Hangzhou","B",0.983102836879434,0.903439059220168
"1991","Hania","B",0.983102836879434,0.958386796962228
"1992","Hannover","B",0.983102836879434,0.964124079050155
"1993","Hanoi","D",0.995555555555555,0.841078027760419
"1994","Hanzhong","A",0.993604140526975,0.98472785755702
"1995","Haora","B",0.983102836879434,0.964153468727968
"1996","Happy Valley","B",0.983102836879434,0.959167177179681
"1997","Hapur","A",0.993604140526975,0.983576577785111
"1998","Harar","A",0.993604140526975,0.984159379246214
"1999","Harare","A",0.993604140526975,0.982899787277086
"2000","Harbin","B",0.977641843971632,0.947176438990121
"2001","Hardin","A",0.993604140526975,0.982909613820381
"2002","Hargeysa","A",0.993604140526975,0.983332501150062
"2003","Harlingen","C",0.988288633461049,0.951713070691939
"2004","Harper","A",0.993604140526975,0.983043708440748
"2005","Harrisburg","C",0.988288633461049,0.920757427315539
"2006","Harrisonburg","B",0.983102836879434,0.959073076393265
"2007","Harstad","B",0.983102836879434,0.957719443273051
"2008","Hartford","C",0.874010217113667,0.483353939434646
"2009","Hassi Messaoud","F",0.994054054054054,0.981643186179733
"2010","Hastings","B",0.983102836879434,0.915340815310446
"2011","Hat Yai","B",0.983102836879434,0.967903228267056
"2012","Hatay","B",0.983102836879434,0.966901634605828
"2013","Hathras","A",0.993604140526975,0.984066949639276
"2014","Hattiesburg","C",0.988288633461049,0.950608735170159
"2015","Haugesund","B",0.977641843971632,0.949885730095934
"2016","Havana","B",0.977641843971632,0.955402277443053
"2017","Havre","A",0.993604140526975,0.982853608760511
"2018","Hays","B",0.983102836879434,0.961241940039266
"2019","Hearst","B",0.983102836879434,0.969518719612371
"2020","Hebi","A",0.993604140526975,0.983243454490121
"2021","Hechi","A",0.993604140526975,0.963923343908502
"2022","Hefei","C",0.988288633461049,0.950277773279276
"2023","Hegang","A",0.993604140526975,0.983491756746577
"2024","Heidelberg","B",0.983102836879434,0.960594879939238
"2025","Heihe","A",0.985962986198242,0.801721178603895
"2026","Helena","A",0.985962986198242,0.843006201824512
"2027","Helong","A",0.993604140526975,0.982470250776195
"2028","Helsingborg","C",0.988288633461049,0.949203664431819
"2029","Helsinki","E",0.987741935483871,0.958260713274718
"2030","Hengshui","A",0.993604140526975,0.983693042229135
"2031","Hengyang","A",0.993604140526975,0.98264246393104
"2032","Herat","A",0.993604140526975,0.98358132033469
"2033","Hereford","A",0.993604140526975,0.98398915839519
"2034","Hermanus","A",0.993604140526975,0.967354865814976
"2035","Hermosillo","C",0.984878671775225,0.81439994217602
"2036","Hervey Bay","A",0.993604140526975,0.982029515217346
"2037","Hetauda","A",0.993604140526975,0.983386149753414
"2038","Heyuan","A",0.985962986198242,0.968941508727452
"2039","Heze","D",0.991481481481482,0.669454866085404
"2040","Hickory","B",0.983102836879434,0.965792871719711
"2041","Hidalgo del Parral","A",0.993604140526975,0.982721209384519
"2042","Hilo","A",0.993604140526975,0.983185457029403
"2043","Hims","A",0.126395859473024,0.530987656060534
"2044","Hindupur","A",0.993604140526975,0.983390290109361
"2045","Hinthada","A",0.993604140526975,0.983556744618921
"2046","Hinton","A",0.985962986198242,0.967312205454759
"2047","Hios","A",0.993604140526975,0.983278171353403
"2048","Hirosaki","A",0.993604140526975,0.968159507261764
"2049","Hiroshima","B",0.983102836879434,0.965436889701125
"2050","Hisar","A",0.993604140526975,0.98333832777724
"2051","Ho","A",0.993604140526975,0.982937221980743
"2052","Ho Chi Minh City","B",0.983102836879434,0.965752082920874
"2053","Hoa Binh","A",0.993604140526975,0.983713525796131
"2054","Hobart","B",0.983102836879434,0.962063500946744
"2055","Hobbs","B",0.983102836879434,0.966585491092986
"2056","Hof","A",0.993604140526975,0.983475229125969
"2057","Hohhot","B",0.977641843971632,0.956097894965622
"2058","Hokitika","A",0.993604140526975,0.983355600642193
"2059","Holguin","B",0.983102836879434,0.959937946613159
"2060","Homer","A",0.993604140526975,0.983027261659124
"2061","Homestead","C",0.984878671775225,0.923332141051249
"2062","Homyel","B",0.983102836879434,0.968909529591348
"2063","Hon Quan","A",0.993604140526975,0.982612008122533
"2064","Honda","A",0.993604140526975,0.982468713730459
"2065","Hong Gai","B",0.983102836879434,0.959138077237285
"2066","Hong Kong","D",0.987407407407407,0.837740366338045
"2067","Honiara","A",0.993604140526975,0.983937439291621
"2068","Honolulu","B",0.977641843971632,0.956085549956631
"2069","Hoonah","A",0.993604140526975,0.983598249361647
"2070","Hooper Bay","A",0.993604140526975,0.982752528657485
"2071","Hopedale","A",0.993604140526975,0.984562763158936
"2072","Hopkinsville","B",0.983102836879434,0.965479174303477
"2073","Horlivka","A",0.993604140526975,0.982755676187653
"2074","Horqueta","A",0.985962986198242,0.986872146228776
"2075","Horsham","A",0.993604140526975,0.983045171175652
"2076","Hosaina","A",0.993604140526975,0.835066785327596
"2077","Hoshiarpur","A",0.993604140526975,0.982866084863089
"2078","Hoskins","A",0.993604140526975,0.982959632981669
"2079","Hospet","A",0.993604140526975,0.985230052101643
"2080","Hot Springs","B",0.983102836879434,0.958359607358338
"2081","Hotan","A",0.993604140526975,0.982798848758517
"2082","Houlton","A",0.993604140526975,0.983510676249742
"2083","Houma1","C",0.984878671775225,0.953715647199063
"2084","Houma2","A",0.993604140526975,0.982915039510264
"2085","Houston","E",0.987741935483871,0.892636384019432
"2086","Hrodna","B",0.983102836879434,0.967580222875703
"2087","Hsinchu","B",0.977641843971632,0.95756213268774
"2088","Hua Hin","B",0.983102836879434,0.971417526148305
"2089","Huacho","B",0.983102836879434,0.966111327657763
"2090","Huaibei","D",0.991481481481482,0.748319433442898
"2091","Huainan","G",0.998181818181818,0.902697273486747
"2092","Huaiyin","D",0.988148148148148,0.777363142714286
"2093","Huajuapan de Leon","A",0.993604140526975,0.98233510959211
"2094","Hualien","B",0.983102836879434,0.966058882157559
"2095","Huamachuco","A",0.993604140526975,0.984555505988155
"2096","Huambo","A",0.993604140526975,0.981795865922328
"2097","Huancavelica","A",0.993604140526975,0.983019612842839
"2098","Huancayo","A",0.993604140526975,0.982440178523071
"2099","Huangshi","A",0.993604140526975,0.909469867672027
"2100","Huangyan","B",0.983102836879434,0.961065356472346
"2101","Huanren","A",0.993604140526975,0.982831776685248
"2102","Huanta","A",0.993604140526975,0.983275742265274
"2103","Huanuco","A",0.993604140526975,0.983141896506501
"2104","Huaraz","A",0.993604140526975,0.983858182265284
"2105","Huarmey","A",0.993604140526975,0.982937933381381
"2106","Huasco","A",0.993604140526975,0.983124997184954
"2107","Huatabampo","B",0.983102836879434,0.959188062444802
"2108","Huaura","A",0.985962986198242,0.947006885886407
"2109","Hubli","A",0.993604140526975,0.983778911060013
"2110","Hudson Bay","A",0.993604140526975,0.983366894828756
"2111","Hue","A",0.993604140526975,0.984997786749906
"2112","Huehuetenango","A",0.993604140526975,0.982628973855422
"2113","Huelva","E",0.988924731182796,0.881407801798805
"2114","Hughenden","A",0.993604140526975,0.982100831003167
"2115","Huinan","A",0.993604140526975,0.983987507729169
"2116","Huize","A",0.993604140526975,0.98499202559646
"2117","Huizhou","B",0.983102836879434,0.957887299499386
"2118","Hulan Ergi","A",0.993604140526975,0.985248359256233
"2119","Hulin","A",0.993604140526975,0.983963714776509
"2120","Hun","B",0.977641843971632,0.956372944463989
"2121","Hunanghua","B",0.983102836879434,0.960596930988443
"2122","Hungnam","A",0.993604140526975,0.982784346381335
"2123","Huntington","B",0.983102836879434,0.965278158183673
"2124","Huntsville1","B",0.977641843971632,0.909861696590022
"2125","Huntsville2","C",0.988288633461049,0.953330574867342
"2126","Hurghada","C",0.984878671775225,0.952937731238904
"2127","Hutchinson","B",0.983102836879434,0.969711115974706
"2128","Huzhou","A",0.993604140526975,0.9831199036742
"2129","Hwange","A",0.993604140526975,0.981759323175288
"2130","Hyderabad1","A",0.993604140526975,0.983670930350599
"2131","Hyderabad2","C",0.984878671775225,0.951399079824964
"2132","Hyeson","A",0.993604140526975,0.983236676978949
"2133","I-n-Amenas","B",0.983102836879434,0.9672391768556
"2134","I-n-Salah","B",0.983102836879434,0.96256511148015
"2135","Iasi","B",0.983102836879434,0.966144985261055
"2136","Ibadan","A",0.993604140526975,0.985778495135298
"2137","Ibague","B",0.983102836879434,0.96616753145037
"2138","Ibarra","A",0.993604140526975,0.983244044554508
"2139","Ibb","A",0.993604140526975,0.983045829777141
"2140","Ica","B",0.983102836879434,0.969077768764154
"2141","Icel","C",0.988288633461049,0.952311285487565
"2142","Ico","A",0.993604140526975,0.982408292431285
"2143","Idah","A",0.993604140526975,0.983850697870417
"2144","Idaho Falls","B",0.983102836879434,0.959921510146032
"2145","Idlib","A",0.993604140526975,0.982998179622366
"2146","Ifakara","A",0.993604140526975,0.983739637739341
"2147","Ife","A",0.993604140526975,0.983335944198349
"2148","Igarka","A",0.993604140526975,0.966793463744045
"2149","Iguala","A",0.993604140526975,0.967577302097709
"2150","Iguape","A",0.993604140526975,0.967224566089869
"2151","Iguatu","A",0.993604140526975,0.983707612348113
"2152","Ihosy","A",0.993604140526975,0.982904608734262
"2153","Ijebu Ode","A",0.993604140526975,0.98332033626775
"2154","Ijui","A",0.993604140526975,0.967316387004622
"2155","Ikare","A",0.993604140526975,0.984204076289998
"2156","Ikela","A",0.993604140526975,0.983926069116159
"2157","Iksan","B",0.983102836879434,0.969332969977747
"2158","Ilam","B",0.983102836879434,0.96814438319916
"2159","Ilebo","A",0.993604140526975,0.983558511165773
"2160","Ilheus","B",0.983102836879434,0.968066280806757
"2161","Iligan","A",0.993604140526975,0.983000703599606
"2162","Illapel","A",0.993604140526975,0.982783711623294
"2163","Illichivsk","B",0.983102836879434,0.962231339002117
"2164","Illizi","B",0.983102836879434,0.966307813350568
"2165","Ilo","A",0.993604140526975,0.968125237365319
"2166","Iloilo","A",0.993604140526975,0.982432227655667
"2167","Ilorin","A",0.993604140526975,0.982826609501335
"2168","Imbituba","B",0.983102836879434,0.95963281278515
"2169","Imperatriz","B",0.977641843971632,0.829362938952184
"2170","Imphal","A",0.993604140526975,0.983023326292981
"2171","Incheon","E",0.988924731182796,0.954455238072502
"2172","Independence","C",0.984878671775225,0.952310868622944
"2173","Indianapolis","C",0.984878671775225,0.820098218906816
"2174","Indore","A",0.985962986198242,0.956340155385302
"2175","Indramayu","A",0.993604140526975,0.908901169250873
"2176","Ingeniero Guillermo N. Juarez","A",0.993604140526975,0.983447734536521
"2177","Ingham","A",0.993604140526975,0.982813748275796
"2178","Ingolstadt","A",0.985962986198242,0.947330104597496
"2179","Inhambane","A",0.993604140526975,0.983035209856732
"2180","Inhumas","A",0.993604140526975,0.983845230299165
"2181","Innisfail","A",0.993604140526975,0.982433429339276
"2182","Innsbruck","A",0.993604140526975,0.96761446529865
"2183","Inongo","A",0.993604140526975,0.983181192944334
"2184","Inowroclaw","B",0.983102836879434,0.968620418294659
"2185","Inta","B",0.983102836879434,0.967260224708652
"2186","International Falls","B",0.983102836879434,0.966414744919246
"2187","Invercargill","A",0.985962986198242,0.857353460727758
"2188","Inverell","A",0.993604140526975,0.983175638869816
"2189","Inverness","B",0.983102836879434,0.964831833345809
"2190","Ioanina","B",0.983102836879434,0.960325005352411
"2191","Iowa City","B",0.977641843971632,0.938369141882026
"2192","Ipatinga","B",0.983102836879434,0.967914342012972
"2193","Ipiales","A",0.993604140526975,0.982849186689912
"2194","Ipoh","C",0.988288633461049,0.949129081101608
"2195","Ipora","A",0.993604140526975,0.984714399721021
"2196","Ipswich","B",0.983102836879434,0.965586120491092
"2197","Ipu","A",0.993604140526975,0.983599538364251
"2198","Iquique","B",0.977641843971632,0.965739170474315
"2199","Iquitos","B",0.983102836879434,0.965893889334836
"2200","Iracoubo","A",0.993604140526975,0.982953576386394
"2201","Iraklio","B",0.983102836879434,0.960718376543288
"2202","Irati","B",0.983102836879434,0.959768386562541
"2203","Irbid","B",0.983102836879434,0.965434537236165
"2204","Irbil","E",0.987741935483871,0.954340804279177
"2205","Irece","B",0.983102836879434,0.960249788754292
"2206","Iringa","A",0.993604140526975,0.983877481935919
"2207","Irkutsk","C",0.984878671775225,0.823086553975165
"2208","Iron Mountain","A",0.985962986198242,0.83884257515239
"2209","Ironwood","A",0.993604140526975,0.985071577907008
"2210","Irvine","E",0.988924731182796,0.952958131212886
"2211","Isafjordur","A",0.993604140526975,0.966400308822535
"2212","Iseyin","A",0.993604140526975,0.982945474274038
"2213","Isfahan","B",0.977641843971632,0.957859597771146
"2214","Ishim","B",0.983102836879434,0.964802095533421
"2215","Isikul","A",0.993604140526975,0.98157006125983
"2216","Isiro","A",0.993604140526975,0.984990657918152
"2217","Iskandar","A",0.993604140526975,0.983954271694917
"2218","Iskenderun","B",0.983102836879434,0.95672228750861
"2219","Iskitim","B",0.983102836879434,0.964054373619706
"2220","Islamabad","D",0.991481481481482,0.639962218206597
"2221","Ismailia","C",0.988288633461049,0.956086779207731
"2222","Isna","B",0.977641843971632,0.804637399788852
"2223","Isparta","B",0.983102836879434,0.966031087414564
"2224","Istanbul","E",0.988924731182796,0.954559719258293
"2225","Ita","B",0.983102836879434,0.966182922688189
"2226","Itaberaba","B",0.983102836879434,0.965536030247338
"2227","Itaberai","A",0.993604140526975,0.984720849538043
"2228","Itabuna","B",0.983102836879434,0.970353306764064
"2229","Itacoatiara","B",0.983102836879434,0.965901449962724
"2230","Itaituba","B",0.983102836879434,0.962830830305567
"2231","Itajai","C",0.984878671775225,0.955808856452442
"2232","Itamaraju","A",0.993604140526975,0.982906463648163
"2233","Itambe","A",0.993604140526975,0.982124302815046
"2234","Itanhaem","B",0.983102836879434,0.965773114170142
"2235","Itapecuru Mirim","B",0.983102836879434,0.959833599951136
"2236","Itapetinga","A",0.985962986198242,0.940347472838001
"2237","Itapetininga","B",0.983102836879434,0.964092590929883
"2238","Itapeva","A",0.993604140526975,0.967115795269719
"2239","Itapipoca","B",0.983102836879434,0.968974155720311
"2240","Itauna","A",0.993604140526975,0.983818123557329
"2241","Ithaca","B",0.983102836879434,0.928497153223496
"2242","Itigi","A",0.993604140526975,0.983746330094217
"2243","Itu","B",0.977641843971632,0.955990060248878
"2244","Ituiutaba","B",0.983102836879434,0.960243997827229
"2245","Itumbiara","B",0.983102836879434,0.969268779087891
"2246","Iturama","A",0.993604140526975,0.984893305815454
"2247","Ivano-Frankivsk","A",0.993604140526975,0.982785551867141
"2248","Ivanovo","C",0.988288633461049,0.951160643915984
"2249","Ivdel","A",0.993604140526975,0.983897200401687
"2250","Iwaki","A",0.993604140526975,0.984605238784367
"2251","Iwo","A",0.993604140526975,0.982325321847922
"2252","Izamal","A",0.993604140526975,0.985496245773776
"2253","Izaz","A",0.993604140526975,0.982839627379687
"2254","Izhevsk","C",0.988288633461049,0.951962635809371
"2255","Izmayil","A",0.993604140526975,0.983510074131596
"2256","Izmir","C",0.984878671775225,0.912324922599275
"2257","Jabalpur","B",0.983102836879434,0.966369315001045
"2258","Jaboatao","B",0.977641843971632,0.940244337181692
"2259","Jaboticabal","B",0.904899527186762,0.671977640962666
"2260","Jacarezinho","A",0.993604140526975,0.983588185493683
"2261","Jackson1","C",0.984878671775225,0.95712605828212
"2262","Jackson2","C",0.988288633461049,0.956239534366056
"2263","Jacksonville1","C",0.984878671775225,0.952617945826411
"2264","Jacksonville2","B",0.977641843971632,0.959252736425954
"2265","Jaen","A",0.993604140526975,0.982998667966076
"2266","Jaffna","A",0.993604140526975,0.983371456624566
"2267","Jaguaquara","A",0.993604140526975,0.982689290402086
"2268","Jaguarao","A",0.985962986198242,0.967810159304966
"2269","JaÌ©n","B",0.983102836879434,0.965082493475115
"2270","Jaipur","A",0.993604140526975,0.983489813693602
"2271","Jakarta","D",0.988148148148148,0.772211099416003
"2272","Jalal Abad","A",0.993604140526975,0.981802116804916
"2273","Jalalabad","A",0.993604140526975,0.983191437761389
"2274","Jalingo","A",0.993604140526975,0.982668541093482
"2275","Jaltipan","B",0.983102836879434,0.96012872166416
"2276","Jamaame","A",0.993604140526975,0.983556592928308
"2277","Jamalpur","A",0.993604140526975,0.83238778284419
"2278","Jambi","A",0.985962986198242,0.938285302161233
"2279","Jamestown1","B",0.983102836879434,0.964047928807347
"2280","Jamestown2","B",0.983102836879434,0.964059990338813
"2281","Jammu","A",0.993604140526975,0.797325483990756
"2282","Jamshedpur","B",0.983102836879434,0.965473496885818
"2283","Janauba","A",0.993604140526975,0.983216232741059
"2284","Janesville","B",0.983102836879434,0.957915939238072
"2285","Januaria","A",0.993604140526975,0.982983854286427
"2286","Jaque","A",0.993604140526975,0.982480251441437
"2287","Jaragua do Sul","B",0.983102836879434,0.968782986965239
"2288","Jardim","A",0.993604140526975,0.983205355613008
"2289","Jasper","A",0.993604140526975,0.982942955688338
"2290","Jatai","B",0.983102836879434,0.965584156948881
"2291","Jau","B",0.983102836879434,0.958820849789742
"2292","Jawhar","A",0.993604140526975,0.982962929416917
"2293","Jayapura","A",0.993604140526975,0.98321912461857
"2294","Jeddah","F",0.994054054054054,0.98190819569014
"2295","Jefferson City","B",0.983102836879434,0.960439268184178
"2296","Jeju","C",0.988288633461049,0.950182734210091
"2297","Jelgava","B",0.983102836879434,0.968522144345488
"2298","Jember","A",0.993604140526975,0.98279611804719
"2299","Jena","A",0.993604140526975,0.982932700435519
"2300","Jeonju","C",0.988288633461049,0.957483873039221
"2301","Jequie","B",0.983102836879434,0.967953417808398
"2302","Jerusalem","C",0.984878671775225,0.819048562897901
"2303","Jessore","A",0.993604140526975,0.860707022186423
"2304","Jhang","A",0.993604140526975,0.511583993148013
"2305","Jhansi","A",0.993604140526975,0.985810022674089
"2306","Ji-Parana","B",0.983102836879434,0.968185038313475
"2307","Jiamusi","B",0.983102836879434,0.965818951672721
"2308","Jian","A",0.985962986198242,0.967115595487471
"2309","Jiangmen","B",0.983102836879434,0.965781636926231
"2310","Jiaohe","A",0.993604140526975,0.982868720757527
"2311","Jiaojing","B",0.983102836879434,0.970324896592169
"2312","Jiaozuo","A",0.993604140526975,0.983552056407097
"2313","Jiaxing","B",0.983102836879434,0.965650614492157
"2314","Jiayuguan","B",0.983102836879434,0.960101933839012
"2315","Jieshou","D",0.995555555555555,0.841840924840677
"2316","Jiexiu","A",0.993604140526975,0.98303685076601
"2317","Jihlava","A",0.976144918444165,0.621610319885788
"2318","Jijiga","A",0.993604140526975,0.98373529383531
"2319","Jilin","B",0.983102836879434,0.967985881606991
"2320","Jima","A",0.993604140526975,0.982577397177934
"2321","Jinan","G",0.991818181818182,0.721013906728192
"2322","Jinchang","A",0.985962986198242,0.976323709435909
"2323","Jincheng","A",0.993604140526975,0.983388734909804
"2324","Jingdezhen","A",0.993604140526975,0.967473739950427
"2325","Jingmen","A",0.993604140526975,0.98273702350165
"2326","Jinhua","A",0.993604140526975,0.984203141022466
"2327","Jining1","A",0.993604140526975,0.983101107294367
"2328","Jining2","D",0.991481481481482,0.682236150569437
"2329","Jinja","A",0.993604140526975,0.983162935409086
"2330","Jinshi","A",0.993604140526975,0.982634467657519
"2331","Jinxi","B",0.983102836879434,0.962011792074044
"2332","Jinzhou","B",0.983102836879434,0.96608065276382
"2333","Jipijapa","A",0.993604140526975,0.982981414149397
"2334","Jiujiang","B",0.983102836879434,0.959008143693929
"2335","Jiutai","A",0.993604140526975,0.983181925739421
"2336","Jixi","A",0.993604140526975,0.981896804778319
"2337","Jizan","E",0.987741935483871,0.810914491685295
"2338","Jizzax","A",0.993604140526975,0.983355673423662
"2339","Joacaba","A",0.993604140526975,0.982760939581987
"2340","Joao Pessoa","C",0.988288633461049,0.957760607889376
"2341","Jodhpur","B",0.983102836879434,0.958971462701255
"2342","Johannesburg","C",0.988288633461049,0.952340894507198
"2343","John Day","A",0.993604140526975,0.982938307253708
"2344","Johnson City","B",0.983102836879434,0.963306282686225
"2345","Johnstown","A",0.985962986198242,0.916921782505103
"2346","Johor Bahru","E",0.988924731182796,0.952527541617123
"2347","Joinville","B",0.134391252955083,0.509667722156283
"2348","Joliet","C",0.984878671775225,0.903219714783483
"2349","Joliette","C",0.988288633461049,0.951227205144992
"2350","Jonesboro","C",0.988288633461049,0.952555336945046
"2351","Jonkoping","B",0.983102836879434,0.966040699097838
"2352","Joplin","B",0.977641843971632,0.956680834635407
"2353","Jorhat","A",0.993604140526975,0.984785358304541
"2354","Jos","A",0.993604140526975,0.983743879988664
"2355","Juan Aldama","A",0.993604140526975,0.982192277180466
"2356","Juan Jose Castelli","B",0.983102836879434,0.95802028230597
"2357","Juanjui","A",0.993604140526975,0.983666983685666
"2358","Juarez","A",0.976144918444165,0.563713397008979
"2359","Juazeiro","C",0.988288633461049,0.955425060416652
"2360","Juazeiro do Norte","B",0.983102836879434,0.968506820301929
"2361","Juba","A",0.993604140526975,0.982635604310866
"2362","Juchitan","B",0.983102836879434,0.960423256463835
"2363","Juifang","B",0.983102836879434,0.956346635291259
"2364","Juigalpa","A",0.993604140526975,0.98335287892102
"2365","Juina","A",0.993604140526975,0.98492050673633
"2366","Juiz de Fora","B",0.983102836879434,0.967834912703497
"2367","Juliaca","A",0.993604140526975,0.983712231579234
"2368","Jullundur","A",0.993604140526975,0.972556758543168
"2369","Jundiai","C",0.988288633461049,0.951283497967161
"2370","Juneau","A",0.993604140526975,0.975408612612094
"2371","Junin1","B",0.977641843971632,0.801543239735857
"2372","Junin2","A",0.993604140526975,0.982852363138003
"2373","Jutiapa","A",0.993604140526975,0.982429808195613
"2374","Juticalpa","A",0.993604140526975,0.983548925747731
"2375","Jyvaskyla","B",0.977641843971632,0.972562935286955
"2376","Kaabong","A",0.993604140526975,0.982570939372258
"2377","Kabale","A",0.993604140526975,0.98139809612257
"2378","Kabalo","A",0.993604140526975,0.983139676138093
"2379","Kabinda","A",0.993604140526975,0.983838875056815
"2380","Kabul","A",0.993604140526975,0.985306896759959
"2381","Kabwe","A",0.993604140526975,0.984295288367398
"2382","Kachiry","A",0.993604140526975,0.985126809679946
"2383","Kadoma","A",0.993604140526975,0.983275844120935
"2384","Kadugli","A",0.993604140526975,0.98365790197076
"2385","Kaduna","A",0.985962986198242,0.967390675057816
"2386","Kaedi","A",0.993604140526975,0.983205291290022
"2387","Kaesong","A",0.993604140526975,0.983225701666599
"2388","Kafue","A",0.993604140526975,0.984807359155065
"2389","Kaga Bandoro","A",0.993604140526975,0.98275985222807
"2390","Kagoshima","B",0.983102836879434,0.967037445469181
"2391","Kahama","A",0.993604140526975,0.982921938825333
"2392","Kahramanmaras","B",0.983102836879434,0.969209465300157
"2393","Kaiapoi","A",0.993604140526975,0.98257432204906
"2394","Kaifeng","A",0.993604140526975,0.800474177564132
"2395","Kailu","A",0.993604140526975,0.983692724175585
"2396","Kaka","B",0.983102836879434,0.959373231159522
"2397","Kakamega","A",0.993604140526975,0.982786848870109
"2398","Kakinada","A",0.993604140526975,0.83974581205773
"2399","Kakonko","A",0.993604140526975,0.984520147210498
"2400","Kaktovik","A",0.993604140526975,0.983032805013898
"2401","Kalachinsk","A",0.993604140526975,0.982609445298814
"2402","Kalamata","B",0.983102836879434,0.966322496302767
"2403","Kalamazoo","B",0.983102836879434,0.964873602826774
"2404","Kalemie","A",0.993604140526975,0.983969983939512
"2405","Kalgoorlie","A",0.126395859473024,0.550930923161825
"2406","Kalima","A",0.993604140526975,0.983094253944159
"2407","Kaliningrad","C",0.988288633461049,0.95278409270517
"2408","Kalispell","A",0.985962986198242,0.967941613831865
"2409","Kalisz","B",0.983102836879434,0.965663300661389
"2410","Kalmar","B",0.983102836879434,0.967545090591838
"2411","Kaluga","C",0.988288633461049,0.949942625499743
"2412","Kalyan","B",0.977641843971632,0.793399662509517
"2413","Kambove","A",0.993604140526975,0.983592219283404
"2414","Kamenka","A",0.993604140526975,0.984872460386498
"2415","Kamenna Obi","A",0.993604140526975,0.983048342921832
"2416","Kamensk Shakhtinskiy","B",0.983102836879434,0.9626103458912
"2417","Kamensk Uralskiy","B",0.983102836879434,0.966850778622114
"2418","Kamina","A",0.993604140526975,0.983628405932875
"2419","Kamloops","B",0.983102836879434,0.966169673158286
"2420","Kampala","A",0.993604140526975,0.983789106110852
"2421","Kampene","A",0.993604140526975,0.982405357212009
"2422","Kampong Cham","A",0.993604140526975,0.983330302895805
"2423","Kampot","A",0.993604140526975,0.983693383339489
"2424","Kamsar","A",0.993604140526975,0.983429769392867
"2425","Kamyanets-Podilskyy","A",0.993604140526975,0.982416291888271
"2426","Kamyshin","B",0.977641843971632,0.957206172541095
"2427","Kanab","A",0.993604140526975,0.982331660237299
"2428","Kananga","A",0.993604140526975,0.983036858869464
"2429","Kanash","A",0.985962986198242,0.819315889753271
"2430","Kanazawa","B",0.983102836879434,0.966304480532939
"2431","Kanchipuram","A",0.993604140526975,0.855827283918167
"2432","Kandahar","A",0.993604140526975,0.983845594073537
"2433","Kandalaksha","B",0.983102836879434,0.967235403436213
"2434","Kandi","A",0.993604140526975,0.983005349872056
"2435","Kandy","A",0.993604140526975,0.984084001710264
"2436","Kanggye","A",0.993604140526975,0.982466821093531
"2437","Kaniama","A",0.993604140526975,0.983343423713543
"2438","Kankakee","C",0.988288633461049,0.949626548961668
"2439","Kankan","A",0.993604140526975,0.982692141132925
"2440","Kano","D",0.991481481481482,0.691186386553167
"2441","Kanoya","A",0.993604140526975,0.982920611807651
"2442","Kanpur","G",0.998181818181818,0.901154806491885
"2443","Kansas City1","E",0.988924731182796,0.952872457244644
"2444","Kansas City2","E",0.988924731182796,0.895927357262098
"2445","Kansk","B",0.983102836879434,0.962307765163386
"2446","Kanyato","A",0.993604140526975,0.982659848879555
"2447","Kanye","A",0.993604140526975,0.98405947155356
"2448","Kaohsiung","C",0.988288633461049,0.960669420166877
"2449","Kaolack","A",0.993604140526975,0.983640883605472
"2450","Kaoma","A",0.993604140526975,0.982893511618409
"2451","Kapan","A",0.993604140526975,0.982983941831822
"2452","Kapiri Mposhi","A",0.993604140526975,0.98329912380279
"2453","Kapoeta","A",0.993604140526975,0.983005301781344
"2454","Kaposvar","A",0.993604140526975,0.98202208562681
"2455","Kapuskasing","B",0.983102836879434,0.960086040521751
"2456","Kara Balta","A",0.993604140526975,0.984673185706943
"2457","Karabuk","B",0.983102836879434,0.966094857651715
"2458","Karachi","C",0.984878671775225,0.790740371973966
"2459","Karaj","C",0.988288633461049,0.94997146574898
"2460","Karakol","A",0.993604140526975,0.983619674849412
"2461","Karaman","B",0.983102836879434,0.959892551421728
"2462","Karamay","C",0.988288633461049,0.950555912967434
"2463","Karasburg","A",0.993604140526975,0.983299159960334
"2464","Karasuk","A",0.985962986198242,0.939163533958098
"2465","Karbala","E",0.988924731182796,0.947659189569112
"2466","Karema","A",0.993604140526975,0.98263031466194
"2467","Kargat","A",0.993604140526975,0.983399484404701
"2468","Kariba","A",0.993604140526975,0.983352029120489
"2469","Karimnagar","A",0.993604140526975,0.983483693553718
"2470","Karlovac","B",0.983102836879434,0.967197522689813
"2471","Karlsruhe","B",0.983102836879434,0.958378062800085
"2472","Karlstad","B",0.983102836879434,0.956552245044577
"2473","Karluk","A",0.993604140526975,0.983413140940359
"2474","Karnal","A",0.993604140526975,0.972563640406307
"2475","Karoi","A",0.993604140526975,0.982985375990315
"2476","Karokh","A",0.993604140526975,0.983421828905116
"2477","Karonga","A",0.993604140526975,0.984042637190991
"2478","Karpinsk","A",0.993604140526975,0.982370807527619
"2479","Karratha","A",0.993604140526975,0.983050991122944
"2480","Kars","A",0.993604140526975,0.983277725486585
"2481","Kartaly","A",0.993604140526975,0.982942574749303
"2482","Karur","A",0.993604140526975,0.984240481830232
"2483","Kasaji","A",0.993604140526975,0.98308604061466
"2484","Kasama","A",0.993604140526975,0.983598646294062
"2485","Kasane","A",0.993604140526975,0.983178675253198
"2486","Kasangulu","A",0.993604140526975,0.983718203286915
"2487","Kashi","A",0.993604140526975,0.983152955227591
"2488","Kashmar","A",0.993604140526975,0.982626998416938
"2489","Kasimov","A",0.993604140526975,0.985019988000034
"2490","Kasongo","A",0.993604140526975,0.984770164186783
"2491","Kasongo-Lunda","A",0.993604140526975,0.983734703886458
"2492","Kaspiysk","B",0.983102836879434,0.966756986446694
"2493","Kassala","A",0.993604140526975,0.983634583089039
"2494","Kassel","A",0.985962986198242,0.917801362460617
"2495","Kasulu","A",0.993604140526975,0.983251211054915
"2496","Kasur","A",0.993604140526975,0.982456711297191
"2497","Katanning","A",0.993604140526975,0.983103197649734
"2498","Katerini","B",0.983102836879434,0.966476689996052
"2499","Katherine","A",0.993604140526975,0.98425805205251
"2500","Kathmandu","A",0.993604140526975,0.982996745093507
"2501","Kati","A",0.993604140526975,0.984205071440741
"2502","Katima Mulilo","A",0.993604140526975,0.983617530256699
"2503","Katoomba","A",0.993604140526975,0.984729323234737
"2504","Katowice","C",0.988288633461049,0.956416669637825
"2505","Katsina","A",0.993604140526975,0.983585189737478
"2506","Kattaqorgon","A",0.993604140526975,0.983158071858648
"2507","Katwe","A",0.993604140526975,0.983223871778094
"2508","Kaunas","B",0.983102836879434,0.957238150645929
"2509","Kavala","B",0.983102836879434,0.965815076945688
"2510","Kavalerovo","A",0.993604140526975,0.982320409198041
"2511","Kavieng","A",0.993604140526975,0.983659396226828
"2512","Kawagoe","C",0.988288633461049,0.922771555489172
"2513","Kawambwa","A",0.993604140526975,0.984212679239947
"2514","Kawasaki","E",0.988924731182796,0.954458300942847
"2515","Kaya","A",0.993604140526975,0.982238283649609
"2516","Kayes1","A",0.993604140526975,0.985260471794306
"2517","Kayes2","A",0.993604140526975,0.984659294571423
"2518","Kayseri","B",0.977641843971632,0.957461206773687
"2519","Kazan","F",0.994054054054054,0.983034171086896
"2520","Kearney","B",0.983102836879434,0.962684054618084
"2521","Kecskemet","B",0.983102836879434,0.959836526158546
"2522","Kediri","A",0.993604140526975,0.573456163580627
"2523","Kedougou","A",0.993604140526975,0.982894343324669
"2524","Keelung","C",0.988288633461049,0.948074976038246
"2525","Keetmanshoop","A",0.993604140526975,0.985301994426167
"2526","Keffi","A",0.993604140526975,0.984747110156717
"2527","Keflavik","B",0.977641843971632,0.958975301855245
"2528","Kelang","E",0.988924731182796,0.95717812157805
"2529","Kelo","A",0.993604140526975,0.982752466825383
"2530","Keluang","B",0.983102836879434,0.968133455775404
"2531","Kemerovo","C",0.984878671775225,0.929167454861805
"2532","Kemi","B",0.134391252955083,0.529151509515588
"2533","Kempsey","A",0.993604140526975,0.982898828970821
"2534","Kenai","B",0.983102836879434,0.964273361137833
"2535","Kendari","A",0.993604140526975,0.982672415278151
"2536","Kendu Bay","A",0.993604140526975,0.983941036527779
"2537","Kenema","A",0.993604140526975,0.982645667947173
"2538","Kenge","A",0.993604140526975,0.984081578561195
"2539","Kenitra","C",0.912579821200512,0.748540830197159
"2540","Kennewick","B",0.977641843971632,0.957885462810878
"2541","Kenora","B",0.983102836879434,0.96811589899965
"2542","Kentau","A",0.993604140526975,0.983053185218258
"2543","Kerch","A",0.993604140526975,0.982643125269008
"2544","Kericho","A",0.993604140526975,0.98365548443498
"2545","Kerkira","A",0.126395859473024,0.533653185434413
"2546","Kerman","B",0.977641843971632,0.960092799733656
"2547","Kermanshah","B",0.977641843971632,0.956220675224352
"2548","Kerouane","A",0.993604140526975,0.983302682051931
"2549","Keshan","A",0.993604140526975,0.983471293764111
"2550","Ketchikan","A",0.993604140526975,0.983784135068391
"2551","Khabarovsk","C",0.988288633461049,0.949508375216212
"2552","Khammam","A",0.993604140526975,0.983899389294718
"2553","Khammouan","A",0.993604140526975,0.984778121626286
"2554","Khanty Mansiysk","E",0.987741935483871,0.952155670344406
"2555","Kharkiv","B",0.983102836879434,0.964984496608494
"2556","Khartoum","B",0.977641843971632,0.953561838248602
"2557","Khaskovo","A",0.985962986198242,0.815602543945543
"2558","Kherson","A",0.985962986198242,0.967393475886967
"2559","Khilok","A",0.993604140526975,0.98326773183068
"2560","Khiwa","A",0.993604140526975,0.982756175254337
"2561","Khmelnytskyy","A",0.993604140526975,0.983845701102008
"2562","Kholmsk","A",0.985962986198242,0.968671908316624
"2563","Khomeini Shahr","B",0.983102836879434,0.970340010511479
"2564","Khon Kaen","B",0.983102836879434,0.965638702389337
"2565","Khoramabad","B",0.983102836879434,0.967695525143146
"2566","Khorugh","A",0.993604140526975,0.984014194054847
"2567","Khromtau","A",0.985962986198242,0.968367655715543
"2568","Khujand","A",0.993604140526975,0.982644866138903
"2569","Khujayli","A",0.993604140526975,0.984421036446696
"2570","Khulna","D",0.995555555555555,0.846434578434313
"2571","Khvoy","A",0.993604140526975,0.968027445414031
"2572","Kibiti","A",0.993604140526975,0.984604773129782
"2573","Kiel","A",0.985962986198242,0.843840296076183
"2574","Kielce","B",0.983102836879434,0.968369452266306
"2575","Kieta","A",0.993604140526975,0.983576530538281
"2576","Kiev","C",0.988288633461049,0.953256172971666
"2577","Kiffa","A",0.993604140526975,0.983132494423918
"2578","Kigali","D",0.995555555555555,0.840106994099332
"2579","Kikwit","A",0.993604140526975,0.982793673390453
"2580","Kilchu","A",0.993604140526975,0.98456708719357
"2581","Kilifi","A",0.993604140526975,0.983609147870676
"2582","Kilindoni","A",0.993604140526975,0.985186279662133
"2583","Kilinochchi","A",0.993604140526975,0.984026919658893
"2584","Kilis","B",0.983102836879434,0.967426281529618
"2585","Kilkenny","B",0.983102836879434,0.960347805704395
"2586","Killarney","A",0.993604140526975,0.983445439460471
"2587","Killeen","C",0.988288633461049,0.949542727441853
"2588","Kilosa","A",0.993604140526975,0.983283227430049
"2589","Kilowna","B",0.983102836879434,0.968165667268575
"2590","Kimberley","B",0.983102836879434,0.960340395728664
"2591","Kimchaek","A",0.993604140526975,0.982016589006476
"2592","Kimhyonggwon","A",0.993604140526975,0.982652012670352
"2593","Kimmirut","A",0.993604140526975,0.982991542490553
"2594","Kimpese","A",0.993604140526975,0.98368667091804
"2595","Kimry","A",0.985962986198242,0.833208297743148
"2596","Kindersley","A",0.993604140526975,0.983091471912214
"2597","Kindia","A",0.993604140526975,0.982888492779978
"2598","Kindu","A",0.993604140526975,0.982540006008517
"2599","Kineshma","A",0.993604140526975,0.986194879653811
"2600","King Salmon","A",0.993604140526975,0.982984319177177
"2601","Kingaroy","A",0.993604140526975,0.982274021012699
"2602","Kingman","A",0.993604140526975,0.96491014263896
"2603","Kingsport","B",0.977641843971632,0.958434591262586
"2604","Kingston South East","A",0.993604140526975,0.982602596984628
"2605","Kingston upon Hull","C",0.988288633461049,0.91989915254879
"2606","Kingston1","C",0.988288633461049,0.950669588978763
"2607","Kingston2","B",0.983102836879434,0.970024233342368
"2608","Kingston3","A",0.993604140526975,0.983052513806112
"2609","Kingstown","A",0.993604140526975,0.984273834743012
"2610","Kingsville","B",0.977641843971632,0.963414024502886
"2611","Kinshasa","B",0.977641843971632,0.955095564825176
"2612","Kipushi","A",0.993604140526975,0.982651947775228
"2613","Kirensk","A",0.993604140526975,0.984119915862257
"2614","Kirikkale","B",0.983102836879434,0.9637689237288
"2615","Kirkenes","C",0.988288633461049,0.948865629737029
"2616","Kirksville","B",0.983102836879434,0.960037355279181
"2617","Kirkuk","E",0.988924731182796,0.95285913455724
"2618","Kirkwall","A",0.993604140526975,0.982778903536963
"2619","Kirov1","A",0.993604140526975,0.984579715277441
"2620","Kirov2","C",0.988288633461049,0.952461518420728
"2621","Kirovo-Chepetsk","B",0.983102836879434,0.960236343028042
"2622","Kirovohrad","A",0.993604140526975,0.983636635922445
"2623","Kirovsk","C",0.984878671775225,0.954530170805781
"2624","Kirs","A",0.993604140526975,0.982996920157065
"2625","Kirsanov","A",0.993604140526975,0.984890548546609
"2626","Kiruna","C",0.988288633461049,0.956974926559247
"2627","Kisangani","A",0.993604140526975,0.982920218548589
"2628","Kiselevsk","B",0.983102836879434,0.960792122428632
"2629","Kisii","A",0.993604140526975,0.983113528168222
"2630","Kislovodsk","A",0.993604140526975,0.982064466194329
"2631","Kismaayo","A",0.993604140526975,0.984502845259198
"2632","Kissidougou","A",0.993604140526975,0.983799171514401
"2633","Kissimmee","C",0.984878671775225,0.950810822522486
"2634","Kisumu","A",0.993604140526975,0.982586473440899
"2635","Kita","A",0.993604140526975,0.984080066153889
"2636","Kitakyushu","B",0.983102836879434,0.965058079466458
"2637","Kitale","A",0.993604140526975,0.983492038185762
"2638","Kitami","B",0.983102836879434,0.95975252609971
"2639","Kitchener","C",0.988288633461049,0.952254121867266
"2640","Kitgum","A",0.993604140526975,0.982582133176019
"2641","Kitwe","A",0.976144918444165,0.65596658103098
"2642","Kizel","A",0.993604140526975,0.982867514105128
"2643","Klagenfurt","A",0.993604140526975,0.983317834636931
"2644","Klaipeda","C",0.988288633461049,0.956989038276567
"2645","Klamath Falls","A",0.993604140526975,0.983761697739641
"2646","Klerksdorp","A",0.993604140526975,0.98354522909873
"2647","Klin","B",0.134391252955083,0.560299119578955
"2648","Klintsy","A",0.993604140526975,0.983386758199187
"2649","Klyuchi","A",0.993604140526975,0.984769805628311
"2650","Knoxville","C",0.988288633461049,0.949870532480659
"2651","Knysna","A",0.993604140526975,0.983857070350234
"2652","Kobe","B",0.977641843971632,0.958838633521548
"2653","Koblenz","A",0.985962986198242,0.967313655116463
"2654","Kocaeli","C",0.988288633461049,0.952666270874176
"2655","Kochi","A",0.985962986198242,0.928541889140712
"2656","Kodiak","A",0.993604140526975,0.982271953081755
"2657","Koforidua","A",0.993604140526975,0.983811170622348
"2658","Kofu","A",0.985962986198242,0.966589801135217
"2659","Kogon","A",0.993604140526975,0.983661346822793
"2660","Kohat","A",0.993604140526975,0.982954575891997
"2661","Kohtla-Jarve","B",0.983102836879434,0.962207403741117
"2662","Koidu","A",0.993604140526975,0.982497026679656
"2663","Koko","A",0.993604140526975,0.982532078258036
"2664","Kokomo","B",0.977641843971632,0.95695383248034
"2665","Kokshetau","B",0.983102836879434,0.963256890191947
"2666","Kolar","A",0.993604140526975,0.983781398769394
"2667","Kolda","A",0.993604140526975,0.982697685253702
"2668","Kolhapur","A",0.993604140526975,0.983436177557056
"2669","Koln","B",0.983102836879434,0.967889665245538
"2670","Kolomna","B",0.977641843971632,0.957094892838238
"2671","Kolpino","E",0.987741935483871,0.953145890756148
"2672","Kolwezi","A",0.993604140526975,0.983418731983809
"2673","Kom Ombo","B",0.983102836879434,0.961606612254467
"2674","Komatipoort","A",0.993604140526975,0.982474484572155
"2675","Kompong Chhnang","A",0.993604140526975,0.984375053793428
"2676","Komsomolets","A",0.993604140526975,0.982898561375612
"2677","Komsomolsk na Amure","B",0.134391252955083,0.519058921141915
"2678","Kon Tum","A",0.993604140526975,0.982585567735002
"2679","Kondopoga","B",0.983102836879434,0.965518915159646
"2680","Kondoz","A",0.993604140526975,0.982576404944859
"2681","Koneurgench","B",0.983102836879434,0.958825892228389
"2682","Kongolo","A",0.993604140526975,0.982759338261379
"2683","Konibodom","A",0.993604140526975,0.982704520686242
"2684","Konotop","A",0.993604140526975,0.984147941126735
"2685","Kontagora","A",0.993604140526975,0.983176242838763
"2686","Kontcha","A",0.993604140526975,0.983116683947902
"2687","Konya","B",0.977641843971632,0.956758319316252
"2688","Korhogo","B",0.983102836879434,0.966369124415675
"2689","Koriyama","B",0.865608747044919,0.492632914965109
"2690","Korla","B",0.983102836879434,0.965259362315635
"2691","Korosten","A",0.993604140526975,0.984337750631723
"2692","Korsakov","B",0.983102836879434,0.958793679893266
"2693","Kos","B",0.983102836879434,0.962330193518339
"2694","Kosice","B",0.983102836879434,0.966588810104055
"2695","Kosti","A",0.993604140526975,0.982807285438363
"2696","Kostroma","C",0.988288633461049,0.955622293080077
"2697","Koszalin","B",0.983102836879434,0.956751196996436
"2698","Kota","B",0.983102836879434,0.965569631695595
"2699","Kota Baharu","B",0.983102836879434,0.964852645196444
"2700","Kota Kinabalu","B",0.983102836879434,0.9649611928064
"2701","Kotabumi","A",0.993604140526975,0.800880198888324
"2702","Kotelnich","A",0.993604140526975,0.982513558692791
"2703","Kotlas","B",0.983102836879434,0.965292418561991
"2704","Kotlit","A",0.993604140526975,0.982864700963989
"2705","Kotovsk","A",0.993604140526975,0.982455963532894
"2706","Kotte","A",0.993604140526975,0.962301480742489
"2707","Kotzebue","B",0.983102836879434,0.965692023568134
"2708","Koudougou","A",0.993604140526975,0.985107403401683
"2709","Koulamoutou","A",0.993604140526975,0.983620238092186
"2710","Koulikoro","A",0.993604140526975,0.982571510827669
"2711","Kourou","A",0.985962986198242,0.976297528019111
"2712","Koutiala","A",0.993604140526975,0.982882839041559
"2713","Kovel","A",0.993604140526975,0.98319437933993
"2714","Kovrov","B",0.983102836879434,0.966933641111756
"2715","Kozhikode","A",0.993604140526975,0.59460159953683
"2716","Kpalime","A",0.993604140526975,0.984183605606521
"2717","Kragujevac","B",0.983102836879434,0.96103937923752
"2718","Krakow","B",0.977641843971632,0.957889370689409
"2719","Kramatorsk","A",0.993604140526975,0.984461216449082
"2720","Krasnoarmeysk","A",0.993604140526975,0.983155833175443
"2721","Krasnodar","E",0.988924731182796,0.945700641739981
"2722","Krasnogorsk","A",0.993604140526975,0.984262428478405
"2723","Krasnokamensk","A",0.993604140526975,0.983376653883281
"2724","Krasnokamsk","B",0.983102836879434,0.961141388887643
"2725","Krasnoufimsk","A",0.993604140526975,0.982426092674103
"2726","Krasnouralsk","A",0.985962986198242,0.807874608652867
"2727","Krasnoyarsk","E",0.988924731182796,0.95418887426201
"2728","Kremenchuk","B",0.983102836879434,0.965283599165049
"2729","Kribi","A",0.993604140526975,0.983024649854678
"2730","Krishnanagar","D",0.995555555555555,0.852343365368593
"2731","Kristiansand","B",0.977641843971632,0.958057052008359
"2732","Kristianstad","B",0.983102836879434,0.965428931668564
"2733","Krong Koh Kong","A",0.993604140526975,0.982649854354261
"2734","Kroonstad","A",0.993604140526975,0.983453848569888
"2735","Kropotkin","A",0.993604140526975,0.976065086828864
"2736","Kryvyy Rih","B",0.983102836879434,0.96364070007046
"2737","Ksar El Kebir","B",0.983102836879434,0.969534421730253
"2738","Kuala Lumpur","E",0.988924731182796,0.953756905786011
"2739","Kuala Terengganu","B",0.983102836879434,0.965943771625677
"2740","Kualakapuas","A",0.993604140526975,0.982076925347854
"2741","Kuantan","C",0.988288633461049,0.957067150690063
"2742","Kuching","B",0.977641843971632,0.933094324350098
"2743","Kudymkar","A",0.993604140526975,0.984239506732872
"2744","Kuga","A",0.993604140526975,0.982216940490261
"2745","Kuito","A",0.993604140526975,0.984390017867856
"2746","Kulob","A",0.993604140526975,0.98329161190522
"2747","Kulunda","A",0.993604140526975,0.984408568152492
"2748","Kumamoto","B",0.983102836879434,0.96485858847057
"2749","Kumasi","B",0.983102836879434,0.965329980257078
"2750","Kumba","A",0.993604140526975,0.985260053243605
"2751","Kumbakonam","A",0.993604140526975,0.901995212809475
"2752","Kumbo","A",0.993604140526975,0.984915430618952
"2753","Kumertau","A",0.985962986198242,0.967746121256143
"2754","Kumo","A",0.993604140526975,0.98479651826155
"2755","Kundian","A",0.993604140526975,0.984048178643893
"2756","Kungur","B",0.983102836879434,0.968619888192522
"2757","Kunming","B",0.977641843971632,0.958929289293874
"2758","Kununurra","A",0.993604140526975,0.982390943168148
"2759","Kuopio","C",0.988288633461049,0.956896760013857
"2760","Kupang","A",0.993604140526975,0.983196863590911
"2761","Kupina","A",0.993604140526975,0.98299600533225
"2762","Kupyansk","A",0.993604140526975,0.983499196278515
"2763","Kure","A",0.993604140526975,0.966850456700136
"2764","Kurgan","B",0.977641843971632,0.745421001016987
"2765","Kurnool","A",0.993604140526975,0.982631277573367
"2766","Kursk","B",0.983102836879434,0.958735640220838
"2767","Kurtamysh","A",0.993604140526975,0.983890260758311
"2768","Kuruman","A",0.993604140526975,0.983441846617081
"2769","Kushiro","B",0.983102836879434,0.966995496368144
"2770","Kuta","B",0.983102836879434,0.968175836167711
"2771","Kutahya","B",0.983102836879434,0.959331260937103
"2772","Kutaisi","A",0.993604140526975,0.98299213371665
"2773","Kuujjuaq","A",0.993604140526975,0.977014366126693
"2774","Kuujjuarapik","A",0.993604140526975,0.982989291418291
"2775","Kuwait","F",0.994054054054054,0.982742356893432
"2776","Kuybyshevskiy","A",0.993604140526975,0.984569858679185
"2777","Kuznetsk","A",0.993604140526975,0.982897598114475
"2778","Kwekwe","A",0.993604140526975,0.98308034087485
"2779","Kwinana","C",0.988288633461049,0.955598287860688
"2780","Kyakhta","A",0.993604140526975,0.981939311333825
"2781","Kyaukphyu","A",0.993604140526975,0.983878664623861
"2782","Kyoto","B",0.134391252955083,0.512715305710928
"2783","Kyshtym","A",0.985962986198242,0.939462391256476
"2784","Kyustendil","A",0.993604140526975,0.982957546751689
"2785","Kyzyl","A",0.993604140526975,0.982373734517317
"2786","L'Aquila","B",0.983102836879434,0.966649048799318
"2787","La Barca","A",0.993604140526975,0.985177144422997
"2788","La Ceiba","B",0.977641843971632,0.958058435043959
"2789","La Coruna","C",0.988288633461049,0.950643348293008
"2790","La Crosse","B",0.983102836879434,0.96398385624691
"2791","La Cruz1","A",0.993604140526975,0.984709098140493
"2792","La Cruz2","A",0.993604140526975,0.983076772128749
"2793","La Grande","A",0.993604140526975,0.983430437853511
"2794","La Grange","B",0.983102836879434,0.965787985985845
"2795","La Libertad","A",0.993604140526975,0.984163505520854
"2796","La Ligua","A",0.993604140526975,0.983020802866233
"2797","La Paloma","A",0.985962986198242,0.968633545455096
"2798","La Paz1","C",0.988288633461049,0.954347779974137
"2799","La Paz2","B",0.983102836879434,0.959506597476671
"2800","La Paz3","B",0.983102836879434,0.966472713324435
"2801","La Plata","E",0.987741935483871,0.953941841950686
"2802","La Rioja","C",0.988288633461049,0.959689883131838
"2803","La Rochelle","B",0.983102836879434,0.964713451049932
"2804","La Romana","B",0.983102836879434,0.965962783760362
"2805","La Ronge","A",0.993604140526975,0.983370774507989
"2806","La Sarre","B",0.983102836879434,0.960562215597649
"2807","La Scie","A",0.993604140526975,0.983354770306768
"2808","La Serena","C",0.988288633461049,0.949921511728449
"2809","La Union","A",0.993604140526975,0.984024805352167
"2810","La Vega","A",0.993604140526975,0.983790171658205
"2811","La Victoria","A",0.993604140526975,0.983196631464852
"2812","Laayoune","C",0.988288633461049,0.954228257685613
"2813","Labe","A",0.993604140526975,0.982668107692275
"2814","Labinsk","A",0.993604140526975,0.98356645837165
"2815","Labrador City","B",0.983102836879434,0.963685588353499
"2816","Labutta","A",0.993604140526975,0.983757439982757
"2817","Lac La Biche","B",0.983102836879434,0.959949920250956
"2818","Ladysmith","A",0.993604140526975,0.984557915748067
"2819","Lae","A",0.993604140526975,0.984629108813799
"2820","Lafayette1","E",0.988924731182796,0.953041810375877
"2821","Lafayette2","C",0.988288633461049,0.950128154330483
"2822","Lafia","A",0.993604140526975,0.983275718161191
"2823","Laghouat","C",0.988288633461049,0.956624905609874
"2824","Lagos","B",0.983102836879434,0.964245660911627
"2825","Lagos de Moreno","A",0.993604140526975,0.982610586422869
"2826","Laguna","B",0.983102836879434,0.965712759149416
"2827","Lahad Datu","A",0.985962986198242,0.968014451551324
"2828","Lahat","A",0.993604140526975,0.98417695130562
"2829","Lahij","A",0.993604140526975,0.985045566121027
"2830","Lahore","D",0.988148148148148,0.675667559182292
"2831","Lahti","C",0.988288633461049,0.950627564468509
"2832","Laiwu","A",0.993604140526975,0.98452281774643
"2833","Laiyang","A",0.993604140526975,0.982538912810869
"2834","Lajes","B",0.983102836879434,0.960305766393908
"2835","Lake Charles","E",0.918387096774194,0.696919106637068
"2836","Lake City","B",0.983102836879434,0.958826064647619
"2837","Lake Havasu City","A",0.985962986198242,0.975909873874312
"2838","Lake Louise","A",0.993604140526975,0.98504933685818
"2839","Lakeville","C",0.988288633461049,0.953248890316536
"2840","Lalitpur","A",0.993604140526975,0.982969757173898
"2841","Lamar","A",0.993604140526975,0.983653510368858
"2842","Lamas","A",0.993604140526975,0.98305138989476
"2843","Lambarene","A",0.993604140526975,0.982774790631717
"2844","Lampang","A",0.993604140526975,0.982865233103323
"2845","Lamu","A",0.993604140526975,0.983365452071546
"2846","Lancaster1","C",0.988288633461049,0.949060847051825
"2847","Lancaster2","B",0.983102836879434,0.966433437001218
"2848","Lancaster3","B",0.977641843971632,0.947756042926091
"2849","Lander","A",0.993604140526975,0.982514428103812
"2850","Langfang","B",0.983102836879434,0.966125828468157
"2851","Langzhong","D",0.991481481481482,0.656219982129037
"2852","Lankaran","A",0.993604140526975,0.985289312381101
"2853","Lansdowne House","A",0.993604140526975,0.982503738326884
"2854","Lansing","C",0.988288633461049,0.957776770847994
"2855","Lanxi","A",0.993604140526975,0.984231612940581
"2856","Lanzhou","B",0.983102836879434,0.966022290213376
"2857","Lao Chi","A",0.993604140526975,0.982743238614869
"2858","Laoag","A",0.993604140526975,0.984015154367562
"2859","Lapa","A",0.993604140526975,0.983942885631245
"2860","Lappeenranta","C",0.988288633461049,0.950192574922588
"2861","Larache","B",0.977641843971632,0.959112885713796
"2862","Laramie","A",0.993604140526975,0.983666961759229
"2863","Laredo","E",0.987741935483871,0.952583873621925
"2864","Larissa","B",0.983102836879434,0.964129607979864
"2865","Larkana","A",0.993604140526975,0.893137827691906
"2866","Las Cruces","B",0.983102836879434,0.964450313976575
"2867","Las Heras","C",0.988288633461049,0.950559032377997
"2868","Las Lajas","A",0.993604140526975,0.982387298442538
"2869","Las Lomitas","A",0.985962986198242,0.966889534095094
"2870","Las Palmas","C",0.984878671775225,0.804792221193204
"2871","Las Tablas","A",0.993604140526975,0.982826184250948
"2872","Las Tunas","B",0.983102836879434,0.959178412422686
"2873","Las Vegas1","A",0.993604140526975,0.983831800188886
"2874","Las Vegas2","E",0.987741935483871,0.756946413229073
"2875","Lascano","A",0.993604140526975,0.984694105784895
"2876","Latacunga","A",0.993604140526975,0.98289349334831
"2877","Latur","A",0.993604140526975,0.982655963242417
"2878","Launceston","A",0.993604140526975,0.983052983607152
"2879","Laurel","B",0.977641843971632,0.957645663557644
"2880","Lausanne","B",0.983102836879434,0.972369115558263
"2881","Lautoka","A",0.993604140526975,0.983206144722478
"2882","Lavras","A",0.985962986198242,0.948799815868487
"2883","Lavrentiya","A",0.993604140526975,0.983080806861671
"2884","Lawrence","B",0.977641843971632,0.966280845223871
"2885","Lawton","C",0.988288633461049,0.957620938540056
"2886","Lazaro Cardenas","B",0.983102836879434,0.964077494210689
"2887","Le Havre","C",0.984878671775225,0.953835992025713
"2888","Le Mans","B",0.134391252955083,0.534396937890602
"2889","Lead","A",0.993604140526975,0.985665936234408
"2890","Lebowakgomo","A",0.993604140526975,0.984527218869666
"2891","Lebu","A",0.993604140526975,0.982745390311855
"2892","Lecce","C",0.988288633461049,0.951950077874334
"2893","Leeds","C",0.984878671775225,0.951343548661448
"2894","Leesburg","B",0.983102836879434,0.965916898699605
"2895","Leeton","A",0.993604140526975,0.982391171013443
"2896","Leeuwarden","B",0.983102836879434,0.958752015611081
"2897","Legazpi","A",0.993604140526975,0.983267741596915
"2898","Legnica","B",0.983102836879434,0.965859714533769
"2899","Leicester","B",0.977641843971632,0.956673473734704
"2900","Leipzig","B",0.983102836879434,0.966500795023318
"2901","Lemosos","B",0.977641843971632,0.817746550677048
"2902","Lenger","A",0.993604140526975,0.982523763874998
"2903","Leninogorsk","B",0.983102836879434,0.960188786207236
"2904","Leninsk Kuznetsky","B",0.983102836879434,0.96962407230779
"2905","Lensk","A",0.985962986198242,0.869614461460858
"2906","Leon1","A",0.985962986198242,0.976956321999432
"2907","Leon2","B",0.134391252955083,0.516472297870833
"2908","Leon3","B",0.983102836879434,0.965389895512679
"2909","Leonara","A",0.993604140526975,0.983260988457133
"2910","Leopoldina","A",0.985962986198242,0.976978240140781
"2911","Lerwick","A",0.985962986198242,0.968278143825506
"2912","Les Cayes","A",0.993604140526975,0.984323238934838
"2913","Leshan","A",0.993604140526975,0.811509115214666
"2914","Lesosibirsk","B",0.983102836879434,0.96363622867928
"2915","Lesozavodsk","A",0.993604140526975,0.987027750673693
"2916","Lethbridge","B",0.977641843971632,0.94166688832154
"2917","Lethem","A",0.993604140526975,0.983219066511511
"2918","Leticia","A",0.993604140526975,0.982238041020867
"2919","Letpadan","A",0.993604140526975,0.98468471819932
"2920","Levin","A",0.993604140526975,0.982696570738232
"2921","Lewiston1","B",0.983102836879434,0.964404032908742
"2922","Lewiston2","B",0.865608747044919,0.495891638528954
"2923","Lexington","C",0.984878671775225,0.953569273883034
"2924","Lgov","A",0.993604140526975,0.983227775315087
"2925","Lhasa","A",0.993604140526975,0.984042463888904
"2926","Lhokseumawe","B",0.977641843971632,0.807184910644513
"2927","Lianxian","A",0.993604140526975,0.98297788742921
"2928","Lianyungang","D",0.991481481481482,0.670026980948145
"2929","Liaocheng","A",0.993604140526975,0.59712876646343
"2930","Liaoyang","B",0.983102836879434,0.966867686286886
"2931","Liaoyuan","A",0.985962986198242,0.977415291726435
"2932","Libenge","A",0.993604140526975,0.982120432722985
"2933","Liberec","B",0.983102836879434,0.959140326397264
"2934","Liberia","B",0.983102836879434,0.961479088163339
"2935","Libertador General San Martin","B",0.983102836879434,0.966153286820469
"2936","Libreville","A",0.993604140526975,0.976647775471026
"2937","Lichinga","A",0.993604140526975,0.98276908360953
"2938","Lida","A",0.993604140526975,0.983638924572968
"2939","Liege","B",0.983102836879434,0.965663177640537
"2940","Liepaga","B",0.983102836879434,0.965481909025887
"2941","Lihue","A",0.993604140526975,0.983365376528678
"2942","Lijiang","A",0.993604140526975,0.982850702231758
"2943","Likasi","A",0.993604140526975,0.983267185920067
"2944","Lille","C",0.984878671775225,0.951828191223562
"2945","Lillehammer","B",0.983102836879434,0.965455333042683
"2946","Lillooet","A",0.993604140526975,0.98297509070402
"2947","Lilongwe","A",0.993604140526975,0.982448669802797
"2948","Lima1","B",0.134391252955083,0.548222211339011
"2949","Lima2","C",0.988288633461049,0.95276893108874
"2950","Limbe","A",0.993604140526975,0.983232659479301
"2951","Limeira","C",0.988288633461049,0.955465079799779
"2952","Limerick","B",0.977641843971632,0.956906411275934
"2953","Limoges","B",0.977641843971632,0.807387129603714
"2954","Linares1","B",0.983102836879434,0.963325130653776
"2955","Linares2","B",0.983102836879434,0.955584607399476
"2956","Linares3","A",0.993604140526975,0.982588283984673
"2957","Linchuan","A",0.993604140526975,0.977174718273331
"2958","Lincoln1","C",0.988288633461049,0.963227601508184
"2959","Lincoln2","B",0.983102836879434,0.968471975331821
"2960","Linden","A",0.993604140526975,0.983832202496199
"2961","Lindi","A",0.993604140526975,0.98461910177497
"2962","Linfen","A",0.993604140526975,0.982924682212975
"2963","Linhai","B",0.983102836879434,0.960536462625556
"2964","Linhares","C",0.988288633461049,0.949732151359426
"2965","Linjiang","A",0.993604140526975,0.983300742487867
"2966","Linkoping","B",0.977641843971632,0.934739090328147
"2967","Linkou","A",0.993604140526975,0.983450231374057
"2968","Linqing","A",0.993604140526975,0.904257490997281
"2969","Linxi","A",0.993604140526975,0.98327299204114
"2970","Linxia","A",0.993604140526975,0.983025363356811
"2971","Linyi","D",0.988148148148148,0.77946215618924
"2972","Linz","B",0.983102836879434,0.96530430581301
"2973","Lipetsk","C",0.988288633461049,0.952224656976942
"2974","Lira","A",0.993604140526975,0.984118594578136
"2975","Lisala","A",0.993604140526975,0.983631926904344
"2976","Lisbon","E",0.987741935483871,0.954332666917247
"2977","Lisburn","A",0.985962986198242,0.966154158790616
"2978","Lishui","B",0.983102836879434,0.957485517378307
"2979","Lismore","A",0.993604140526975,0.982930758348114
"2980","Lithgow","A",0.993604140526975,0.983892754656466
"2981","Little Current","A",0.993604140526975,0.982612211410956
"2982","Little Rock","C",0.984878671775225,0.957339743680331
"2983","LÌùderitz","A",0.993604140526975,0.982239204942616
"2984","Liuhe","A",0.993604140526975,0.983652495497688
"2985","Liuzhou","C",0.988288633461049,0.931901383819389
"2986","Liverpool1","A",0.993604140526975,0.983129789538804
"2987","Liverpool2","C",0.988288633461049,0.957625155132683
"2988","Livingston","A",0.993604140526975,0.983706856274106
"2989","Livingstone","A",0.993604140526975,0.982926470103911
"2990","Livny","A",0.993604140526975,0.982713940151088
"2991","Livorno","C",0.988288633461049,0.957031281697024
"2992","Ljubljana","B",0.983102836879434,0.965291236665247
"2993","Lobamba","A",0.993604140526975,0.982864307889256
"2994","Lobatse","A",0.993604140526975,0.984527837078426
"2995","Lobito","C",0.988288633461049,0.950779798966781
"2996","Lobos","B",0.983102836879434,0.964978652864246
"2997","Lodwar","A",0.993604140526975,0.983655853912869
"2998","Lodz","C",0.988288633461049,0.951067902023725
"2999","Loei","A",0.993604140526975,0.985201299384374
"3000","Logan","A",0.993604140526975,0.984494901346777
"3001","Logrono","C",0.988288633461049,0.950498653868009
"3002","Loja","A",0.993604140526975,0.982927677346612
"3003","Lokoja","A",0.993604140526975,0.982907677045958
"3004","Lome","A",0.993604140526975,0.982099959335349
"3005","Lomza","B",0.983102836879434,0.964219283705116
"3006","Loncoche","A",0.993604140526975,0.982696954398964
"3007","London1","C",0.984878671775225,0.952244862310687
"3008","London2","C",0.984878671775225,0.957188318949281
"3009","Londonderry","B",0.983102836879434,0.956086600297203
"3010","Londrina","B",0.983102836879434,0.96599542982663
"3011","Long Beach","E",0.987741935483871,0.819122381279526
"3012","Long Xuyen","A",0.993604140526975,0.982559493146716
"3013","Longjiang","A",0.985962986198242,0.967415168228738
"3014","Longreach","A",0.993604140526975,0.983478836730992
"3015","Longview1","C",0.988288633461049,0.951445192405839
"3016","Longview2","B",0.983102836879434,0.965119805957021
"3017","Longxi","A",0.993604140526975,0.982984860745004
"3018","Longyan","B",0.983102836879434,0.966074778373184
"3019","Lop Buri","A",0.993604140526975,0.975993650233687
"3020","Lorca","B",0.983102836879434,0.967821750916617
"3021","Loreto","A",0.985962986198242,0.93871518277419
"3022","Lorica","A",0.993604140526975,0.983865058351113
"3023","Lorient","B",0.983102836879434,0.965399349686645
"3024","Los Alamos","A",0.993604140526975,0.983407812439555
"3025","Los Andes","B",0.983102836879434,0.965031745088246
"3026","Los Angeles1","E",0.987741935483871,0.954482089631986
"3027","Los Angeles2","B",0.977641843971632,0.964189406259181
"3028","Los Blancos","A",0.993604140526975,0.983305755971165
"3029","Los Lagos","A",0.993604140526975,0.983166526919621
"3030","Los Mochis","B",0.983102836879434,0.956370716378412
"3031","Los Teques","B",0.977641843971632,0.837912673265824
"3032","Lota","A",0.985962986198242,0.807815624473968
"3033","Louangphrabang","A",0.993604140526975,0.982608406853995
"3034","Loubomo","A",0.993604140526975,0.983208075447225
"3035","Louga","A",0.993604140526975,0.983799451902162
"3036","Louisville","E",0.988924731182796,0.955224944163339
"3037","Lowell","B",0.977641843971632,0.95832431549064
"3038","Luan","A",0.993604140526975,0.983369922624912
"3039","Luanda","E",0.987741935483871,0.951568520359789
"3040","Luanshya","A",0.993604140526975,0.982945707527266
"3041","Luau","A",0.993604140526975,0.982660687293644
"3042","Lubango","A",0.985962986198242,0.853608625492043
"3043","Lubao","A",0.993604140526975,0.982196907104799
"3044","Lubbock","C",0.988288633461049,0.955890027325921
"3045","Lubeck","A",0.985962986198242,0.967773900529466
"3046","Lublin","C",0.988288633461049,0.956178444618175
"3047","Lubumbashi","B",0.865608747044919,0.482161426524986
"3048","Lubutu","A",0.993604140526975,0.983081167827746
"3049","Lucapa","A",0.993604140526975,0.982899375959962
"3050","Lucknow","G",0.991818181818182,0.695932147562582
"3051","Ludhiana","D",0.995555555555555,0.840642225560515
"3052","Luebo","A",0.993604140526975,0.98288059825631
"3053","Luena","A",0.993604140526975,0.983932640854678
"3054","Lufkin","B",0.977641843971632,0.966046159412081
"3055","Luga","B",0.983102836879434,0.961107326400938
"3056","Lugano","B",0.983102836879434,0.968290033114717
"3057","Luganville","A",0.993604140526975,0.984339485664192
"3058","Luhansk","A",0.993604140526975,0.984524881609431
"3059","Lujan","C",0.984878671775225,0.951890911912788
"3060","Lulea","C",0.984878671775225,0.804533137844568
"3061","Luleburgaz","B",0.983102836879434,0.965886897673659
"3062","Lumberton","B",0.977641843971632,0.824339784859582
"3063","Lundazi","A",0.993604140526975,0.983454160577405
"3064","Luohe","A",0.993604140526975,0.877654308580636
"3065","Luoyang","D",0.991481481481482,0.655537407810821
"3066","Lupanshui","A",0.993604140526975,0.982814347802461
"3067","Lusaka","B",0.977641843971632,0.837195456863778
"3068","Lusambo","A",0.993604140526975,0.982946616437198
"3069","Lusanga","A",0.993604140526975,0.982911039809871
"3070","Luton","B",0.977641843971632,0.940381230392411
"3071","Lutselke","A",0.993604140526975,0.982643092019574
"3072","Lutsk","A",0.993604140526975,0.983556014995803
"3073","Luwuk","A",0.993604140526975,0.982442784724093
"3074","Luxembourg","B",0.977641843971632,0.801080537306898
"3075","Luxor","C",0.988288633461049,0.955768094429943
"3076","Luzern","A",0.985962986198242,0.969045497788919
"3077","Luzhou","D",0.991481481481482,0.656412932433406
"3078","Lvov","B",0.983102836879434,0.964174357715266
"3079","Lynchburg","B",0.983102836879434,0.966283304544164
"3080","Lyon","C",0.988288633461049,0.954039552374736
"3081","Lysychansk","A",0.993604140526975,0.98435895998386
"3082","Maanshan","B",0.977641843971632,0.850924598589318
"3083","Mabaruma","A",0.993604140526975,0.984085837075342
"3084","Macae","C",0.984878671775225,0.95708084696776
"3085","Macapa","C",0.988288633461049,0.950008996960542
"3086","Macara","A",0.993604140526975,0.984140106095194
"3087","Macas","A",0.993604140526975,0.983386932591558
"3088","Macau","C",0.988288633461049,0.950497444874534
"3089","Maceio","B",0.977641843971632,0.957919947499695
"3090","Macenta","A",0.993604140526975,0.982851349762674
"3091","Machakos","A",0.993604140526975,0.984010058032759
"3092","Machala","C",0.988288633461049,0.950609321529713
"3093","Macheng","A",0.993604140526975,0.909867759709686
"3094","Machilipatnam","A",0.993604140526975,0.983712766257055
"3095","Machiques","B",0.983102836879434,0.958422052711292
"3096","Macia","A",0.993604140526975,0.982924787069311
"3097","Mackay","B",0.983102836879434,0.957984852462577
"3098","Macon","C",0.988288633461049,0.949540483944481
"3099","Madang","A",0.993604140526975,0.983791636189014
"3100","Madaoua","A",0.993604140526975,0.982245050860056
"3101","Madinat ath Thawrah","A",0.993604140526975,0.982987841873117
"3102","Madison","B",0.977641843971632,0.933441500194632
"3103","Madisonville","B",0.983102836879434,0.966209997495484
"3104","Madiun","A",0.993604140526975,0.900715412082575
"3105","Madrid","E",0.987741935483871,0.955417241788163
"3106","Madurai","D",0.995555555555555,0.833113052416788
"3107","Mae Sot","A",0.993604140526975,0.983232002363381
"3108","Maebashi","B",0.983102836879434,0.95908854261398
"3109","Mafetang","A",0.993604140526975,0.983035247098339
"3110","Magadan","E",0.988924731182796,0.945507550922803
"3111","Magangue","A",0.993604140526975,0.982408305035061
"3112","Magdagachi","A",0.993604140526975,0.982991475952346
"3113","Magdalena","A",0.993604140526975,0.983405553696062
"3114","Magdeburg","B",0.983102836879434,0.968601755242
"3115","Magelang","A",0.993604140526975,0.986065925677357
"3116","Magnitogorsk","C",0.988288633461049,0.948358683832483
"3117","Magway","A",0.993604140526975,0.982500984633875
"3118","Mahabad","A",0.985962986198242,0.968337114300878
"3119","Mahajanga","A",0.993604140526975,0.984004365256891
"3120","Mahalapye","A",0.993604140526975,0.982714554374211
"3121","Mahilyow","A",0.985962986198242,0.938217017838846
"3122","Maiduguri","A",0.993604140526975,0.983338343194052
"3123","Maintirano","A",0.993604140526975,0.982780510221984
"3124","Maiquetia","C",0.988288633461049,0.955457340991779
"3125","Maitland","A",0.985962986198242,0.96710055089131
"3126","Maizaru","A",0.993604140526975,0.982108349561473
"3127","Majene","A",0.993604140526975,0.983579834826397
"3128","Makale","A",0.993604140526975,0.982677824460458
"3129","Makarov","A",0.993604140526975,0.983810421885725
"3130","Makeni","A",0.993604140526975,0.982962969827227
"3131","Makhachkala","B",0.977641843971632,0.84073943235618
"3132","Makhambet","A",0.993604140526975,0.9819512057875
"3133","Makinsk","A",0.993604140526975,0.983090503315447
"3134","Makiyivka","A",0.985962986198242,0.968281419104229
"3135","Makkah","F",0.994054054054054,0.982575151734309
"3136","Makokou","A",0.993604140526975,0.983148602876388
"3137","Makoua","A",0.993604140526975,0.983030005734784
"3138","Makurdi","A",0.993604140526975,0.982120082143225
"3139","Malabo","A",0.993604140526975,0.983301600349235
"3140","Malacca","B",0.977641843971632,0.819050751709374
"3141","Maladzyechna","A",0.993604140526975,0.9830287132177
"3142","Malaga","E",0.988924731182796,0.95563112237163
"3143","Malakal","A",0.993604140526975,0.983141774804048
"3144","Malang","A",0.993604140526975,0.578041942344126
"3145","Malanje","A",0.993604140526975,0.98375100963491
"3146","Malargue","A",0.993604140526975,0.984599612535277
"3147","Malatya","B",0.983102836879434,0.967420190456388
"3148","Maldonado","B",0.977641843971632,0.956368825081672
"3149","Malegaon","A",0.993604140526975,0.983593778417822
"3150","Malindi","A",0.993604140526975,0.982721997052095
"3151","Mallawi","B",0.983102836879434,0.965442667208071
"3152","Malmo","C",0.984878671775225,0.95584643175802
"3153","Mamou","A",0.993604140526975,0.982957792407339
"3154","Man","A",0.993604140526975,0.984094719576565
"3155","Manacapuru","B",0.983102836879434,0.96499295981898
"3156","Manado","A",0.985962986198242,0.976512662930633
"3157","Managua","B",0.977641843971632,0.82050326099726
"3158","Manama","F",0.994054054054054,0.982657676623953
"3159","Mananjary","A",0.993604140526975,0.983566870450133
"3160","Manaus","E",0.987741935483871,0.959063723051508
"3161","Manbij","A",0.993604140526975,0.983052273248388
"3162","Manchester1","B",0.983102836879434,0.966226322052331
"3163","Manchester2","C",0.988288633461049,0.950600463515058
"3164","Mandalay","A",0.985962986198242,0.728435300640049
"3165","Mandalgovi","A",0.993604140526975,0.983838518041032
"3166","Mandali","A",0.993604140526975,0.983500905616431
"3167","Mandera","A",0.993604140526975,0.983407299568837
"3168","Mandritsara","A",0.993604140526975,0.982167865921065
"3169","Mandurah","B",0.983102836879434,0.966929038662662
"3170","Mandya","A",0.993604140526975,0.982975783740368
"3171","Mangai","A",0.993604140526975,0.985000247539194
"3172","Mangalore","B",0.983102836879434,0.960098517922838
"3173","Mango","A",0.993604140526975,0.982229206643819
"3174","Mangochi","A",0.993604140526975,0.983060635166981
"3175","Manhattan","B",0.983102836879434,0.96561639522681
"3176","Manicore","A",0.993604140526975,0.98323520441751
"3177","Manila","D",0.995555555555555,0.849117616902394
"3178","Manisa","B",0.983102836879434,0.959566139199692
"3179","Manizales","A",0.993604140526975,0.96846919013717
"3180","Manja","A",0.993604140526975,0.983552467883766
"3181","Manjimup","A",0.993604140526975,0.983256897200129
"3182","Mankato","C",0.988288633461049,0.923286641738506
"3183","Mannheim","B",0.983102836879434,0.965357094763799
"3184","Manokwari","A",0.993604140526975,0.984773178196046
"3185","Manono","A",0.993604140526975,0.982952836691011
"3186","Manpo","A",0.993604140526975,0.983252572239148
"3187","Mansa","A",0.993604140526975,0.982424244371906
"3188","Mansehra","A",0.993604140526975,0.986001518041741
"3189","Mansfield","B",0.983102836879434,0.968026310244473
"3190","Manta","C",0.988288633461049,0.954950046079146
"3191","Manukau","B",0.977641843971632,0.959080427061157
"3192","Manyoni","A",0.993604140526975,0.984462616982692
"3193","Manzanillo1","B",0.977641843971632,0.812946232289504
"3194","Manzanillo2","A",0.985962986198242,0.967039289945212
"3195","Manzhouli","A",0.985962986198242,0.966053343503669
"3196","Mao","A",0.993604140526975,0.981677205312848
"3197","Maoming","A",0.993604140526975,0.982905063175705
"3198","Mapai","A",0.993604140526975,0.985422012147506
"3199","Maputo","B",0.977641843971632,0.932101600411424
"3200","Maqat","A",0.993604140526975,0.982295611407763
"3201","Mar de Ajo","B",0.983102836879434,0.957573938878722
"3202","Mar del Plata","C",0.984878671775225,0.801048381661167
"3203","Maraba","C",0.988288633461049,0.9553532848554
"3204","Maracaibo","E",0.987741935483871,0.954016682898709
"3205","Maracaju","A",0.993604140526975,0.976113054946322
"3206","Maradi","A",0.993604140526975,0.984757197569456
"3207","Maragheh","A",0.993604140526975,0.983976239796261
"3208","Marbella","C",0.988288633461049,0.949500409891484
"3209","Mardan","A",0.993604140526975,0.932842287370895
"3210","Mardin","A",0.993604140526975,0.968950040301712
"3211","Maria Elena","A",0.993604140526975,0.983339026464409
"3212","Maribor","B",0.983102836879434,0.965605082972966
"3213","Maridi","A",0.993604140526975,0.984467734977265
"3214","Mariental","A",0.993604140526975,0.983102104477788
"3215","Marietta","C",0.988288633461049,0.949596560167461
"3216","Mariinsk","B",0.983102836879434,0.959606224476902
"3217","Marilia","B",0.983102836879434,0.967065022574229
"3218","Marinette","B",0.983102836879434,0.964618487417971
"3219","Maringa","C",0.988288633461049,0.950905366108583
"3220","Marion","B",0.983102836879434,0.961592437704548
"3221","Mariupol","B",0.983102836879434,0.965387849422736
"3222","Markala","A",0.993604140526975,0.982704070855895
"3223","Maroantsetra","A",0.993604140526975,0.98264003046218
"3224","Maroua","A",0.993604140526975,0.983368291725402
"3225","Marovoay","A",0.993604140526975,0.982987977352983
"3226","Marquette","B",0.983102836879434,0.958389593040803
"3227","Marrakesh","C",0.988288633461049,0.949007563454472
"3228","Marrupa","A",0.993604140526975,0.983612300441768
"3229","Marsabit","A",0.993604140526975,0.985146930994486
"3230","Marsala","B",0.977641843971632,0.964049404910224
"3231","Marseille","C",0.984878671775225,0.953335291211786
"3232","Martapura","A",0.993604140526975,0.983468634093565
"3233","Mary","C",0.988288633461049,0.954715429384404
"3234","Mary borough","A",0.993604140526975,0.98403294955554
"3235","Maryborough","A",0.993604140526975,0.984881360359039
"3236","Marzuq","A",0.993604140526975,0.982449600291112
"3237","Masaka","A",0.993604140526975,0.983136852629375
"3238","Masan","C",0.984878671775225,0.903299850472748
"3239","Masasi","A",0.993604140526975,0.98266136775278
"3240","Mascara","B",0.983102836879434,0.966215669221614
"3241","Maseru","A",0.993604140526975,0.984783188187496
"3242","Mashhad","C",0.988288633461049,0.950832196332985
"3243","Masindi-Port","A",0.993604140526975,0.984069445922746
"3244","Masjed Soleyman","C",0.988288633461049,0.95532431730449
"3245","Mason City","B",0.983102836879434,0.965824599311623
"3246","Massawa","A",0.993604140526975,0.983073575819383
"3247","Masterton","A",0.993604140526975,0.984483817214249
"3248","Masvingo","A",0.993604140526975,0.982458169332103
"3249","Matadi","A",0.993604140526975,0.983360858859482
"3250","Matagalpa","A",0.993604140526975,0.983222170727777
"3251","Matagami","A",0.993604140526975,0.982406953920721
"3252","Matamoros","E",0.988924731182796,0.946526808498766
"3253","Matanzas","A",0.985962986198242,0.897099547001132
"3254","Matara","A",0.993604140526975,0.983635930555707
"3255","Mataram","A",0.993604140526975,0.984216053289994
"3256","Mataro","C",0.988288633461049,0.953231581058619
"3257","Matehuala","A",0.993604140526975,0.977450963256992
"3258","Mathura","A",0.993604140526975,0.982329429326654
"3259","Mato Grosso","A",0.993604140526975,0.983689916808605
"3260","Matola","B",0.977641843971632,0.957959961241581
"3261","Matruh","C",0.988288633461049,0.956578357248626
"3262","Matsue","A",0.993604140526975,0.983241648994911
"3263","Matsumoto","A",0.993604140526975,0.983903202642702
"3264","Matsuyama","A",0.985962986198242,0.966248412805238
"3265","Maturin","E",0.987741935483871,0.938103166324395
"3266","Maues","A",0.985962986198242,0.967733815401602
"3267","Maumere","A",0.993604140526975,0.983489320706308
"3268","Maun","A",0.993604140526975,0.983454692539393
"3269","Mawlamyine","A",0.993604140526975,0.983387719873075
"3270","Maxixe","A",0.993604140526975,0.983582450539601
"3271","May Pen","A",0.993604140526975,0.982962232307259
"3272","Mayaguez","A",0.126395859473024,0.503986492460102
"3273","Maykop","B",0.983102836879434,0.963847779676988
"3274","Mazabuka","A",0.993604140526975,0.982800997328251
"3275","Mazar-e Sharif","A",0.993604140526975,0.982771365774987
"3276","Mazatenango","A",0.993604140526975,0.983505661948945
"3277","Mazatlan","C",0.984878671775225,0.952483137376895
"3278","Mazyr","A",0.993604140526975,0.982986605113467
"3279","Mbabane","A",0.993604140526975,0.984818312703459
"3280","Mbaiki","A",0.993604140526975,0.983177468008633
"3281","Mbala","A",0.993604140526975,0.982926425999883
"3282","Mbale","A",0.993604140526975,0.984227417457262
"3283","Mbalmayo","A",0.993604140526975,0.982924072544177
"3284","Mbandaka","A",0.993604140526975,0.983491001045278
"3285","Mbanza-Congo","A",0.993604140526975,0.983303103510264
"3286","Mbanza-Ngungu","A",0.993604140526975,0.984517751936788
"3287","Mbarara","A",0.993604140526975,0.983756953626334
"3288","Mbe","A",0.993604140526975,0.98256741638026
"3289","Mbeya","A",0.993604140526975,0.983859647712313
"3290","Mbuji-Mayi","A",0.993604140526975,0.984642008010253
"3291","Mbulu","A",0.993604140526975,0.982855181776273
"3292","McAlester","B",0.983102836879434,0.966088171966396
"3293","McAllen","C",0.984878671775225,0.800702830881233
"3294","McCook","A",0.993604140526975,0.982504165651485
"3295","McGrath","A",0.993604140526975,0.984778799618636
"3296","Meadow Lake","A",0.985962986198242,0.976714327169296
"3297","Medan","B",0.983102836879434,0.960779179907013
"3298","Medani","A",0.993604140526975,0.984270401693334
"3299","Medea","B",0.983102836879434,0.958292226551179
"3300","Medellin","B",0.977641843971632,0.833659540623452
"3301","Medford","B",0.983102836879434,0.963987848170841
"3302","Medicine Hat","B",0.977641843971632,0.960297300351541
"3303","Medina","F",0.994054054054054,0.983404010608192
"3304","Medinipur","D",0.991481481481482,0.668853536696804
"3305","Mednogorsk","A",0.993604140526975,0.981828210717127
"3306","Meekatharra","A",0.993604140526975,0.983112977480179
"3307","Meerut","D",0.995555555555555,0.835980359722229
"3308","Megion","E",0.988924731182796,0.956546071155799
"3309","Meiganga","A",0.993604140526975,0.98234906567028
"3310","Meizhou","A",0.985962986198242,0.809520202477641
"3311","Mejillones","A",0.993604140526975,0.982869396178653
"3312","Mekambo","A",0.993604140526975,0.984166114722433
"3313","Mekele","A",0.993604140526975,0.984579406773358
"3314","Meknes","B",0.983102836879434,0.966396030265809
"3315","Mekoryuk","A",0.993604140526975,0.983622804486372
"3316","Melbourne1","B",0.983102836879434,0.96575651362824
"3317","Melbourne2","C",0.988288633461049,0.959860850919208
"3318","Melilla","C",0.984878671775225,0.944391023745015
"3319","Melitopol","A",0.993604140526975,0.984153204154906
"3320","Melo","A",0.126395859473024,0.535386262470174
"3321","Melton","A",0.985962986198242,0.79748323179994
"3322","Melun","C",0.988288633461049,0.954866244080857
"3323","Melut","A",0.993604140526975,0.983193213497559
"3324","Melville","A",0.993604140526975,0.983103167468702
"3325","Memphis","E",0.988924731182796,0.953606489975495
"3326","Mendi","A",0.993604140526975,0.984263086038595
"3327","Mendocino","A",0.993604140526975,0.984736152444133
"3328","Mendoza","C",0.984878671775225,0.848105017184687
"3329","Mengzi","A",0.993604140526975,0.983624409887771
"3330","Meningie","A",0.993604140526975,0.982024365239711
"3331","Menongue","A",0.993604140526975,0.983201577186941
"3332","Merauke","A",0.993604140526975,0.983412367121939
"3333","Merced","B",0.983102836879434,0.967695187570917
"3334","Mercedes1","B",0.977641843971632,0.92483208141635
"3335","Mercedes2","C",0.988288633461049,0.952370096815729
"3336","Mercedes3","B",0.983102836879434,0.966600041846861
"3337","Mercedes4","B",0.983102836879434,0.964161828260998
"3338","Merida","E",0.918387096774194,0.700468744153218
"3339","Meridian","C",0.988288633461049,0.949024132876121
"3340","Merimbula","A",0.993604140526975,0.983946507028554
"3341","Merowe","A",0.993604140526975,0.983485203290998
"3342","Merredin","A",0.993604140526975,0.983973722401023
"3343","Meru","A",0.993604140526975,0.983751412751878
"3344","Mesa","E",0.988924731182796,0.946363434814052
"3345","Messina","B",0.983102836879434,0.971522588153005
"3346","Metairie","E",0.987741935483871,0.820480305293952
"3347","Metz","B",0.977641843971632,0.815715030860766
"3348","Mexicali","E",0.987741935483871,0.953158823295864
"3349","Mexico City","C",0.988288633461049,0.953759076820569
"3350","Meymaneh","A",0.993604140526975,0.98414561876789
"3351","Mezen","A",0.993604140526975,0.983077192309105
"3352","Miahuatlan","A",0.993604140526975,0.984353900265824
"3353","Miami","E",0.987741935483871,0.953098301497431
"3354","Miami Beach","E",0.987741935483871,0.885186899728222
"3355","Miandrivazo","A",0.993604140526975,0.984970649101679
"3356","Mianyang","D",0.995555555555555,0.797911543818481
"3357","Miass","B",0.983102836879434,0.965396968214686
"3358","Michurinsk","A",0.993604140526975,0.986089889575635
"3359","Middelburg1","A",0.993604140526975,0.982649398258647
"3360","Middelburg2","B",0.983102836879434,0.963898961562938
"3361","Middlesbrough","C",0.984878671775225,0.956221440647108
"3362","Midland","C",0.874010217113667,0.606937566292593
"3363","Mikhaylovka","B",0.983102836879434,0.963425431607205
"3364","Mikumi","A",0.993604140526975,0.984689042683543
"3365","Milagro","B",0.983102836879434,0.959344819274485
"3366","Milan","C",0.984878671775225,0.955855503187174
"3367","Mildura","A",0.985962986198242,0.967580601524308
"3368","Miles City","A",0.993604140526975,0.967891964355359
"3369","Millerovo","A",0.993604140526975,0.983273293721058
"3370","Milwaukee","C",0.984878671775225,0.819598518115069
"3371","Minas","A",0.985962986198242,0.792497417938907
"3372","Minatitlan","F",0.994054054054054,0.983554607077025
"3373","Mindelo","A",0.993604140526975,0.983511603865638
"3374","Mineiros","A",0.993604140526975,0.975197162533934
"3375","Mingan","A",0.993604140526975,0.983364374786165
"3376","Minna","A",0.993604140526975,0.983740524264671
"3377","Minneapolis","C",0.984878671775225,0.806917961911252
"3378","Minot","B",0.977641843971632,0.964361453380394
"3379","Minsk","C",0.984878671775225,0.953717827170957
"3380","Minxian","A",0.993604140526975,0.98530787478726
"3381","Miracema","A",0.985962986198242,0.948555211979501
"3382","Miri","B",0.983102836879434,0.966517334150744
"3383","Mirnyy","C",0.988288633461049,0.949924234209749
"3384","Mirput Khas","A",0.993604140526975,0.983330592229916
"3385","Mirzapur","A",0.993604140526975,0.982779855489114
"3386","Mishan","A",0.993604140526975,0.983490809646698
"3387","Miskolc","A",0.126395859473024,0.504023949076071
"3388","Misratah","E",0.987741935483871,0.954814359403569
"3389","Missoula","B",0.983102836879434,0.951628939270945
"3390","Mistassini","A",0.993604140526975,0.983777264361016
"3391","Mitchell","B",0.983102836879434,0.965785870514269
"3392","Mitilini","B",0.983102836879434,0.914595952996437
"3393","Mitla","A",0.993604140526975,0.982829953282066
"3394","Mito","B",0.983102836879434,0.964791425139818
"3395","Mityana","A",0.993604140526975,0.982711867939242
"3396","Mitzik","A",0.993604140526975,0.982876947518087
"3397","MÌùnster","A",0.985962986198242,0.913578604612755
"3398","Miyazaki","A",0.985962986198242,0.957594983371951
"3399","Mizdah","A",0.985962986198242,0.967565112327937
"3400","Mmabatho","A",0.993604140526975,0.983049009948576
"3401","Mo i Rana","B",0.977641843971632,0.894909163294928
"3402","Moab","A",0.993604140526975,0.983949917047841
"3403","Moanda1","B",0.983102836879434,0.965850761015003
"3404","Moanda2","A",0.993604140526975,0.983072345189018
"3405","Moba","A",0.993604140526975,0.983175269273824
"3406","Mobile","C",0.984878671775225,0.953986328085051
"3407","Mobridge","A",0.993604140526975,0.983494129757977
"3408","Mocambique","A",0.993604140526975,0.983747531896153
"3409","Modena","C",0.988288633461049,0.9566838144205
"3410","Modesto","C",0.988288633461049,0.951083285804358
"3411","Moengo","A",0.993604140526975,0.983480455411338
"3412","Mogadishu","A",0.993604140526975,0.984386488412289
"3413","Mogocha","A",0.993604140526975,0.982438642391349
"3414","Mojokerto","A",0.993604140526975,0.983302038721873
"3415","Mokpo","C",0.988288633461049,0.950400537851526
"3416","Molde","B",0.983102836879434,0.958825679318305
"3417","Molepolole","A",0.993604140526975,0.982716161301961
"3418","Mollendo","A",0.993604140526975,0.982716016231902
"3419","Moloundou","A",0.993604140526975,0.982115367678581
"3420","Mombasa","A",0.993604140526975,0.982686315248038
"3421","Monaco","B",0.134391252955083,0.515832847035368
"3422","Monchegorsk","C",0.988288633461049,0.954369566707293
"3423","Monclova","C",0.988288633461049,0.958933348080059
"3424","Moncton","B",0.977641843971632,0.957255429263246
"3425","Mongbwalu","A",0.993604140526975,0.983620115798046
"3426","Mongo","A",0.993604140526975,0.982520869016774
"3427","Mongomo","A",0.985962986198242,0.968612917486629
"3428","Mongu","A",0.993604140526975,0.982767012337938
"3429","Monroe","C",0.988288633461049,0.954052077002
"3430","Monrovia","A",0.993604140526975,0.984606999150838
"3431","Mont-Laurier","A",0.993604140526975,0.96910670177515
"3432","Monte Cristi","A",0.993604140526975,0.982753637226787
"3433","Montego Bay","B",0.983102836879434,0.94589541477673
"3434","Montemorelos","A",0.993604140526975,0.966588318914956
"3435","Montepuez","A",0.993604140526975,0.982493428219316
"3436","Monterey1","B",0.983102836879434,0.926980867514391
"3437","Monterey2","A",0.985962986198242,0.807399924971479
"3438","Monteria","C",0.988288633461049,0.950862308446054
"3439","Montero","A",0.985962986198242,0.860714143700725
"3440","Monterrey","C",0.984878671775225,0.800921627554622
"3441","Montes Claros","B",0.983102836879434,0.958374248641841
"3442","Montevideo","E",0.988924731182796,0.892523105284831
"3443","Montgomery","C",0.984878671775225,0.954169950628363
"3444","Monticello","A",0.993604140526975,0.983040988199353
"3445","Montpelier1","A",0.993604140526975,0.982857577996333
"3446","Montpelier2","A",0.993604140526975,0.98319425567181
"3447","Montpellier","C",0.984878671775225,0.956098975755594
"3448","Montreal","E",0.987741935483871,0.953050042928369
"3449","Montrose","A",0.993604140526975,0.982577600908801
"3450","Monywa","A",0.993604140526975,0.982538313316605
"3451","Moorhead","C",0.988288633461049,0.950192311557534
"3452","Moose Jaw","B",0.983102836879434,0.970853755639956
"3453","Mopti","A",0.993604140526975,0.983872306051586
"3454","Moquegua","A",0.993604140526975,0.982430882965422
"3455","Moradabad","A",0.993604140526975,0.910255882629842
"3456","Moranbah","A",0.993604140526975,0.982968535619523
"3457","Moratuwa","A",0.993604140526975,0.982294136057305
"3458","Morawa","A",0.993604140526975,0.983531976797947
"3459","Moree","A",0.993604140526975,0.983711906866033
"3460","Morelia","B",0.983102836879434,0.966316823864744
"3461","Morgantown","B",0.983102836879434,0.95695526344759
"3462","Morioka","A",0.985962986198242,0.910079233126423
"3463","Morogoro","A",0.993604140526975,0.983861687601718
"3464","Moron1","A",0.993604140526975,0.98301837881977
"3465","Moron2","A",0.993604140526975,0.984631611382806
"3466","Morondava","A",0.993604140526975,0.983578469867436
"3467","Moroni","A",0.993604140526975,0.982462697234333
"3468","Moroto","A",0.993604140526975,0.982637248177331
"3469","Morrinhos","A",0.993604140526975,0.982995480115649
"3470","Morshansk","A",0.993604140526975,0.982936049904516
"3471","Moscow","E",0.987741935483871,0.819148569621049
"3472","Moshi","A",0.993604140526975,0.982694872774099
"3473","Moss","B",0.983102836879434,0.958798745937473
"3474","Mossel Bay","B",0.983102836879434,0.960115373657724
"3475","Mossendjo","A",0.993604140526975,0.983163618527358
"3476","Mossoro","C",0.988288633461049,0.951871375981109
"3477","Mostaganem","B",0.977641843971632,0.805540303234093
"3478","Mostar","B",0.983102836879434,0.962286277983521
"3479","Mosul","B",0.983102836879434,0.96867110452587
"3480","Motul","A",0.993604140526975,0.983596199296529
"3481","Motupe","A",0.993604140526975,0.983948248172589
"3482","Mouila","A",0.993604140526975,0.983107003797279
"3483","Moundou","A",0.993604140526975,0.98280187357919
"3484","Mount Barker","A",0.993604140526975,0.982666603118521
"3485","Mount Gambier","A",0.993604140526975,0.983387410265925
"3486","Mount Isa","B",0.983102836879434,0.958216503931756
"3487","Moyale","A",0.993604140526975,0.982809359721742
"3488","Moyo","A",0.993604140526975,0.983905027209866
"3489","Moyobamba","A",0.993604140526975,0.982579683249839
"3490","Mozdok","A",0.993604140526975,0.983034739659889
"3491","Mozhga","A",0.993604140526975,0.983835686577174
"3492","Mpika","A",0.993604140526975,0.983191477146124
"3493","Mpwapwa","A",0.993604140526975,0.985018967836834
"3494","Mt. Hagen","A",0.993604140526975,0.983483738961218
"3495","Mt. Shasta","A",0.993604140526975,0.983429028122896
"3496","Mtsensk","A",0.993604140526975,0.984112297499028
"3497","Mtwara","A",0.993604140526975,0.983459394561413
"3498","Muar","B",0.983102836879434,0.966973765844145
"3499","Mubende","A",0.993604140526975,0.983517804436883
"3500","Mubi","A",0.993604140526975,0.983109057650709
"3501","Muconda","A",0.993604140526975,0.982816089999882
"3502","Mudangiang","B",0.983102836879434,0.966938919381435
"3503","Mudgee","A",0.993604140526975,0.982706490678913
"3504","Mudon","A",0.993604140526975,0.983332695060106
"3505","Mufulira","A",0.993604140526975,0.983000818536861
"3506","Mugla","B",0.983102836879434,0.964859189469661
"3507","Muglad","A",0.993604140526975,0.983077204604783
"3508","Muisne","A",0.993604140526975,0.983115079156985
"3509","Mulhouse","B",0.983102836879434,0.95662511992873
"3510","Multan","D",0.995555555555555,0.832165217766991
"3511","Mumbai","C",0.988288633461049,0.947359465419182
"3512","Mumbwa","A",0.993604140526975,0.982596071851238
"3513","Munchon","A",0.993604140526975,0.982898286069391
"3514","Muncie","B",0.977641843971632,0.955971912265089
"3515","Munich","B",0.983102836879434,0.968620122564929
"3516","Murcia","C",0.984878671775225,0.953790234649691
"3517","Murfreesboro","C",0.988288633461049,0.951255960046537
"3518","Muriae","B",0.977641843971632,0.955228996127415
"3519","Murmansk","E",0.988924731182796,0.953843689197304
"3520","Murom","A",0.985962986198242,0.966630557852947
"3521","Muroran","A",0.985962986198242,0.957785615103589
"3522","Murray Bridge","A",0.993604140526975,0.98379970464908
"3523","Mus","A",0.993604140526975,0.983129917505647
"3524","Musan","A",0.993604140526975,0.983578839513151
"3525","Muscat","E",0.987741935483871,0.95315356133576
"3526","Mushie","A",0.993604140526975,0.98326239010459
"3527","Musina","A",0.993604140526975,0.983100200206113
"3528","Muskegon","B",0.983102836879434,0.964741200024609
"3529","Muskogee","B",0.983102836879434,0.965073724940642
"3530","Musoma","A",0.993604140526975,0.983714778530092
"3531","Muswellbrook","A",0.993604140526975,0.983130550953355
"3532","Mutare","A",0.993604140526975,0.982656621814119
"3533","Muyinga","A",0.993604140526975,0.910641834606801
"3534","Muzaffarnagar","A",0.993604140526975,0.903973817210327
"3535","Muzaffarpur","D",0.995555555555555,0.816312318929077
"3536","Mwanza","A",0.993604140526975,0.98191264594451
"3537","Mweka","A",0.993604140526975,0.982336110271594
"3538","Mwene-Ditu","A",0.993604140526975,0.982634392905477
"3539","Mwenga","A",0.993604140526975,0.983563956055419
"3540","Mwingi","A",0.993604140526975,0.983799645276309
"3541","Mwinilunga","A",0.993604140526975,0.984973056005131
"3542","My Tho","C",0.988288633461049,0.95122296843638
"3543","Myeik","A",0.993604140526975,0.983853544442025
"3544","Myingyan","A",0.993604140526975,0.982554154427305
"3545","Myitkyina","A",0.993604140526975,0.984269284495669
"3546","Mykolayiv","B",0.983102836879434,0.967505525762376
"3547","Mymensingh","D",0.995555555555555,0.850228009955861
"3548","Myrtle Beach","C",0.984878671775225,0.954242769318929
"3549","Mysore","B",0.983102836879434,0.956996721481942
"3550","Mzuzu","A",0.993604140526975,0.982398280289638
"3551","Naberezhnyye Chelny","C",0.988288633461049,0.95053238302081
"3552","Nabeul","B",0.983102836879434,0.954565382047004
"3553","Nabire","A",0.993604140526975,0.984421165876248
"3554","Nablus","B",0.983102836879434,0.963331703098764
"3555","Nacala","A",0.993604140526975,0.984501543016326
"3556","Nacaome","A",0.993604140526975,0.983030541948178
"3557","Nadym","C",0.988288633461049,0.951255967703682
"3558","Naga","A",0.993604140526975,0.982632474656159
"3559","Nagano","A",0.993604140526975,0.983048701890154
"3560","Nagaoka","A",0.993604140526975,0.982643730702072
"3561","Nagasaki","A",0.985962986198242,0.966576900585277
"3562","Nagele","A",0.993604140526975,0.98284379754083
"3563","Nagercoil","A",0.993604140526975,0.98549337233884
"3564","Nagoya","C",0.988288633461049,0.950857352045999
"3565","Nagpur","B",0.983102836879434,0.965598606352082
"3566","Naha","C",0.988288633461049,0.955942107240583
"3567","Nain","A",0.993604140526975,0.984953186540542
"3568","Nairobi","A",0.993604140526975,0.982788069931392
"3569","Naivasha","A",0.993604140526975,0.983763482961544
"3570","Najran","E",0.882258064516129,0.607225531130006
"3571","Nakhodka","B",0.983102836879434,0.967816130107669
"3572","Nakhon Phanom","A",0.993604140526975,0.982761843301526
"3573","Nakhon Ratchasima","B",0.983102836879434,0.969001364216445
"3574","Nakhon Sawan","B",0.983102836879434,0.960072420235894
"3575","Nakhon Si Thammarat","A",0.993604140526975,0.982803813784747
"3576","Nakuru","A",0.993604140526975,0.983129181336973
"3577","Naltchik","A",0.993604140526975,0.982627253103213
"3578","Nalut","A",0.993604140526975,0.983253214489389
"3579","Nam Dinh","A",0.993604140526975,0.948949823553028
"3580","Namanga","A",0.993604140526975,0.984480346418886
"3581","Namangan","A",0.993604140526975,0.982475354208793
"3582","Namibe","B",0.977641843971632,0.959126429404047
"3583","Nampo","A",0.993604140526975,0.98316034269096
"3584","Nampula","A",0.993604140526975,0.982838153161038
"3585","Namtu","A",0.993604140526975,0.983029303019462
"3586","Namur","B",0.983102836879434,0.970664510128801
"3587","Nan","A",0.993604140526975,0.984173425613682
"3588","Nanaimo","B",0.983102836879434,0.968670085557584
"3589","Nancha","A",0.993604140526975,0.98389934723421
"3590","Nanchang","A",0.993604140526975,0.91889844652914
"3591","Nanchong","D",0.995555555555555,0.841067485719111
"3592","Nancy","B",0.977641843971632,0.943130594151355
"3593","Nanded","A",0.993604140526975,0.983611898759014
"3594","Nandi","A",0.993604140526975,0.983527317481816
"3595","Nandyal","A",0.993604140526975,0.981995162825814
"3596","Nangong","A",0.993604140526975,0.982813184936598
"3597","Nanjing","C",0.984878671775225,0.95554966041147
"3598","Nanning","C",0.984878671775225,0.952289727058151
"3599","Nanping","A",0.993604140526975,0.985210014344143
"3600","Nantes","C",0.988288633461049,0.949934489724086
"3601","Nantong","D",0.991481481481482,0.666096396832761
"3602","Nanuque","A",0.993604140526975,0.983597814434625
"3603","Nanyang","A",0.993604140526975,0.824325366228971
"3604","Nanyuki","A",0.993604140526975,0.984664562342301
"3605","Naples1","B",0.977641843971632,0.818710936256928
"3606","Naples2","C",0.984878671775225,0.95705458092206
"3607","Nara","A",0.993604140526975,0.981919153637784
"3608","Narathiwat","B",0.983102836879434,0.959844150937283
"3609","Narayanganj","A",0.993604140526975,0.983806783141837
"3610","Narrabri","A",0.993604140526975,0.98305649132768
"3611","Narrogin","A",0.993604140526975,0.982671517917541
"3612","Narsarsuaq","A",0.993604140526975,0.982317195568985
"3613","Narva","B",0.983102836879434,0.965280369090368
"3614","Naryan Mar","C",0.988288633461049,0.95291151342793
"3615","Naryn","A",0.993604140526975,0.982355426833574
"3616","Nasca","A",0.993604140526975,0.982100423861801
"3617","Nashville","C",0.984878671775225,0.855095216602027
"3618","Nasik","A",0.993604140526975,0.982911509575656
"3619","Nassau","C",0.988288633461049,0.951018834319691
"3620","Nata","A",0.993604140526975,0.982532510644641
"3621","Natal","C",0.988288633461049,0.948580313773143
"3622","Natchez","B",0.983102836879434,0.96992854456507
"3623","National City","C",0.988288633461049,0.951758031842506
"3624","Natitingou","A",0.993604140526975,0.983362316867371
"3625","Nautla","A",0.993604140526975,0.982609048800272
"3626","Navajoa","B",0.983102836879434,0.964054297569142
"3627","Navoi","A",0.993604140526975,0.983113130361446
"3628","Navsari","A",0.993604140526975,0.983699318427252
"3629","Nawabganj","D",0.995555555555555,0.853522794276378
"3630","Nawabshah","A",0.993604140526975,0.983163704552527
"3631","Naxcivan","B",0.983102836879434,0.95987768642928
"3632","Naypyidaw","A",0.993604140526975,0.968756789586479
"3633","Nazareth","C",0.988288633461049,0.950913490910998
"3634","Nazret","A",0.993604140526975,0.983784433433603
"3635","Nazyvayevsk","A",0.993604140526975,0.982542513587569
"3636","Nchelenge","A",0.993604140526975,0.982658143157745
"3637","Ndalatando","A",0.985962986198242,0.863002442892953
"3638","Ndele","A",0.993604140526975,0.986353220799471
"3639","Ndende","A",0.993604140526975,0.982618612801125
"3640","Ndjamena","B",0.983102836879434,0.959198822234917
"3641","Ndola","A",0.993604140526975,0.967317121518809
"3642","Necochea","C",0.988288633461049,0.955141708124205
"3643","Needles","A",0.993604140526975,0.982882170638097
"3644","Neftekamsk","B",0.983102836879434,0.964373696398724
"3645","Nehe","A",0.993604140526975,0.982601604419636
"3646","Neiafu","A",0.993604140526975,0.982991180699912
"3647","Neiba","A",0.993604140526975,0.982393639683537
"3648","Neijiang","D",0.995555555555555,0.837337527637393
"3649","Neiva","B",0.983102836879434,0.95927161177812
"3650","Nekemte","A",0.993604140526975,0.983468197547276
"3651","Nelidovo","A",0.993604140526975,0.983235290295906
"3652","Nellore","A",0.993604140526975,0.98296824894588
"3653","Nelson1","A",0.993604140526975,0.982975775989261
"3654","Nelson2","A",0.993604140526975,0.982615644306905
"3655","Nelspruit","B",0.983102836879434,0.95990038788269
"3656","Nenana","A",0.993604140526975,0.983414312239659
"3657","Nenjiang","A",0.993604140526975,0.983002716375423
"3658","Nepalganj","A",0.993604140526975,0.983177379865564
"3659","Nephi","A",0.993604140526975,0.983318985400045
"3660","Nerchinsk","A",0.993604140526975,0.983239562412037
"3661","Neryungri","B",0.983102836879434,0.964517107012572
"3662","Neuquen","E",0.988924731182796,0.953851643532867
"3663","Nevelsk","A",0.993604140526975,0.984173204929337
"3664","Nevers","B",0.983102836879434,0.948915238672815
"3665","Nevinnomyssk","A",0.993604140526975,0.983389358502219
"3666","Nevyansk","A",0.985962986198242,0.877076268703344
"3667","New Albany","C",0.984878671775225,0.941707989862538
"3668","New Amsterdam","A",0.993604140526975,0.983438473331056
"3669","New Bedford","B",0.983102836879434,0.965915937333702
"3670","New Braunfels","B",0.977641843971632,0.822265290011558
"3671","New Delhi","H",1,1
"3672","New Glasgow","A",0.993604140526975,0.98309840156296
"3673","New Haven","B",0.983102836879434,0.955383113825212
"3674","New Iberia","C",0.988288633461049,0.947800823456607
"3675","New Liskeard","A",0.993604140526975,0.976844719682193
"3676","New London","B",0.983102836879434,0.969516703200411
"3677","New Orleans","E",0.987741935483871,0.889491543945287
"3678","New Plymouth","A",0.993604140526975,0.984325710495211
"3679","New York","C",0.984878671775225,0.915498733549631
"3680","Newark","C",0.984878671775225,0.956208040892336
"3681","Newcastle","C",0.988288633461049,0.950726686198823
"3682","Newman","A",0.993604140526975,0.983209634493551
"3683","Newport","B",0.983102836879434,0.965853964168308
"3684","Neyshabur","B",0.983102836879434,0.96050925334395
"3685","Nezahualcoyotl","C",0.988288633461049,0.955263443626153
"3686","Ngaoundere","A",0.993604140526975,0.982316317084606
"3687","Ngara","A",0.993604140526975,0.984558833049761
"3688","Nguigmi","A",0.993604140526975,0.981872739056909
"3689","Nguru","A",0.993604140526975,0.982838739915483
"3690","Nha Trang","B",0.983102836879434,0.958731799652823
"3691","Niagara Falls","C",0.988288633461049,0.950600608115976
"3692","Niamey","A",0.985962986198242,0.84401662576896
"3693","Nice","C",0.988288633461049,0.950376249847568
"3694","Nicosia","C",0.988288633461049,0.956390368938708
"3695","Nicuadala","A",0.993604140526975,0.983187474495255
"3696","Nieuw Nickerie","A",0.993604140526975,0.98266431231843
"3697","Niigata","B",0.983102836879434,0.959603375374168
"3698","Nikel","B",0.977641843971632,0.963559301873865
"3699","Nikolayevsk","A",0.993604140526975,0.98367822970781
"3700","Nikolayevsk na Amure","A",0.993604140526975,0.981947689483209
"3701","Nikopol","A",0.985962986198242,0.796731314403157
"3702","Nimes","C",0.988288633461049,0.95737409814339
"3703","Nimule","A",0.993604140526975,0.983777322968415
"3704","Ninde","B",0.983102836879434,0.970324410376603
"3705","Ningan","A",0.993604140526975,0.982315803548717
"3706","Ningbo","C",0.988288633461049,0.949847056684771
"3707","Ninh Binh","A",0.993604140526975,0.984927447721569
"3708","Nioro du Sahel","A",0.993604140526975,0.982914602498428
"3709","Nipigon","A",0.993604140526975,0.983032035912671
"3710","Niquelandia","A",0.993604140526975,0.982097962853428
"3711","Nis","B",0.977641843971632,0.82067577490668
"3712","Niteroi","C",0.984878671775225,0.945681052073241
"3713","Niyala","A",0.993604140526975,0.983122518654214
"3714","Nizamabad","A",0.993604140526975,0.98272472999755
"3715","Nizhenvartovsk","E",0.987741935483871,0.874262534369738
"3716","Nizhnekamsk","C",0.984878671775225,0.955121130608042
"3717","Nizhneudinsk","A",0.985962986198242,0.977153198533715
"3718","Nizhny Novgorod","C",0.984878671775225,0.877587923562358
"3719","Nizhny Tagil","B",0.977641843971632,0.957341579931609
"3720","Nizhnyaya Tura","B",0.983102836879434,0.969059389749136
"3721","Nizhyn","A",0.993604140526975,0.982551268076994
"3722","Nizwa","B",0.983102836879434,0.965210494554134
"3723","Njombe","A",0.993604140526975,0.983688171792446
"3724","Nkawkaw","A",0.993604140526975,0.985000941705723
"3725","Nkhata Bay","A",0.993604140526975,0.982369132866313
"3726","Nkhotakota","A",0.993604140526975,0.982950846947913
"3727","Nkongsamba","A",0.993604140526975,0.984031591948788
"3728","Nogales","B",0.983102836879434,0.968409070205579
"3729","Noginsk","C",0.988288633461049,0.950261967492633
"3730","Nola","A",0.993604140526975,0.981809834968478
"3731","Nome","A",0.993604140526975,0.982975232584052
"3732","Nong Khai","A",0.993604140526975,0.98265642446725
"3733","Nongan","A",0.993604140526975,0.982966417895196
"3734","Nonthaburi","C",0.984878671775225,0.952226637874106
"3735","Norfolk1","E",0.988924731182796,0.949407476772266
"3736","Norfolk2","B",0.977641843971632,0.957386334539634
"3737","Norilsk","E",0.987741935483871,0.953932476918406
"3738","Norman","C",0.988288633461049,0.951894513372976
"3739","Norman Wells","B",0.983102836879434,0.961564350731928
"3740","Norrkoping","B",0.977641843971632,0.949565402154813
"3741","Norseman","A",0.993604140526975,0.983770682263752
"3742","North Battleford","B",0.983102836879434,0.959640297981205
"3743","North Bay","B",0.983102836879434,0.966693606717738
"3744","North Platte","B",0.983102836879434,0.963654765852466
"3745","Northam","A",0.993604140526975,0.984444241500584
"3746","Norwich","B",0.983102836879434,0.964371109294724
"3747","Nottingham","C",0.988288633461049,0.954735083079868
"3748","Nouadhibou","A",0.985962986198242,0.948142081886245
"3749","Nouakchott","B",0.983102836879434,0.969684629303521
"3750","Noumea","B",0.983102836879434,0.957014859280976
"3751","Nova Cruz","A",0.993604140526975,0.98331746194558
"3752","Nova Friburgo","A",0.993604140526975,0.982873031825968
"3753","Nova Iguacu","E",0.988924731182796,0.954060229416927
"3754","Nova Lima","B",0.983102836879434,0.965608360731784
"3755","Nova Vicosa","A",0.985962986198242,0.927060334193782
"3756","Novara","C",0.988288633461049,0.958108011864852
"3757","Novi Sad","C",0.988288633461049,0.950007607734309
"3758","Novo Airao","A",0.993604140526975,0.983407842354153
"3759","Novo Hamburgo","C",0.988288633461049,0.954972537172088
"3760","Novo Horizonte","A",0.985962986198242,0.966641496527134
"3761","Novoaltaysk","B",0.983102836879434,0.958592568328106
"3762","Novocherkassk","B",0.983102836879434,0.965037553202316
"3763","Novokuybishevsk","C",0.984878671775225,0.834406785374607
"3764","Novokuznetsk","C",0.988288633461049,0.953377604717351
"3765","Novomoskovsk","B",0.983102836879434,0.96111506253271
"3766","Novorossiysk","C",0.988288633461049,0.949468364081681
"3767","Novoshakhtinsk","A",0.993604140526975,0.983630073608452
"3768","Novosibirsk","E",0.987741935483871,0.954664300371954
"3769","Novotroitsk","B",0.983102836879434,0.961235582834166
"3770","Novozybkov","A",0.993604140526975,0.982428115691772
"3771","Novyy Urengoy","C",0.984878671775225,0.793852278679145
"3772","Nowra","A",0.993604140526975,0.983700284526569
"3773","Nowy Sacz","A",0.985962986198242,0.976684646011818
"3774","Nsukka","A",0.993604140526975,0.984107972741312
"3775","Nueva Gerona","A",0.993604140526975,0.982824491933789
"3776","Nueva Imperial","A",0.993604140526975,0.984360901309923
"3777","Nueva Rosita","B",0.983102836879434,0.958712422594864
"3778","Nueve de Julio","B",0.983102836879434,0.963983323483779
"3779","Nuevitas","A",0.993604140526975,0.984123701107294
"3780","Nuevo Casas Grandes","A",0.993604140526975,0.98254859374872
"3781","Nuevo Laredo","E",0.987741935483871,0.955844867910383
"3782","Nukualofa","A",0.993604140526975,0.983115502711632
"3783","Nukus","A",0.993604140526975,0.983396179287092
"3784","Numan","A",0.993604140526975,0.984916548268309
"3785","Nuqui","A",0.993604140526975,0.983905493358671
"3786","Nurnberg","B",0.983102836879434,0.965754584782403
"3787","Nusaybin","A",0.985962986198242,0.967681126143146
"3788","Nyagan","C",0.984878671775225,0.95315187931898
"3789","Nyanza","A",0.993604140526975,0.984754157550368
"3790","Nyimba","A",0.993604140526975,0.982740745761122
"3791","Nyiregyhaza","A",0.985962986198242,0.807702791876384
"3792","Nyunzu","A",0.993604140526975,0.982795428829907
"3793","Nzega","A",0.993604140526975,0.98322165823165
"3794","Nzerekore","A",0.993604140526975,0.982345682831633
"3795","Nzeto","A",0.993604140526975,0.983236613868443
"3796","Oak Ridge","B",0.983102836879434,0.964456727183379
"3797","Oakland","C",0.984878671775225,0.953595091347342
"3798","Oamaru","A",0.993604140526975,0.983371026155717
"3799","Oatlands","A",0.993604140526975,0.983092661113838
"3800","Oaxaca","A",0.993604140526975,0.982819967716492
"3801","Ob","F",0.994054054054054,0.983045591292787
"3802","Obando","A",0.993604140526975,0.983274618390715
"3803","Obidos","A",0.993604140526975,0.983524843873146
"3804","Obihiro","B",0.983102836879434,0.96518202959227
"3805","Obninsk","C",0.988288633461049,0.958750716517176
"3806","Obo","A",0.993604140526975,0.983273768449721
"3807","Obock","A",0.993604140526975,0.982630296499381
"3808","Obuasi","A",0.993604140526975,0.984482913232089
"3809","Ocala","B",0.983102836879434,0.959024601905196
"3810","Ocana","A",0.993604140526975,0.982897081999181
"3811","Oceanside","B",0.134391252955083,0.562240007171043
"3812","Ocumare del Tuy","B",0.983102836879434,0.958559467677437
"3813","Odense","B",0.983102836879434,0.966726336618167
"3814","Odessa1","C",0.988288633461049,0.947658398972724
"3815","Odessa2","B",0.977641843971632,0.957952394305131
"3816","Odienne","A",0.993604140526975,0.983424421850365
"3817","Ogbomosho","A",0.993604140526975,0.982394571982326
"3818","Ogden","B",0.983102836879434,0.966496587138615
"3819","Oita","B",0.983102836879434,0.966825394070622
"3820","Ojinaga","A",0.985962986198242,0.966901814585986
"3821","Okahandja","A",0.993604140526975,0.983433050048865
"3822","Okara","D",0.995555555555555,0.851421904756552
"3823","Okayama","B",0.983102836879434,0.967452866166428
"3824","Okha","B",0.983102836879434,0.958750476619153
"3825","Oklahoma City","E",0.988924731182796,0.948847361874533
"3826","Oktyabrsk","A",0.993604140526975,0.983606221771751
"3827","Oktyabrskiy","B",0.983102836879434,0.966576286900734
"3828","Olavarria","C",0.988288633461049,0.956803939535185
"3829","Olbia","C",0.988288633461049,0.95256837693966
"3830","Oldenburg","A",0.993604140526975,0.982259686403169
"3831","Olgiy","A",0.993604140526975,0.984550585914431
"3832","Olinda","C",0.988288633461049,0.953460908848017
"3833","Olmaliq","A",0.993604140526975,0.982729800722288
"3834","Olmos","A",0.993604140526975,0.983756971966889
"3835","Olomouc","B",0.983102836879434,0.957434786945184
"3836","Olongapo","A",0.993604140526975,0.981893618411934
"3837","Olovyannaya","A",0.993604140526975,0.983871766441417
"3838","Olsztyn","B",0.983102836879434,0.966777051532715
"3839","Olympia","B",0.983102836879434,0.96602840344574
"3840","Omagh","A",0.985962986198242,0.958336792855438
"3841","Omaha","E",0.988924731182796,0.955269321074584
"3842","Omdurman","B",0.983102836879434,0.966038407880301
"3843","Ometepec","A",0.993604140526975,0.98378294470592
"3844","Omsk","C",0.984878671775225,0.902990649254837
"3845","Omutninsk","A",0.993604140526975,0.983118217715318
"3846","Ondjiva","A",0.985962986198242,0.976727421217113
"3847","Ondo","A",0.993604140526975,0.983322149398889
"3848","Ondorhaan","A",0.993604140526975,0.982989010247353
"3849","Onega","A",0.993604140526975,0.984384233577819
"3850","Ongjin","A",0.993604140526975,0.98407720357029
"3851","Ongole","A",0.993604140526975,0.983242871294811
"3852","Ongwediva","A",0.993604140526975,0.984464309615134
"3853","Onitsha","A",0.993604140526975,0.984392994176257
"3854","Ontario","B",0.865608747044919,0.581369017240349
"3855","Oostanay","B",0.983102836879434,0.956567951957426
"3856","Opobo","A",0.993604140526975,0.983488493929334
"3857","Opole","B",0.983102836879434,0.958375049873813
"3858","Oradea","B",0.977641843971632,0.835011305083201
"3859","Oral","B",0.983102836879434,0.960355608648293
"3860","Oran","F",0.994054054054054,0.986443389487124
"3861","Orange","A",0.993604140526975,0.983488933534558
"3862","Orange Walk","A",0.993604140526975,0.983172522237246
"3863","Orangeburg","B",0.977641843971632,0.930744425866311
"3864","Orangeville","B",0.983102836879434,0.970511285339181
"3865","Oranjemund","A",0.993604140526975,0.98299113249682
"3866","Oranjestad","B",0.983102836879434,0.957817594863829
"3867","Ordu","A",0.985962986198242,0.966882091686215
"3868","Orebro","C",0.988288633461049,0.948000655781411
"3869","Orekhovo-Zuevo","B",0.983102836879434,0.966012558295848
"3870","Orel","B",0.983102836879434,0.966788978015606
"3871","Orenburg","C",0.984878671775225,0.952770536858408
"3872","Orillia","B",0.983102836879434,0.968311790105871
"3873","Oriximina","A",0.993604140526975,0.984077030116233
"3874","Orizaba","A",0.993604140526975,0.967662649259676
"3875","Orlando","E",0.882258064516129,0.626364510757194
"3876","Orleans","B",0.134391252955083,0.542636809183841
"3877","Orlu","A",0.993604140526975,0.933130720373616
"3878","Ormac","A",0.993604140526975,0.983061862120302
"3879","Ornskoldsvik","B",0.983102836879434,0.964824134653565
"3880","Orocue","A",0.993604140526975,0.983381673488036
"3881","Orongen Zizhiqi","A",0.993604140526975,0.982855089443165
"3882","Orsha","B",0.983102836879434,0.958057327830572
"3883","Orsk","B",0.983102836879434,0.967549089565448
"3884","Orumiyeh","B",0.983102836879434,0.968414421571198
"3885","Oruro","A",0.985962986198242,0.967672241848204
"3886","Osaka","C",0.988288633461049,0.952074756914426
"3887","Osakarovka","A",0.993604140526975,0.982255855013601
"3888","Osh","A",0.993604140526975,0.983929495978901
"3889","Oshawa","C",0.988288633461049,0.955927428589622
"3890","Oshikango","A",0.993604140526975,0.982821273585424
"3891","Oshkosh","B",0.977641843971632,0.957141678720198
"3892","Oshogbo","A",0.993604140526975,0.982540037917415
"3893","Osijek","B",0.983102836879434,0.965768947596489
"3894","Oskemen","B",0.983102836879434,0.965974083723902
"3895","Oslo","E",0.882258064516129,0.621289759413877
"3896","OsnabrÌùck","A",0.993604140526975,0.983693166732101
"3897","Osorio","B",0.983102836879434,0.967814122678087
"3898","Osorno","B",0.983102836879434,0.966180060710279
"3899","Ostersund","B",0.977641843971632,0.957739091275665
"3900","Ostrava","B",0.983102836879434,0.960029731370974
"3901","Otar","A",0.993604140526975,0.982976831133553
"3902","Otaru","A",0.985962986198242,0.967682698999103
"3903","Otjiwarongo","A",0.993604140526975,0.983317916620389
"3904","Otradnyy","B",0.983102836879434,0.972970692552205
"3905","Otsu","B",0.983102836879434,0.966787336160578
"3906","Ottawa","C",0.984878671775225,0.952821189845487
"3907","Ottumwa","B",0.983102836879434,0.971200611950019
"3908","Oturkpo","A",0.993604140526975,0.984138486850726
"3909","Otuzco","A",0.993604140526975,0.982334551835194
"3910","Ouadda","A",0.993604140526975,0.984896757243824
"3911","Ouagadougou","B",0.983102836879434,0.965735686257436
"3912","Ouahigouya","A",0.993604140526975,0.983467993110033
"3913","Ouargla","C",0.984878671775225,0.954404585228297
"3914","Oudtshoorn","A",0.993604140526975,0.983298399822314
"3915","Ouesso","A",0.993604140526975,0.983453529019292
"3916","Ouezzane","A",0.993604140526975,0.983025581272757
"3917","Ouidah","A",0.993604140526975,0.984626542883397
"3918","Oujda","C",0.988288633461049,0.95168714861203
"3919","Oulu","C",0.988288633461049,0.958897568249423
"3920","Oum Hadjer","A",0.993604140526975,0.982897122275028
"3921","Ourense","B",0.977641843971632,0.7801635605843
"3922","Ourinhos","B",0.983102836879434,0.964182450031873
"3923","Outjo","A",0.993604140526975,0.982924947496076
"3924","Ouyen","A",0.993604140526975,0.983027277235607
"3925","Ovalle","B",0.983102836879434,0.957469854228211
"3926","Oviedo","C",0.988288633461049,0.951498402969874
"3927","Owando","A",0.993604140526975,0.98451195071101
"3928","Owensboro","B",0.977641843971632,0.845434460458461
"3929","Owo","A",0.993604140526975,0.983454915638388
"3930","Oxford","B",0.983102836879434,0.964856168466116
"3931","Oxford House","A",0.993604140526975,0.982945471970244
"3932","Oyem","A",0.993604140526975,0.98391491862123
"3933","Oyo","A",0.993604140526975,0.984189890688673
"3934","Oytal","A",0.993604140526975,0.983657169056848
"3935","Ozamis","A",0.993604140526975,0.98241805618296
"3936","Paarl","B",0.983102836879434,0.966329562128577
"3937","Pabna","A",0.993604140526975,0.587580955635139
"3938","Pacasmayo","A",0.993604140526975,0.982723729682066
"3939","Pachuca","B",0.983102836879434,0.960479982601216
"3940","Padang","A",0.993604140526975,0.983130354604363
"3941","Padangpanjang","A",0.993604140526975,0.982633323528116
"3942","Padangsidempuan","A",0.993604140526975,0.982982977376495
"3943","Padilla","A",0.993604140526975,0.982539845508297
"3944","Paducah","B",0.977641843971632,0.966239840437287
"3945","Pagadian","A",0.993604140526975,0.983531494481671
"3946","Pago Pago","A",0.993604140526975,0.984310329997517
"3947","Paita","B",0.983102836879434,0.962903623674289
"3948","Pakalongan","A",0.993604140526975,0.984795828950284
"3949","Pakanbaru","B",0.983102836879434,0.96439429599176
"3950","Pakokku","A",0.993604140526975,0.984372083730167
"3951","Pakwach","A",0.993604140526975,0.983610739135383
"3952","Pakxe","A",0.993604140526975,0.982167317692103
"3953","Pala","A",0.993604140526975,0.982550642719402
"3954","Palangkaraya","A",0.993604140526975,0.983329308211091
"3955","Palapye","A",0.993604140526975,0.983178931748517
"3956","Palatka","B",0.983102836879434,0.969776260170817
"3957","Palembang","B",0.983102836879434,0.967326991036587
"3958","Palermo","C",0.988288633461049,0.948625366865986
"3959","Pali","A",0.993604140526975,0.984946462787704
"3960","Pallasovka","A",0.993604140526975,0.983650362968428
"3961","Palm Coast","B",0.983102836879434,0.95941209114466
"3962","Palm Springs","C",0.988288633461049,0.950382721508744
"3963","Palma","C",0.988288633461049,0.952155582286164
"3964","Palma Soriano","A",0.993604140526975,0.983222926336399
"3965","Palmas","A",0.993604140526975,0.984367893894585
"3966","Palmeira dos Indios","B",0.983102836879434,0.95835228718384
"3967","Palmer","B",0.983102836879434,0.966463202288992
"3968","Palmerston North","B",0.983102836879434,0.959316355175281
"3969","Palopo","A",0.993604140526975,0.983600843201487
"3970","Palu","A",0.993604140526975,0.98498272714555
"3971","Pampa del Infierno","A",0.985962986198242,0.958915746056107
"3972","Pamplona1","A",0.993604140526975,0.983426099121989
"3973","Pamplona2","C",0.988288633461049,0.95667743143533
"3974","Panama City1","C",0.988288633461049,0.952874036978809
"3975","Panama City2","B",0.977641843971632,0.820269554679082
"3976","Panda","A",0.993604140526975,0.983121070601975
"3977","Panevezy","B",0.983102836879434,0.960918137778634
"3978","Pangkalpinang","A",0.993604140526975,0.984223452009509
"3979","Panipat","A",0.993604140526975,0.759424916982466
"3980","Panshi","A",0.993604140526975,0.982400201345287
"3981","Panuco","A",0.993604140526975,0.982642699741832
"3982","Panzhihua","A",0.985962986198242,0.968789694143113
"3983","Papasquiaro","A",0.993604140526975,0.982198123836458
"3984","Paracatu","A",0.993604140526975,0.983692594069956
"3985","Parachinar","A",0.993604140526975,0.982488477452194
"3986","Paracuru","A",0.985962986198242,0.967736730581896
"3987","Paragominas","A",0.993604140526975,0.983639470857691
"3988","Paragould","B",0.983102836879434,0.965301168368194
"3989","Paraguari","A",0.985962986198242,0.938144650106161
"3990","Paraiso","B",0.983102836879434,0.958940547843382
"3991","Parakou","A",0.993604140526975,0.982715092842653
"3992","Paramaribo","B",0.134391252955083,0.516872129298726
"3993","Parana","E",0.988924731182796,0.950811701310956
"3994","Paranagua","B",0.977641843971632,0.955430796685677
"3995","Paranaiba","A",0.985962986198242,0.965641947302791
"3996","Parbhani","A",0.993604140526975,0.983384018332723
"3997","Pardubice","B",0.983102836879434,0.965895006707793
"3998","Parepare","A",0.993604140526975,0.983107111785052
"3999","Paris","E",0.988924731182796,0.947526156871778
"4000","Parkersburg","B",0.983102836879434,0.965670696145685
"4001","Parkes","A",0.993604140526975,0.984578056860638
"4002","Parma","C",0.984878671775225,0.954741920224574
"4003","Parnaiba","B",0.977641843971632,0.884242220408979
"4004","Parnu","B",0.983102836879434,0.965428666441131
"4005","Parowan","A",0.993604140526975,0.982265655639983
"4006","Parras","A",0.993604140526975,0.982200220102596
"4007","Parry Sound","A",0.993604140526975,0.984038332913235
"4008","Partizansk","A",0.993604140526975,0.982327306092484
"4009","Pasadena1","E",0.987741935483871,0.946388580043759
"4010","Pasadena2","E",0.988924731182796,0.958154776683988
"4011","Pasay City","B",0.983102836879434,0.964904239682647
"4012","Paso de los Toros","A",0.985962986198242,0.967385314019596
"4013","Paso Rio Mayo","A",0.993604140526975,0.982306777022686
"4014","Paso Robles","A",0.985962986198242,0.842702442835906
"4015","Passau","A",0.993604140526975,0.983245041663905
"4016","Passo Fundo","B",0.983102836879434,0.959250593941574
"4017","Passos","A",0.993604140526975,0.983057047122342
"4018","Pasto","A",0.993604140526975,0.98311775281332
"4019","Pasuruan","A",0.993604140526975,0.982754143818592
"4020","Paterson","C",0.988288633461049,0.952955110646655
"4021","Pathankot","A",0.993604140526975,0.984337223481465
"4022","Pathein","A",0.993604140526975,0.98265359554368
"4023","Pathum Thani","C",0.988288633461049,0.95727257388039
"4024","Pati","A",0.993604140526975,0.908336366578948
"4025","Patiala","A",0.993604140526975,0.876191604609738
"4026","Pativilca","A",0.993604140526975,0.983094706855953
"4027","Patna","D",0.988148148148148,0.705135757726523
"4028","Patos","B",0.983102836879434,0.964718730796003
"4029","Patra","B",0.983102836879434,0.95602782196015
"4030","Pavlodar","C",0.984878671775225,0.953092017016859
"4031","Paysandu","B",0.977641843971632,0.959131795060707
"4032","Peace River","B",0.983102836879434,0.960127023270652
"4033","Pec1","A",0.993604140526975,0.983024424521498
"4034","Pec2","B",0.983102836879434,0.964865689664835
"4035","Pechora","B",0.983102836879434,0.964821869232483
"4036","Pecos","B",0.983102836879434,0.959295900163631
"4037","Pecs","B",0.983102836879434,0.958634120969938
"4038","Pedreiras","A",0.993604140526975,0.985573991341501
"4039","Pedro Juan Caballero","B",0.977641843971632,0.841644249744088
"4040","Pedro Luro","A",0.985962986198242,0.949372229453872
"4041","Pelotas","B",0.977641843971632,0.930405557025976
"4042","Pematangsiantar","A",0.993604140526975,0.983761325223949
"4043","Pemba","A",0.993604140526975,0.98296032993169
"4044","Penapolis","B",0.983102836879434,0.928294810350671
"4045","Pendleton","A",0.985962986198242,0.967119538100128
"4046","Penedo","A",0.993604140526975,0.985415427890842
"4047","Penola","A",0.993604140526975,0.982859247562457
"4048","Penonome","A",0.993604140526975,0.983221029278571
"4049","Pensacola","C",0.988288633461049,0.953084319657218
"4050","Penticton","B",0.983102836879434,0.958708774235051
"4051","Penza","C",0.988288633461049,0.949917931257867
"4052","Penzance","A",0.993604140526975,0.983241528159537
"4053","Peoria","C",0.988288633461049,0.951608451593732
"4054","Perabumulih","A",0.126395859473024,0.525285807575835
"4055","Pereira","B",0.983102836879434,0.972380414014386
"4056","Pergamino","C",0.988288633461049,0.947751060174261
"4057","Perito Moreno","A",0.993604140526975,0.983373779566378
"4058","Perm","C",0.984878671775225,0.953184241158058
"4059","Pernik","A",0.993604140526975,0.983663478710416
"4060","Perpignan","C",0.984878671775225,0.951816516720261
"4061","Perth1","B",0.983102836879434,0.969277912327201
"4062","Perth2","C",0.988288633461049,0.956327633392124
"4063","Perugia","B",0.983102836879434,0.965213709693058
"4064","Pervouralsk","B",0.983102836879434,0.965873260842126
"4065","Pescara","C",0.984878671775225,0.96565001044337
"4066","Peshawar","A",0.993604140526975,0.859566420456989
"4067","Petatlan","A",0.993604140526975,0.982152634858096
"4068","Peterborough1","B",0.983102836879434,0.970057353869556
"4069","Peterborough2","A",0.993604140526975,0.982935658925774
"4070","Petersburg","B",0.977641843971632,0.930390932957983
"4071","Peto","A",0.993604140526975,0.983039103917028
"4072","Petoskey","A",0.993604140526975,0.983157120635503
"4073","Petrolina","C",0.988288633461049,0.953333133423124
"4074","Petropavlovsk","C",0.984878671775225,0.952028199441771
"4075","Petropavlovsk Kamchatskiy","B",0.977641843971632,0.95815242783411
"4076","Petropolis","B",0.983102836879434,0.968046515655513
"4077","Petrovsk Zabaykalskiy","A",0.993604140526975,0.983118638447173
"4078","Petrozavodsk","C",0.984878671775225,0.958411058555216
"4079","Phan Rang","A",0.993604140526975,0.982425860885082
"4080","Phan Thiet","F",0.994054054054054,0.980725509712853
"4081","Phayao","A",0.993604140526975,0.98311301857634
"4082","Phetchaburi","B",0.983102836879434,0.965375038190879
"4083","Philadelphia","C",0.984878671775225,0.952254097497538
"4084","Phitsanulok","B",0.983102836879434,0.959461206404499
"4085","Phnom Penh","A",0.993604140526975,0.983539303221217
"4086","Phoenix","E",0.988924731182796,0.950711717734318
"4087","Phrae","A",0.993604140526975,0.984917520182724
"4088","Phuket","B",0.983102836879434,0.96811983571107
"4089","Phyarpon","A",0.993604140526975,0.982940356658716
"4090","Pichilemu","A",0.993604140526975,0.983493613010662
"4091","Picos","B",0.983102836879434,0.967219069751095
"4092","Piedras Negras","B",0.134391252955083,0.547993439091572
"4093","Pierre","B",0.983102836879434,0.964636382062198
"4094","Pietermaritzburg","B",0.983102836879434,0.960417311331289
"4095","Pijijiapan","A",0.993604140526975,0.982706757362119
"4096","Pilar","B",0.983102836879434,0.959202493282749
"4097","Pilibhit","A",0.993604140526975,0.942200343075645
"4098","Pimentel","A",0.993604140526975,0.986509833976842
"4099","Pinar del Rio","A",0.993604140526975,0.983342890756353
"4100","Pindamonhangaba","B",0.983102836879434,0.9691552461213
"4101","Pine Bluff","B",0.977641843971632,0.957697125083325
"4102","Pingdingshan","A",0.993604140526975,0.586732826457685
"4103","Pingdu","A",0.993604140526975,0.984374700622624
"4104","Pingliang","A",0.993604140526975,0.983398276484469
"4105","Pingtung","B",0.983102836879434,0.957009908235066
"4106","Pingxiang1","A",0.993604140526975,0.985087092176911
"4107","Pingxiang2","A",0.993604140526975,0.982878316756476
"4108","Pingyi","A",0.993604140526975,0.985021877368667
"4109","Pinheiro","A",0.993604140526975,0.976082444661195
"4110","Pinrang","A",0.993604140526975,0.984471034006649
"4111","Pinsk","A",0.993604140526975,0.982872001507849
"4112","Piracicaba","C",0.988288633461049,0.949818811350653
"4113","PiraiÌ©vs","E",0.987741935483871,0.959686138772225
"4114","Pirapora","A",0.993604140526975,0.983099518899043
"4115","Pirassununga","B",0.983102836879434,0.958934884928092
"4116","Pires do Rio","A",0.993604140526975,0.981798607187848
"4117","Pirgos","A",0.993604140526975,0.982730359121629
"4118","Piripiri","A",0.993604140526975,0.98402949409129
"4119","Pisa","B",0.977641843971632,0.956737864605049
"4120","Pisco","B",0.983102836879434,0.964764156173204
"4121","Pitesti","B",0.983102836879434,0.96836967515274
"4122","Pittsburgh","B",0.977641843971632,0.807224473420564
"4123","Pittsfield","A",0.985962986198242,0.966663336507281
"4124","Piura","B",0.977641843971632,0.857632150822286
"4125","Pizen","B",0.983102836879434,0.957488736271143
"4126","Placetas","A",0.993604140526975,0.984182634044862
"4127","Plast","A",0.993604140526975,0.982673782216811
"4128","Plattsburg","B",0.983102836879434,0.958601937454802
"4129","Play Ku","A",0.993604140526975,0.983684896606222
"4130","Pleven","B",0.983102836879434,0.957785363670249
"4131","Plock","C",0.988288633461049,0.948786477825014
"4132","Ploiesti","B",0.977641843971632,0.953910486664039
"4133","Plovdiv","C",0.874010217113667,0.573651866179459
"4134","Plumtree","A",0.993604140526975,0.9830371172969
"4135","Plymouth","B",0.983102836879434,0.96529144083473
"4136","Pocatello","B",0.983102836879434,0.919857298964081
"4137","Pochutla","A",0.993604140526975,0.984489702417336
"4138","Pocos de Caldas","A",0.993604140526975,0.983856887565607
"4139","Podgorica","C",0.988288633461049,0.950616032441938
"4140","Podolsk","E",0.988924731182796,0.9524258822062
"4141","Poffader","A",0.993604140526975,0.982677319581832
"4142","Pohang","C",0.988288633461049,0.959829274587441
"4143","Pointe-a-Pitre","B",0.983102836879434,0.956137696550504
"4144","Pointe-Noire","B",0.977641843971632,0.901894282591241
"4145","Poitier","B",0.983102836879434,0.966315962768895
"4146","Pokrovsk","B",0.983102836879434,0.96239539719991
"4147","Pol-e Khomri","A",0.993604140526975,0.983085412509256
"4148","Polatli","B",0.983102836879434,0.961417360053479
"4149","Polatsk","A",0.985962986198242,0.916939610655044
"4150","Polevskoy","B",0.983102836879434,0.95996272845739
"4151","Polokwane","B",0.983102836879434,0.965154534838641
"4152","Polson","A",0.993604140526975,0.983346072700099
"4153","Poltava","A",0.985962986198242,0.968407641137965
"4154","Polyarnyy","B",0.983102836879434,0.963929408776464
"4155","Ponca City","B",0.983102836879434,0.964611698423286
"4156","Ponce","C",0.988288633461049,0.952743188672922
"4157","Pondicherry","D",0.991481481481482,0.68668275121976
"4158","Ponta Grossa","B",0.983102836879434,0.96423292963887
"4159","Ponta Pora","B",0.977641843971632,0.805408910148492
"4160","Ponte Nova","A",0.993604140526975,0.982519594026174
"4161","Pontes e Lacerda","A",0.993604140526975,0.968829066337204
"4162","Pontiac","C",0.988288633461049,0.958688548366086
"4163","Pontianak","A",0.985962986198242,0.967942070694193
"4164","Popayan","A",0.993604140526975,0.983610189905987
"4165","Poplar Bluff","B",0.983102836879434,0.965649441341569
"4166","Popondetta","A",0.993604140526975,0.984021039401373
"4167","Porbandar","A",0.993604140526975,0.983500536015415
"4168","Pori","C",0.988288633461049,0.954658784507761
"4169","Porlamar","C",0.988288633461049,0.871256609167241
"4170","Poronaysk","A",0.985962986198242,0.844697298384514
"4171","Port Alfred","A",0.993604140526975,0.983297436489433
"4172","Port Arthur","E",0.988924731182796,0.952802478397989
"4173","Port Augusta","A",0.993604140526975,0.982953754774228
"4174","Port Blair","A",0.993604140526975,0.982585771655341
"4175","Port Charlotte","B",0.983102836879434,0.965640428828596
"4176","Port Douglas","A",0.993604140526975,0.984596166297374
"4177","Port Elizabeth","C",0.988288633461049,0.947493635193424
"4178","Port Harcourt","A",0.993604140526975,0.966654815982803
"4179","Port Hardy","A",0.993604140526975,0.982487033559297
"4180","Port Hedland","C",0.988288633461049,0.951249761024198
"4181","Port Hope Simpson","A",0.993604140526975,0.983360433660575
"4182","Port Lavaca","B",0.983102836879434,0.965786801821962
"4183","Port Lincoln","A",0.993604140526975,0.982772959792224
"4184","Port Louis","A",0.985962986198242,0.853196141858954
"4185","Port Macquarie","A",0.993604140526975,0.982926820123234
"4186","Port Moresby","B",0.983102836879434,0.968976455587562
"4187","Port Pirie","A",0.993604140526975,0.982886257546036
"4188","Port Shepstone","A",0.993604140526975,0.982349049887199
"4189","Port Sudan","B",0.983102836879434,0.967559252535673
"4190","Port-au-Prince","A",0.993604140526975,0.984278892571235
"4191","Port-Gentil","B",0.983102836879434,0.959132226018072
"4192","Port-of-Spain","C",0.984878671775225,0.808960728882447
"4193","Port-Vila","A",0.993604140526975,0.983278480485283
"4194","Portachuelo","A",0.993604140526975,0.982915449172368
"4195","Portel","B",0.983102836879434,0.961824906562095
"4196","Portimao","C",0.988288633461049,0.957298520532528
"4197","Portland1","B",0.983102836879434,0.961261556158043
"4198","Portland2","C",0.988288633461049,0.950776980794254
"4199","Portland3","A",0.993604140526975,0.984015392715354
"4200","Porto","C",0.988288633461049,0.951651156110135
"4201","Porto Alegre","C",0.984878671775225,0.833287845391501
"4202","Porto Nacional","A",0.985962986198242,0.968444862461439
"4203","Porto Santana","B",0.977641843971632,0.956840475992415
"4204","Porto Seguro","B",0.983102836879434,0.965574707119269
"4205","Porto Uniao","A",0.993604140526975,0.984204269178783
"4206","Porto Velho","C",0.984878671775225,0.953648824725467
"4207","Porto-Novo","A",0.993604140526975,0.983714280944605
"4208","Portoviejo","B",0.977641843971632,0.92817935472451
"4209","Portsmouth","B",0.983102836879434,0.965380619158139
"4210","Porvoo","B",0.977641843971632,0.93945801460307
"4211","Posadas","C",0.984878671775225,0.962621698797413
"4212","Poso","A",0.993604140526975,0.983075027541299
"4213","Potchefstroom","A",0.985962986198242,0.967838226018016
"4214","Poti","B",0.983102836879434,0.960294865876094
"4215","Potiskum","A",0.993604140526975,0.982005295529644
"4216","Potosi","A",0.993604140526975,0.984199069675989
"4217","Potsdam","B",0.983102836879434,0.964839963069539
"4218","Poughkeepsie","B",0.983102836879434,0.966217982006252
"4219","Pouso Alegre","B",0.983102836879434,0.958771471987661
"4220","Powell","A",0.993604140526975,0.983767384068836
"4221","Powell River","A",0.993604140526975,0.982814004609905
"4222","Poza Rica de Hidalgo","C",0.984878671775225,0.912278487865435
"4223","Poznan","C",0.988288633461049,0.956575499423286
"4224","Prachin Buri","A",0.993604140526975,0.983812293026341
"4225","Prague","C",0.988288633461049,0.953773093058832
"4226","Praia","A",0.993604140526975,0.967298501489116
"4227","Praya","A",0.993604140526975,0.983704454158098
"4228","Prescott","A",0.993604140526975,0.982182276025559
"4229","Presidencia Roque Saenz Pena","C",0.984878671775225,0.955793571253173
"4230","Presidente Prudente","B",0.983102836879434,0.961243528963758
"4231","Presov","A",0.985962986198242,0.977601041813878
"4232","Pretoria","C",0.912579821200512,0.775641627954919
"4233","Price","A",0.993604140526975,0.983398528399064
"4234","Prieska","A",0.993604140526975,0.982533734578982
"4235","Prijedor","A",0.993604140526975,0.983891694490181
"4236","Prince Albert","B",0.983102836879434,0.955043778901068
"4237","Prince George","B",0.983102836879434,0.964355135134788
"4238","Principe da Beira","A",0.993604140526975,0.9835620761424
"4239","Pristina","B",0.983102836879434,0.966820007754322
"4240","Prizren","A",0.993604140526975,0.966156601964142
"4241","Probolinggo","A",0.993604140526975,0.983941284348288
"4242","Proddatur","A",0.993604140526975,0.982873572760282
"4243","Progreso","B",0.983102836879434,0.958799058335124
"4244","Progress","A",0.993604140526975,0.983651522640492
"4245","Prokopyevsk","B",0.983102836879434,0.9585557577566
"4246","Proserpine","A",0.993604140526975,0.983359342586727
"4247","Providence","C",0.988288633461049,0.953082407729324
"4248","Provideniya","A",0.993604140526975,0.981914429590822
"4249","Provo","B",0.983102836879434,0.964877382987552
"4250","Przemysl","A",0.993604140526975,0.983007125592247
"4251","Pskov","B",0.977641843971632,0.956230563604756
"4252","Pucallpa","B",0.983102836879434,0.968571233706336
"4253","Puebla","B",0.983102836879434,0.963054867358298
"4254","Pueblo","B",0.983102836879434,0.964526317075756
"4255","Puerto Aisen","A",0.993604140526975,0.983824507501706
"4256","Puerto Armuelles","A",0.993604140526975,0.983492443052747
"4257","Puerto Ayacucho","B",0.983102836879434,0.964629185861393
"4258","Puerto Barrios","A",0.985962986198242,0.9762811509778
"4259","Puerto Berrio","A",0.993604140526975,0.983013706051682
"4260","Puerto Cabezas","A",0.993604140526975,0.982188513249999
"4261","Puerto Carreno","A",0.993604140526975,0.984122081059194
"4262","Puerto Deseado","B",0.983102836879434,0.965465598168298
"4263","Puerto Escondido","A",0.993604140526975,0.984495169807096
"4264","Puerto la Cruz","E",0.987741935483871,0.953019373400197
"4265","Puerto Lempira","A",0.993604140526975,0.985649923460544
"4266","Puerto Limon","B",0.983102836879434,0.904688817634828
"4267","Puerto Lopez","A",0.993604140526975,0.984414922070181
"4268","Puerto Madryn","C",0.984878671775225,0.841556847866207
"4269","Puerto Maldonado","A",0.993604140526975,0.983428744679802
"4270","Puerto Montt","B",0.983102836879434,0.965184248325549
"4271","Puerto Natales","B",0.983102836879434,0.963401832338883
"4272","Puerto Princesa","A",0.993604140526975,0.985281896005034
"4273","Puerto San Julian","B",0.983102836879434,0.95792270356688
"4274","Puerto Vallarta","B",0.983102836879434,0.965511315987618
"4275","Puerto Varas","A",0.985962986198242,0.966893345685836
"4276","Pugachev","A",0.993604140526975,0.98281593801047
"4277","Pukatawagan","A",0.993604140526975,0.983473546580976
"4278","Pula","B",0.977641843971632,0.957116409097031
"4279","Punata","A",0.993604140526975,0.982644470256677
"4280","Pune","A",0.985962986198242,0.797711359092262
"4281","Puno","A",0.993604140526975,0.983644597822397
"4282","Punta Alta","B",0.983102836879434,0.964928347952282
"4283","Punta Arenas","B",0.977641843971632,0.848150885581839
"4284","Punta del Este","B",0.983102836879434,0.959030654784849
"4285","Punta Gorda","A",0.993604140526975,0.98518793188507
"4286","Punta Prieta","A",0.993604140526975,0.983245085846872
"4287","Puntarenas","A",0.985962986198242,0.915656791364608
"4288","Punto Fijo","F",0.994054054054054,0.982552858116993
"4289","Puqi","A",0.993604140526975,0.982626715228954
"4290","Puquio","A",0.993604140526975,0.98308565588721
"4291","Puri","A",0.993604140526975,0.985589526388161
"4292","Purnia","D",0.995555555555555,0.849492551532397
"4293","Pursat","A",0.993604140526975,0.98340055537381
"4294","Putian","B",0.983102836879434,0.965781990382021
"4295","Putrajaya","C",0.984878671775225,0.873699634894019
"4296","Puyang","D",0.991481481481482,0.641881948625159
"4297","Pyatigorsk","A",0.993604140526975,0.982335648666893
"4298","Pyay","A",0.993604140526975,0.982948456381368
"4299","Pyongsan","A",0.993604140526975,0.982442570625986
"4300","Pyongyang","A",0.993604140526975,0.983273444476297
"4301","Pyu","A",0.993604140526975,0.984352773425812
"4302","Qaanaq","A",0.993604140526975,0.98185737782751
"4303","Qairouan","B",0.983102836879434,0.965309336591515
"4304","Qal at Bishah","C",0.984878671775225,0.952253386220866
"4305","Qaminis","B",0.977641843971632,0.963652602692675
"4306","Qapshaghay","A",0.993604140526975,0.984704337985771
"4307","Qaraghandy","B",0.977641843971632,0.965681812565264
"4308","Qaratau","A",0.993604140526975,0.981833565641949
"4309","Qarazhal","A",0.993604140526975,0.982923563970233
"4310","Qarqaraly","A",0.993604140526975,0.982643891701179
"4311","Qarshi","A",0.993604140526975,0.982804871537658
"4312","Qasr-e Shirin","A",0.985962986198242,0.938631698698483
"4313","Qasserine","A",0.985962986198242,0.977064290900845
"4314","Qazaly","A",0.993604140526975,0.984073975129822
"4315","Qazvin","B",0.983102836879434,0.968104904957439
"4316","Qena","C",0.984878671775225,0.827301291871116
"4317","Qingan","A",0.993604140526975,0.982897342610589
"4318","Qingdao","B",0.983102836879434,0.967731122605267
"4319","Qinggang","A",0.993604140526975,0.984022690918266
"4320","Qingyuan","B",0.983102836879434,0.959849043348473
"4321","Qinhuangdao","A",0.993604140526975,0.982268067503909
"4322","Qinzhou","A",0.985962986198242,0.968005561852407
"4323","Qiqihar","C",0.988288633461049,0.920654070644849
"4324","Qitaihe","A",0.993604140526975,0.982871964230849
"4325","Qom","C",0.988288633461049,0.950434602310388
"4326","Qomsheh","A",0.993604140526975,0.967996614317668
"4327","Qoqon","A",0.993604140526975,0.985552792760457
"4328","Quang Ngai","A",0.993604140526975,0.982855295653431
"4329","Quang Tri","A",0.993604140526975,0.984035779810741
"4330","Quanzhou","B",0.983102836879434,0.956335850932912
"4331","Quarai","A",0.985962986198242,0.851815116129581
"4332","Quchan","A",0.993604140526975,0.982894611411738
"4333","Queanbeyan","A",0.985962986198242,0.933938208531668
"4334","Quebec","C",0.125989782886335,0.603524638237203
"4335","Queenstown1","A",0.993604140526975,0.983837963725297
"4336","Queenstown2","A",0.993604140526975,0.983391883623096
"4337","Queenstown3","A",0.993604140526975,0.982494524744485
"4338","Quelimane","A",0.993604140526975,0.983946531241612
"4339","Quellon","A",0.993604140526975,0.983869183538263
"4340","Queretaro","C",0.988288633461049,0.952689632837174
"4341","Quesada","A",0.993604140526975,0.983754856875694
"4342","Quetta","A",0.993604140526975,0.976401104001306
"4343","Quetzaltenango","A",0.993604140526975,0.983516839073766
"4344","Quezon City","A",0.993604140526975,0.903916288247988
"4345","Qui Nhon","A",0.993604140526975,0.983244020576248
"4346","Quibala","A",0.993604140526975,0.983100151126052
"4347","Quibdo","A",0.993604140526975,0.983793463979107
"4348","Quiemo","A",0.993604140526975,0.983238138955975
"4349","Quillacollo","B",0.983102836879434,0.966708754151212
"4350","Quillota","B",0.983102836879434,0.960111656155924
"4351","Quilon","A",0.993604140526975,0.98348340673181
"4352","Quime","A",0.993604140526975,0.984277437357329
"4353","Quincy","B",0.983102836879434,0.957613053376723
"4354","Quinhagak","A",0.993604140526975,0.983198504912193
"4355","Quipungo","A",0.993604140526975,0.983383428860511
"4356","Quirihue","A",0.993604140526975,0.983329705728118
"4357","Quissico","A",0.993604140526975,0.983553924184766
"4358","Quito","B",0.983102836879434,0.965667494006317
"4359","Quixada","A",0.985962986198242,0.959820299728944
"4360","Qulan","A",0.993604140526975,0.983222050808152
"4361","Qulsary","A",0.993604140526975,0.983053084531092
"4362","Qunghirot","A",0.993604140526975,0.984085966506355
"4363","Qurghonteppa","A",0.993604140526975,0.983173796595667
"4364","Qusmuryn","A",0.993604140526975,0.982683334976359
"4365","Quzhou","A",0.993604140526975,0.983496725879374
"4366","Qyzylorda","B",0.134391252955083,0.498097391485347
"4367","Raba","A",0.993604140526975,0.983928430312272
"4368","Rabat","B",0.134391252955083,0.517160119639233
"4369","Rabaul","A",0.993604140526975,0.983097121839388
"4370","Rach Gia","A",0.993604140526975,0.98288693378135
"4371","Racine","C",0.988288633461049,0.928331110676767
"4372","Radom","B",0.983102836879434,0.963889667778048
"4373","Rafaela","C",0.984878671775225,0.797373536578679
"4374","Rafha","E",0.988924731182796,0.959879988795902
"4375","Ragusa","B",0.977641843971632,0.956559107530931
"4376","Rahimyar Khan","A",0.993604140526975,0.982933362347548
"4377","Raichur","A",0.993604140526975,0.968331147239062
"4378","Raipur","B",0.983102836879434,0.964134976679299
"4379","Rajahmundry","A",0.993604140526975,0.842362993288363
"4380","Rajapalaiyam","A",0.993604140526975,0.984494747670457
"4381","Rajkot","B",0.983102836879434,0.966217026463483
"4382","Rajshahi","G",0.998181818181818,0.903797756476328
"4383","Raleigh","C",0.988288633461049,0.951725327335725
"4384","Rampur","D",0.991481481481482,0.659120383476205
"4385","Rancagua","C",0.988288633461049,0.957515405950167
"4386","Ranchi","A",0.993604140526975,0.982784490194836
"4387","Rangoon","B",0.983102836879434,0.96776711079697
"4388","Rangpur","D",0.991481481481482,0.692916926359972
"4389","Rankin Inlet","A",0.993604140526975,0.976010815609695
"4390","Rapid City","B",0.983102836879434,0.95729309403214
"4391","Ras al Khaymah","E",0.988924731182796,0.947183916780992
"4392","Rashid","B",0.983102836879434,0.965475928906173
"4393","Rasht","B",0.983102836879434,0.957077145142096
"4394","Ratchaburi","B",0.983102836879434,0.970080201656111
"4395","Ratlam","A",0.993604140526975,0.982622831387873
"4396","Raton","A",0.993604140526975,0.982528856065802
"4397","Raub","A",0.993604140526975,0.984246977391684
"4398","Raurkela","B",0.983102836879434,0.968644031546532
"4399","Ravenna","C",0.988288633461049,0.950684171942007
"4400","Ravensthorpe","A",0.993604140526975,0.982882764279374
"4401","Rawalpindi","A",0.993604140526975,0.902140926188366
"4402","Rawlins","A",0.993604140526975,0.982931579507423
"4403","Rawson","C",0.988288633461049,0.949417627646509
"4404","Rayevskiy","A",0.993604140526975,0.982818697310495
"4405","Rayong","C",0.988288633461049,0.954884716341374
"4406","Reading","B",0.983102836879434,0.965857144030012
"4407","Recife","C",0.984878671775225,0.95542170929703
"4408","Reconquista","C",0.988288633461049,0.959745363958002
"4409","Red Deer","C",0.988288633461049,0.957886657923567
"4410","Red Lake","A",0.993604140526975,0.982882603428809
"4411","Redding","B",0.983102836879434,0.965833940549479
"4412","Regensburg","A",0.985962986198242,0.959121039045877
"4413","Reggane","A",0.985962986198242,0.968818659516405
"4414","Reggio di Calabria","B",0.983102836879434,0.958824918213834
"4415","Regina","C",0.984878671775225,0.819527443327339
"4416","Registro","A",0.985962986198242,0.802930929814558
"4417","Rehoboth","A",0.993604140526975,0.985587543140563
"4418","Reims","C",0.988288633461049,0.948848373763081
"4419","Rennes","C",0.988288633461049,0.950575454236395
"4420","Reno","B",0.983102836879434,0.965441538003608
"4421","Resistencia","C",0.984878671775225,0.724811076139532
"4422","Resita","A",0.993604140526975,0.984008662961695
"4423","Revelstoke","A",0.993604140526975,0.983134787587578
"4424","Reykjavik","E",0.882258064516129,0.60760007623353
"4425","Reynosa","E",0.882258064516129,0.614915343121693
"4426","Rezekne","A",0.993604140526975,0.967487999653305
"4427","Rhinelander","A",0.985962986198242,0.86733098112
"4428","Ribeirao Preto","C",0.988288633461049,0.953894073196925
"4429","Riberalta","A",0.993604140526975,0.982263033133916
"4430","Richland","B",0.977641843971632,0.957206777283398
"4431","Richmond1","C",0.988288633461049,0.950350064343567
"4432","Richmond2","A",0.993604140526975,0.982326923159287
"4433","Richmond3","B",0.977641843971632,0.965016257928011
"4434","Richmond4","A",0.993604140526975,0.982854913739166
"4435","Richmond5","A",0.993604140526975,0.983132653737922
"4436","Rida","A",0.993604140526975,0.982999994361266
"4437","Ridder","A",0.993604140526975,0.982851504366907
"4438","Riga","C",0.984878671775225,0.95225949180409
"4439","Rigolet","A",0.993604140526975,0.983382696079225
"4440","Rijeka","B",0.983102836879434,0.963384475578736
"4441","Rimouski","B",0.983102836879434,0.957735054443758
"4442","Rio Bueno","A",0.993604140526975,0.982925350205307
"4443","Rio Claro","B",0.983102836879434,0.968095626989965
"4444","Rio Colorado","A",0.993604140526975,0.976048855577893
"4445","Rio Cuarto","C",0.988288633461049,0.953962634995016
"4446","Rio de Janeiro","E",0.987741935483871,0.952343024597233
"4447","Rio Gallegos","C",0.988288633461049,0.952075930180039
"4448","Rio Grande1","B",0.977641843971632,0.949256025777036
"4449","Rio Grande2","C",0.988288633461049,0.958983934116383
"4450","Rio Largo","A",0.985962986198242,0.957642761262198
"4451","Rio Negro","A",0.993604140526975,0.983621804573614
"4452","Rio Tercero","B",0.983102836879434,0.966075089152884
"4453","Rio Verde1","A",0.993604140526975,0.983275786511647
"4454","Rio Verde2","B",0.983102836879434,0.968270267066077
"4455","Riobamba","A",0.993604140526975,0.983117316615251
"4456","Riohacha","B",0.983102836879434,0.96587104546228
"4457","Rivas","A",0.993604140526975,0.983227696281322
"4458","Rivera","B",0.983102836879434,0.966630311228691
"4459","Riverside","E",0.988924731182796,0.947590678272951
"4460","Riverton","A",0.993604140526975,0.983906083728452
"4461","Riviere-du-Loup","B",0.983102836879434,0.968568905991488
"4462","Rivne","A",0.985962986198242,0.968869821327815
"4463","Riyadh","F",0.994054054054054,0.982464610961449
"4464","Rize","A",0.993604140526975,0.98376687756748
"4465","Rizhao","A",0.985962986198242,0.845022300650042
"4466","Roanne","B",0.983102836879434,0.968605018086898
"4467","Roanoke","B",0.983102836879434,0.958233847146929
"4468","Robertsport","A",0.993604140526975,0.983000424066669
"4469","Robore","A",0.993604140526975,0.98525932678629
"4470","Rocha","B",0.983102836879434,0.959207197399985
"4471","Rochester1","C",0.988288633461049,0.954295234955021
"4472","Rochester2","C",0.988288633461049,0.92582540375683
"4473","Rock Hill","C",0.874010217113667,0.560278291189088
"4474","Rock Island","C",0.988288633461049,0.954590942230375
"4475","Rockford","C",0.988288633461049,0.951928264755683
"4476","Rockhampton","B",0.983102836879434,0.961992037175211
"4477","Rocky Mount","B",0.977641843971632,0.93095194648427
"4478","Rodeo","A",0.993604140526975,0.983278655788878
"4479","Rodos","B",0.983102836879434,0.966232275159012
"4480","Roebourne","A",0.993604140526975,0.982905539429634
"4481","Rohtak","A",0.993604140526975,0.983874855709509
"4482","Rolim de Moura","A",0.993604140526975,0.98230935693467
"4483","Roma","A",0.993604140526975,0.98233427042325
"4484","Rome","E",0.988924731182796,0.95483062864717
"4485","Rondonopolis","C",0.988288633461049,0.953253439029952
"4486","Rosario do Sul","A",0.985962986198242,0.977140741737798
"4487","Rosario1","E",0.987741935483871,0.956057546609234
"4488","Rosario2","A",0.993604140526975,0.985152972280511
"4489","Rosario3","A",0.993604140526975,0.982956070334538
"4490","Roseau","A",0.993604140526975,0.982504366890918
"4491","Roseburg","A",0.993604140526975,0.968820080998284
"4492","Rosenheim","A",0.993604140526975,0.982450894128717
"4493","Roskilde","B",0.983102836879434,0.961607205347507
"4494","Roslavl","A",0.985962986198242,0.968334863517754
"4495","Rosso","A",0.993604140526975,0.983979447888249
"4496","Rostock","B",0.983102836879434,0.966368877704307
"4497","Rostov1","C",0.988288633461049,0.950402656902557
"4498","Rostov2","B",0.983102836879434,0.960015578684532
"4499","Roswell","B",0.983102836879434,0.958192733400202
"4500","Rotorua","A",0.993604140526975,0.98264618048003
"4501","Rotterdam","F",0.994054054054054,0.98329400219939
"4502","Rouen","C",0.988288633461049,0.948799229606375
"4503","Roura","A",0.993604140526975,0.983230888781047
"4504","Rouyn-Noranda","B",0.983102836879434,0.96611407893225
"4505","Rovaniemi","C",0.988288633461049,0.952065843938737
"4506","Roxas","A",0.993604140526975,0.982197535792247
"4507","Rubtsovsk","A",0.985962986198242,0.968131475428357
"4508","Rudny","B",0.983102836879434,0.966582941426317
"4509","Ruhengeri","A",0.993604140526975,0.982979591218331
"4510","Rumbek","A",0.993604140526975,0.983799906358618
"4511","Rundu","A",0.993604140526975,0.984461680095588
"4512","Ruse","B",0.983102836879434,0.959616576517295
"4513","Russas","B",0.983102836879434,0.964952839729065
"4514","Rustavi","A",0.985962986198242,0.976010536008799
"4515","Rustenburg","B",0.983102836879434,0.968011887501536
"4516","Ruteng","A",0.993604140526975,0.98287273667548
"4517","Ruzayevka","A",0.993604140526975,0.985164631487593
"4518","Ryazan","C",0.988288633461049,0.951663794484889
"4519","Rybinsk","B",0.983102836879434,0.960449119082272
"4520","Rzeszow","B",0.983102836879434,0.968559823406596
"4521","Rzhev","A",0.985962986198242,0.947758066367126
"4522","Saarbrucken","B",0.983102836879434,0.961997040360401
"4523","Sabanalarga","A",0.993604140526975,0.982777461394476
"4524","Sabha","C",0.988288633461049,0.950375050553732
"4525","Sabinas Hidalgo","A",0.993604140526975,0.964761615920921
"4526","Sabzewar","B",0.983102836879434,0.960950594085383
"4527","Sacramento","C",0.984878671775225,0.95628434478574
"4528","Sadah","A",0.993604140526975,0.983315829545912
"4529","Sadiqabad","A",0.993604140526975,0.983266346018006
"4530","Safford","A",0.993604140526975,0.982942198934575
"4531","Safi","B",0.977641843971632,0.95845466581604
"4532","Safonovo","A",0.985962986198242,0.947000515834936
"4533","Sagar","A",0.993604140526975,0.98399180507669
"4534","Saginaw1","C",0.912579821200512,0.769450798371139
"4535","Saginaw2","B",0.983102836879434,0.970139980221337
"4536","Sagua la Grande","A",0.993604140526975,0.982700718151923
"4537","Saharanpur","D",0.995555555555555,0.831960486732957
"4538","Sahiwal","D",0.991481481481482,0.674660742967228
"4539","Saida1","B",0.983102836879434,0.959524819805222
"4540","Saida2","B",0.983102836879434,0.961170843406255
"4541","Saidpur","D",0.995555555555555,0.854449478423039
"4542","Saidu","A",0.993604140526975,0.984664244462004
"4543","Saint GeorgeÛªs","A",0.993604140526975,0.982755810894109
"4544","Saint John's","B",0.983102836879434,0.957786417059341
"4545","Saint-Etienne","B",0.977641843971632,0.957968366707266
"4546","Saint-Georges1","B",0.983102836879434,0.963661825451458
"4547","Saint-Georges2","A",0.993604140526975,0.983025764419184
"4548","Saint-Laurent-du-Maroni","A",0.985962986198242,0.808611310628073
"4549","Saint-Louis","A",0.993604140526975,0.983852851527626
"4550","Sakata","A",0.993604140526975,0.983218438079808
"4551","Sakhon Nakhon","A",0.993604140526975,0.983240718948761
"4552","Saki","A",0.993604140526975,0.982925504118829
"4553","Salalah","E",0.987741935483871,0.819787728438815
"4554","Salamanca1","C",0.988288633461049,0.95268842238405
"4555","Salamanca2","A",0.993604140526975,0.983810091462653
"4556","Salamanca3","B",0.977641843971632,0.814487921352906
"4557","Salatiga","A",0.993604140526975,0.982632127781677
"4558","Salavat","C",0.988288633461049,0.955167050168925
"4559","Salaverry","A",0.993604140526975,0.984506162899412
"4560","Saldanha","B",0.983102836879434,0.960376078935175
"4561","Sale","A",0.993604140526975,0.985322357501887
"4562","Salekhard","E",0.988924731182796,0.947592662240591
"4563","Salem1","C",0.988288633461049,0.948504166272731
"4564","Salem2","B",0.977641843971632,0.956949871199521
"4565","Salem3","A",0.993604140526975,0.931167664385294
"4566","Salerno","C",0.988288633461049,0.951620512424217
"4567","Salgueiro","A",0.985962986198242,0.976831813192304
"4568","Salima","A",0.993604140526975,0.981714666881399
"4569","Salina","B",0.983102836879434,0.965665108188757
"4570","Salina Cruz","F",0.994054054054054,0.985413905492823
"4571","Salinas1","B",0.977641843971632,0.95612598614412
"4572","Salinas2","A",0.993604140526975,0.982733073945686
"4573","Salinopolis","B",0.865608747044919,0.501307943889189
"4574","Salisbury","B",0.983102836879434,0.960455485202541
"4575","Salluit","A",0.993604140526975,0.983235309242925
"4576","Salmon","A",0.993604140526975,0.984338470021608
"4577","Salsk","A",0.985962986198242,0.939181316775571
"4578","Salt Lake City","C",0.912579821200512,0.750615995117088
"4579","Salta","C",0.988288633461049,0.953076054765479
"4580","Saltillo","B",0.977641843971632,0.958079022074477
"4581","Salto","C",0.988288633461049,0.954438189673296
"4582","Salum","A",0.993604140526975,0.967561329172638
"4583","Salvador","E",0.988924731182796,0.876987869211713
"4584","Salzburg","A",0.126395859473024,0.525966829213763
"4585","Samalut","B",0.983102836879434,0.966617489316583
"4586","Samandagi","A",0.993604140526975,0.983702139869498
"4587","Samara","C",0.984878671775225,0.949791887712424
"4588","Samarinda","A",0.126395859473024,0.55355608622876
"4589","Samarqand","A",0.993604140526975,0.982945779327211
"4590","Sambalpur","A",0.993604140526975,0.982775588183792
"4591","Sambava","A",0.993604140526975,0.982665336148165
"4592","Same","A",0.993604140526975,0.984232892924128
"4593","Sampit","A",0.993604140526975,0.982976687924693
"4594","Samsun","B",0.983102836879434,0.964212999637711
"4595","Samut Prakan","C",0.984878671775225,0.958839425952505
"4596","San","A",0.993604140526975,0.982802725667496
"4597","San Angelo","B",0.983102836879434,0.969009981642932
"4598","San Antonio de los Banos","A",0.993604140526975,0.985329526920598
"4599","San Antonio Oeste","B",0.983102836879434,0.966885884066667
"4600","San Antonio1","E",0.988924731182796,0.945342048590309
"4601","San Antonio2","B",0.983102836879434,0.956780209267228
"4602","San Bernardino","E",0.988924731182796,0.86702586097725
"4603","San Bernardo","C",0.984878671775225,0.904479733075302
"4604","San Carlos","A",0.993604140526975,0.983475069187761
"4605","San Carlos de Bariloche","B",0.983102836879434,0.968180173374254
"4606","San Carlos del Zulia","A",0.985962986198242,0.864014852266861
"4607","San Cristobal","B",0.983102836879434,0.966419823553273
"4608","San Cristobal de Las Casas","A",0.993604140526975,0.983654451249779
"4609","San Diego","C",0.988288633461049,0.950680155053507
"4610","San Felipe1","B",0.983102836879434,0.937786594148465
"4611","San Felipe2","B",0.983102836879434,0.9653022977219
"4612","San Fernando de Apure","B",0.983102836879434,0.957539246102283
"4613","San Fernando1","E",0.988924731182796,0.94815785320786
"4614","San Fernando2","A",0.126395859473024,0.541055487087252
"4615","San Fernando3","B",0.983102836879434,0.960510207388394
"4616","San Francisco de Macoris","B",0.983102836879434,0.96078968775547
"4617","San Francisco1","C",0.984878671775225,0.951426393465861
"4618","San Francisco2","C",0.988288633461049,0.786291338748051
"4619","San Gabriel","A",0.993604140526975,0.985272971952237
"4620","San Ignacio","A",0.993604140526975,0.983298122105779
"4621","San Javier","A",0.993604140526975,0.983081310995765
"4622","San Jose de Mayo","C",0.988288633461049,0.923694640997363
"4623","San Jose del Guaviare","A",0.993604140526975,0.983596783969795
"4624","San Jose1","B",0.977641843971632,0.958221489385602
"4625","San Jose2","A",0.993604140526975,0.983208804350188
"4626","San Jose3","C",0.984878671775225,0.951847119644868
"4627","San Juan Bautista","A",0.985962986198242,0.97631340678862
"4628","San Juan del Rio","A",0.985962986198242,0.945998196289593
"4629","San Juan del Sur","A",0.993604140526975,0.982233967529091
"4630","San Juan1","B",0.977641843971632,0.955005066387883
"4631","San Juan2","C",0.988288633461049,0.950709527228359
"4632","San Justo","B",0.977641843971632,0.957350757379834
"4633","San Lorenzo1","A",0.993604140526975,0.983812722378008
"4634","San Lorenzo2","C",0.984878671775225,0.804218789898974
"4635","San Luis Obispo","B",0.983102836879434,0.960798198027059
"4636","San Luis Potosi","B",0.983102836879434,0.965538250381931
"4637","San Luis1","A",0.993604140526975,0.983597375441656
"4638","San Luis2","C",0.988288633461049,0.950043688726996
"4639","San Marcos","B",0.977641843971632,0.955551210953585
"4640","San Marino","B",0.983102836879434,0.966057654740644
"4641","San Martin1","B",0.977641843971632,0.956306145067392
"4642","San Martin2","A",0.993604140526975,0.984675073323806
"4643","San Mateo","C",0.988288633461049,0.949877636800913
"4644","San Miguel","A",0.993604140526975,0.984580012101088
"4645","San Miguel de Tucuman","C",0.984878671775225,0.8448726055443
"4646","San Nicolas","C",0.988288633461049,0.956190128701656
"4647","San Pablo","A",0.993604140526975,0.984228558734761
"4648","San Pedro de las Colonias","A",0.985962986198242,0.967085076307651
"4649","San Pedro de Macoris","B",0.983102836879434,0.956399911733794
"4650","San Pedro Sula","B",0.977641843971632,0.742818928333896
"4651","San Pedro1","A",0.985962986198242,0.957848021224599
"4652","San Pedro2","B",0.983102836879434,0.958173102963817
"4653","San Rafael1","B",0.983102836879434,0.968184936242399
"4654","San Rafael2","A",0.993604140526975,0.984465216666227
"4655","San Ramon","A",0.993604140526975,0.983197769200963
"4656","San Ramon de la Nueva Oran","B",0.983102836879434,0.961902458487618
"4657","San Salvador","A",0.985962986198242,0.9572604455035
"4658","San Salvador de Jujuy","B",0.983102836879434,0.964342417933668
"4659","San SebastiÌÁn","C",0.988288633461049,0.956328704323447
"4660","San-Pedro","A",0.993604140526975,0.983365679173673
"4661","Sanaa","B",0.983102836879434,0.965217299324834
"4662","Sanandaj","B",0.983102836879434,0.964320016005563
"4663","Sancti Spiritus","A",0.985962986198242,0.96678015718861
"4664","Sandakan","B",0.983102836879434,0.957253796614614
"4665","Sandnes","C",0.984878671775225,0.954880173533356
"4666","Sanford","C",0.988288633461049,0.951900484138451
"4667","Sangli","A",0.993604140526975,0.983472032008344
"4668","Sangolqui","B",0.983102836879434,0.959154750341997
"4669","Sanliurfa","B",0.977641843971632,0.966978669609918
"4670","Sanming","A",0.993604140526975,0.982889490630316
"4671","Santa Ana","A",0.993604140526975,0.983486845557652
"4672","Santa Barbara1","A",0.993604140526975,0.984029334521099
"4673","Santa Barbara2","B",0.983102836879434,0.971248021930536
"4674","Santa Barbara3","A",0.993604140526975,0.983697117594736
"4675","Santa Clara","B",0.983102836879434,0.958640985097671
"4676","Santa Cruz Cabralia","A",0.993604140526975,0.983176394841518
"4677","Santa Cruz de Tenerife","C",0.988288633461049,0.951174557999413
"4678","Santa Cruz do Sul","B",0.983102836879434,0.961904353224448
"4679","Santa Cruz1","B",0.977641843971632,0.955746748772707
"4680","Santa Cruz2","A",0.985962986198242,0.966776447083777
"4681","Santa Fe1","A",0.985962986198242,0.977456975931656
"4682","Santa Fe2","E",0.987741935483871,0.956118688433
"4683","Santa Ines","B",0.983102836879434,0.964043959414349
"4684","Santa Lucia","A",0.985962986198242,0.967489076922008
"4685","Santa Maria da Vitoria","B",0.983102836879434,0.958962941822482
"4686","Santa Maria1","B",0.983102836879434,0.965025197289599
"4687","Santa Maria2","B",0.983102836879434,0.966770915025599
"4688","Santa Marta","C",0.984878671775225,0.799673598075703
"4689","Santa Rita","C",0.988288633461049,0.951170951527915
"4690","Santa Rosa de Copan","A",0.993604140526975,0.985356249544379
"4691","Santa Rosa1","B",0.983102836879434,0.965792547771347
"4692","Santa Rosa2","C",0.988288633461049,0.953704096347141
"4693","Santa Rosa3","A",0.993604140526975,0.967803014848199
"4694","Santa Rosalia","A",0.993604140526975,0.982732207465875
"4695","Santa Vitoria do Palmar","A",0.993604140526975,0.966323117852321
"4696","Santana do Livramento","B",0.983102836879434,0.968960081678539
"4697","Santander","C",0.984878671775225,0.957120987399324
"4698","Santarem","C",0.988288633461049,0.951332653856036
"4699","Santiago de Compostela","B",0.977641843971632,0.96600836041783
"4700","Santiago de Cuba","B",0.983102836879434,0.961323211471207
"4701","Santiago del Estero","E",0.882258064516129,0.609274683361431
"4702","Santiago Ixcuintla","A",0.993604140526975,0.983409168331952
"4703","Santiago Tuxtla","A",0.993604140526975,0.983354802631429
"4704","Santiago1","A",0.985962986198242,0.96781451730959
"4705","Santiago2","B",0.983102836879434,0.964685707126954
"4706","Santiago3","E",0.988924731182796,0.957948634491314
"4707","Santo Andre","E",0.987741935483871,0.955564968378141
"4708","Santo angelo","A",0.985962986198242,0.966635571590328
"4709","Santo Domingo","C",0.988288633461049,0.951443571525107
"4710","Santo Tomas","A",0.993604140526975,0.982795046834919
"4711","Santos","E",0.988924731182796,0.952118975771318
"4712","Sanya","B",0.977641843971632,0.963105435281944
"4713","Sao Borja","B",0.983102836879434,0.965267269793537
"4714","Sao Carlos","B",0.983102836879434,0.965511306262042
"4715","Sao Francisco do Sul","B",0.983102836879434,0.964476750409549
"4716","Sao Gabriel","B",0.983102836879434,0.96531847116597
"4717","Sao Joao da Boa Vista","A",0.985962986198242,0.976448471661824
"4718","Sao Joao del Rei","A",0.985962986198242,0.968058869985795
"4719","Sao Jose de Ribamar","B",0.983102836879434,0.966419320376702
"4720","Sao Jose do Rio Preto","C",0.988288633461049,0.95549032755314
"4721","Sao Jose dos Campos","C",0.988288633461049,0.951640174117805
"4722","Sao Jose dos Pinhais","C",0.988288633461049,0.954912684167281
"4723","Sao Lourenco do Sul","B",0.983102836879434,0.968438171070077
"4724","Sao Luis","C",0.984878671775225,0.880949822652133
"4725","Sao Luiz Gonzaga","A",0.993604140526975,0.983085299289165
"4726","Sao Mateus","B",0.977641843971632,0.841196312044661
"4727","Sao Paolo","E",0.987741935483871,0.957103437755389
"4728","Sao Tome","A",0.993604140526975,0.982092914885845
"4729","Sapele","C",0.988288633461049,0.949314202206309
"4730","Sapporo","C",0.988288633461049,0.960585082843169
"4731","Saraburi","B",0.983102836879434,0.964744234737823
"4732","Sarajevo","B",0.983102836879434,0.96920755838512
"4733","Saransk","B",0.977641843971632,0.818576035726553
"4734","Sarapul","B",0.977641843971632,0.956185975319009
"4735","Sarasota","C",0.988288633461049,0.950239505178377
"4736","Saratoga Springs","B",0.983102836879434,0.958006305017591
"4737","Saratov","C",0.984878671775225,0.954899045306778
"4738","Sargodha","A",0.993604140526975,0.79986269936725
"4739","Sarh","A",0.993604140526975,0.983868817669368
"4740","Sari","B",0.977641843971632,0.822769634440126
"4741","Sarmiento","A",0.993604140526975,0.967691819715502
"4742","Sarnia","C",0.988288633461049,0.951514536661811
"4743","Sarqan","A",0.993604140526975,0.982608309806443
"4744","Saryshaghan","A",0.993604140526975,0.982564877615206
"4745","Saseba","A",0.985962986198242,0.968464165705483
"4746","Saskatoon","C",0.984878671775225,0.807699136824465
"4747","Sasovo","A",0.993604140526975,0.983339607086073
"4748","Sassandra","A",0.993604140526975,0.982656483769782
"4749","Sassari","B",0.983102836879434,0.958337420087382
"4750","Satadougou","A",0.993604140526975,0.982831929115649
"4751","Saudarkrokur","B",0.983102836879434,0.968486625709433
"4752","Sault Ste. Marie","C",0.988288633461049,0.959867176240565
"4753","Saurimo","A",0.993604140526975,0.983319315088959
"4754","Savannah","C",0.984878671775225,0.952359343094696
"4755","Savannakhet","A",0.993604140526975,0.983935204968175
"4756","Saveh","B",0.983102836879434,0.96663066481416
"4757","Savetskaya Gavan","A",0.985962986198242,0.986187083015195
"4758","Savonlinna","B",0.983102836879434,0.962652936608344
"4759","Sawahlunto","A",0.993604140526975,0.982773022515388
"4760","Sayanogorsk","A",0.985962986198242,0.967440270481273
"4761","Saywun","B",0.977641843971632,0.821374641972802
"4762","Scarborough","A",0.993604140526975,0.982600717896732
"4763","Schefferville","A",0.993604140526975,0.983652715786725
"4764","Schenectady","B",0.983102836879434,0.966296046674543
"4765","Scottsbluff","B",0.983102836879434,0.964451686447844
"4766","Scottsdale1","A",0.993604140526975,0.983516714421356
"4767","Scottsdale2","B",0.977641843971632,0.820942795714749
"4768","Scranton","B",0.983102836879434,0.966639957311186
"4769","Seattle","C",0.988288633461049,0.952959858350779
"4770","Sechura","A",0.993604140526975,0.982983895678273
"4771","Sefra","A",0.993604140526975,0.983368609319601
"4772","Segezha","B",0.983102836879434,0.966307052206245
"4773","Segou","A",0.993604140526975,0.982131369070712
"4774","Seguela","A",0.993604140526975,0.984042706991591
"4775","Sekondi","A",0.985962986198242,0.95601367244275
"4776","Selawik","A",0.993604140526975,0.983357640608787
"4777","Selfoss","B",0.983102836879434,0.961837002531962
"4778","Selibaby","A",0.993604140526975,0.982760636900523
"4779","Selkirk","B",0.983102836879434,0.958185382593304
"4780","Selma","B",0.977641843971632,0.95942760431718
"4781","Semarang","D",0.995555555555555,0.814027498082776
"4782","Sembe","A",0.993604140526975,0.983540457171833
"4783","Semey","B",0.983102836879434,0.960955273834452
"4784","Semnan","B",0.983102836879434,0.965874042258634
"4785","Sena Madureira","A",0.993604140526975,0.982536426489991
"4786","Sendai","B",0.983102836879434,0.960177490490627
"4787","Senhor do Bonfim","A",0.993604140526975,0.984459821498563
"4788","Sennar","A",0.993604140526975,0.983456846376505
"4789","Sensuntepeque","A",0.993604140526975,0.982369514750342
"4790","Seoul","E",0.988924731182796,0.952999187289913
"4791","Serang","A",0.993604140526975,0.98339292980648
"4792","Serdobsk","A",0.993604140526975,0.982725065436896
"4793","Seremban","C",0.988288633461049,0.949711193536603
"4794","Seres","B",0.983102836879434,0.964657182121357
"4795","Sergiyev Posad","B",0.983102836879434,0.971518769132977
"4796","Serov","B",0.983102836879434,0.965302291767352
"4797","Serowe","A",0.993604140526975,0.984024289679326
"4798","Serpukhov","B",0.977641843971632,0.792678332814298
"4799","Serrinha","A",0.993604140526975,0.98404168764646
"4800","Sesheke","A",0.993604140526975,0.984591051556485
"4801","Sete Lagoas","B",0.983102836879434,0.967694297374899
"4802","Setif","B",0.977641843971632,0.807794424285744
"4803","Settat","B",0.983102836879434,0.971139479671107
"4804","Setubal","C",0.984878671775225,0.956884512841431
"4805","Sevastapol","B",0.983102836879434,0.958343877630639
"4806","Severnyy","B",0.983102836879434,0.95923147275582
"4807","Severodvinsk","C",0.984878671775225,0.936320019630084
"4808","Severomorsk","C",0.984878671775225,0.95397426977897
"4809","Severouralsk","A",0.993604140526975,0.982934611768864
"4810","Seville","E",0.987741935483871,0.955134737064034
"4811","Seymour","A",0.993604140526975,0.982914593180057
"4812","Sfax","B",0.977641843971632,0.797909185629862
"4813","Shache","A",0.993604140526975,0.983585428228283
"4814","Shadrinsk","B",0.983102836879434,0.966473998407564
"4815","Shahjahanpur","D",0.995555555555555,0.856566244645401
"4816","Shahrisabz","A",0.993604140526975,0.983355496501436
"4817","Shahrud","B",0.983102836879434,0.965654644726426
"4818","Shakhty","A",0.985962986198242,0.843092061974984
"4819","Shalqar","A",0.993604140526975,0.983027235919629
"4820","Shamattawa","A",0.993604140526975,0.982880906070022
"4821","Shamva","A",0.993604140526975,0.983257502219328
"4822","Shangdu","A",0.993604140526975,0.98322257093609
"4823","Shanghai","D",0.987407407407407,0.804710446444379
"4824","Shangqiu","D",0.995555555555555,0.851449577848539
"4825","Shangrao","A",0.993604140526975,0.982414453137952
"4826","Shangzhi","A",0.993604140526975,0.983371946168312
"4827","Shannon","B",0.983102836879434,0.960412259283593
"4828","Shantou","D",0.991481481481482,0.63980652475176
"4829","Shanxian","A",0.993604140526975,0.577347993549167
"4830","Shaoguan","A",0.985962986198242,0.836521914484645
"4831","Shaowu","A",0.993604140526975,0.98331336407638
"4832","Shaoxing","B",0.983102836879434,0.965744137557397
"4833","Shaoyang","A",0.993604140526975,0.983539832778449
"4834","Shar","A",0.993604140526975,0.983143601716549
"4835","Sharbaqty","A",0.993604140526975,0.983149285156988
"4836","Sharjah","F",0.989459459459459,0.986158722801799
"4837","Sharya","A",0.993604140526975,0.983873566427604
"4838","Shashemene","A",0.993604140526975,0.983588324442763
"4839","Shashi","A",0.993604140526975,0.983786723340358
"4840","Shawinigan","B",0.983102836879434,0.968121152904904
"4841","Shawnee","B",0.983102836879434,0.967545709890037
"4842","Shchekino","B",0.865608747044919,0.612629227217537
"4843","Shebekino","A",0.993604140526975,0.984658305332321
"4844","Sheberghan","A",0.993604140526975,0.982075824926679
"4845","Sheboygan","B",0.983102836879434,0.957718155468568
"4846","Sheffield","C",0.988288633461049,0.951213783172738
"4847","Sheikhu Pura","A",0.993604140526975,0.919331397263739
"4848","Shelburne","A",0.993604140526975,0.983093230426698
"4849","Shemonaikha","A",0.993604140526975,0.98236571422536
"4850","Shendi","A",0.993604140526975,0.983956635038615
"4851","Shenyeng","C",0.984878671775225,0.956779486170133
"4852","Shenzhen","C",0.984878671775225,0.951989447649704
"4853","Shepparton","A",0.985962986198242,0.967510664578505
"4854","Sherbrooke","C",0.988288633461049,0.950568886311057
"4855","Sherlovaya Gora","A",0.993604140526975,0.983421136212593
"4856","Sherman","B",0.983102836879434,0.969780076912717
"4857","Shieli","A",0.993604140526975,0.983177713627559
"4858","Shihezi","A",0.993604140526975,0.983253604077414
"4859","Shijianzhuang","D",0.995555555555555,0.839076826233837
"4860","Shilka","A",0.993604140526975,0.982658184774189
"4861","Shillong","A",0.993604140526975,0.982647492981126
"4862","Shimanovsk","A",0.993604140526975,0.984112535568855
"4863","Shimoga","A",0.993604140526975,0.984940161266512
"4864","Shimonoseki","A",0.985962986198242,0.956099637917073
"4865","Shinyanga","A",0.993604140526975,0.983909487150992
"4866","Shira","A",0.993604140526975,0.982688774456726
"4867","Shiraz","C",0.912579821200512,0.767404732757586
"4868","Shishou","A",0.993604140526975,0.982600446528888
"4869","Shiyan","A",0.993604140526975,0.982768123023261
"4870","Shizuishan","A",0.993604140526975,0.984905014828365
"4871","Shizuoka","B",0.983102836879434,0.965296839861011
"4872","Shkoder","B",0.983102836879434,0.972786009131539
"4873","Sholapur","B",0.983102836879434,0.964229987452388
"4874","Shonzhy","A",0.993604140526975,0.983582165050477
"4875","Shostka","A",0.993604140526975,0.982911711563766
"4876","Shouzhou","A",0.985962986198242,0.837627529777275
"4877","Shreveport","C",0.984878671775225,0.810990849620427
"4878","Shu","A",0.993604140526975,0.983081708282854
"4879","Shuangcheng","A",0.993604140526975,0.983312015508001
"4880","Shulan","A",0.993604140526975,0.982269888919896
"4881","Shumen","A",0.993604140526975,0.983845676606488
"4882","Shumerlya","A",0.993604140526975,0.983217631187844
"4883","Shuya","A",0.993604140526975,0.982889196997545
"4884","Shuyang","A",0.993604140526975,0.607700797739942
"4885","Shwebo","A",0.993604140526975,0.98385632820966
"4886","Shymkent","B",0.983102836879434,0.959354831490048
"4887","Si Racha","C",0.988288633461049,0.956577190486644
"4888","Sialkote","A",0.993604140526975,0.953355744071227
"4889","Siauliai","B",0.983102836879434,0.964215835930931
"4890","Sibay","B",0.983102836879434,0.966782156772287
"4891","Sibiti","A",0.993604140526975,0.983367007386547
"4892","Sibiu","B",0.977641843971632,0.966587048920226
"4893","Sibolga","A",0.993604140526975,0.983233852692949
"4894","Sibu","B",0.983102836879434,0.958920907301164
"4895","Sibut","A",0.993604140526975,0.98367803676204
"4896","Sica Sica","A",0.993604140526975,0.982870293230396
"4897","Sicuani","A",0.993604140526975,0.983614847888087
"4898","Sidi bel Abbes","B",0.977641843971632,0.933580554598762
"4899","Sidney","A",0.993604140526975,0.983112494365215
"4900","Siedlce","B",0.983102836879434,0.962288048089298
"4901","Siem Reap","A",0.993604140526975,0.982685700855183
"4902","Siena","B",0.983102836879434,0.966926167410189
"4903","Siguiri","A",0.993604140526975,0.982874390100801
"4904","Sikar","A",0.993604140526975,0.983744954405411
"4905","Sikasso","A",0.993604140526975,0.984394111617246
"4906","Sikonge","A",0.993604140526975,0.983648327622137
"4907","Silchar","A",0.993604140526975,0.94041088633747
"4908","Siliguri","A",0.993604140526975,0.568988781350471
"4909","Simao","A",0.993604140526975,0.983313095831813
"4910","Simferopol","A",0.993604140526975,0.967804729344453
"4911","Sincelejo","B",0.983102836879434,0.956748791600587
"4912","Singapore","E",0.987741935483871,0.815361471902344
"4913","Singaraja","A",0.993604140526975,0.982739230660761
"4914","Singida","A",0.993604140526975,0.983333880868407
"4915","Singkawang","A",0.993604140526975,0.983919755637313
"4916","Singleton","A",0.993604140526975,0.982622463757686
"4917","Sinnamary","A",0.993604140526975,0.982938697418803
"4918","Sinop","B",0.983102836879434,0.964189210451282
"4919","Sinuiju","A",0.993604140526975,0.98376527863509
"4920","Sioux City","C",0.988288633461049,0.948069908678901
"4921","Sioux Falls","C",0.984878671775225,0.800359912836591
"4922","Siping","B",0.983102836879434,0.961276215027881
"4923","Siracusa","B",0.977641843971632,0.957666985021321
"4924","Sirsa","A",0.993604140526975,0.982431689121542
"4925","Sisaket","A",0.993604140526975,0.967995664503673
"4926","Sisophon","A",0.993604140526975,0.982278658533733
"4927","Sitapur","A",0.993604140526975,0.58888745721294
"4928","Sitia","A",0.993604140526975,0.982920240420558
"4929","Sitka","A",0.993604140526975,0.982967117522463
"4930","Sittwe","A",0.993604140526975,0.983636467545808
"4931","Sivas","B",0.983102836879434,0.966838981481095
"4932","Siwa","A",0.985962986198242,0.9674191086118
"4933","Sixaola","A",0.993604140526975,0.983012380744721
"4934","Skagway","A",0.993604140526975,0.984044538272468
"4935","Skelleftea","C",0.988288633461049,0.948402289602835
"4936","Skien","C",0.988288633461049,0.953120648561001
"4937","Skikda","F",0.994054054054054,0.986783846679878
"4938","Skopje","C",0.988288633461049,0.951964645101059
"4939","Skovorodino","A",0.993604140526975,0.982983554778553
"4940","Slantsy","A",0.993604140526975,0.982769977860949
"4941","Slavgorod","A",0.993604140526975,0.98420676137576
"4942","Slavonski Brod","B",0.983102836879434,0.966016422688218
"4943","Slidell","B",0.977641843971632,0.826137954701893
"4944","Sligo","B",0.983102836879434,0.961015802895917
"4945","Sliven","B",0.983102836879434,0.961185723699103
"4946","Slobodskoy","A",0.993604140526975,0.98336325857776
"4947","Slupsk","B",0.983102836879434,0.967768655825087
"4948","Slyudyanka","A",0.993604140526975,0.983378054823451
"4949","Smara","B",0.983102836879434,0.964931357475674
"4950","Smithers","A",0.993604140526975,0.983346142329019
"4951","Smithton","A",0.993604140526975,0.984117847465117
"4952","Smolensk","C",0.988288633461049,0.952864379699638
"4953","Sobral","C",0.988288633461049,0.949931268567714
"4954","Soc Trang","A",0.993604140526975,0.9824330616021
"4955","Sochi","C",0.984878671775225,0.952611151290995
"4956","Socorro1","A",0.993604140526975,0.983640294606622
"4957","Socorro2","A",0.993604140526975,0.983015454103553
"4958","Sodankyla","B",0.983102836879434,0.964448897980365
"4959","Sodo","A",0.993604140526975,0.964295563354826
"4960","Sofia","C",0.874010217113667,0.532476774182927
"4961","Sogamoso","A",0.993604140526975,0.98515734060163
"4962","Sohag","B",0.983102836879434,0.966407207998399
"4963","Sohano","A",0.993604140526975,0.98305406587654
"4964","Sokcho","B",0.983102836879434,0.968044405339505
"4965","Soke","A",0.985962986198242,0.966721030013102
"4966","Sokode","A",0.993604140526975,0.982710330799725
"4967","Sokol","B",0.983102836879434,0.95927248196655
"4968","Sokolo","A",0.993604140526975,0.985320491642702
"4969","Sokoto","A",0.993604140526975,0.983423290818792
"4970","Sol-lletsk","A",0.993604140526975,0.983724017975766
"4971","Soledad","C",0.988288633461049,0.948967871710058
"4972","Solikamsk","B",0.977641843971632,0.956909723573349
"4973","Solnechnogorsk","B",0.977641843971632,0.955622832902927
"4974","Solwezi","A",0.993604140526975,0.982781489200203
"4975","Son Tay","A",0.993604140526975,0.982657501688075
"4976","Sonbong","A",0.993604140526975,0.983105665549091
"4977","Songea","A",0.993604140526975,0.983119195988261
"4978","Songkhla","A",0.985962986198242,0.956611862482351
"4979","Songo","A",0.993604140526975,0.982466824799536
"4980","Sonipat","A",0.985962986198242,0.967430421773068
"4981","Sonson","A",0.993604140526975,0.982683167952203
"4982","Sonsonate","A",0.993604140526975,0.983000730432585
"4983","Sopur","A",0.993604140526975,0.984279118867022
"4984","Sorocaba","C",0.984878671775225,0.954888725365811
"4985","Sorong","A",0.993604140526975,0.983278534884233
"4986","Soroti","A",0.993604140526975,0.982552009034452
"4987","Sosnogorsk","B",0.983102836879434,0.957229355467718
"4988","Sotik","A",0.993604140526975,0.98163144148374
"4989","Soubre","A",0.993604140526975,0.9837218942212
"4990","Souk Ahras","B",0.983102836879434,0.965345499427527
"4991","Sousse","C",0.988288633461049,0.949145172012201
"4992","South Bend","C",0.988288633461049,0.951048297447277
"4993","Southampton","B",0.983102836879434,0.962650800599764
"4994","Southaven","C",0.984878671775225,0.825469298089344
"4995","Southend","B",0.977641843971632,0.957033471385394
"4996","Southern Cross","A",0.993604140526975,0.98225363279564
"4997","Sovetsk1","A",0.993604140526975,0.982112217040981
"4998","Sovetsk2","A",0.993604140526975,0.984605040643509
"4999","Soyo","B",0.977641843971632,0.957729516077284
"5000","Spanish Town","B",0.983102836879434,0.965470214187164
"5001","Spartanburg","B",0.977641843971632,0.959892094536305
"5002","Sparti","A",0.993604140526975,0.983237836494723
"5003","Spassk Dalniy","A",0.993604140526975,0.983755879793891
"5004","Spencer","A",0.985962986198242,0.768239108175521
"5005","Split","C",0.988288633461049,0.867371296950992
"5006","Spokane","B",0.977641843971632,0.954839183578161
"5007","Spring Hill","B",0.983102836879434,0.969136564453623
"5008","Springbok","A",0.993604140526975,0.984922250239244
"5009","Springfield1","C",0.984878671775225,0.95364008730037
"5010","Springfield2","C",0.984878671775225,0.949664388870824
"5011","Springfield3","B",0.977641843971632,0.84917195290956
"5012","Springfield4","B",0.977641843971632,0.807174609529424
"5013","Springfield5","B",0.983102836879434,0.966579135504354
"5014","Springs","B",0.983102836879434,0.956257388811521
"5015","Srinagar","A",0.993604140526975,0.937584211593138
"5016","St. Anthony","A",0.993604140526975,0.98453333656294
"5017","St. Augustine","B",0.983102836879434,0.964222176571346
"5018","St. Charles1","C",0.984878671775225,0.962368706943243
"5019","St. Charles2","B",0.977641843971632,0.826013404009443
"5020","St. Cloud","C",0.988288633461049,0.950091097170378
"5021","St. George","B",0.983102836879434,0.965461980021826
"5022","St. John","B",0.977641843971632,0.958271056349894
"5023","St. JohnÛªs","B",0.983102836879434,0.959199766446222
"5024","St. Joseph","B",0.977641843971632,0.893677611919136
"5025","St. Louis","C",0.984878671775225,0.805522751809777
"5026","St. Paul","C",0.984878671775225,0.901262713525155
"5027","St. Petersburg1","C",0.984878671775225,0.812910795646757
"5028","St. Petersburg2","F",0.994054054054054,0.985291675920911
"5029","St.-Benoit","A",0.993604140526975,0.983290312461057
"5030","St.-Brieuc","A",0.985962986198242,0.966139375436116
"5031","St.-Denis","B",0.983102836879434,0.965696174456181
"5032","St.-Jerome","B",0.134391252955083,0.539762418265122
"5033","Stamford","B",0.977641843971632,0.949061359167018
"5034","Standerton","A",0.993604140526975,0.982699775626252
"5035","Stanley","A",0.993604140526975,0.983292238183328
"5036","Stara Zagora","B",0.983102836879434,0.966109751069732
"5037","Staraya Russa","A",0.993604140526975,0.982379941556632
"5038","Starsy Oskol","B",0.983102836879434,0.962453888607647
"5039","State College","B",0.983102836879434,0.960360935125138
"5040","Stavanger","C",0.984878671775225,0.949952149936438
"5041","Stavropol","B",0.983102836879434,0.968484046238016
"5042","Stawell","A",0.993604140526975,0.983959398673026
"5043","Steinbach","B",0.977641843971632,0.957563760322457
"5044","Steinkjer","B",0.983102836879434,0.963131035583442
"5045","Stepanakert","A",0.993604140526975,0.982315822751607
"5046","Stephenville","A",0.993604140526975,0.982664593703557
"5047","Sterlitamak","B",0.977641843971632,0.965874206949834
"5048","Stettler","A",0.993604140526975,0.982845806457564
"5049","Stillwater","B",0.977641843971632,0.932017765278532
"5050","Stockholm","C",0.984878671775225,0.832345674290362
"5051","Stoke","B",0.977641843971632,0.949460669831164
"5052","Stony Rapids","A",0.993604140526975,0.983013177388169
"5053","Stralsund","A",0.993604140526975,0.984863031134429
"5054","Strasbourg","C",0.988288633461049,0.948499701713354
"5055","Streaky Bay","A",0.993604140526975,0.982735301446285
"5056","Strezhevoy","C",0.988288633461049,0.950863911703611
"5057","Stuttgart","B",0.983102836879434,0.965379682017891
"5058","Subotica","B",0.983102836879434,0.957279208495748
"5059","Suceava","A",0.985962986198242,0.840123121257318
"5060","Sucre","A",0.993604140526975,0.982927547436096
"5061","Sudbury","B",0.977641843971632,0.957116447275015
"5062","Suhar","C",0.988288633461049,0.950378133455673
"5063","Suihua","B",0.983102836879434,0.966175745239772
"5064","Suileng","A",0.993604140526975,0.985435775163324
"5065","Sukabumi","A",0.993604140526975,0.983064640302859
"5066","Sukhothai","A",0.993604140526975,0.984235798437529
"5067","Sukhumi","B",0.983102836879434,0.96527720834765
"5068","Sukkur","A",0.993604140526975,0.983972105361433
"5069","Sullana","B",0.983102836879434,0.965261348503878
"5070","Sumbawanga","A",0.993604140526975,0.983189634913155
"5071","Sumbe","B",0.983102836879434,0.967411556480406
"5072","Sumenep","A",0.993604140526975,0.983003138874165
"5073","Sumqayt","B",0.983102836879434,0.968454449658701
"5074","Sumter","B",0.983102836879434,0.96494774443082
"5075","Sumy","B",0.983102836879434,0.966991200004072
"5076","Sunbury","A",0.985962986198242,0.976927937647081
"5077","Sunchales","B",0.977641843971632,0.869881434991514
"5078","Sunchon","A",0.993604140526975,0.982937783593823
"5079","Sunderland","C",0.984878671775225,0.956721149196368
"5080","Sundsvall","C",0.988288633461049,0.949907948663362
"5081","Sungai Petani","B",0.983102836879434,0.96518233079922
"5082","Sungaipenuh","A",0.993604140526975,0.98430701648251
"5083","Sunshine Coast","A",0.985962986198242,0.946836222885642
"5084","Suntar","A",0.993604140526975,0.983226217677061
"5085","Superior","B",0.977641843971632,0.800990630050926
"5086","Sur","C",0.984878671775225,0.953549382697714
"5087","Surabaya","D",0.995555555555555,0.810651798427126
"5088","Surakarta","D",0.995555555555555,0.83649107495657
"5089","Surat","A",0.993604140526975,0.982915779461416
"5090","Surat Thani","B",0.904899527186762,0.62956638511186
"5091","Surgut","F",0.994054054054054,0.985489722035295
"5092","Surigao","A",0.993604140526975,0.983314360673902
"5093","Surin","A",0.993604140526975,0.984008614409461
"5094","Surt","C",0.988288633461049,0.953254961722226
"5095","Suva","A",0.993604140526975,0.983354425461003
"5096","Suwalki","B",0.983102836879434,0.959031265596991
"5097","Suwon","C",0.984878671775225,0.952666460266052
"5098","Suzhou","C",0.984878671775225,0.953200191783752
"5099","Svendborg","A",0.993604140526975,0.983730462034161
"5100","Svetogorsk","B",0.977641843971632,0.951048767749265
"5101","Svobodnyy","A",0.993604140526975,0.982649389306762
"5102","Swakopmund","A",0.985962986198242,0.841725758522344
"5103","Swan Hill","A",0.993604140526975,0.984086196406632
"5104","Swansea","B",0.983102836879434,0.964685052739144
"5105","Swellendam","A",0.993604140526975,0.982637696568756
"5106","Swift Current","B",0.983102836879434,0.960584206177213
"5107","Sydney1","C",0.988288633461049,0.952080594692749
"5108","Sydney2","B",0.983102836879434,0.964354745406069
"5109","Syktyvkar","B",0.977641843971632,0.785665782416644
"5110","Sylhet","A",0.993604140526975,0.822078490520061
"5111","Syracuse","B",0.977641843971632,0.811701258454476
"5112","Syzran","B",0.983102836879434,0.961946410970646
"5113","Szczecin","B",0.977641843971632,0.827694890744428
"5114","Szeged","B",0.983102836879434,0.966157369439947
"5115","Szekesfehervar","B",0.983102836879434,0.965040957540081
"5116","Szolnok","A",0.985962986198242,0.968069086233086
"5117","Szombathely","B",0.983102836879434,0.963360683714983
"5118","Tabora","A",0.993604140526975,0.982775097606302
"5119","Tabriz","C",0.988288633461049,0.952243392733132
"5120","Tabuk","E",0.988924731182796,0.953846883399084
"5121","Tacheng","A",0.985962986198242,0.976450731903904
"5122","Tacloban","A",0.993604140526975,0.982685542097533
"5123","Tacna","A",0.993604140526975,0.98255268529975
"5124","Tacoma","C",0.988288633461049,0.958517921116136
"5125","Tacuarembo","B",0.983102836879434,0.957019077654781
"5126","Tadmur","A",0.993604140526975,0.983239470972073
"5127","Taedong","A",0.993604140526975,0.98404619030256
"5128","Taganrog","B",0.983102836879434,0.965480988016243
"5129","Tagum","A",0.993604140526975,0.983419091938055
"5130","Tahoua","A",0.993604140526975,0.982857623801148
"5131","Taian","A",0.993604140526975,0.984660915429756
"5132","Taichung","C",0.988288633461049,0.949160720737551
"5133","Tailai","A",0.993604140526975,0.983257446720362
"5134","Tainan","C",0.988288633461049,0.9568318547762
"5135","Taipei","C",0.984878671775225,0.956344407689228
"5136","Taiping","B",0.983102836879434,0.966378240954004
"5137","Taitung","A",0.993604140526975,0.967245094923141
"5138","Taiyuan","A",0.993604140526975,0.973552214409034
"5139","Taizhou","D",0.995555555555555,0.854984224239165
"5140","Taizz","A",0.993604140526975,0.9413675789828
"5141","Tak","A",0.993604140526975,0.967458052438302
"5142","Takamatsu","B",0.983102836879434,0.957424172272211
"5143","Takaoka","A",0.993604140526975,0.982963581029218
"5144","Takapuna","B",0.983102836879434,0.969481257828685
"5145","Takeo","A",0.993604140526975,0.983779979997067
"5146","Talara","B",0.983102836879434,0.955045517483916
"5147","Talas","A",0.993604140526975,0.984208617846986
"5148","Talca","B",0.977641843971632,0.93119000607366
"5149","Talcahuano","C",0.984878671775225,0.952072913769693
"5150","Taldyqorghan","A",0.993604140526975,0.982378598853293
"5151","Tall Afar","A",0.993604140526975,0.983272753746447
"5152","Tallahassee","B",0.977641843971632,0.803373182984425
"5153","Tallinn","C",0.984878671775225,0.953177178476135
"5154","Taloyoak","A",0.993604140526975,0.982795669012712
"5155","Taltal","A",0.993604140526975,0.982797684208549
"5156","Tamale","A",0.993604140526975,0.982845737445127
"5157","Tamanrasset","B",0.983102836879434,0.968514012374393
"5158","Tamazunchale","A",0.993604140526975,0.982249278859851
"5159","Tambacounda","A",0.993604140526975,0.983680685888681
"5160","Tambov","B",0.983102836879434,0.956134059096969
"5161","Tame","A",0.993604140526975,0.982279024349462
"5162","Tampa","C",0.984878671775225,0.880512325222238
"5163","Tampere","C",0.988288633461049,0.950655063907429
"5164","Tampico","C",0.984878671775225,0.817980498943561
"5165","Tamuin","A",0.993604140526975,0.984114144774456
"5166","Tamworth","A",0.993604140526975,0.983112648346814
"5167","Tan An","B",0.983102836879434,0.965842409675936
"5168","Tan Tan","A",0.985962986198242,0.966055214657089
"5169","Tandil","C",0.988288633461049,0.949537990823011
"5170","Tanga","A",0.993604140526975,0.98272431502677
"5171","Tangail","A",0.993604140526975,0.804708679935315
"5172","Tangier","C",0.984878671775225,0.951403943823846
"5173","Tangshan","A",0.993604140526975,0.920207604467571
"5174","Tanjungkarang-Telubketung","A",0.985962986198242,0.803225599558638
"5175","Tanjungpandan","A",0.993604140526975,0.98263747804203
"5176","Tanjungpinang","A",0.985962986198242,0.966512030963347
"5177","Tanta","C",0.988288633461049,0.949882788404454
"5178","Taonan","A",0.993604140526975,0.982145292800289
"5179","Tapachula","B",0.983102836879434,0.959559170917647
"5180","Tara","A",0.993604140526975,0.983229887383582
"5181","Tarabuco","A",0.993604140526975,0.9831725983164
"5182","Tarakan","A",0.993604140526975,0.981919014981773
"5183","Taranto","C",0.984878671775225,0.833148834755386
"5184","Tarapoto","A",0.993604140526975,0.983364000257013
"5185","Taraz","B",0.983102836879434,0.958401506110684
"5186","Tarbes","B",0.983102836879434,0.964158945867502
"5187","Taree","A",0.993604140526975,0.984960156596688
"5188","Tarija","A",0.993604140526975,0.983901088448145
"5189","Tarlac","A",0.993604140526975,0.982826034312523
"5190","Tarma","A",0.993604140526975,0.983604449426678
"5191","Tarnow","A",0.985962986198242,0.967630066791003
"5192","Tarragona","C",0.984878671775225,0.800902221418398
"5193","Tarsus","B",0.977641843971632,0.786650433476154
"5194","Tartagal","B",0.983102836879434,0.961028376835504
"5195","Tartu","E",0.987741935483871,0.953651659351042
"5196","Tartus","A",0.993604140526975,0.982423111438191
"5197","Tarutung","A",0.993604140526975,0.983352190330521
"5198","Tash Komur","A",0.993604140526975,0.982834523755069
"5199","Tashkent","B",0.977641843971632,0.866894137255068
"5200","Tashtagol","A",0.993604140526975,0.98418838173595
"5201","Tasikmalaya","A",0.993604140526975,0.983933164545617
"5202","Tatarsk","B",0.983102836879434,0.959547657807117
"5203","Tatui","B",0.983102836879434,0.957887980963337
"5204","Tatvan","A",0.993604140526975,0.982772778901613
"5205","Taubate","B",0.983102836879434,0.965290337965197
"5206","Taungoo","A",0.993604140526975,0.982525147550932
"5207","Taupo","A",0.993604140526975,0.982838165190922
"5208","Tauranga","B",0.983102836879434,0.960159676276717
"5209","Tavda","A",0.993604140526975,0.983352488383009
"5210","Tawau","B",0.983102836879434,0.96548607946402
"5211","Tayshet","B",0.983102836879434,0.965574466593164
"5212","Tayynsha","A",0.993604140526975,0.982498350299971
"5213","Taza","B",0.983102836879434,0.964286132241034
"5214","Tbilisi","B",0.977641843971632,0.838198002914931
"5215","Tebessa","B",0.977641843971632,0.842675965633501
"5216","Tebingtinggi","A",0.993604140526975,0.982938968215331
"5217","Tecoman","B",0.983102836879434,0.940782344700694
"5218","Tecuala","A",0.993604140526975,0.983740964983912
"5219","Tefe","A",0.993604140526975,0.983134243816947
"5220","Tegal","A",0.993604140526975,0.908966279256501
"5221","Tegucigalpa","B",0.983102836879434,0.966897829768654
"5222","Tehran","E",0.882258064516129,0.615277062187588
"5223","Tehuacan","A",0.985962986198242,0.966105719588918
"5224","Tehuantepec","B",0.983102836879434,0.960917274077485
"5225","Tejen","B",0.977641843971632,0.957862106633108
"5226","Tekax","A",0.993604140526975,0.984381520823898
"5227","Tekirdag","B",0.983102836879434,0.969227893365854
"5228","Tel Aviv-Yafo","E",0.987741935483871,0.814409822768943
"5229","Telemaco Borba","A",0.993604140526975,0.965466635519079
"5230","Teller","A",0.993604140526975,0.985486554720641
"5231","Teluk Intan","B",0.865608747044919,0.491821988848325
"5232","Tema","B",0.977641843971632,0.963121770207724
"5233","Temirtau","C",0.988288633461049,0.951603027251955
"5234","Temple","C",0.988288633461049,0.950983812380007
"5235","Temuco","B",0.977641843971632,0.963445750805469
"5236","Tena","A",0.993604140526975,0.984864636378958
"5237","Tengchong","A",0.993604140526975,0.983683978666887
"5238","Tenkodogo","A",0.993604140526975,0.983345791521497
"5239","Tennant Creek","A",0.993604140526975,0.984544940939835
"5240","Tenosique","B",0.983102836879434,0.965495800933846
"5241","Teofilo Otoni","A",0.985962986198242,0.968421302439146
"5242","Tepic","B",0.983102836879434,0.964211141762971
"5243","Teresina","C",0.984878671775225,0.956848157524476
"5244","Termiz","A",0.993604140526975,0.982990330882015
"5245","Ternate","A",0.993604140526975,0.982696939567142
"5246","Ternopil","A",0.993604140526975,0.98267090754631
"5247","Terrace","B",0.983102836879434,0.959295824929296
"5248","Terre Haute","B",0.977641843971632,0.894603949837056
"5249","Tessenei","A",0.993604140526975,0.984709452710883
"5250","Tete","B",0.983102836879434,0.959481515807236
"5251","Tetovo","A",0.993604140526975,0.983069971726572
"5252","Texarkana","C",0.988288633461049,0.952744485722258
"5253","Texas City","C",0.984878671775225,0.823087156367136
"5254","Teziutlan","A",0.993604140526975,0.982796106195277
"5255","Tezpur","A",0.993604140526975,0.984331071836227
"5256","Thai Nguyen","A",0.993604140526975,0.983255031410038
"5257","Thanh Hoa","A",0.993604140526975,0.983401751376151
"5258","Thanjavur","A",0.993604140526975,0.962451884698234
"5259","The Hague","F",0.994054054054054,0.981562945927704
"5260","The Pas","B",0.983102836879434,0.965287917028166
"5261","Theodore","A",0.993604140526975,0.982439479765591
"5262","Thermopolis","A",0.993604140526975,0.98373050593975
"5263","Thessalon","A",0.993604140526975,0.982885842557977
"5264","Thessaloniki","C",0.984878671775225,0.945608555358211
"5265","Thies","A",0.993604140526975,0.982766967938326
"5266","Thika","A",0.993604140526975,0.984950234778678
"5267","Thimphu","A",0.993604140526975,0.984772408695496
"5268","Thohoyandou","A",0.993604140526975,0.983675759747535
"5269","Thompson","B",0.983102836879434,0.96243234868107
"5270","Thongwa","A",0.993604140526975,0.983510411836192
"5271","Thorshavn","A",0.993604140526975,0.983436983474482
"5272","Three Springs","A",0.993604140526975,0.982683287079447
"5273","Thunder Bay","C",0.988288633461049,0.92942510983062
"5274","Thung Song","A",0.993604140526975,0.984001619979684
"5275","Tianjin","G",0.998181818181818,0.906466040272858
"5276","Tianmen","A",0.993604140526975,0.983505691775694
"5277","Tianshui","A",0.993604140526975,0.985274612504628
"5278","Tiarat","B",0.983102836879434,0.966259156054787
"5279","Tibati","A",0.993604140526975,0.983357459571699
"5280","Ticul","A",0.993604140526975,0.98284464448554
"5281","Tidjikdja","A",0.993604140526975,0.983058554681008
"5282","Tidore","A",0.993604140526975,0.982866495661359
"5283","Tieli","A",0.993604140526975,0.983021339008894
"5284","Tieling","A",0.993604140526975,0.983882929237789
"5285","Tijuana","C",0.988288633461049,0.956471826610228
"5286","Tikhoretsk","A",0.985962986198242,0.967496438726168
"5287","Tikhvin","B",0.983102836879434,0.971239722223309
"5288","Tikrit","A",0.985962986198242,0.957755728720869
"5289","Tillaberi","A",0.993604140526975,0.983421052753338
"5290","Tillamook","A",0.993604140526975,0.982925346237895
"5291","Timaru","A",0.985962986198242,0.82031912864574
"5292","Timashevsk","A",0.985962986198242,0.849022163643325
"5293","Timbauba","A",0.993604140526975,0.984706045354901
"5294","Timbedra","A",0.993604140526975,0.982697806237001
"5295","Timbuktu","A",0.993604140526975,0.983687756174626
"5296","Timika","A",0.993604140526975,0.983314355809069
"5297","Timimoun","A",0.993604140526975,0.983541530005755
"5298","Timiryazevskiy","B",0.977641843971632,0.96656785397377
"5299","Timisoara","C",0.988288633461049,0.951256597070088
"5300","Timmins","B",0.983102836879434,0.966167138979622
"5301","Timon","C",0.988288633461049,0.958301618417465
"5302","Tindouf","B",0.983102836879434,0.960082207951905
"5303","Tingo Maria","A",0.993604140526975,0.983802171770551
"5304","Tinogasta","A",0.993604140526975,0.983704217658108
"5305","Tirana","C",0.988288633461049,0.954928088912903
"5306","Tiraspol","A",0.993604140526975,0.96732908005871
"5307","Tirgu Mures","B",0.983102836879434,0.969098520312509
"5308","Tiruchchirappalli","D",0.995555555555555,0.846620950130693
"5309","Tirunelveli","A",0.993604140526975,0.982987507209328
"5310","Tirupati","A",0.993604140526975,0.984275304316099
"5311","Tiruppur","A",0.993604140526975,0.984834125657917
"5312","Tiruvannamalai","A",0.993604140526975,0.964383326265381
"5313","Titusville","B",0.983102836879434,0.964958788485386
"5314","Tizimin","A",0.993604140526975,0.983255875174389
"5315","Tiznit","B",0.865608747044919,0.514985532915382
"5316","Tlaxcala","A",0.985962986198242,0.977614740389598
"5317","Tlaxiaco","A",0.993604140526975,0.984933942492378
"5318","Tlimcen","B",0.977641843971632,0.956924958959808
"5319","Toamasina","A",0.993604140526975,0.982810689472104
"5320","Tobol","A",0.993604140526975,0.983023778732206
"5321","Tobolsk","C",0.984878671775225,0.944177437817733
"5322","Tocache","A",0.993604140526975,0.98256656892761
"5323","Tocantinopolis","A",0.993604140526975,0.98365186139828
"5324","Toconao","A",0.993604140526975,0.983583524014401
"5325","Togiak","A",0.993604140526975,0.983929094155583
"5326","Toguchin","A",0.993604140526975,0.9835658684553
"5327","Tokar","A",0.993604140526975,0.983451765050609
"5328","Tokmak","A",0.993604140526975,0.984525987339923
"5329","Toktogul","A",0.993604140526975,0.982800550341649
"5330","Tokushima","A",0.993604140526975,0.976746870070049
"5331","Tokyo","C",0.984878671775225,0.959062349111359
"5332","Tolanaro","A",0.993604140526975,0.984524815504359
"5333","Toledo1","C",0.984878671775225,0.950441418621507
"5334","Toledo2","B",0.983102836879434,0.964651791288014
"5335","Toliara","A",0.993604140526975,0.982491598639316
"5336","Tolu","A",0.993604140526975,0.982437303993783
"5337","Toluca","B",0.983102836879434,0.96524540936599
"5338","Tolyatti","C",0.984878671775225,0.850693107166163
"5339","Tom Price","A",0.993604140526975,0.983083232924588
"5340","Tomah","A",0.985962986198242,0.903820533469567
"5341","Tomakomai","B",0.983102836879434,0.965678075627535
"5342","Tombstone","A",0.993604140526975,0.982791138791646
"5343","Tomsk","C",0.984878671775225,0.957787173957341
"5344","Tonantins","A",0.993604140526975,0.983247858295161
"5345","Tongchuan","A",0.993604140526975,0.985929116500726
"5346","Tonghua","A",0.993604140526975,0.983543961191029
"5347","Tongliao","B",0.983102836879434,0.965798755073628
"5348","Tongling","B",0.983102836879434,0.957927911735641
"5349","Tongren","A",0.985962986198242,0.918366958527981
"5350","Tonk","A",0.993604140526975,0.983753316487429
"5351","Tonopah","A",0.993604140526975,0.983491629066363
"5352","Toowoomba","A",0.985962986198242,0.977327359870662
"5353","Topeka","C",0.988288633461049,0.957470629612178
"5354","Topki","B",0.983102836879434,0.960152243905051
"5355","Torbat-e Jam","A",0.993604140526975,0.983018325700658
"5356","Toronto","E",0.988924731182796,0.953372084309587
"5357","Tororo","A",0.993604140526975,0.963776343216324
"5358","Torreon","C",0.984878671775225,0.95336415957016
"5359","Torzhok","B",0.983102836879434,0.966536200856188
"5360","Totness","A",0.993604140526975,0.983142879346422
"5361","Tottori","A",0.993604140526975,0.983816761423176
"5362","Touggourt","C",0.988288633461049,0.951536257624534
"5363","Toulon","C",0.988288633461049,0.953585010001724
"5364","Toulouse","C",0.984878671775225,0.95467717181494
"5365","Tournavista","A",0.993604140526975,0.983131388160584
"5366","Tours","B",0.983102836879434,0.965791927025931
"5367","Townsville","B",0.977641843971632,0.957741961680944
"5368","Toyama","B",0.983102836879434,0.958176142849046
"5369","Tozeur","A",0.985962986198242,0.968430370443705
"5370","Trablous","A",0.985962986198242,0.966324060137566
"5371","Trabzon","A",0.993604140526975,0.98327855292114
"5372","Tralee","A",0.985962986198242,0.965726967295115
"5373","Trancas","A",0.993604140526975,0.983472013635251
"5374","Trang","A",0.985962986198242,0.967643806125103
"5375","Tranqueras","A",0.993604140526975,0.983651911493292
"5376","Traralgon","A",0.993604140526975,0.982828726511343
"5377","Traverse City","B",0.983102836879434,0.960343346742498
"5378","Treinta y Tres","B",0.983102836879434,0.958787809389909
"5379","Trelew","C",0.984878671775225,0.953388376203697
"5380","Trento","B",0.983102836879434,0.966689119354024
"5381","Trenton","C",0.988288633461049,0.952155681187881
"5382","Trepassey","A",0.993604140526975,0.984897580341523
"5383","Tres Arroyos","C",0.988288633461049,0.957926297962596
"5384","Tres Lagoas","B",0.983102836879434,0.965876177577722
"5385","Treviso","B",0.977641843971632,0.956137666157609
"5386","Trieste","C",0.988288633461049,0.948590816558112
"5387","Trindade","B",0.983102836879434,0.968646301903644
"5388","Trinidad1","A",0.993604140526975,0.984713009194247
"5389","Trinidad2","A",0.985962986198242,0.944646011066278
"5390","Tripoli1","E",0.987741935483871,0.955430838915148
"5391","Tripoli2","A",0.993604140526975,0.984962784277092
"5392","Trivandrum","D",0.991481481481482,0.668083441391287
"5393","Trnava","B",0.983102836879434,0.966314807009904
"5394","Trois Rivieres","C",0.988288633461049,0.951671925440559
"5395","Troitsk","B",0.983102836879434,0.957543645672537
"5396","Trollhattan","B",0.983102836879434,0.968078654735361
"5397","Tromso","C",0.984878671775225,0.92085272122566
"5398","Trondheim","C",0.984878671775225,0.824017886708576
"5399","Trout River","A",0.993604140526975,0.983025584049849
"5400","Troyes","B",0.977641843971632,0.956838243048438
"5401","Trujillo1","A",0.993604140526975,0.982288222816609
"5402","Trujillo2","A",0.993604140526975,0.982380172252721
"5403","Trujillo3","B",0.983102836879434,0.964714136124078
"5404","Truth or Consequences","A",0.993604140526975,0.983360171329532
"5405","Tsavo","A",0.993604140526975,0.985139141928158
"5406","Tsetserleg","A",0.993604140526975,0.983690821387146
"5407","Tshabong","A",0.993604140526975,0.984884261132079
"5408","Tshela","A",0.993604140526975,0.982931359568813
"5409","Tshikapa","A",0.993604140526975,0.982806997134396
"5410","Tskhinvali","A",0.993604140526975,0.983498772858864
"5411","Tsu","B",0.983102836879434,0.96630283589542
"5412","Tsumeb","A",0.993604140526975,0.984464832151891
"5413","Tsuruoka","A",0.993604140526975,0.982850308218786
"5414","Tuapse","B",0.977641843971632,0.964181143726638
"5415","Tuban","A",0.993604140526975,0.796069072767862
"5416","Tubarao","B",0.983102836879434,0.965559763086686
"5417","Tubruq","C",0.984878671775225,0.874844981419453
"5418","Tucano","A",0.985962986198242,0.96624910774163
"5419","Tucson","C",0.988288633461049,0.952808661997897
"5420","Tucumcari","A",0.993604140526975,0.982985340873772
"5421","Tucupita","B",0.977641843971632,0.847065896744081
"5422","Tucurui","A",0.993604140526975,0.985432389417045
"5423","Tukuyu","A",0.993604140526975,0.983548717865323
"5424","Tula1","B",0.983102836879434,0.961150755322449
"5425","Tula2","A",0.993604140526975,0.984136113271108
"5426","Tulare","B",0.983102836879434,0.956404122134662
"5427","Tulcea","B",0.983102836879434,0.965299464344026
"5428","Tulsa","C",0.984878671775225,0.842408595334141
"5429","Tulua","B",0.983102836879434,0.963391699169415
"5430","Tulun","A",0.985962986198242,0.93923004948132
"5431","Tumbes","B",0.983102836879434,0.963431548869704
"5432","Tumen","A",0.993604140526975,0.986226505123861
"5433","Tumkur","A",0.993604140526975,0.98430877790883
"5434","Tumut","A",0.993604140526975,0.98308568756507
"5435","Tunduma","A",0.993604140526975,0.982701274954874
"5436","Tunduru","A",0.993604140526975,0.98256830771165
"5437","Tungkang","B",0.977641843971632,0.957479919302559
"5438","Tunis","C",0.984878671775225,0.954014731565592
"5439","Tunja","A",0.993604140526975,0.983109119024128
"5440","Tununak","A",0.993604140526975,0.984349292401576
"5441","Tunuyan","A",0.993604140526975,0.982030457335451
"5442","Tupa","A",0.985962986198242,0.848863341015286
"5443","Tupelo","C",0.988288633461049,0.948321389163329
"5444","Tupiza","A",0.993604140526975,0.983223740632035
"5445","Tuquerres","A",0.993604140526975,0.983485444249167
"5446","Turbat","A",0.993604140526975,0.982402267179939
"5447","Turbo","A",0.993604140526975,0.983855678732176
"5448","Turin","C",0.984878671775225,0.829423348645038
"5449","Turkistan","A",0.993604140526975,0.983051901570541
"5450","Turkmenabat","C",0.988288633461049,0.955551177295249
"5451","Turkmenbasy","C",0.984878671775225,0.902744588052375
"5452","Turku","C",0.984878671775225,0.833812962229586
"5453","Turnovo","B",0.983102836879434,0.959240128406653
"5454","Turpan","A",0.985962986198242,0.968077589990611
"5455","Tuscaloosa","C",0.988288633461049,0.953012955653342
"5456","Tuticorin","A",0.985962986198242,0.967911150822036
"5457","Tuxpam","A",0.985962986198242,0.937225589991289
"5458","Tuxpan","A",0.993604140526975,0.983967807433192
"5459","Tuxtla Gutierrez","B",0.977641843971632,0.790214110670065
"5460","Tuymazy","B",0.983102836879434,0.957059688058741
"5461","Tuzla","A",0.985962986198242,0.822405950558912
"5462","Tver","C",0.988288633461049,0.957510361349783
"5463","Tweed Heads","A",0.985962986198242,0.96766716814553
"5464","Twin Falls","B",0.983102836879434,0.959153002356724
"5465","Tyler","C",0.988288633461049,0.951064602660142
"5466","Tynda","A",0.993604140526975,0.983445944501295
"5467","Tyumen","E",0.987741935483871,0.954609673259273
"5468","Tzaneen","A",0.993604140526975,0.982603719866166
"5469","Uba","B",0.983102836879434,0.927931515830116
"5470","Ubaitaba","A",0.993604140526975,0.984294534745949
"5471","Uberaba","B",0.983102836879434,0.959226942753443
"5472","Uberlandia","C",0.988288633461049,0.957586528349875
"5473","Ubomba","A",0.993604140526975,0.983933891290644
"5474","Ubon Ratchathani","A",0.126395859473024,0.50818737782879
"5475","Udaipur","A",0.985962986198242,0.844666226722687
"5476","Udine","B",0.983102836879434,0.96424905264934
"5477","Udon Thani","B",0.983102836879434,0.965912917509904
"5478","Ufa","C",0.988288633461049,0.957640862697875
"5479","Uglegorsk","A",0.993604140526975,0.983077326444931
"5480","Uglich","B",0.983102836879434,0.949618144432052
"5481","Uige","A",0.985962986198242,0.968332974104202
"5482","Uitenhage","B",0.983102836879434,0.96591959688697
"5483","Ujjain","A",0.993604140526975,0.9826609347979
"5484","Ujungpandang","A",0.993604140526975,0.983642885461331
"5485","Ukhta","C",0.988288633461049,0.94962718399617
"5486","Ukiah","A",0.993604140526975,0.983794985651022
"5487","Ulaanbaatar","B",0.983102836879434,0.965970283254198
"5488","Ulaangom","A",0.993604140526975,0.982702051338432
"5489","Ulan Ude","B",0.983102836879434,0.966962889668953
"5490","Ulanhot","A",0.985962986198242,0.977066826836164
"5491","Uliastay","A",0.993604140526975,0.985149342287507
"5492","Ulladulla","A",0.993604140526975,0.982113440438042
"5493","Ulm","A",0.985962986198242,0.965761379434536
"5494","Ulsan","C",0.984878671775225,0.796372551679718
"5495","Ulundi","A",0.993604140526975,0.983352504097661
"5496","Ulyanovsk","B",0.983102836879434,0.957419813584186
"5497","Uman","B",0.977641843971632,0.78681603667984
"5498","Umea","C",0.984878671775225,0.954365098232403
"5499","Umm al Qaywayn","C",0.988288633461049,0.956684159267604
"5500","Umm Ruwaba","A",0.993604140526975,0.98288169683965
"5501","Umtata","A",0.993604140526975,0.983104692916327
"5502","Unalakleet","A",0.993604140526975,0.983232046975824
"5503","Unalaska","A",0.993604140526975,0.982811430004467
"5504","Uncia","A",0.993604140526975,0.984717443191754
"5505","Upata","B",0.977641843971632,0.961548281165252
"5506","Upington","B",0.983102836879434,0.962288100643432
"5507","Upper Hutt","A",0.993604140526975,0.983688486905411
"5508","Uppsala","C",0.988288633461049,0.950082937052277
"5509","Uray","B",0.134391252955083,0.521598808132634
"5510","Urbana","C",0.988288633461049,0.951820703003484
"5511","Urgentch","A",0.993604140526975,0.982997617168149
"5512","Urgut","A",0.993604140526975,0.983221342753061
"5513","Uroteppa","A",0.993604140526975,0.983796327603608
"5514","Uruapan","A",0.993604140526975,0.968443158570414
"5515","Urubamba","A",0.993604140526975,0.983607215909076
"5516","Uruguaiana","B",0.977641843971632,0.95574694262971
"5517","Urumqi","C",0.988288633461049,0.955846026031937
"5518","Uryupinsk","A",0.993604140526975,0.983011085500779
"5519","Urzhar","A",0.993604140526975,0.982735865383076
"5520","Usak","B",0.983102836879434,0.965428068747331
"5521","Usakos","A",0.993604140526975,0.982711237475139
"5522","Ushtobe","A",0.993604140526975,0.983354714906255
"5523","Ushuaia","B",0.983102836879434,0.956560226862956
"5524","Usolye Sibirskoye","A",0.985962986198242,0.967080242814425
"5525","Uspallata","A",0.993604140526975,0.984453032070323
"5526","Ussuriysk","B",0.983102836879434,0.964905025931558
"5527","Ust Kut","B",0.983102836879434,0.966137992971002
"5528","Ust-Ulimsk","B",0.983102836879434,0.96666816774985
"5529","Uthai Thani","A",0.126395859473024,0.510222044487214
"5530","Utica","B",0.983102836879434,0.967932785254356
"5531","Utrecht","C",0.988288633461049,0.949339522065543
"5532","Utsunomiya","B",0.983102836879434,0.9699728166133
"5533","Uttaradit","A",0.993604140526975,0.983472064678189
"5534","Uvinza","A",0.993604140526975,0.983047095113927
"5535","Uvira","A",0.993604140526975,0.98339125617713
"5536","Uyar","A",0.993604140526975,0.984093909334085
"5537","Uyuni","A",0.993604140526975,0.983587163242338
"5538","Uzhgorod","A",0.993604140526975,0.983811070007527
"5539","Uzhur","B",0.983102836879434,0.958785835466544
"5540","Vaasa","C",0.988288633461049,0.950187781662423
"5541","Vac","A",0.985962986198242,0.9662378813227
"5542","Vacaria","A",0.993604140526975,0.984044949967067
"5543","Vadodara","A",0.993604140526975,0.983373973693731
"5544","Vaduz","A",0.993604140526975,0.983197228909768
"5545","Val d'Or","B",0.977641843971632,0.957964982400322
"5546","Valdez","A",0.993604140526975,0.982214241215966
"5547","Valdivia","B",0.983102836879434,0.965725853978711
"5548","Valdosta","C",0.988288633461049,0.957231897139188
"5549","Valenca","A",0.985962986198242,0.862318619849008
"5550","Valencia1","C",0.984878671775225,0.92988651901583
"5551","Valencia2","E",0.987741935483871,0.954891300524887
"5552","Valera","B",0.983102836879434,0.964974851795397
"5553","Valladolid1","C",0.988288633461049,0.954197265728751
"5554","Valladolid2","A",0.985962986198242,0.883982386772591
"5555","Valle de la Pascua","B",0.977641843971632,0.942601614995927
"5556","Valledupar","C",0.988288633461049,0.956548124198267
"5557","Vallegrande","A",0.993604140526975,0.983258666981754
"5558","Vallejo","B",0.977641843971632,0.930952874073978
"5559","Vallenar","A",0.993604140526975,0.977630561701679
"5560","Valletta","C",0.988288633461049,0.959236846829231
"5561","Valparai","A",0.993604140526975,0.984404463299976
"5562","Valparaiso1","A",0.993604140526975,0.983343257004605
"5563","Valparaiso2","C",0.988288633461049,0.951459109990739
"5564","Valuyki","A",0.993604140526975,0.98289994755897
"5565","Van","B",0.983102836879434,0.958643807589706
"5566","Van Horn","A",0.993604140526975,0.983704821899537
"5567","Vanadzor","A",0.993604140526975,0.983752040941117
"5568","Vancouver1","C",0.988288633461049,0.952380794877121
"5569","Vancouver2","E",0.882258064516129,0.603748533130113
"5570","Vanhynsdorp","A",0.993604140526975,0.983235072512874
"5571","Vanino","A",0.985962986198242,0.967641344912536
"5572","Varamin","B",0.983102836879434,0.964862698347119
"5573","Varanasi","D",0.988148148148148,0.690100637952138
"5574","Varna","C",0.988288633461049,0.919627720124625
"5575","Varzea Grande","C",0.988288633461049,0.951600442207637
"5576","Vasteraas","C",0.988288633461049,0.951669213730112
"5577","Vatican City","E",0.988924731182796,0.953983200876908
"5578","Vaxjo","B",0.983102836879434,0.957590363456594
"5579","Vegreville","A",0.993604140526975,0.967767124228426
"5580","Veinticinco de Mayo","A",0.993604140526975,0.967694472321458
"5581","Velikiy Ustyug","A",0.993604140526975,0.982607715239475
"5582","Velikiye Luki","B",0.983102836879434,0.964815604300418
"5583","Vellore","A",0.993604140526975,0.96186961816378
"5584","Velsk","B",0.983102836879434,0.958066418843067
"5585","Venado Tuerto","C",0.988288633461049,0.952240284949009
"5586","Venice","B",0.977641843971632,0.958223189396852
"5587","Ventspils","B",0.977641843971632,0.956709371829193
"5588","Vera","B",0.983102836879434,0.96481328351178
"5589","Veracruz","C",0.984878671775225,0.907244909905282
"5590","Vereeniging","B",0.983102836879434,0.968383583359856
"5591","Vergara","A",0.993604140526975,0.98458998968139
"5592","Verkhniy Ufaley","A",0.993604140526975,0.98405414079412
"5593","Verkhnyaya Salda","A",0.993604140526975,0.968528867161444
"5594","Vernal","A",0.993604140526975,0.984175481782829
"5595","Vernon","A",0.985962986198242,0.976444548676254
"5596","Vero Beach","B",0.983102836879434,0.96315297980707
"5597","Verona","C",0.988288633461049,0.951019344965701
"5598","Versailles","C",0.984878671775225,0.955039448837974
"5599","Viacha","A",0.993604140526975,0.982932028321735
"5600","Viana","A",0.993604140526975,0.983344189121162
"5601","Vibo Valentia","A",0.985962986198242,0.967732262401045
"5602","Viborg","A",0.993604140526975,0.983058148549091
"5603","Vicente Guerrero","A",0.993604140526975,0.984107515345967
"5604","Vichuga","A",0.993604140526975,0.98176590714691
"5605","Vichy","A",0.993604140526975,0.967919354550987
"5606","Vicksburg","B",0.977641843971632,0.932952919858856
"5607","Victor Harbor","A",0.993604140526975,0.984098504074846
"5608","Victoria Falls","A",0.993604140526975,0.984433746274603
"5609","Victoria1","C",0.988288633461049,0.953962218784232
"5610","Victoria2","B",0.983102836879434,0.957119951855409
"5611","Victoria3","A",0.993604140526975,0.982931626325772
"5612","Victoria5","B",0.977641843971632,0.845047585205425
"5613","Victoriaville","B",0.983102836879434,0.961690756448735
"5614","Victorica","A",0.993604140526975,0.982848817643841
"5615","Viedma","C",0.988288633461049,0.95162826998722
"5616","Vienna","B",0.977641843971632,0.790710600261096
"5617","Vientiane","B",0.904899527186762,0.592149641550754
"5618","Viet Tri","A",0.993604140526975,0.983485489991008
"5619","Vigo","C",0.988288633461049,0.950196697011719
"5620","Vijayawada","A",0.993604140526975,0.905655186805808
"5621","Vikhorevka","A",0.993604140526975,0.984825755739925
"5622","Vila Velha","C",0.984878671775225,0.825801671232496
"5623","Vilanculos","A",0.993604140526975,0.98370853743654
"5624","Vilhena","B",0.983102836879434,0.965120477385042
"5625","Villa Ahumada","A",0.993604140526975,0.983045669321347
"5626","Villa Angela","B",0.977641843971632,0.963233108061765
"5627","Villa Carlos Paz","B",0.983102836879434,0.96743710733524
"5628","Villa Constitucion","C",0.988288633461049,0.950070047649597
"5629","Villa Hayes","B",0.983102836879434,0.964563821158119
"5630","Villa Maria","C",0.984878671775225,0.949623305457762
"5631","Villa Rumipal","A",0.993604140526975,0.982874034597428
"5632","Villa Union","A",0.993604140526975,0.984370650764982
"5633","Villahermosa","C",0.988288633461049,0.951512601561605
"5634","Villanueva","A",0.993604140526975,0.982631310118499
"5635","Villarica","A",0.993604140526975,0.967597363059639
"5636","Villavicencio","B",0.983102836879434,0.958578751074879
"5637","Villazon","A",0.993604140526975,0.981930405954237
"5638","Vilnius","B",0.977641843971632,0.823769067538272
"5639","Vilyuysk","A",0.993604140526975,0.983345739884124
"5640","Vina del Mar","C",0.988288633461049,0.947347879459636
"5641","Vinh","A",0.993604140526975,0.982924298263565
"5642","Vinnytsya","B",0.983102836879434,0.961192637519944
"5643","Virginia Beach","C",0.984878671775225,0.959132973638266
"5644","Visakhapatnam","A",0.993604140526975,0.986433544185527
"5645","Visalia","B",0.977641843971632,0.95775356093947
"5646","Visby","B",0.983102836879434,0.962698206684748
"5647","Viseu","A",0.993604140526975,0.984478769471341
"5648","Vitoria da Conquista","B",0.983102836879434,0.967261328944645
"5649","Vitoria1","C",0.984878671775225,0.936150448413672
"5650","Vitoria2","C",0.984878671775225,0.859303299790259
"5651","Vitsyebsk","C",0.988288633461049,0.955715104675914
"5652","Vizianagaram","A",0.993604140526975,0.982627092721862
"5653","Vladikavkaz","B",0.983102836879434,0.965277454945783
"5654","Vladimir","C",0.988288633461049,0.953373250766054
"5655","Vladivostok","C",0.984878671775225,0.951336267843819
"5656","Vlore","B",0.983102836879434,0.963257082935557
"5657","Voi","A",0.993604140526975,0.983320478362489
"5658","Volgodonsk","B",0.983102836879434,0.964928497367159
"5659","Volgograd","C",0.988288633461049,0.957311203654209
"5660","Volkhov","B",0.983102836879434,0.960487469183821
"5661","Volksrust","A",0.993604140526975,0.983651365234589
"5662","Vologda","C",0.984878671775225,0.953632330421729
"5663","Volos","B",0.977641843971632,0.95572671663147
"5664","Volsk","A",0.993604140526975,0.983464051572717
"5665","Volta Redonda","B",0.977641843971632,0.964592983149725
"5666","Volzhskiy","C",0.988288633461049,0.947396048663369
"5667","Vorkuta","B",0.977641843971632,0.971102975136049
"5668","Voronezh","C",0.988288633461049,0.952832012180482
"5669","Votkinsk","B",0.983102836879434,0.960318874745214
"5670","Voznesensk","A",0.993604140526975,0.984662251153297
"5671","Vratsa","A",0.993604140526975,0.984685668653611
"5672","Vryburg","A",0.993604140526975,0.984249242297032
"5673","Vryheid","A",0.993604140526975,0.983042021413985
"5674","Vung Tau","B",0.983102836879434,0.966470741145173
"5675","Vyazemskiy","A",0.993604140526975,0.982222075356775
"5676","Vyazma","B",0.983102836879434,0.925513673889252
"5677","Vyborg","B",0.977641843971632,0.789938965282148
"5678","Vyshnniy Volochek","A",0.985962986198242,0.946775175672687
"5679","Vyska","B",0.983102836879434,0.964455727518951
"5680","Wa","A",0.993604140526975,0.982953159854694
"5681","Waco","C",0.988288633461049,0.954987517743664
"5682","Wafangdian","A",0.993604140526975,0.982990089308545
"5683","Wagga Wagga","A",0.993604140526975,0.983660582984885
"5684","Wagin","A",0.993604140526975,0.983052695155626
"5685","Wahiawa","B",0.983102836879434,0.965190569067923
"5686","Wailuku","A",0.985962986198242,0.96868809780378
"5687","Waingapu","A",0.993604140526975,0.984386939089813
"5688","Wainwright","A",0.993604140526975,0.982531441960689
"5689","Waitakere","A",0.993604140526975,0.982713292564459
"5690","Wajir","A",0.993604140526975,0.983091673803864
"5691","Wakayama","B",0.983102836879434,0.966756702647533
"5692","Wakema","A",0.993604140526975,0.982768851220792
"5693","Waku Kungo","A",0.993604140526975,0.983164555742647
"5694","Walbrzych","A",0.985962986198242,0.834703148000238
"5695","Walla Walla","B",0.983102836879434,0.962630021478711
"5696","Wallace","A",0.993604140526975,0.984961500128404
"5697","Wallaroo","A",0.993604140526975,0.984516884302515
"5698","Walvis Bay","B",0.983102836879434,0.971236672756815
"5699","Wamba","A",0.993604140526975,0.983485988239556
"5700","Wanganui","A",0.993604140526975,0.98525983607513
"5701","Wangaratta","A",0.993604140526975,0.982424815788464
"5702","Wangqing","A",0.993604140526975,0.983862097151634
"5703","Wanxian","A",0.993604140526975,0.982615392922066
"5704","Warangal","A",0.993604140526975,0.983876485861962
"5705","Warri","B",0.983102836879434,0.956650082594566
"5706","Warrnambool","A",0.993604140526975,0.983067913142034
"5707","Warsaw","C",0.984878671775225,0.957196169833772
"5708","Warwick","A",0.993604140526975,0.98312945777957
"5709","Washington, D.C.","E",0.988924731182796,0.952938725296265
"5710","Watampone","A",0.993604140526975,0.983180747941373
"5711","Waterbury","B",0.983102836879434,0.965463122020047
"5712","Waterford","B",0.983102836879434,0.96543162704864
"5713","Waterloo","B",0.977641843971632,0.759540933559068
"5714","Watertown","B",0.983102836879434,0.968618822908259
"5715","Waterville","A",0.985962986198242,0.977408542415666
"5716","Watsa","A",0.993604140526975,0.983454228468152
"5717","Wau","A",0.993604140526975,0.982762827780903
"5718","Waukegan","C",0.988288633461049,0.952189251158978
"5719","Waukesha","C",0.988288633461049,0.953292869939133
"5720","Wausau","B",0.983102836879434,0.968526772051104
"5721","Wawa","A",0.993604140526975,0.982860166207279
"5722","Waycross","B",0.983102836879434,0.968308284384472
"5723","Weifang","A",0.993604140526975,0.9405622771507
"5724","Weihai","B",0.983102836879434,0.964982104269495
"5725","Weinan","A",0.993604140526975,0.910720045762155
"5726","Welkom","A",0.993604140526975,0.982138264810541
"5727","Wellington","B",0.983102836879434,0.96741506058971
"5728","Wenatchee","B",0.983102836879434,0.963460202737956
"5729","Wenshan","A",0.985962986198242,0.976106234797249
"5730","Wenzhou","B",0.983102836879434,0.964755122415075
"5731","West Bend","B",0.983102836879434,0.967108389202122
"5732","West Palm Beach","C",0.984878671775225,0.836413120971845
"5733","Westport","A",0.993604140526975,0.983829408298061
"5734","Wetaskiwin","B",0.983102836879434,0.964435902975237
"5735","Wewak","A",0.993604140526975,0.983198763929505
"5736","Weyburn","A",0.985962986198242,0.96889293106892
"5737","Whakatane","A",0.993604140526975,0.983058060331026
"5738","Whangarei","A",0.993604140526975,0.983293896019298
"5739","Wheeling","B",0.983102836879434,0.963700380882868
"5740","White Sulphur Springs","A",0.993604140526975,0.984997733805836
"5741","Whitehorse","B",0.983102836879434,0.96895880159346
"5742","Whyalla","A",0.993604140526975,0.976775672506596
"5743","Wiarton","A",0.993604140526975,0.986360889645768
"5744","Wichita","C",0.988288633461049,0.95120267969386
"5745","Wichita Falls","B",0.977641843971632,0.832703694835131
"5746","Wiener","A",0.985962986198242,0.812050902400955
"5747","Wiesbaden","B",0.983102836879434,0.969401584282886
"5748","Wilcannia","A",0.993604140526975,0.982612158015032
"5749","Wilkes Barre","B",0.983102836879434,0.964972613868261
"5750","Willcox","A",0.993604140526975,0.984031177359713
"5751","Willemstad","B",0.977641843971632,0.964182547038262
"5752","Williams Lake","B",0.983102836879434,0.967069114816745
"5753","Williamsport","B",0.983102836879434,0.959320506724273
"5754","Williston","C",0.988288633461049,0.953800039375243
"5755","Willmar","B",0.977641843971632,0.879153182407422
"5756","Wilmington1","C",0.988288633461049,0.951454352256592
"5757","Wilmington2","C",0.988288633461049,0.953418493234087
"5758","Winchester","B",0.983102836879434,0.967628758836308
"5759","Windhoek","B",0.983102836879434,0.958678340271088
"5760","Windsor1","E",0.988924731182796,0.956440444243393
"5761","Windsor2","A",0.993604140526975,0.983673899806837
"5762","Winneba","A",0.993604140526975,0.982646328440033
"5763","Winnemucca","A",0.993604140526975,0.983995576422034
"5764","Winnipeg","E",0.987741935483871,0.956583676974492
"5765","Winona","B",0.983102836879434,0.958331340988973
"5766","Winston-Salem","C",0.874010217113667,0.458154028174936
"5767","Winter Haven","B",0.977641843971632,0.92941635825462
"5768","Winton","A",0.993604140526975,0.983751192105452
"5769","Witu","A",0.993604140526975,0.982879820181611
"5770","Wloclawek","B",0.983102836879434,0.965280632281219
"5771","Wollongong","B",0.983102836879434,0.965893089647676
"5772","Wonju","B",0.983102836879434,0.962456541183695
"5773","Wonsan","A",0.993604140526975,0.984563964098514
"5774","Wonthaggi","A",0.993604140526975,0.984348285732867
"5775","Woodward","A",0.985962986198242,0.918662855707293
"5776","Worcester1","B",0.977641843971632,0.895406773686471
"5777","Worcester2","B",0.983102836879434,0.971349855695688
"5778","Wrangell","A",0.993604140526975,0.982546362551539
"5779","Wroclaw","C",0.988288633461049,0.951258531951035
"5780","Wuchuan","A",0.993604140526975,0.983226880391511
"5781","Wuhan","D",0.995555555555555,0.790081610955715
"5782","Wuhu","B",0.983102836879434,0.962273772799435
"5783","Wukari","A",0.993604140526975,0.982527956436947
"5784","Wum","A",0.993604140526975,0.98285253677195
"5785","Wuppertal","B",0.983102836879434,0.962004409490273
"5786","Wurzburg","A",0.993604140526975,0.98330168694792
"5787","Wuwei","A",0.993604140526975,0.983295070496897
"5788","Wuxi","B",0.134391252955083,0.513949297486214
"5789","Wuyuan","A",0.993604140526975,0.983145360804045
"5790","Wuzhou","A",0.993604140526975,0.983156113173481
"5791","Xai-Xai","A",0.993604140526975,0.982794796196896
"5792","Xalapa","B",0.983102836879434,0.967872401177066
"5793","Xanthi","B",0.983102836879434,0.965595602967339
"5794","Xapeco","B",0.983102836879434,0.965177514945472
"5795","Xiamen","C",0.984878671775225,0.812765409155713
"5796","Xian","D",0.995555555555555,0.837609683939114
"5797","Xiangfan","D",0.995555555555555,0.849080166143341
"5798","Xiangkhoang","A",0.993604140526975,0.983311157880224
"5799","Xiangtai","A",0.993604140526975,0.984518762449597
"5800","Xiangtan","A",0.993604140526975,0.982306855319
"5801","Xiantao","A",0.993604140526975,0.900933484395813
"5802","Xiaogan","A",0.993604140526975,0.930925859144874
"5803","Xichang","A",0.993604140526975,0.982438374276628
"5804","Xigaze","A",0.993604140526975,0.982822005877185
"5805","Xilinhot","B",0.983102836879434,0.968225946477397
"5806","Xinguara","A",0.993604140526975,0.983938402874585
"5807","Xingyi","A",0.985962986198242,0.966553025076705
"5808","Xining","A",0.993604140526975,0.968077220650069
"5809","Xinqing","A",0.993604140526975,0.982653947542538
"5810","Xinxiang","A",0.993604140526975,0.984191009505032
"5811","Xinyang","A",0.993604140526975,0.98477286828057
"5812","Xinyi","A",0.993604140526975,0.881233995127104
"5813","Xinyu","A",0.993604140526975,0.984346416008648
"5814","Xinzhou","A",0.985962986198242,0.97722396338065
"5815","Xique-Xique","A",0.985962986198242,0.967367541719929
"5816","Xuanhua","A",0.993604140526975,0.983060242600982
"5817","Xuchang","D",0.991481481481482,0.664672614406047
"5818","Xuzhou","A",0.993604140526975,0.803173764053167
"5819","Yaan","A",0.993604140526975,0.984105302920439
"5820","Yacuiba","A",0.985962986198242,0.836739066415349
"5821","Yakeshi","A",0.993604140526975,0.982548622125094
"5822","Yakima","B",0.977641843971632,0.958114597990186
"5823","Yakutat","A",0.993604140526975,0.983298041192665
"5824","Yakutsk","C",0.984878671775225,0.850582372014304
"5825","Yala","A",0.126395859473024,0.56132588665876
"5826","Yalta","A",0.985962986198242,0.833897301273901
"5827","Yalutorovsk","B",0.983102836879434,0.957518995917281
"5828","Yamagata","A",0.985962986198242,0.850051009481873
"5829","Yamba","A",0.993604140526975,0.982487291645932
"5830","Yambio","A",0.993604140526975,0.983806690264106
"5831","Yamoussoukro","B",0.983102836879434,0.963522635382351
"5832","Yanbu al Bahr","E",0.987741935483871,0.93655824067032
"5833","Yandoon","A",0.993604140526975,0.983137963675344
"5834","Yangambi","A",0.993604140526975,0.982927423441069
"5835","Yangjiang","A",0.993604140526975,0.982696484195748
"5836","Yangquan","A",0.993604140526975,0.983930063840913
"5837","Yangzhou","B",0.983102836879434,0.965925530532607
"5838","Yanji","B",0.983102836879434,0.959083096212733
"5839","Yankton","B",0.983102836879434,0.964538817551113
"5840","Yantai","B",0.983102836879434,0.966699872569826
"5841","Yaounde","B",0.983102836879434,0.962562069893582
"5842","Yarmouth","A",0.993604140526975,0.983217138624804
"5843","Yaroslave","C",0.984878671775225,0.870730006623587
"5844","Yaynangyoung","A",0.993604140526975,0.982614882712135
"5845","Yazd","B",0.977641843971632,0.83063462477031
"5846","Ye","A",0.993604140526975,0.983694485179718
"5847","Yefremov","A",0.993604140526975,0.98282903837931
"5848","Yegoryevsk","B",0.977641843971632,0.957440882692089
"5849","Yei","A",0.993604140526975,0.983229660804183
"5850","Yekaterinburg","E",0.987741935483871,0.95054491140919
"5851","Yelets","B",0.983102836879434,0.966130164664677
"5852","Yelimane","A",0.993604140526975,0.985377881709764
"5853","Yellowknife","B",0.983102836879434,0.964009700351161
"5854","Yemanzhelinsk","A",0.993604140526975,0.983493367971373
"5855","Yendi","A",0.993604140526975,0.983885589871815
"5856","Yeniseysk","B",0.983102836879434,0.965285757451127
"5857","Yeosu","C",0.988288633461049,0.95102208961738
"5858","Yeppoon","A",0.993604140526975,0.984508738556607
"5859","Yerevan","A",0.985962986198242,0.966442866001345
"5860","Yevlax","A",0.993604140526975,0.982960998962333
"5861","Yevpatoriya","A",0.985962986198242,0.864042628681087
"5862","Yeysk","B",0.983102836879434,0.966276710929667
"5863","Yian","A",0.993604140526975,0.982505032135184
"5864","Yibin","A",0.993604140526975,0.983368924207669
"5865","Yichang","A",0.993604140526975,0.982809233755929
"5866","Yichun","B",0.983102836879434,0.963069591815256
"5867","Yinchuan","C",0.988288633461049,0.951950759479096
"5868","Yingkow","A",0.993604140526975,0.983697999492366
"5869","Yining","B",0.983102836879434,0.963104649121608
"5870","Yirga Alem","A",0.993604140526975,0.982544224364452
"5871","Yishan","A",0.985962986198242,0.96845001194672
"5872","Yishui","A",0.993604140526975,0.983036048532157
"5873","Yitulihe","A",0.993604140526975,0.984846886646159
"5874","Yiyang","A",0.993604140526975,0.983311745610132
"5875","Yogyakarta","A",0.993604140526975,0.973186854203965
"5876","Yokohama","C",0.988288633461049,0.953698261553369
"5877","Yola","A",0.993604140526975,0.98371644272228
"5878","Yomou","A",0.993604140526975,0.983546923647029
"5879","Yongzhou","A",0.993604140526975,0.982745458054845
"5880","York1","B",0.977641843971632,0.836665047987258
"5881","York2","B",0.983102836879434,0.967070543627827
"5882","Yorkton","B",0.983102836879434,0.966714083309664
"5883","Yoshkar Ola","C",0.988288633461049,0.961145228216722
"5884","Young","A",0.993604140526975,0.982383963993991
"5885","Youngstown","C",0.988288633461049,0.948793195912966
"5886","Ypacarai|Ita","B",0.983102836879434,0.965652652697321
"5887","Yuanlin","B",0.977641843971632,0.957932593881877
"5888","Yuba City","B",0.983102836879434,0.966822529765159
"5889","Yuci","A",0.993604140526975,0.968189113326694
"5890","Yueyang","A",0.993604140526975,0.984936051017174
"5891","Yulara","A",0.993604140526975,0.984860594604774
"5892","Yulin1","A",0.993604140526975,0.983247677689022
"5893","Yulin2","B",0.977641843971632,0.956445309803084
"5894","Yuma","C",0.988288633461049,0.95717661943869
"5895","Yunxian","A",0.993604140526975,0.984011552227005
"5896","Yurga","B",0.983102836879434,0.964661109747557
"5897","Yuxi","A",0.993604140526975,0.985058372739272
"5898","Yuzhno Sakhalinsk","C",0.988288633461049,0.956397042496326
"5899","Zabid","A",0.993604140526975,0.983181961331928
"5900","Zabol","B",0.983102836879434,0.968704432143563
"5901","Zacatecas","B",0.983102836879434,0.96056442701335
"5902","Zadar","B",0.977641843971632,0.956838637871191
"5903","Zagreb","E",0.988924731182796,0.94712185620934
"5904","Zahedan","B",0.977641843971632,0.93540789626913
"5905","Zahle","B",0.983102836879434,0.966889833191137
"5906","Zakho","B",0.983102836879434,0.965496027002236
"5907","Zalantun","A",0.993604140526975,0.983277366704465
"5908","Zambezi","A",0.993604140526975,0.983887135708576
"5909","Zamboanga","A",0.993604140526975,0.98466117495684
"5910","Zamora1","A",0.993604140526975,0.98447447311536
"5911","Zamora2","A",0.993604140526975,0.982507140585431
"5912","Zanesville","B",0.983102836879434,0.968564303423881
"5913","Zanjan","B",0.983102836879434,0.967278955456539
"5914","Zanzibar","A",0.993604140526975,0.98431705923788
"5915","Zaozernyy","A",0.993604140526975,0.983501902044177
"5916","Zaozhuang","A",0.993604140526975,0.90784180085202
"5917","Zapala","B",0.983102836879434,0.966683495718932
"5918","Zaporizhzhya","B",0.983102836879434,0.966972948914826
"5919","Zarafshon","A",0.993604140526975,0.98315315937304
"5920","Zaragoza","E",0.988924731182796,0.953527777386201
"5921","Zarate","E",0.987741935483871,0.959244158033977
"5922","Zaraza","B",0.983102836879434,0.968635436159005
"5923","Zaria","A",0.993604140526975,0.98347877124931
"5924","Zarzis","A",0.985962986198242,0.967822381638422
"5925","Zaysan","A",0.993604140526975,0.984176337491661
"5926","Zelenodolsk","B",0.983102836879434,0.966126516299731
"5927","Zelenokumsk","A",0.993604140526975,0.983584122235418
"5928","Zenica","B",0.983102836879434,0.948994918699117
"5929","Zhaltyr","A",0.993604140526975,0.983234838853483
"5930","Zhangjiakou","B",0.983102836879434,0.970476989796011
"5931","Zhangye","A",0.993604140526975,0.98259225227988
"5932","Zhangzhou","B",0.983102836879434,0.966766031702382
"5933","Zhanibek","A",0.993604140526975,0.984834465773048
"5934","Zhanjiang","B",0.983102836879434,0.969809906202477
"5935","Zhanyi","A",0.993604140526975,0.982717819967186
"5936","Zhaodong","A",0.993604140526975,0.984760332185764
"5937","Zhaoqing","A",0.985962986198242,0.965877290991314
"5938","Zhaotang","A",0.993604140526975,0.982671299065284
"5939","Zharkent","A",0.993604140526975,0.98256088535541
"5940","Zheleznogorsk","A",0.985962986198242,0.74598054367092
"5941","Zheleznogorsk Ilimskiy","B",0.983102836879434,0.970699038206974
"5942","Zhengzhou","G",0.998181818181818,0.86603803997421
"5943","Zhenjiang","B",0.983102836879434,0.958009929945764
"5944","Zhetiqara","A",0.993604140526975,0.983521173905346
"5945","Zhijiang","A",0.993604140526975,0.982585896049857
"5946","Zhob","A",0.993604140526975,0.982271577941708
"5947","Zholymbet","A",0.993604140526975,0.982646037229915
"5948","Zhosaly","A",0.993604140526975,0.982665610811367
"5949","Zhoukou","D",0.995555555555555,0.844106168697885
"5950","Zhuanghe","A",0.993604140526975,0.984441615368696
"5951","Zhucheng","A",0.993604140526975,0.983368556420362
"5952","Zhuzhou","A",0.976144918444165,0.580613073884805
"5953","Zhytomyr","A",0.993604140526975,0.984107531763499
"5954","Zibo","A",0.993604140526975,0.908099105639412
"5955","Zicheng","A",0.993604140526975,0.983510585459334
"5956","Zielona Gora","B",0.983102836879434,0.965135647426347
"5957","Zigong","A",0.993604140526975,0.785864436135079
"5958","Ziguinchor","A",0.993604140526975,0.982152684857863
"5959","Zilina","B",0.983102836879434,0.967779859444938
"5960","Zima","B",0.983102836879434,0.959576113688348
"5961","Zinder","A",0.993604140526975,0.982880471781844
"5962","ZÌùrich","B",0.983102836879434,0.964605328031038
"5963","Zixing","A",0.993604140526975,0.983606006371943
"5964","Zlatoust","B",0.904899527186762,0.681874794349648
"5965","Zlin","A",0.985962986198242,0.965980642134083
"5966","Zmeinogorsk","A",0.993604140526975,0.982628993210139
"5967","Zomba","A",0.993604140526975,0.984330854308288
"5968","Zongo","A",0.993604140526975,0.984694914070397
"5969","Zonguldak","B",0.983102836879434,0.96512607687224
"5970","Zouar","A",0.993604140526975,0.983054280906043
"5971","Zouirat","A",0.993604140526975,0.983397096987327
"5972","Zrenjanin","B",0.983102836879434,0.961920982930758
"5973","Zumpango","C",0.988288633461049,0.964360434668944
"5974","Zunyi","A",0.993604140526975,0.982997601757827
"5975","Zuozhou","A",0.993604140526975,0.985286553571529
"5976","Zuwarah","B",0.983102836879434,0.962365105096818
"5977","Zvishavane","A",0.993604140526975,0.983271539879773
"5978","Zvolen","A",0.985962986198242,0.968151488765799
"5979","Zwedru","A",0.993604140526975,0.982725628977866
"5980","Zyryanovsk","A",0.993604140526975,0.983483545429033
