"","City","Area","Brightness"
"1","Aalborg","-0.110870008214732","-0.0427836429170702"
"2","Aarhus","-0.0964904456912968","-0.117789593087232"
"3","Aba","-0.0583590709060575","-0.598416752775185"
"4","Abadan","-0.118940685769301","5.38564573367355"
"5","Abaetetuba","-0.127783686663968","-0.0193171803229581"
"6","Abai","-0.129640495263202","-0.690704957619709"
"7","Abakan","-0.118153726916202","0.661896269384554"
"8","Abancay","-0.127425032592208","-0.727422428803264"
"9","Abau","-0.130219812017758","-0.786625597928258"
"10","Abaza","-0.127865380476416","-0.670682875802775"
"11","Abbottabad","0.00937120680403293","-0.679023359060133"
"12","Abeche","-0.127427536908472","-0.741458683934794"
"13","Abengourou","-0.119888049096005","-0.647585445197784"
"14","Abeokuta","-0.0671900399641716","-0.703179292953382"
"15","Aberdeen1","-0.124343984717701","0.25534624965087"
"16","Aberdeen2","-0.122530347613785","-0.212794473448114"
"17","Aberdeen3","-0.110689669062056","1.08797129190177"
"18","Abha","-0.121177692723705","1.85865626534872"
"19","Abidjan","-0.00771676119152937","0.384833048427133"
"20","Abilene","-0.104566393816501","0.604524759557926"
"21","Abohar","0.109232690157581","-0.606561943111469"
"22","Abomey","0.181929593495747","-0.776519027742764"
"23","Abong Mbang","-0.129996279269986","-0.77915753502093"
"24","Abra Pampa","-0.12921073900765","-0.757992196895016"
"25","Abu Dhabi","-0.1056040276999","6.94325162971862"
"26","Abu Kamal","-0.113405039641359","-0.686297065995594"
"27","Abuja","-0.0854099198147926","0.381665039517675"
"28","Acapulco","-0.0965218611385475","0.24848110082506"
"29","Acarau","-0.129553781898416","-0.326504623885591"
"30","Acarigua","-0.11253913089939","0.815288157025719"
"31","Acatlan","-0.128964456917406","-0.673316713749657"
"32","Accra","0.0340730549346894","0.536220106037312"
"33","Achinsk","-0.11778508013515","0.872501562370231"
"34","Acu","-0.128896019803598","0.0219896101660036"
"35","Ad Dakhla","-0.126985897668817","0.557077887569718"
"36","Ad Damman","-0.050147261907787","7.81091804691235"
"37","Ad Diwaniyah","-0.119700200747495","1.26628535291135"
"38","Ad Nabk","-0.126570574473518","-0.613592649119823"
"39","Adana","-0.0869330783616313","1.9159328095423"
"40","Adapazari","-0.102281838861571","0.542717574011059"
"41","Addis Ababa","0.175642333554994","-0.66832821923082"
"42","Adelaide","0.0419701647507844","0.413272553250417"
"43","Aden","-0.121369248904337","0.691172278171564"
"44","Adi Ugri","-0.0655899786178833","-0.784958743840328"
"45","Adigrat","-0.121852556386598","-0.76759540887891"
"46","Adiyaman","-0.106701540566545","-0.280219386619229"
"47","Ado Ekiti","0.265308184888485","-0.767502188464561"
"48","Adrar","-0.123375066739914","0.102788378165517"
"49","Afyon","-0.115867370365804","-0.0904107951923995"
"50","Agadez","-0.122175087273431","-0.702567528119902"
"51","Agadir","-0.0988370409138612","1.31959547342876"
"52","Agartala","0.882748205971892","-0.685899209749288"
"53","Agboville","-0.122953787297472","-0.642193550481389"
"54","Agen","-0.117663221500949","0.126110891046662"
"55","Agordat","-0.128303942847456","-0.786624213554767"
"56","Agra","0.711671350714563","-0.441107768683677"
"57","Agri","-0.123934942816523","-0.496433549775126"
"58","Agrinio","-0.122444235474351","-0.275452103261652"
"59","Agua Prieta","-0.120004877361881","-0.170227479572116"
"60","Aguascalientes","-0.0932087370043503","0.238053754215491"
"61","Ahar","-0.126955367664364","-0.513650252855674"
"62","Ahmadabad","1.55572424071508","-0.413712714250939"
"63","Ahmednagar","-0.0990298698653634","-0.452499097965822"
"64","Ahwaz","-0.079778902848783","3.15356971994556"
"65","Aigua","-0.129702653158195","-0.713810076837944"
"66","Aiken","-0.113585862518255","0.138372438379051"
"67","Aiquile","-0.129595862935588","-0.752667499800514"
"68","Aix-en-Provence","-0.11510008456092","0.698450059964812"
"69","Aizawl","-0.120285759696478","-0.689697845794454"
"70","Ajaccio","-0.120171291516345","0.0918301848194608"
"71","Ajdabiya","-0.126239930266722","2.32864144065485"
"72","Ajmer","-0.0893242341713402","-0.391255358017736"
"73","Aketi","-0.126680331249062","-0.786625597928258"
"74","Akhtubinsk","-0.125690049804117","-0.379172975748233"
"75","Akita","-0.10460068050138","-0.255646578689452"
"76","Akola","-0.0858612461897302","-0.585402257510321"
"77","Akron","0.0118950429899909","0.967386899271632"
"78","Aksu","-0.117035005498125","-0.227803890405552"
"79","Aksum","-0.124638978434968","-0.765835274058013"
"80","Akureyi","-0.127765826231012","1.245507695951"
"81","Al Ahmadi","-0.12694628472668","5.10791440761209"
"82","Al Amarah","-0.115155873975857","1.27261708140629"
"83","Al Ayn","-0.0911928185394644","3.47651120710957"
"84","Al Bayda","-0.130250959215035","-0.251149394063263"
"85","Al Fallujah","-0.124313492992079","-0.496487573810727"
"86","Al Fujayrah","-0.123005963361374","2.55868818039281"
"87","Al Hasakah","-0.121859824717579","-0.701964668995348"
"88","Al Hillah","-0.102143440929205","0.619856776572335"
"89","Al Hudaydah","-0.108169299442778","-0.0281131254477527"
"90","Al Hufuf","-0.106190844205267","5.6853239864139"
"91","Al Jaghbub","-0.130245029528049","0.0350323291826934"
"92","Al Jahra","-0.120180483938581","4.88142403217727"
"93","Al Jubayl","-0.121145136712966","5.9683033861585"
"94","Al Karak","-0.113712661923076","-0.417712122828573"
"95","Al Khalil","-0.102988172280024","0.0906497628585577"
"96","Al Kharj","-0.117081996735081","5.0911091793815"
"97","Al Khums","-0.127632143508585","1.07349962749243"
"98","Al Kut","-0.122195917071211","1.70772507709175"
"99","Al Ladhiqiyah","-0.0957190305676449","-0.229558309702239"
"100","Al Marj","-0.126503126338371","0.87193279800971"
"101","Al Mubarraz","-0.117924229679525","5.11645805470004"
"102","Al Mukalla","-0.123578334474901","0.51810448932905"
"103","Al Musayyib","-0.122220178894134","0.165522057693319"
"104","Al Qamishli","-0.124958288346515","-0.523105252610892"
"105","Al Qunaytirah","-0.12876321673686","-0.643914094841898"
"106","Al Quwayiyah","-0.126995497360859","0.767778575120839"
"107","Al Wajh","-0.128447975879309","2.86785304520615"
"108","Al-Qatif","-0.11572345475511","5.25193343605236"
"109","Alagoinhas","-0.125675709356593","0.65993038641537"
"110","Alajuela","-0.0919816263232827","0.195083134952429"
"111","Alamogordo","-0.123910044186408","-0.432110010865349"
"112","Alapayevsk","-0.124136953967491","-0.106841436759304"
"113","Alatyr","-0.126195053739584","-0.442347983820942"
"114","Alayat Samail","-0.128401240928343","-0.181528261224919"
"115","Albacete","-0.120755905241201","0.11558360318822"
"116","Albany1","-0.0967637999226998","0.697319908881025"
"117","Albany2","-0.0564642491866181","0.696695040162767"
"118","Albany3","-0.118866153915532","-0.0182853405449231"
"119","Albany4","-0.12570486286992","-0.490111107666623"
"120","Albert Lea","-0.124798309741222","-0.084185270359357"
"121","Albuquerque","0.00478892348798839","0.541678185022809"
"122","Albury","-0.121632653883069","-0.202770923798573"
"123","Aldama","-0.12921248686871","-0.63954667298959"
"124","Aldan","-0.126830309258113","-0.343948961390067"
"125","Aleksandrovsk","-0.127905314171915","-0.618163588671949"
"126","Alekseyevka","-0.12591019969049","-0.320328855210784"
"127","Aleksin","-0.123179418021023","-0.150267196190507"
"128","Aleppo","-0.0782399188622918","-0.624869153198867"
"129","Alexandria1","-0.105013816184213","0.559666751954606"
"130","Alexandria2","0.115793726421368","1.89282519179284"
"131","Alexandria3","-0.036405235108214","2.23680083749156"
"132","Alexandroupoli","-0.126061276326149","0.0281141643124204"
"133","Aleysk","-0.125410368244541","-0.527017995397392"
"134","Algeciras","-0.120364763508589","2.43680892663783"
"135","Algha","-0.127565084081027","-0.682739532851672"
"136","Algiers","0.199497135078944","1.84905744456025"
"137","Ali Bayramli","-0.125832116203738","-0.421401113029352"
"138","Ali Sabih","-0.128700161225232","-0.754376977705139"
"139","Alicante","-0.0988829903618145","1.45294540895962"
"140","Alice","-0.124349768361505","0.378217452470817"
"141","Alice Springs","-0.124346225005297","-0.34204638884291"
"142","Aligarh","1.85696469303085","-0.663901980023356"
"143","Alipur Duar","1.23670486079422","-0.727977386902206"
"144","Aliwal North","-0.12814659401138","-0.674872794705239"
"145","Allahabad","1.80536764669623","-0.642842557370376"
"146","Allanmyo","-0.126465330842912","-0.712246591436831"
"147","Allappey","0.396296138850649","-0.730284399807988"
"148","Allende","-0.127898400857298","-0.546745861758829"
"149","Allentown","-0.0230273456956175","0.64056897844866"
"150","Alliance","-0.127464855082506","-0.0803942371409557"
"151","Almaty","-0.0484085695114478","0.670324619443766"
"152","Almenara","-0.127884991896852","-0.460728401945468"
"153","Almeria","-0.120830939693918","1.54472115754424"
"154","Almetyevsk","-0.120168162810894","0.454381091184755"
"155","Almirante","-0.129345579006672","-0.718303256307861"
"156","Alor Setar","-0.0677239133461745","-0.103070348897436"
"157","Alotau","-0.129348814813943","-0.717776747150255"
"158","Alpena","-0.123986938172785","-0.252614369777384"
"159","Alpine","-0.127947218147733","-0.66425196741398"
"160","Alta Gracia","-0.126278748467448","0.161449258782289"
"161","Altagracia de Orituco","-0.126730288330899","-0.179300643706115"
"162","Altamira","-0.128891225438566","0.107450444405717"
"163","Altay","-0.128493003773433","-0.405763353001229"
"164","Alton","-0.105335444555115","0.924429319553478"
"165","Altoona","-0.111481644350564","-0.0650018264448195"
"166","Alvorada","-0.130221600886099","-0.570134022743578"
"167","Alwar","0.241313245110125","-0.567684904534145"
"168","Alxa Zuoqi","-0.129051553517144","-0.511211643490007"
"169","Am Timan","-0.127830289737237","-0.786625597928258"
"170","Amahai","-0.129554152177882","-0.775318401055268"
"171","Amapa","-0.129553244234501","-0.687246700879439"
"172","Amarillo","-0.093384360241634","0.587009648207677"
"173","Amasya","-0.126386094184798","-0.0585560019318692"
"174","Ambala","0.389450065477799","-0.503231549233938"
"175","Ambanja","-0.129146774125847","-0.765277537281375"
"176","Ambato","-0.0995124711640349","-0.440636779463413"
"177","Ambatondrazaka","-0.127906836377837","-0.776139301262574"
"178","Ambon","-0.122488014354851","-0.52482003855395"
"179","Americana","-0.0521490255486004","0.647539044139163"
"180","Ames","-0.120185372010433","0.540786434566154"
"181","Amherst","-0.127953675126743","-0.362914250286682"
"182","Amiens","-0.112334163321037","0.314922043073822"
"183","Amman","0.0105164392912164","1.00112569230646"
"184","Ammochostos","-0.124438958739754","-0.0696986791025536"
"185","Amol","-0.110414855272377","0.0967703708269071"
"186","Amos","-0.12778264111433","0.0715748817341015"
"187","Amravati","-0.0925518141820929","-0.360488423106492"
"188","Amritsar","5.41918479843982","-0.554594359555012"
"189","Amsterdam","-0.052884891774846","1.69563656108895"
"190","Amursk","-0.127156433605534","-0.232648896313753"
"191","An Najaf","-0.0972918494655799","1.41451889952715"
"192","An Nasiriyah","-0.117121012067292","1.09838456952866"
"193","Anaco","-0.119301541405722","2.66793897804165"
"194","Anapolis","-0.102591673070661","0.237117480575868"
"195","Anatuya","-0.127705987662173","0.00573916309974076"
"196","Anbyon","-0.129228399998775","-0.784066977801363"
"197","Anchorage","-0.0870990001036751","2.40017912923655"
"198","Ancona","-0.115911148761576","0.742337050404214"
"199","Ancud","-0.12762030592576","-0.570884182615461"
"200","Anda","-0.109242012392288","-0.0788645784211268"
"201","Anderson","-0.107550273696745","0.192432933234534"
"202","Andijon","0.0503338870795442","-0.429081640898249"
"203","Andkhvoy","-0.119773689622784","-0.746952050652557"
"204","Andoany","-0.128283716344859","-0.758092545629665"
"205","Andong","-0.123116581042711","0.0374660916122529"
"206","Andorra","-0.124366328111015","-0.376824485079508"
"207","Andradina","-0.123190561990073","-0.361523865916673"
"208","Androka","-0.130236806106853","-0.786625597928258"
"209","Angangxi","-0.126345850886518","-0.647228905864772"
"210","Angarsk","-0.105879548095286","0.53892898570733"
"211","Angeles","0.213353623283843","-0.57073294105172"
"212","Angers","-0.0966829591886578","0.0355443886801235"
"213","Angoche","-0.124482052331142","-0.753513426872863"
"214","Angol","-0.126572175156438","-0.304602649322073"
"215","Angren","-0.111629978031365","-0.596833305932574"
"216","Ankang","0.0241975153275603","-0.652255918513002"
"217","Ankara","0.00770688883810935","1.78633689036385"
"218","Anlu","0.0998660245869369","-0.735595060089747"
"219","Ann Arbor","-0.0763860439745365","0.746126753932176"
"220","Annaba","-0.100901814911898","0.601622088230231"
"221","Annapolis","-0.114181593143913","0.75784810380179"
"222","Annecy","-0.109978358319535","0.149445070889049"
"223","Anqing","-0.0965945813304985","-0.138190004003027"
"224","Ansan","-0.037511618135054","2.59060898634949"
"225","Anshan","0.108690717890239","0.0956891180365561"
"226","Anshun","0.0454839927206949","-0.607318343949751"
"227","Antalaha","-0.128725642854476","-0.756967308502668"
"228","Antalya","-0.0795859042234899","1.53935487009204"
"229","Antananarivo","0.0507136029607957","-0.711938108617425"
"230","Antigonish","-0.127944533585607","-0.46101874628607"
"231","Antofagasta","-0.117841894059188","0.00720027842227678"
"232","Antsirabe","-0.0566572232091311","-0.78138814099218"
"233","Antsiranana","-0.125029675347839","-0.674229921549551"
"234","Antsohihy","-0.129581614671433","-0.760561212433163"
"235","Antwerpen","0.0606275985655379","1.12519541803453"
"236","Anuradhapura","-0.101748241884886","-0.713477798993725"
"237","Anxi","-0.12773127962722","-0.621526075530926"
"238","Anyang","0.323103228821279","-0.537391468097698"
"239","Anzhero Sudzhensk","-0.117852630248803","-0.239102270036923"
"240","Aomori","-0.105684669295576","-0.197621204314419"
"241","Apalachicola","-0.129281040775051","-0.569904179317797"
"242","Apatity","-0.124632814970341","1.20048008847729"
"243","Apatzingan","-0.124783909178932","-0.52681279413791"
"244","Apia","-0.120332104651092","-0.712022667278151"
"245","Apodi","-0.130217559407414","-0.317071156536781"
"246","Apolo","-0.12958098903396","-0.783656560370296"
"247","Appleton","-0.0806794305432484","0.862222626370576"
"248","Apsheronsk","-0.123601629652896","-0.666436166250737"
"249","Apucarana","-0.119257302786782","-0.116599219894682"
"250","Aqadyr","-0.129695776777766","-0.623522873802742"
"251","Aqsay","-0.128059936059762","-0.179859799980909"
"252","Aqtau","-0.129309515820664","0.469092614591373"
"253","Aqtobe","-0.116758064585294","0.629703606073661"
"254","Aquidauana","-0.121716975847044","-0.172889305358006"
"255","Ar Ramadi","-0.117087581144112","-0.00542054268716685"
"256","Ar Raqqah","-0.120540495331056","-0.463375172204168"
"257","Ar Rutbah","-0.128575423791177","-0.641915870369856"
"258","Aracaju","-0.0776140386190386","1.55555273004624"
"259","Aracati","-0.129114244220415","0.11307675067794"
"260","Aracatuba","-0.114112424668977","0.227924515622938"
"261","Aracuai","-0.127681731945272","-0.505846471262043"
"262","Arad","-0.117169556228156","0.427150746793072"
"263","Araguaina","-0.126704935719465","0.327886181675097"
"264","Araguari","-0.119940704337944","-0.207716514354243"
"265","Arak","-0.113322898349639","-0.0805557301890222"
"266","Aral","-0.126929109874384","-0.314554052542173"
"267","Aranyaprathet","-0.128071169523888","-0.461972155775021"
"268","Arapiraca","-0.125638164194182","1.37988878496806"
"269","Arapongas","-0.119245711562906","-0.0112930561561761"
"270","Arar","-0.124155039108421","3.35843195126012"
"271","Ararangua","-0.122667665825084","-0.010536333618593"
"272","Ararat","-0.127783970387988","-0.666301631603922"
"273","Arauca","-0.127802204704728","-0.199408522726076"
"274","Araxa","-0.122504313455826","-0.385934880545705"
"275","Arba Minch","-0.12251515400806","-0.758722398006228"
"276","Arcata","-0.125389716678546","-0.535577126944929"
"277","Archangel","-0.0997730363568874","0.847908294365039"
"278","Arcoverde","-0.127372464107042","-0.448256248805373"
"279","Arctic Bay","-0.130372427023447","-0.602843613934627"
"280","Ardabil","-0.116640563328841","-0.00937907400721436"
"281","Ardmore","-0.123268272701945","0.462354343969068"
"282","Arecibo","-0.112151169869084","-0.169003907011916"
"283","Arequipa","-0.0953754637136567","-0.0201360122718526"
"284","Arezzo","-0.120417770069966","0.294889613262772"
"285","Argentia","-0.129682166407266","-0.655408078370334"
"286","Arica","-0.121821730282902","-0.16058713812747"
"287","Arjona","-0.127170380170809","-0.405174900643612"
"288","Armavir","-0.115632470895879","0.174753454989155"
"289","Armenia","-0.121172786214015","-0.156623588298358"
"290","Armidale","-0.125081564639703","-0.674678091566212"
"291","Arqalyq","-0.125589368401253","-0.511968730620127"
"292","Arras","-0.117470466611803","0.599209858207075"
"293","Arrecife","-0.123641170968329","0.280574680751882"
"294","Arroyos y Esteros","-0.130035912135826","-0.603372230222642"
"295","Arsenyev","-0.125324706332027","-0.565243185408588"
"296","Artemisa","-0.125737319881705","-0.507149289082881"
"297","Artemovsk","-0.128746335942438","-0.755876726432649"
"298","Artemovskiy","-0.126220184457987","-0.233780848913615"
"299","Artigas","-0.128523008781616","-0.250449033242855"
"300","Arua","0.0319603176811833","-0.785921098161532"
"301","Arusha","-0.122927208648495","-0.647416671022252"
"302","Arvayheer","-0.127357057594657","-0.760314651367147"
"303","Arviat","-0.130329751724835","-0.480820796505841"
"304","Arxan","-0.129074163686099","-0.710154066176961"
"305","Arys","-0.125179154436067","-0.602367606205299"
"306","Arzamas","-0.118774481518991","-0.422352056157011"
"307","As Salt","-0.125354695814951","0.192244803484519"
"308","As Samawah","-0.116968010767529","0.428070206282679"
"309","As Sulaymaniyah","-0.118142455116342","2.13887385516533"
"310","As Sulayyil","-0.128568945932932","1.01780395654707"
"311","As Suwayda","-0.124082627743052","-0.543293384882629"
"312","Asahikawa","-0.100372043986247","0.174076857023635"
"313","Asbest","-0.122045568001525","0.230863646204513"
"314","Ascension","-0.128536201620919","-0.669048611194241"
"315","Asela","-0.123861887706916","-0.777344808396517"
"316","Ash Shatrah","-0.123046809688399","0.204854386565121"
"317","Ash Shihr","-0.127653804207453","0.186192224194582"
"318","Asha","-0.123650203913798","-0.0627423821420467"
"319","Ashburton1","-0.127499985745703","-0.541930001807111"
"320","Ashburton2","-0.130326453414872","-0.624019191481143"
"321","Asheville","-0.0778217757180435","-0.140897425302887"
"322","Ashgabat","-0.0972916754297605","4.46044747172258"
"323","Asino","-0.127517625108797","-0.492600631308002"
"324","Asmara","-0.107155254871164","-0.732015018718208"
"325","Asosa","-0.128258196880637","-0.749778841158115"
"326","Assab","-0.127633167441194","-0.767401056928285"
"327","Assis","-0.113864538859491","-0.210102236355165"
"328","Astana","-0.103438841480966","4.58673203278398"
"329","Asti","-0.12396906473308","0.443520351279657"
"330","Astoria","-0.128123738498934","-0.486855811014052"
"331","Astrakhan","-0.0939854350205558","0.54680246881573"
"332","Asuncion","0.0379887120192189","1.82675707758493"
"333","Aswan","-0.115658355200416","2.19399715871802"
"334","Asyut","0.0272994486265168","0.405293466985491"
"335","At Bashy","-0.125913758562517","-0.772117956813994"
"336","At Taif","-0.108751364845069","2.16139555125831"
"337","Atakpame","-0.124074784093683","-0.755377250739464"
"338","Atamyrat","-0.125694746310509","-0.301011627281131"
"339","Atar","-0.128154429312456","-0.714285918355967"
"340","Atasu","-0.126757751892134","-0.696515608313532"
"341","Atbara","-0.122418150244206","-0.6065101066311"
"342","Atbasar","-0.125471918094064","-0.519350271160592"
"343","Athabasca","-0.129921996604265","-0.39453686243986"
"344","Athens1","-0.0961493402125871","0.304038055032727"
"345","Athens2","0.00130252216249234","3.22086166407311"
"346","Atherton","-0.128745385257412","-0.736183287257854"
"347","Ati","-0.129575526191957","-0.786590047029839"
"348","Atikokan","-0.128086301022115","-0.535468371135268"
"349","Atkarsk","-0.127545114422887","-0.556814384970361"
"350","Atlanta","0.927328818314274","1.46487298952647"
"351","Atlantic City","-0.122868843022679","2.83076892260828"
"352","Atlixco","-0.122891440100904","-0.36535852156001"
"353","Atoyac","-0.128533309521928","-0.565654231326151"
"354","Atyrau","-0.117238649560728","1.02182648458099"
"355","Auburn","-0.109109054218587","0.684660569642187"
"356","Auckland","-0.0264525227193687","0.541075449216322"
"357","Augsburg","-0.0907458235475642","-0.220264159596489"
"358","Augusta1","-0.0468488518468953","1.34342421232671"
"359","Augusta2","-0.123904074347824","-0.143693335356575"
"360","Aurangabad1","0.376015285017202","-0.738752318880966"
"361","Aurangabad2","-0.0374831202375586","-0.380211249512245"
"362","Aurora1","-0.0379055476247864","1.20316760731386"
"363","Aurora2","0.220610566123515","1.7789618267026"
"364","Austin","0.0695750581629963","1.46560783651173"
"365","Autlan","-0.126892487471969","-0.609119345304924"
"366","Auxerre","-0.122654166302012","0.0899648436045018"
"367","Avare","-0.119424208848406","0.204341297629937"
"368","Aweil","-0.128687725282375","-0.773413683846118"
"369","Awka","0.0397361712905928","-0.722145981241947"
"370","Ayacucho","-0.123753945773051","-0.577446355041532"
"371","Ayakoz","-0.126258498596819","-0.613387115437731"
"372","Ayapel","-0.128466744707035","-0.604798516234412"
"373","Ayaviri","-0.129367581352993","-0.750486105109312"
"374","Aydin","-0.102515419430453","0.165570098121961"
"375","Ayorou","-0.129795238712225","-0.786499067928643"
"376","Ayounel el Atrous","-0.130013342730322","-0.783572381381763"
"377","Ayr1","-0.1233484235601","0.0521731541219307"
"378","Ayr2","-0.12793214458959","-0.526844385009065"
"379","Ayutthaya","-0.11370381555093","0.83079303379676"
"380","Az Aubayr","-0.115880783066049","5.0833156492722"
"381","Az Zahran","-0.0954974834419368","7.55424764476732"
"382","Az Zarqa","-0.104359727607959","0.74958720895099"
"383","Az Zawiyah","-0.119603157825071","2.25426799419964"
"384","Azare","-0.12501747553537","-0.707650650487522"
"385","Azogues","-0.114528432091548","-0.568519885787849"
"386","Azul","-0.123314667022386","0.886054110435877"
"387","Babahoyo","-0.123802801334299","-0.231928161204413"
"388","Babanusa","-0.127398753838784","-0.779356153508508"
"389","Babati","-0.12933432794994","-0.768157725849316"
"390","Babruysk","-0.114241012505912","-0.42901803022354"
"391","Bac Giang","0.249972343288928","-0.596026376857739"
"392","Bac Lieu","0.143852831644826","-0.705149143547258"
"393","Bacabal","-0.127568854126616","-0.0287788285303588"
"394","Bacau","-0.114656350666933","-0.130189514011406"
"395","Bacolod","-0.0457574099601","-0.638577006962732"
"396","Badajoz","-0.118485770783623","0.67336111767982"
"397","Baddeck","-0.129819770525237","-0.690006923757564"
"398","Badulla","-0.0177705063880469","-0.773825601032615"
"399","Bafang","-0.125589007476359","-0.781453835004954"
"400","Bafata","-0.125892942544911","-0.786625597928258"
"401","Bafia","-0.12889405156488","-0.76037596189187"
"402","Bafoussam","0.0989115984698911","-0.782247431989572"
"403","Bafra","-0.117283273001795","-0.27030448554625"
"404","Bagamoyo","-0.130217870062781","-0.695996235518707"
"405","Bage","-0.118106691750567","-0.230289038936465"
"406","Baghdad","0.0215856002046224","3.44347449062474"
"407","Baghlan","-0.100299617181246","-0.767595308347879"
"408","Bago","-0.116903959715215","-0.646520759921331"
"409","Baguio City","-0.107490650777339","-0.575059496369754"
"410","Bahawalpur","0.555761099593186","-0.71828996476516"
"411","Bahia Blanca","-0.0943413591029043","1.19788504746586"
"412","Bahir Dar","-0.117206083035278","-0.742155262107612"
"413","Bahraich","0.990102070564802","-0.756497831269108"
"414","Baia Mare","-0.121279367194762","0.0386528617726572"
"415","Baicheng","-0.102709135964273","-0.46854996278702"
"416","Baie-Comeau","-0.127670258578182","0.0396080084378243"
"417","Baiquan","-0.124427173435967","-0.672638689583906"
"418","Bairnsdale","-0.126573247582615","-0.56339214908912"
"419","Bakal","-0.128000935708838","-0.508962965390432"
"420","Baker Lake","-0.130340844900935","-0.407793704509925"
"421","Bakersfield","-0.0559400682509358","1.01674106206338"
"422","Baku","-0.0660589682639312","1.61477302429725"
"423","Balakhna","-0.123412381987006","-0.0266413726017348"
"424","Balakovo","-0.119039036094288","0.0866171978065163"
"425","Balancan","-0.129383078387659","-0.412471469675918"
"426","Balashov","-0.121002311050389","-0.460873831475208"
"427","Balboa","-0.126307951516378","1.3834062022094"
"428","Balcarce","-0.125696541082992","0.420466178507062"
"429","Baleshwar","0.574312413409201","-0.717388541882917"
"430","Balikesir","-0.111079008242108","0.379393413534772"
"431","Balikpapan","-0.113625014278867","0.758191592866575"
"432","Balkanabat","-0.123915409960301","1.19140439364214"
"433","Balkh","-0.0583836922214252","-0.746245987712076"
"434","Ballarat","-0.114043976979649","-0.354372147355369"
"435","Ballina","-0.12596663731813","-0.543192199729803"
"436","Balqash","-0.126474422313481","-0.00745110866206376"
"437","Balsas","-0.126707692514852","0.0774730453605491"
"438","Baltasar Brum","-0.130056023611837","-0.642085706153075"
"439","Balti","-0.119948121073302","-0.592777750103966"
"440","Baltimore","0.194790310713398","2.21665405430304"
"441","Balykchy","-0.12419659507701","-0.730504216938952"
"442","Balyqshy","-0.126906477696756","0.447221437374076"
"443","Bama","-0.126316060038876","-0.786625597928258"
"444","Bamako","-0.0859296370643576","-0.0475333829395475"
"445","Bambari","-0.127795582917315","-0.786625597928258"
"446","Bamenda","-0.0556072696787441","-0.776854877119407"
"447","Bamian","-0.130255351483063","-0.786539017462837"
"448","Banamba","-0.129791955911393","-0.786477818454255"
"449","Banda Aceh","-0.0738278231967768","-0.466405021988044"
"450","Bandar Lampung","-0.0949671354334859","-0.0425766401415109"
"451","Bandar Seri Begawan","-0.0929559572058744","1.21585319721549"
"452","Bandar-e Bushehr","-0.120919349969828","1.17374233005214"
"453","Bandar-e-Abbas","-0.11583233690998","1.69735383483991"
"454","Bandjarmasin","-0.100615280734651","-0.198178215927219"
"455","Bandundu","-0.123147650242434","-0.651664420735356"
"456","Bandung","2.14464611009098","-0.590289041434144"
"457","Banes","-0.128160939410031","-0.629523616612307"
"458","Banff","-0.130297933500428","-0.641784091613701"
"459","Banfora","-0.128262060923683","-0.715328824589883"
"460","Bangalore","0.603756490123783","0.249438992657574"
"461","Bangassou","-0.125144922847621","-0.786625597928258"
"462","Banghazi","-0.105979934936225","4.16518585010397"
"463","Bangkok","0.477997732347402","1.42243390329174"
"464","Bangor","-0.116530502085431","0.116223827686348"
"465","Banguela","-0.126764113766291","0.201964840568822"
"466","Bangui","-0.103740212890791","-0.691436019276545"
"467","Bani Walid","-0.125149875566023","1.12837037564884"
"468","Banja Luka","-0.114789726427994","0.0801849275573546"
"469","Banjul","-0.12871494453121","-0.514101275272785"
"470","Bannu","0.000886995235938086","-0.720567585078329"
"471","Bansang","-0.130222402941093","-0.786625597928258"
"472","Banska Bystrica","-0.121027068883663","-0.360820931501874"
"473","Banyuwangi","-0.117293892076817","-0.562393530125358"
"474","Baoding","1.22216951858188","-0.571657161690949"
"475","Baoji","0.391653905691097","-0.649618070048192"
"476","Baoshan","-0.0894686739862663","-0.647241838176589"
"477","Baotou","-0.114383287384834","0.0206196000849246"
"478","Baqubah","-0.111223404729538","1.22728767709693"
"479","Bar Harbor","-0.129323607836422","-0.641041556015203"
"480","Barabinsk","-0.127264313382035","-0.296577109678375"
"481","Barahona","-0.124334545888589","-0.205541269481306"
"482","Baramula","0.0376517872861397","-0.73953249329744"
"483","Baranavichy","-0.120662178028653","-0.200036608437323"
"484","Barbacena","-0.116592510523647","-0.283463788388876"
"485","Barcaldine","-0.129624711101229","-0.71770106739018"
"486","Barcelona1","0.107161350802831","2.33064232450776"
"487","Barcelona2","-0.0947037194671888","2.86749480086685"
"488","Barcelos","-0.129552818174949","-0.645561688524717"
"489","Barddhaman","1.71285171564389","-0.637121821630607"
"490","Bareilly","1.40414528508376","-0.69890839697572"
"491","Bari","-0.0821369771785325","1.80162918823815"
"492","Barinas","-0.111399202186945","0.564191216681348"
"493","Barisal","0.992262504808942","-0.778366516657254"
"494","Barlett","-0.055899119037642","1.98131343090177"
"495","Barletta","-0.124921148021173","1.1091305271239"
"496","Barnaul","-0.0976622676785956","0.302506594796824"
"497","Barquisimeto","-0.0827035242250731","0.417416983872013"
"498","Barra do Bugres","-0.127443813956168","-0.461553367627664"
"499","Barra do Garcas","-0.123407840913594","0.125513559788396"
"500","Barra Mansa","-0.117212615520958","0.148775164268943"
"501","Barrancabermeja","-0.12187202206547","1.01736164145765"
"502","Barranquilla","-0.064356456164006","1.62053290011838"
"503","Barras","-0.129996421025177","-0.461235207021015"
"504","Barreiras","-0.12675812233093","0.0802055163124851"
"505","Barreiros","-0.109875703977441","-0.60468414141033"
"506","Barretos","-0.119853800072204","-0.0884555068534561"
"507","Barrie","-0.110696523962886","0.906321509414872"
"508","Barrow","-0.129001392218473","1.05162218786211"
"509","Bartica","-0.128898269024943","-0.743735658168538"
"510","Bartlesville","-0.126874502201522","0.00839142369314157"
"511","Barysaw","-0.117255540779698","-0.252950609884635"
"512","Basankusu","-0.127783097038553","-0.786625597928258"
"513","Basel","-0.0788405579477101","0.0421315035251673"
"514","Basoko","-0.129995336345373","-0.786625597928258"
"515","Basra","-0.095429530989585","3.25630074513593"
"516","Basse-terre","-0.130225094590919","-0.487434719625801"
"517","Basseterre","-0.128534232881186","-0.23955741020506"
"518","Bastia","-0.11963575777887","0.066125038250659"
"519","Bata","-0.123139536370751","-0.153165192155058"
"520","Batangas","-0.107639514637482","-0.142239554778055"
"521","Batatais","-0.123604592502415","-0.381030810646219"
"522","Bataysk","-0.119374017973788","0.313408169066263"
"523","Batemans Bay","-0.130076753709501","-0.707527643398919"
"524","Bath","-0.119577908092046","-0.32422750756799"
"525","Bathurst1","-0.125958025258687","-0.430824028641156"
"526","Bathurst2","-0.125958025258684","-0.430824028641156"
"527","Bati","-0.127397326824249","-0.785574279090123"
"528","Batman","-0.107789138506345","-0.0703428068855066"
"529","Batna","-0.119044054783531","1.33256964904816"
"530","Baton Rouge","-0.0180134473588979","2.60901224512424"
"531","Batouri","-0.124922036981646","-0.782684089527675"
"532","Battambang","-0.115341926835328","-0.738423445687662"
"533","Batticaloa","-0.117058917665149","-0.68963887831296"
"534","Battle Creek","-0.109037542909468","0.187575960112417"
"535","Batu Pahat","-0.11893755290282","0.32066519053142"
"536","Batumi","-0.119787892064948","0.404574061566581"
"537","Baturite","-0.129555155620179","-0.566460945934787"
"538","Baubau","-0.1286754366643","-0.584709488793368"
"539","Bauchi","-0.109965578350973","-0.560782824628817"
"540","Bauru","-0.101109790720038","0.661739794845551"
"541","Bavaro","-0.130227915642439","-0.346678086669295"
"542","Bawku","-0.125875202330458","-0.721765561097643"
"543","Bay City","-0.12519492758328","0.0219663620299991"
"544","Bayamo","-0.122958610003203","-0.20783833115544"
"545","Bayan Obo","-0.127449826582232","-0.705605104048607"
"546","Baydhabo","-0.126902548210204","-0.780452089191026"
"547","Bayghanin","-0.129996247090822","-0.708864014456636"
"548","Baytown","-0.106541456913926","2.90645524534908"
"549","Beaufort","-0.11843670816724","-0.208470105685314"
"550","Beaufort West","-0.126872921705683","-0.383752729861151"
"551","Beaumont","-0.0995090739014722","2.93459698530127"
"552","Beaver Falls","-0.0904108156374608","-0.00780926721487789"
"553","Bechar","-0.11341440318414","-0.0953906574467153"
"554","Beckley","-0.115148033633043","-0.135341935769672"
"555","Beer Sheva","-0.117528068291927","2.87946167164142"
"556","Beeville","-0.126142759706426","-0.0089890886704207"
"557","Behbehan","-0.123748250773139","0.750245019677461"
"558","Beian","-0.116040896772133","-0.613004904500663"
"559","Beihai","-0.0650756329277184","0.0896078860624012"
"560","Beijing","30.6340492616024","-0.564700757497339"
"561","Beipiao","-0.111858890777374","-0.666351291252368"
"562","Beira","-0.107708694757364","-0.10518305542666"
"563","Beirut","-0.00852264224713614","1.14400942247416"
"564","Beitbridge","-0.129822050115443","-0.393508582800735"
"565","Beja","-0.124201117107262","-0.259491400030636"
"566","Bejaia","-0.0733583245577542","-0.19511619621345"
"567","Bekasi","0.737777192712965","-0.0265877560519114"
"568","Bekiy","-0.129426509418019","-0.786625597928258"
"569","Belabo","-0.13021730223464","-0.753584399099864"
"570","Belaya Kalitva","-0.123004392579829","-0.427257605873273"
"571","Belebey","-0.127035159066905","-0.0799175216731696"
"572","Beledweyne","-0.129335102818801","-0.782985854863595"
"573","Belem","-0.0744718648163805","2.37893908315052"
"574","Belen","-0.129061821155736","-0.503541109745996"
"575","Belfast","-0.0806387656789618","0.681483038433481"
"576","Belgaum","-0.0635391044990224","-0.474624524862381"
"577","Belgorod","-0.110052619328235","1.16620495837127"
"578","Belgrade","-0.0763773370912666","2.19318321659847"
"579","Belize City","-0.126212108875911","0.21897192438618"
"580","Bell Ville","-0.127257372640897","0.263678089920397"
"581","Bella Union","-0.128711741466291","-0.236189390118142"
"582","Bella Vista","-0.126740737937886","-0.377812487966406"
"583","Bellary","-0.0842647934763102","-0.525181371206517"
"584","Belleville1","-0.0848313387491477","1.35745802254357"
"585","Belleville2","-0.117340848182022","0.0530210676874508"
"586","Bellingham","-0.111918054937533","0.199126080168519"
"587","Bello","-0.119598141039193","0.311547975040085"
"588","Belmopan","-0.128110518015172","-0.4075468110213"
"589","Belo Horizonte","0.077337989420983","1.21926870011892"
"590","Belogorsk","-0.121716363948614","-0.277486486734894"
"591","Bemidji","-0.127274982538255","0.0415293682240406"
"592","Ben Gardane","-0.123182211160058","-0.501058020090595"
"593","Bend","-0.111711293393017","-0.349784457993078"
"594","Bendigo","-0.117077775434155","-0.374859631548077"
"595","Benevento","-0.122391684127789","0.230930044939819"
"596","Bengbu","0.324072225804781","-0.570010125620247"
"597","Bengkulu","-0.112774192131339","-0.576695423091332"
"598","Beni","-0.0740167428787916","-0.784236385657494"
"599","Beni Mazar","-0.0746771232523149","0.0251935636104618"
"600","Beni Ounif","-0.129496492530658","-0.354278682985718"
"601","Beni Suef","-0.101927642255699","1.07375081030505"
"602","Benin City","-0.0860078143391325","-0.186518374963561"
"603","Benoni","-0.0420515371903551","1.0484599266468"
"604","Bento Goncalves","-0.119000392357744","-0.0604629495894892"
"605","Benton Harbor","-0.109783659010017","-0.0647228488127875"
"606","Benxi","-0.0939922469944935","-0.00794309412323661"
"607","Berber","-0.125171189490803","-0.747791345357693"
"608","Berbera","-0.12847842519416","-0.657262792785119"
"609","Berberati","-0.120727843823049","-0.785392192679252"
"610","Berdyansk","-0.125247710866645","-0.479957226907773"
"611","Berekum","-0.127146010873678","-0.698896183125671"
"612","Berezniki","-0.116453466656226","0.630630357414036"
"613","Bergamo","0.0549977160007417","0.805240844521294"
"614","Bergen","-0.107228187543335","0.654642850951544"
"615","Berkeley","-0.086069158464426","1.36301321182411"
"616","Berlin","0.134051931019134","0.487008091442457"
"617","Bermejo","-0.128392861701513","-0.51394216279953"
"618","Bern","-0.110207038028832","-0.282662156629164"
"619","Berri","-0.129519714912973","-0.579048203084042"
"620","Bertoua","-0.130217195866306","-0.705880923665861"
"621","Besalampy","-0.130013532397006","-0.786588937326955"
"622","Besancon","-0.111071470890306","0.00492779457458095"
"623","Betanzos","-0.129811300189832","-0.770102553599389"
"624","Bethal","-0.125670714441969","-0.606273271607222"
"625","Bethanie","-0.129842101078619","-0.776327940369816"
"626","Bethel","-0.128582572124716","-0.592059138209999"
"627","Bethlehem","-0.123789237763569","-0.545847248383796"
"628","Bezhetsk","-0.126150512736443","-0.525633058468846"
"629","Beziers","-0.121368795233584","0.6789025811236"
"630","Bhagalpur","2.85114329925975","-0.703013440879815"
"631","Bharatpur","0.534246884351191","-0.539788149321404"
"632","Bhatpara","0.949627529158055","-0.46158189163217"
"633","Bhavnagar","-0.0917264685563819","-0.431523981975784"
"634","Bhilwara","-0.103175377979819","-0.265979259918652"
"635","Bhisho","-0.106367193333437","-0.512378060808095"
"636","Bhiwandi","-0.0708824309071763","-0.0329453062772388"
"637","Bhiwani","0.544853743499349","-0.608929446208761"
"638","Bhopal","-0.0430255093056716","0.0634969694445359"
"639","Bhubaneshwar","0.471916929334683","-0.576851468697936"
"640","Bhusawal","-0.0214088645531663","-0.623025269327146"
"641","Biak","-0.122916082564436","-0.65524558805444"
"642","Bialystok","-0.108611556548413","0.633132148522015"
"643","Biarritz","-0.0960226474088627","0.272035065628482"
"644","Bicheno","-0.130272043915199","-0.777191110524588"
"645","Bida","-0.121476439774267","-0.694412102384257"
"646","Bidar","-0.103032940280221","-0.500409152604638"
"647","Biel","-0.124069918018182","-0.135117389659013"
"648","Bielefeld","-0.0911697440749119","-0.364052465299564"
"649","Bien Hoa","0.0599312175711895","0.06275989201081"
"650","Big Spring","-0.122359071156555","-0.182067343463459"
"651","Biggar","-0.129477430752555","-0.630522803911497"
"652","Biharamulo","-0.126016889271102","-0.784729558557696"
"653","Bijapur","-0.118139949901858","-0.347146952674187"
"654","Bijar","-0.12809611310769","-0.609210396929833"
"655","Bikaner","-0.108298970395431","0.0703543117006981"
"656","Bikin","-0.126320408946611","-0.48731693478915"
"657","Bila Tserkva","-0.120649754821124","-0.514859134481222"
"658","Bilaspur","-0.0332483944890754","-0.322449668562341"
"659","Bilbao","-0.0819781865283721","2.11806136889421"
"660","Billings","-0.106977549975449","0.489917196756133"
"661","Biloela","-0.129225922082986","-0.662586798226128"
"662","Biloxi","-0.121481541095734","1.63851649143436"
"663","Biltine","-0.129794643829674","-0.786590121467307"
"664","Binghamton","-0.0949307506717753","0.0638796629305551"
"665","Binjai","0.000348127216919079","-0.504857674850208"
"666","Bintulu","-0.119169790098592","0.000733436221788486"
"667","Birak","-0.128273438618871","-0.15332179537378"
"668","Birao","-0.13000217609728","-0.786625597928258"
"669","Biratnagar","1.26057482249773","-0.745694042863234"
"670","Birganj","2.29643671401655","-0.754241593236009"
"671","Birjand","-0.121294612609984","-0.0305485178204328"
"672","Birmingham1","0.0597082187570915","1.25183256152755"
"673","Birmingham2","0.0875982799588627","1.2733757770329"
"674","Birni Nkonni","-0.125706767031276","-0.752302282628913"
"675","Birnin Kebbi","-0.122006312601031","-0.637093190393001"
"676","Birobidzhan","-0.115305378136896","-0.311503699789645"
"677","Birsk","-0.125749118598419","-0.0275465057492258"
"678","Biryusinsk","-0.127187506092002","-0.580240656598725"
"679","Bishkek","-0.0671270537706854","-0.0439672389777204"
"680","Bishop","-0.129377360252806","-0.629228618355181"
"681","Biskra","-0.11821701472263","0.958700675054391"
"682","Bismarck","-0.117169080203143","1.17152354854075"
"683","Bissau","-0.112238153689568","-0.717960078219064"
"684","Bitam","-0.127120828456663","-0.766335028557257"
"685","Bitola","-0.125401185766983","-0.309300874563479"
"686","Biu","-0.127609182124447","-0.711104012036794"
"687","Biysk","-0.111025000019458","-0.335318026559008"
"688","Bizerte","-0.116101887596292","0.174598524606786"
"689","Blackpool","-0.106197270122566","0.101398551407621"
"690","Blacksburg","-0.114317622851973","-0.102739384658689"
"691","Blagodarnyy","-0.126349429507789","-0.677093924621515"
"692","Blagoveshchensk","-0.11816574339589","1.50347313079389"
"693","Blantyre","0.650383483789602","-0.753664703287361"
"694","Blenheim","-0.125938102143996","-0.487400855412933"
"695","Blitar","0.299057790138369","-0.709357576244376"
"696","Bloemfontein","-0.103291378175556","0.159007689783075"
"697","Bloemhof","-0.129061777158219","-0.70505928757141"
"698","Bloomington1","-0.112325344293418","0.604660816914751"
"699","Bloomington2","-0.108100056273212","1.06214561532897"
"700","Bluefields","-0.128921948674972","-0.631578342204552"
"701","Blumenau","-0.0920494718463462","0.150554461644745"
"702","Bo","-0.1216699565627","-0.7711812086679"
"703","Boa Vista","-0.103695324057944","0.991400936965774"
"704","Boaco","-0.129140677184514","-0.727099512408645"
"705","Bobo Dioulasso","-0.112411336866884","-0.382853215728081"
"706","Bocaiuva","-0.128108865265895","-0.599433665705748"
"707","Bocas del Toro","-0.130219363318723","-0.730593456324478"
"708","Bodo","-0.125770609969111","1.31909053420914"
"709","Boende","-0.129331430101347","-0.786625597928258"
"710","Bogor","0.248668458630889","-0.175945663164114"
"711","Bogoroditsk","-0.127008169397256","-0.497556752154057"
"712","Bogota","0.00498900036923904","0.799962917143204"
"713","Bogotol","-0.126338752192246","-0.27267879794537"
"714","Bogue","-0.129164036219693","-0.780498628356272"
"715","Boise","-0.0627204777951833","0.53958036244782"
"716","Bojnurd","-0.119319435470961","-0.277752296142296"
"717","Boke","-0.129568345802457","-0.778995975622382"
"718","Bol","-0.129791721390488","-0.786625597928258"
"719","Bolama","-0.128919549956852","-0.786517778868838"
"720","Bolgatanga","-0.124131547022511","-0.616527018551773"
"721","Boli","-0.123597483853681","-0.671111497225369"
"722","Bollnas","-0.124650411832854","-0.0562769983117118"
"723","Bolobo","-0.128668827888019","-0.786625597928258"
"724","Bologna","-0.0726198989392765","0.930317017229397"
"725","Bologoye","-0.126280829610974","-0.431720990626454"
"726","Bolu","-0.113408206383856","-0.361584860103752"
"727","Bolzano","-0.1212302134449","0.0344941905954319"
"728","Boma","-0.127135441265844","-0.417337021446011"
"729","Bondo","-0.126905069422431","-0.786625597928258"
"730","Bondoukou","-0.128246228840607","-0.544367860541081"
"731","Bongandanga","-0.129995384974711","-0.786625597928258"
"732","Bongaree","-0.127671475767491","-0.560423829657822"
"733","Bongor","-0.128695268575192","-0.763622334069722"
"734","Bonn","-0.050694200770318","-0.0742572010617406"
"735","Boorama","-0.12367898569434","-0.774905227901091"
"736","Boosaaso","-0.129135136512417","-0.563900133728763"
"737","Boras","-0.11958272663149","0.146013525913901"
"738","Bordeaux","-0.02334735198474","1.23447727038903"
"739","Bordertown","-0.129721179530607","-0.715351917237892"
"740","Borisoglebsk","-0.123194734920284","-0.376584197149822"
"741","Borlange","-0.117884169919917","0.953525519879"
"742","Borovichi","-0.123878819474629","0.0295754512079091"
"743","Borzya","-0.126882310742193","-0.546343866314876"
"744","Bose","-0.11380982122639","-0.0633112322890473"
"745","Bosobolo","-0.129554992708832","-0.786625597928258"
"746","Bossangoa","-0.12362113256033","-0.786625597928258"
"747","Bossembele","-0.129335966126887","-0.786625597928258"
"748","Boston","0.87405534171533","0.621658035286948"
"749","Botosani","-0.12369356562805","-0.274647597654868"
"750","Botucatu","-0.118182100209735","0.0487573080725723"
"751","Bouake","-0.109382091225901","-0.157254504963434"
"752","Bouar","-0.124274462275364","-0.786019124294263"
"753","Bougouni","-0.127616692301439","-0.69726271740373"
"754","Bouira","-0.109141594996886","-0.236298510520342"
"755","Boulder","-0.114419598364723","-0.010282834571032"
"756","Boulder City","-0.126120283272863","-0.00517536492813374"
"757","Bourges","-0.114353125936558","0.407169531510411"
"758","Bournemouth","-0.0801394967845331","-0.0379824310067634"
"759","Boutilimit","-0.128959139784756","-0.781305983347576"
"760","Bowling Green1","-0.113383087659286","0.980075405913568"
"761","Bowling Green2","-0.124926307990771","0.497978552255109"
"762","Bozeman","-0.12265439947977","-0.319004311963957"
"763","Bozoum","-0.12757821391396","-0.786625597928258"
"764","Bradford","-0.0303770266002764","0.749517721902416"
"765","Braga","0.0637720606532711","0.241026770456552"
"766","Braganca","-0.125791837151659","0.0238358209959854"
"767","Braganca Paulista","-0.12165785020311","0.332278706796034"
"768","Brahmapur","0.182505701701043","-0.669725509412445"
"769","Brainerd","-0.122747610270384","-0.133996374835315"
"770","Brandfort","-0.130243099404409","-0.752312059606773"
"771","Brandon","-0.12338976975403","0.462439701516383"
"772","Brasilia","-0.0168565905109553","2.64098109150955"
"773","Brasov","-0.113615522044355","0.234841565268977"
"774","Bratislava","-0.101291613892824","1.73877120410123"
"775","Bratsk","-0.126968047401337","0.0461133687676993"
"776","Braunschweig","-0.100127457051478","-0.20306255493637"
"777","Brazzaville","-0.0920396045590138","0.53250263472527"
"778","Bredasdorp","-0.129705501061853","-0.585639671592937"
"779","Bremen","-0.0345742334303689","-0.116026251996655"
"780","Bremerhaven","-0.113070943131967","0.198758313529969"
"781","Bremerton","-0.098868568423497","0.0211313164364346"
"782","Brest1","-0.104831714289744","0.181155785756898"
"783","Brest2","-0.117830177082984","0.201204772358531"
"784","Breves","-0.128447172549908","-0.222033891779805"
"785","Bria","-0.12779932263455","-0.786625597928258"
"786","Bridgeport","-0.0369964802503414","0.248565857867023"
"787","Bridgetown","-0.103051871761644","-0.163788346404579"
"788","Brighton","-0.0867600249917285","-0.137104719248131"
"789","Brikama","-0.101047514328854","-0.680961061170735"
"790","Brindisi","-0.118279359695271","1.08549669510786"
"791","Brisbane","0.0620947531333857","0.663136741881262"
"792","Bristol1","-0.11579958645696","0.0977989507187077"
"793","Bristol2","-0.0740928049567218","0.413185136827588"
"794","Brits","-0.125837854561756","-0.100625734478189"
"795","Brive","-0.118814363696466","-0.0470785430240881"
"796","Brno","-0.0940101794909919","0.360334317122586"
"797","Brochet","-0.130319017767707","-0.7166834896144"
"798","Brockville","-0.123777873810699","-0.2048707194626"
"799","Broken Hill","-0.122900672389291","-0.451697080166951"
"800","Brookings","-0.125975016314285","0.401422952593626"
"801","Brooks","-0.127179574625011","-0.212122593738974"
"802","Broome","-0.128962475839783","-0.30546094305164"
"803","Brovary","-0.126891246612277","2.51887570459404"
"804","Brownsville","-0.103306179077688","2.48684612138108"
"805","Brownsweg","-0.129555993150677","-0.742949159680013"
"806","Brownwood","-0.123257260122938","-0.23246822998747"
"807","Brugge","-0.105967889952507","0.326286950120215"
"808","Brumado","-0.127432267710864","-0.0326906062189571"
"809","Brunswick","-0.115622152733063","0.545748324552971"
"810","Brusque","-0.116215590229834","0.082607366171592"
"811","Brussels","0.476415772955864","0.902790023190858"
"812","Bryan","-0.102354358501238","1.74506432868029"
"813","Bryansk","-0.0966674869515788","-0.0296157614264697"
"814","Bua Yai","-0.128731077869202","-0.594337348305216"
"815","Bucaramanga","-0.0663032500288103","0.0148962693041436"
"816","Buchanan","-0.125594737775743","-0.726064659380512"
"817","Buchans","-0.129850603627419","-0.744043366228799"
"818","Bucharest","-0.041230093483176","1.54054575800348"
"819","Budapest","0.0135773640187629","0.874267048122805"
"820","Budaun","0.861147286982193","-0.752534294844134"
"821","Buenaventura","-0.12050274800121","-0.307846364799882"
"822","Buenos Aires","0.503118081784646","5.55647406646306"
"823","Buffalo","0.0630153887883405","1.14193733584309"
"824","Bugt","-0.127791953425053","-0.760462003050198"
"825","Bugulma","-0.119947820202762","-0.150190760437079"
"826","Buguruslan","-0.125938718362334","-0.23997544772072"
"827","Buizhou","0.277790990427428","-0.529084248547849"
"828","Bujumbura","1.32678209215759","-0.783659485823295"
"829","Bukachacha","-0.130034634429967","-0.785955527735785"
"830","Bukama","-0.129563789388642","-0.786602152785468"
"831","Bukavu","-0.081577352122691","-0.773158226454073"
"832","Bukittinggi","0.0463570881842549","-0.750678923626613"
"833","Bukoba","-0.102343357379074","-0.768003567545265"
"834","Bulaevo","-0.129282299253411","-0.590899369344088"
"835","Bulandshahr","0.746362787795992","-0.593911697239482"
"836","Bulawayo","-0.0655253996322301","-0.641499033864913"
"837","Bulungu","-0.127349472348412","-0.786625597928258"
"838","Bumba","-0.126015477775009","-0.786432301532513"
"839","Bunbury","-0.125241390469773","-0.202042853945218"
"840","Bundaberg","-0.1201755664581","-0.35601015439908"
"841","Bungoma","0.204957975886275","-0.784172069254947"
"842","Bunia","-0.12247483475466","-0.750184522739868"
"843","Buon Me Thuot","-0.0891773028377559","-0.568089666592068"
"844","Bur Safaga","-0.129447089891114","0.467547600091675"
"845","Bur Said","-0.12208453360545","2.49293627514913"
"846","Buraydah","-0.107773806388686","6.32892023633859"
"847","Burco","-0.124543580932417","-0.753334460191209"
"848","Burgas","-0.122722749077233","0.0351830560275552"
"849","Burgos","-0.118263486412586","0.420426888299355"
"850","Burhanpur","-0.10586355862955","-0.661819749141051"
"851","Buriram","-0.123592188484269","-0.31116938987819"
"852","Burley","-0.125844851916054","-0.48065756628156"
"853","Burlington1","-0.12201613548292","0.071306198479631"
"854","Burlington2","-0.107708952025406","-0.26175256006301"
"855","Burnie","-0.125907120240589","-0.469730985253281"
"856","Burns Lake","-0.12952434407413","-0.606694461776011"
"857","Bursa","-0.0694521445759097","1.28563483655738"
"858","Bururi","-0.119399717741339","-0.786618896565734"
"859","Busan","-0.00400128540959787","1.82374031023921"
"860","Businga","-0.128007839231753","-0.786625597928258"
"861","Busselton","-0.129143141707133","-0.555697659470648"
"862","Buta","-0.125133433350704","-0.786625597928258"
"863","Butare","0.479574592384274","-0.783665599115285"
"864","Butembo","-0.109195747965912","-0.784898745915766"
"865","Butte","-0.122077932474452","-0.353217675804581"
"866","Butterworth","-0.0102144074794125","0.374884647733821"
"867","Butuan","-0.119723881203176","-0.634198132615381"
"868","Buurhakaba","-0.129553721352188","-0.786625597928258"
"869","Buxoro","-0.110422926144893","-0.270872563614934"
"870","Buy","-0.126465686885037","-0.391784531917869"
"871","Buyant-Uhaa","-0.128071016833346","-0.729191287036818"
"872","Buynaksk","-0.126355218759054","-0.238105173783175"
"873","Buzau","-0.120855760639107","-0.0802731495248355"
"874","Buzmeyin","-0.125884106546867","0.919664395324099"
"875","Buzuluk","-0.1224735909874","-0.157005166560138"
"876","Bydgoszcz","-0.099907525801262","0.560895214344152"
"877","Byron Bay","-0.129074362201018","-0.66523620641908"
"878","Bytom","-0.0655913556320398","0.682033101341424"
"879","Byumba","0.248870261852028","-0.781496706798192"
"880","Ca Mau","-0.0547741857723134","-0.690860338381096"
"881","Caazapa","-0.129044331309233","-0.436372440789794"
"882","Caballococha","-0.129554696376638","-0.737911541678227"
"883","Cabanatuan","0.395727082823285","-0.752330348211917"
"884","Cabimas","-0.0788152452109146","1.40207042345546"
"885","Cabinda","-0.12449096590399","0.321337584959441"
"886","Cabo de Santo Agostinho","-0.125838366781718","0.367863281728448"
"887","Cabo Frio","-0.08753171726096","0.317716280291156"
"888","Cabo San Lucas","-0.127373945795267","0.520474598190664"
"889","Caboolture","-0.117201766245089","-0.31858554526322"
"890","Caborca","-0.125474598840206","0.284912903031161"
"891","Cacador","-0.122712753488795","-0.501028509541573"
"892","Cachoeira do Sul","-0.122941535968717","-0.313249583331601"
"893","Cachoeiro de Itapemirim","-0.117801916676512","0.22686076327445"
"894","Cacolo","-0.130219877985311","-0.786313589695037"
"895","Cadillac","-0.126290251403282","-0.313365738225136"
"896","Cadiz1","-0.0580155082955039","-0.648871148615919"
"897","Cadiz2","-0.0580155082954891","-0.648871148615919"
"898","Caen","-0.0935785363507038","0.464576900085567"
"899","Cafayate","-0.129242130113537","-0.559363894807683"
"900","Cagayan de Oro","-0.108983138733719","-0.289892455605888"
"901","Cagliari","-0.101320713461528","0.808775075912662"
"902","Cahul","-0.126251684032531","-0.661063637832138"
"903","Caibarien","-0.127980062329302","-0.592145353622114"
"904","Caico","-0.128238738683116","0.0463482521491637"
"905","Cairns","-0.114755333145955","-0.0772921551411591"
"906","Cairo","1.13941507679628","1.77027989180935"
"907","Cajabamba","-0.129560303954021","-0.764961341721277"
"908","Cajamarca","-0.118799321989352","-0.605894395619553"
"909","Calabar","-0.110596032371321","-0.520100195119656"
"910","Calabozo","-0.121035188501538","0.456310257540626"
"911","Calais1","-0.13028070608461","-0.65193263216419"
"912","Calais2","-0.116241904373246","1.07039999040731"
"913","Calama","-0.123881054540377","-0.129126833993915"
"914","Calarasi","-0.120539298108034","-0.311725929665351"
"915","Calbayog","-0.126757200936542","-0.723348048204013"
"916","Calbuco","-0.129939635690731","-0.664293541686712"
"917","Calcutta","13.6818720618585","-0.60713704494818"
"918","Caldera","-0.129054706982538","-0.403804890562536"
"919","Caldwell","-0.101894222001968","0.137437108390701"
"920","Calgary","-0.0241149576065835","2.34667444498314"
"921","Cali","-0.0701363451414876","1.20568612678538"
"922","Callao","-0.117781472865075","2.10562095675161"
"923","Caloundra","-0.119355159205011","-0.350981565424285"
"924","Calucinga","-0.130220701610648","-0.786625597928258"
"925","Calulo","-0.13000177834911","-0.707311268450453"
"926","Cam Pha","-0.124645821986242","-0.32542667387471"
"927","Cam Ranh","-0.128271375971313","-0.665630706269367"
"928","Camabatela","-0.129780552350471","-0.758508843288283"
"929","Camacupa","-0.128921974806019","-0.750776747021765"
"930","Camaguey","-0.1108297555547","-0.165945833476214"
"931","Camana","-0.123220400636869","-0.674773604088066"
"932","Camaqua","-0.125100269503405","-0.147461592264611"
"933","Cameta","-0.130216673800104","-0.0414811467955309"
"934","Camiri","-0.128772150571308","-0.647503486939725"
"935","Camocim","-0.128448816803401","-0.250863767979045"
"936","Campana","-0.124003720629763","2.12544209446312"
"937","Campbell River","-0.124417833827924","-0.310490604357431"
"938","Campeche","-0.121682426227298","1.40800375953858"
"939","Campina Grande","-0.0893758469655383","-0.227434450930651"
"940","Campinas","0.0336466281708569","1.16781019497973"
"941","Campo Belo","-0.124432327997145","-0.518645127743941"
"942","Campo Grande","-0.0666929752893723","1.16432331772516"
"943","Campo Maior","-0.128453212255578","-0.225505499040981"
"944","Campo Murao","-0.120715908286542","-0.0398225509966913"
"945","Campoalegre","-0.126680224340368","-0.668924252968582"
"946","Campos","-0.106143311303587","0.867617909652922"
"947","Camrose","-0.127752623098473","0.0939769056878929"
"948","Can Tho","0.0559173268186414","-0.649317291926996"
"949","Canakkale","-0.124315169815662","0.254294764768985"
"950","Cananea","-0.12682081036765","-0.382701202086023"
"951","Canas","-0.12804289944202","-0.457834759644763"
"952","Canatlan","-0.129227136627433","-0.734706499817806"
"953","Canberra","-0.0655073890962942","-0.0326012167070938"
"954","Cancun","-0.111212063081377","1.49213884952076"
"955","Canela","-0.122505684766582","-0.250085770394494"
"956","Cangamba","-0.130007519116375","-0.786625597928258"
"957","Cangzhou","0.308292622116176","-0.532275355466972"
"958","Caninde","-0.128672588019063","-0.0859064473951534"
"959","Canoas","-0.0539128148438271","1.92984823441715"
"960","Canoinhas","-0.12446502050142","-0.542133873376158"
"961","Canton","-0.0588159053566407","0.944245138503248"
"962","Cap-Haitien","-0.102895709102365","-0.749833143999776"
"963","Capanema","-0.125792042753732","-0.323619538786238"
"964","Cape Coast","-0.115229812734339","-0.426114565370907"
"965","Cape Coral","-0.0851707294861041","0.544447973093426"
"966","Cape Dorset","-0.130340524119655","-0.517378812070222"
"967","Cape Girardeau","-0.118942496299591","0.71972716581007"
"968","Cape Town","0.00982181908160274","2.25757832287895"
"969","Caracarai","-0.127120340991358","-0.374067393407893"
"970","Caracas","-0.0346489289070408","0.83661313172666"
"971","Carahue","-0.129396331578836","-0.64229319147758"
"972","Caratinga","-0.125432939955572","-0.450837456746949"
"973","Carazinho","-0.123597933332964","-0.325129295042772"
"974","Carbondale","-0.123753363350499","0.482067819648531"
"975","Cardiff","-0.0552826860462862","0.107724532208416"
"976","Carhue","-0.128488963296617","-0.21401332775193"
"977","Carlisle","-0.119524057616013","-0.222182002137036"
"978","Carlsbad","-0.122562741754675","-0.132606462290945"
"979","Carmelo","-0.128411303360051","-0.303542414219254"
"980","Carnot","-0.126910224258844","-0.786625597928258"
"981","Carora","-0.123029641398049","-0.116802448065131"
"982","Carpina","-0.085269329486766","-0.549536238584574"
"983","Carson City","-0.11853738503506","-0.355986863369837"
"984","Cartagena1","-0.0927682458858358","1.82279957570264"
"985","Cartagena2","-0.117755976845795","1.59838060060705"
"986","Cartago1","-0.118879216252826","-0.161210248222892"
"987","Cartago2","-0.122278200196847","-0.273785443533716"
"988","Cartwright","-0.130041417556335","-0.728175183716158"
"989","Caruaru","-0.121457560250172","0.254430050047497"
"990","Carupano","-0.122823313256138","0.125752904066801"
"991","Casa Grande","-0.121857245124038","0.16141357160673"
"992","Casablanca","-0.0174969169036123","1.6375850218376"
"993","Cascavel","-0.104497274420339","0.135379262315252"
"994","Caserta","-0.039909471500595","1.31811394092405"
"995","Casper","-0.114601276462593","-0.196609052533481"
"996","Castanhal","-0.120483008625605","0.205656490150472"
"997","Castello","-0.110656325950559","1.37617165680194"
"998","Castries","-0.126355401532673","-0.269365380952791"
"999","Castro1","-0.126989682782112","-0.416474009460062"
"1000","Castro2","-0.126008217047461","-0.392366721862467"
"1001","Catalao","-0.121175149993803","0.213426600550813"
"1002","Catamarca","-0.114241196871824","0.846827213147656"
"1003","Catanduva","-0.108316282790557","-0.200137107298311"
"1004","Catania","-0.0696062440789261","0.801539157921522"
"1005","Catanzaro","-0.114335481342044","0.244458143858747"
"1006","Cauquenes","-0.12719925167261","-0.515236637885215"
"1007","Caxias","-0.124925411381173","-0.100510094303531"
"1008","Caxias do Sul","-0.100392164966537","0.575668332443209"
"1009","Caxito","-0.129781201448329","-0.443531365415395"
"1010","Cayambe","-0.127118703952094","-0.628242502770838"
"1011","Cayenne","-0.121839150442577","0.102157161247758"
"1012","Cebu","-0.0631393785678334","0.0137631156935627"
"1013","Cedar City","-0.124805925615178","-0.55393464007937"
"1014","Cedar Rapids","-0.0908975429117962","0.85067988395173"
"1015","Ceduna","-0.129685396377637","-0.664237855538067"
"1016","Celaya","-0.110719722771909","0.246389883809005"
"1017","Celeken","-0.129922362944303","0.0591286361108845"
"1018","Central Coast","-0.129325365100808","-0.407828533820689"
"1019","Centralia","-0.124479868855928","-0.296167007412089"
"1020","Ceres","-0.126806282558457","-0.512530288916352"
"1021","Cerrillos","-0.129029496889138","-0.0317879608793802"
"1022","Cerro de Pasco","-0.127174676854247","-0.698715082505334"
"1023","Ceske Budejovice","-0.121510673249717","0.0929815251637382"
"1024","Chabahar","-0.127429621725126","1.02263116176073"
"1025","Chacabuco","-0.126963804635141","0.164836623720382"
"1026","Chachapoyas","-0.129117776344751","-0.702766113097137"
"1027","Chadron","-0.128641526033317","-0.44494105174334"
"1028","Chaiyaphum","-0.121700537452046","-0.469024962525212"
"1029","Chake Chake","-0.122504200485831","-0.779183453261114"
"1030","Chalkida","-0.119637743564467","-0.121669672671579"
"1031","Challapata","-0.129179961690085","-0.750676937133442"
"1032","Chamical","-0.127947138208233","-0.282069372054321"
"1033","Champoton","-0.127510578808438","-0.194176791367312"
"1034","Chancay","-0.128051850601642","-0.582695929988077"
"1035","Chandigarh","0.610310840129255","-0.373898265363131"
"1036","Chandrapur","-0.0773146617417054","-0.44417478545989"
"1037","Changchun","0.0533366955603385","1.12128355455944"
"1038","Changde","0.00573092332497074","-0.537552918252525"
"1039","Changhua","-0.034096637223072","1.04992310084485"
"1040","Changling","-0.124059292670314","-0.638491434949214"
"1041","Changping","-0.0250086466211037","0.333171229331002"
"1042","Changsha","0.549512175549065","-0.311567224677875"
"1043","Changting","-0.124049391222357","-0.607890679172491"
"1044","Changyon","-0.12851652917059","-0.785687395265698"
"1045","Changzhi","0.112813742488021","-0.43319087761654"
"1046","Changzhou","0.361344183561527","0.330343020667701"
"1047","Channel-Port aux Basques","-0.129535676039893","-0.495864763967984"
"1048","Chanthaburi","-0.119849900189184","-0.25684317140178"
"1049","Chaoyang","-0.0728273537774629","-0.292429419170551"
"1050","Chaozhou","0.307240799976591","-0.333919492473426"
"1051","Chapadinha","-0.1286712700253","-0.0127016701531218"
"1052","Chapaev","-0.129438166549108","-0.718765988579453"
"1053","Chapayevsk","-0.115791059490491","-0.290002004940486"
"1054","Chapleau","-0.129689730505471","-0.586764332342023"
"1055","Charata","-0.128069873117286","0.775730981790581"
"1056","Charikar","0.0927231001586611","-0.658427976922561"
"1057","Charleroi","-0.0683298541961364","0.505540716228617"
"1058","Charleston1","-0.0233857793643975","0.834742300176999"
"1059","Charleston2","-0.0938110481799526","0.420562774083228"
"1060","Charleville","-0.129245507780407","-0.724921173860783"
"1061","Charlotte","0.16456534233029","1.43016566713564"
"1062","Charlottesville","-0.110995386008471","-0.0166693806265049"
"1063","Charlottetown","-0.121964903386856","-0.036038680949343"
"1064","Charters Towers","-0.127939891599641","-0.604022620418614"
"1065","Chascomus","-0.125555939452947","-0.00272873452661871"
"1066","Chattanooga","-0.0478250993480114","0.93486867627021"
"1067","Chau Doc","0.103868084279448","-0.754572554793928"
"1068","Chauk","-0.124432664758376","-0.701203598155576"
"1069","Cheboksary","-0.109154778258762","0.609993476066905"
"1070","Chegdomyn","-0.130297783485194","-0.641997549821857"
"1071","Chelyabinsk","-0.0546682050721633","2.47982158127596"
"1072","Chemnitz","-0.086348148681594","-0.313824224065983"
"1073","Chengde","-0.107746353841307","-0.407751325988945"
"1074","Chengdu","6.1486500561349","-0.542569733032979"
"1075","Chennai","2.97533181429528","-0.517761462662998"
"1076","Chenzhou","-0.122449131404698","0.168105174384073"
"1077","Cheongju","-0.066364246160967","0.59390756746874"
"1078","Chepes","-0.128920400305465","-0.36432295007011"
"1079","Cherbourg","-0.118305993721845","0.300096938368055"
"1080","Cheremkhovo","-0.121601586832655","-0.299197114555403"
"1081","Cherepanovo","-0.127044704262574","-0.52214905506135"
"1082","Cherepovets","-0.111067516912251","1.76989042119143"
"1083","Cherkasy","-0.111143660508002","-0.401372457823408"
"1084","Cherkessk","-0.115436560232233","-0.229078420134703"
"1085","Cherlak","-0.128477056121362","-0.684956137531143"
"1086","Chernihiv","-0.112938514046553","-0.577052852459071"
"1087","Chernivtsi","-0.102406003009086","-0.39272282153977"
"1088","Chernogorsk","-0.129383545376775","-0.58444254271511"
"1089","Chernyakhovsk","-0.125011182429083","-0.464691758755"
"1090","Chester","-0.118270485558626","0.34781034894874"
"1091","Chesterfield Inlet","-0.130337446603852","-0.657328011956324"
"1092","Chetumal","-0.1235043841124","0.183062390268598"
"1093","Chevery","-0.130153857085279","-0.753827343729594"
"1094","Cheyenne","-0.111330413149339","-0.00391370317094229"
"1095","Chiai","0.133551511802838","-0.0259068687623959"
"1096","Chiang Mai","-0.0845035645263057","0.188669566155844"
"1097","Chiang Rai","-0.118144084524946","-0.348383993711702"
"1098","Chibemba","-0.12979826108032","-0.786616387338692"
"1099","Chibia","-0.129796552066723","-0.761371396032573"
"1100","Chicago","1.11313447110615","2.95536074485191"
"1101","Chiclayo","-0.11560610635607","0.541336583260578"
"1102","Chico","-0.113672754622964","-0.0526227516352219"
"1103","Chicoutimi","-0.120377603205998","1.25717071101441"
"1104","Chifeng","-0.075433285911534","-0.210940970767355"
"1105","Chignik","-0.130313849689854","-0.773917981007546"
"1106","Chihuahua","-0.0862262406576544","0.718417206264796"
"1107","Chilca","-0.130221641651841","-0.631869855385939"
"1108","Childress","-0.128238158411824","-0.47375582952215"
"1109","Chilecito","-0.128305608200227","-0.17723674968385"
"1110","Chililabombwe","-0.125896110844024","-0.5883401012947"
"1111","Chillan","-0.120622408298328","0.428514237101689"
"1112","Chilpancingo","-0.122833837038917","-0.360185939979011"
"1113","Chimbote","-0.117105012964637","0.220689369710111"
"1114","Chimboy","-0.122123291492211","-0.741173363464911"
"1115","Chimoio","-0.11766534956575","-0.588182361405121"
"1116","Chinandega","-0.121147971136787","-0.52925657213898"
"1117","Chincha Alta","-0.12139156774255","-0.197747439119322"
"1118","Chingola","-0.118766809652995","-0.506893559586846"
"1119","Chinhoyi","-0.127477707869513","-0.716607713344535"
"1120","Chiniot","0.382405997938715","-0.722504177326349"
"1121","Chinsali","-0.1302201540773","-0.754717954834566"
"1122","Chipata","-0.120538800625517","-0.559300498599172"
"1123","Chiquinquira","-0.128015148310569","-0.669727986497047"
"1124","Chirala","-0.0833580572311737","-0.653044532174418"
"1125","Chiramba","-0.130225820003379","-0.786535502185901"
"1126","Chirchiq","-0.110206200598775","-0.431039224025525"
"1127","Chiredzi","-0.128368992715445","-0.710630143607804"
"1128","Chisinau","-0.10232790921804","0.237533373429533"
"1129","Chistopol","-0.125488372932089","-0.245675358792538"
"1130","Chita","-0.114792311736077","0.0366421124745774"
"1131","Chitipa","-0.127164918265833","-0.786564776523653"
"1132","Chitre","-0.124519610863466","-0.361495556378367"
"1133","Chittagong","1.01285960934398","-0.70435937713002"
"1134","Chitungwiza","-0.120113533464158","-0.603991587159576"
"1135","Chivilcoy","-0.124605087168968","1.06328691865512"
"1136","Chlef","-0.0426620306667802","-0.112712963683796"
"1137","Cholpon Ata","-0.127326510157021","-0.740706304337749"
"1138","Choluteca","-0.123757754234995","-0.234554256921501"
"1139","Choma","-0.123227862770403","-0.643480851672709"
"1140","Chon Buri","-0.0989843178868488","0.738646001327916"
"1141","Chonchi","-0.130273909722662","-0.749758300657878"
"1142","Chone","-0.127118942263358","-0.408191925348769"
"1143","Chongjin","-0.109519516862587","-0.754859513249408"
"1144","Chongju","-0.115541789423568","-0.785685990512093"
"1145","Chongqing","17.7735279414408","-0.630223913092854"
"1146","Chos Malal","-0.129554273810507","-0.391408915816429"
"1147","Chosan","-0.12909065699844","-0.786202194191832"
"1148","Chosica","-0.130004558966555","-0.426452049382113"
"1149","Chota","-0.12933846724368","-0.749126971145368"
"1150","Choybalsan","-0.123884812956689","-0.720999493195428"
"1151","Christchurch","-0.087328838482919","0.603376250167475"
"1152","Christiansted","-0.120097815029725","-0.129807935749626"
"1153","Chukai","-0.12072782317034","0.0553547172951849"
"1154","Chulucanas","-0.128453995432338","-0.448446458877525"
"1155","Chumbicha","-0.129660183496747","-0.541906646438008"
"1156","Chumphon","-0.121948940242086","-0.366849747936927"
"1157","Chuncheon","-0.113941758114711","0.340083046001781"
"1158","Chungli","0.0186072000284212","1.37886792585943"
"1159","Chuquicamata","-0.128796979117112","-0.385872084842553"
"1160","Chur","-0.126932844683696","-0.577504089342381"
"1161","Chusovoy","-0.126679624667077","-0.146704355008152"
"1162","Chuxiong","-0.110344245096038","-0.41978446681909"
"1163","Ciego de Avila","-0.123647464638841","-0.239313218990547"
"1164","Cienaga","-0.126091700906365","0.276524100539096"
"1165","Cienfuegos","-0.12304612874719","-0.191928070374498"
"1166","Cilacap","0.559014285037271","-0.689363342863419"
"1167","Cincinnati","0.193845858925767","1.46025939264731"
"1168","Cirebon","0.349829149513525","-0.636626855089261"
"1169","Ciudad Bolivar","-0.105677004376602","1.9660327999887"
"1170","Ciudad Camargo","-0.126507740997709","-0.491110927641102"
"1171","Ciudad Constitucion","-0.126418418424853","-0.0456169129826719"
"1172","Ciudad Cortes","-0.129344583756782","-0.662394529278463"
"1173","Ciudad del Carmen","-0.124349497085972","1.33193431437937"
"1174","Ciudad del Este","-0.124226363492767","0.627772123482836"
"1175","Ciudad Guayana","-0.10985280076723","2.52788465754797"
"1176","Ciudad Guzman","-0.125013409816647","-0.507884607893773"
"1177","Ciudad Hidalgo","-0.123134971248468","-0.683315063620782"
"1178","Ciudad JuÌÁrez","-0.0345523488270408","1.82407710795858"
"1179","Ciudad Madero","-0.121884257771726","3.84381219664326"
"1180","Ciudad Mante","-0.124099076175042","-0.216431820188103"
"1181","Ciudad Obregon","-0.110359198533823","0.632943160907199"
"1182","Ciudad Valles","-0.120982149042651","-0.316143375758644"
"1183","Ciudad Victoria","-0.113589692037796","0.49969513971424"
"1184","Civitavecchia","-0.124657368403314","0.863916223053143"
"1185","Clare","-0.129145872584328","-0.7487067192662"
"1186","Clarksburg","-0.122688128124487","-0.132246759581492"
"1187","Clarksville","-0.0866918843305232","0.382402202737881"
"1188","Cleburne","-0.121618230091086","0.114793166564111"
"1189","Clermont-Ferrand","-0.0927021759598902","0.174092641735897"
"1190","Cleveland","0.46619165620251","1.48119232313595"
"1191","Cliza","-0.12642523871604","-0.658457648321234"
"1192","Cloncurry","-0.129608483317749","-0.612825246165516"
"1193","Clovis","-0.119804610285339","-0.21072448858579"
"1194","Cluj-Napoca","-0.116702120021823","0.367384164239231"
"1195","Coalcoman","-0.129388851593939","-0.724846689749769"
"1196","Coari","-0.128451277641113","-0.12987626468072"
"1197","Coatzacoalcos","-0.11275110669483","2.98551915336929"
"1198","Cobalt","-0.129834292405379","-0.636654124466501"
"1199","Coban","-0.126168564331608","-0.637642545562487"
"1200","Cobija","-0.125874523427631","-0.103131772016913"
"1201","Cobram","-0.12953765757667","-0.599222523732545"
"1202","Coburg","-0.118460823997451","-0.536440289057219"
"1203","Cochabamba","-0.0674357215553805","0.159418692807392"
"1204","Cochin","0.452211432883046","-0.603912685044857"
"1205","Cochrane","-0.128830664072318","-0.387417656954368"
"1206","Cody","-0.127738198806669","-0.582992064916059"
"1207","Coffeyville","-0.126710635554963","0.122958924208906"
"1208","Coffs Harbour","-0.125069910746925","-0.401541071149291"
"1209","Coihaique","-0.125915543736026","-0.517929025104505"
"1210","Coimbatore","0.0894331560780832","-0.364908185434738"
"1211","Coimbra","-0.115486569236482","0.971917797984347"
"1212","Colac","-0.129042324330017","-0.635173910928919"
"1213","Colesberg","-0.129483364464835","-0.703222330957926"
"1214","Colima","-0.117676603779346","0.197048932135133"
"1215","Colinas","-0.129997619456397","-0.359211705822108"
"1216","Collipulli","-0.1290348768379","-0.370862496312156"
"1217","Colombo","1.48423262199812","-0.669921124032819"
"1218","Colon1","-0.122793444028669","0.476676654117212"
"1219","Colon2","-0.127370073791628","-0.568068906263977"
"1220","Colorado Springs","-0.0336007832593895","0.412871415671261"
"1221","Columbia1","-0.0904302252408397","0.657561478564469"
"1222","Columbia2","0.0116455689684201","1.16231865926714"
"1223","Columbia3","-0.015170312033888","1.22941466707503"
"1224","Columbus1","-0.0644839020023327","1.24021484172544"
"1225","Columbus2","0.112729317556995","2.30172404534117"
"1226","Comallo","-0.129934112380868","-0.72607757024571"
"1227","Comandante Fontana","-0.128833880542183","-0.469230828629912"
"1228","Comayagua","-0.124433353753885","-0.430936065783666"
"1229","Combarbala","-0.129867791233475","-0.684688698180625"
"1230","Comilla","2.08531419077091","-0.713571381319786"
"1231","Como","0.0659611433680048","0.856321374430862"
"1232","Comodoro Rivadavia","-0.100645659366573","1.12979700480653"
"1233","Comondante Luis Piedrabuena","-0.130294363895267","0.0372140509348451"
"1234","Compostela","-0.128578302423911","-0.695129749180328"
"1235","Conakry","-0.0828628867579039","-0.54695134182437"
"1236","Concepcion del Uruguay","-0.125378579646357","1.02662229194307"
"1237","Concepcion1","-0.0923397011363896","1.14040879234749"
"1238","Concepcion2","-0.12596086985643","0.259748297071055"
"1239","Concord","-0.119887908150818","-0.071417711476357"
"1240","Concordia1","-0.121653565596371","2.10244960216944"
"1241","Concordia2","-0.125899963657253","-0.4756364407305"
"1242","Conselheiro Lafaiete","-0.118202106239781","-0.443482531461816"
"1243","Constanta","-0.117659882055034","0.877832677365751"
"1244","Constantine","-0.100363133286703","0.530053344942873"
"1245","Constitucion","-0.127536618301089","-0.300677488942635"
"1246","Contamana","-0.129120769618679","-0.716524902583334"
"1247","Conway","-0.116070452898044","0.748701206188476"
"1248","Cooma","-0.128823821803378","-0.727043123883196"
"1249","Coos Bay","-0.122183595042658","-0.387204949377911"
"1250","Copenhagen","0.0190001892126759","0.379187354410493"
"1251","Copiapo","-0.124723109795515","0.417316184758348"
"1252","Coquimbo","-0.125437162211715","0.484415280879501"
"1253","Coracora","-0.129154350165086","-0.771093541587698"
"1254","Coral Gables","-0.0147272435280182","3.66836958068275"
"1255","Coral Springs","0.0223897943987304","2.52681918946989"
"1256","Cordoba1","-0.0324259518971393","2.12527704127614"
"1257","Cordoba2","-0.106916317662187","1.24254737610894"
"1258","Cordoba3","-0.118907466974182","-0.320297199999768"
"1259","Cordova","-0.1299981348898","-0.697777136029351"
"1260","Cork","-0.113087753956916","0.400946666058243"
"1261","Corner Brook","-0.124434282665825","-0.301742356515359"
"1262","Cornwall","-0.118159416692838","0.106944904680749"
"1263","Coro","-0.117200079363613","1.07596478777357"
"1264","Coronel","-0.121735784125703","0.63974251150307"
"1265","Coronel Bogado","-0.128661005509609","-0.423081455700803"
"1266","Coronel Oviedo","-0.124629391607857","0.359220465469949"
"1267","Coronel Suarez","-0.127083914109515","0.191373555996514"
"1268","Corpus Christi","-0.0899783987477931","2.33856247546113"
"1269","Corrientes","-0.111342738004422","2.7116303753073"
"1270","Corum","-0.118095451893394","0.177026367769251"
"1271","Corumba","-0.121010584914778","0.351358992468704"
"1272","Corvallis","-0.119807500597719","-0.211623016174343"
"1273","Cotabato","-0.113531291282805","-0.715061058178412"
"1274","Cotonou","-0.0367521550602264","-0.544306330188504"
"1275","Cottbus","-0.114279473706138","-0.353035551108142"
"1276","Council Bluffs","-0.108854873668539","1.99352891089455"
"1277","Courtenay","-0.125676685048313","-0.271105087868206"
"1278","Coventry","-0.0873157859417971","0.446670688174292"
"1279","Covilha","-0.125854363434088","0.0423940959395838"
"1280","Covington","-0.0121063739155293","1.44979292740299"
"1281","Cowell","-0.130068011589691","-0.76166668113824"
"1282","Cowra","-0.128038340390281","-0.651772801229167"
"1283","Craig","-0.127561934417277","-0.647220606022859"
"1284","Craiova","-0.115458371135726","0.551017930642526"
"1285","Cranbourne","-0.057508871819105","0.333781171201791"
"1286","Cranbrook","-0.124935948659109","-0.397220263525399"
"1287","Crateus","-0.12757266956684","-0.261573395000121"
"1288","Crato","-0.101236926590312","-0.185139142835916"
"1289","Crescent City","-0.127283388939196","-0.504103268547579"
"1290","Crestview","-0.120132942010483","-0.0957107268025384"
"1291","Criciuma","-0.107267669849077","0.577487177386166"
"1292","Cristalina","-0.127468417114469","-0.584711869368181"
"1293","Crookston","-0.127441737288298","-0.133157597529885"
"1294","Crotone","-0.123876313456165","0.408516293455486"
"1295","Cruzeiro do Sul","-0.124953595294035","0.133127710368607"
"1296","Cuamba","-0.121658802643426","-0.71906386068365"
"1297","Cuauhtemoc","-0.122824239195228","-0.490680043600104"
"1298","Cubal","-0.129359191208254","-0.769983203159483"
"1299","Cucuta","-0.100402696680302","0.702400698928724"
"1300","Cuddalore","0.245343909435175","-0.569665692904185"
"1301","Cuenca","-0.10966390601982","-0.110730738390221"
"1302","Cuencame","-0.130035313038605","-0.686581877108254"
"1303","Cuernavaca","-0.0538688185669742","-0.0901636443443361"
"1304","Cuevo","-0.130230119727088","-0.779239913498698"
"1305","Cuiaba","-0.0559937165426233","1.08038759552185"
"1306","Culiacan","-0.0931907248997324","1.13364504314071"
"1307","Cumana","-0.117593682817639","1.54695761107046"
"1308","Cumberland","-0.125469455123783","-0.0250605851399965"
"1309","Curanilahue","-0.128143639494488","-0.598051130798632"
"1310","Curepipe","-0.11148728302347","-0.420680077667333"
"1311","Curico","-0.123153235362081","0.207270820125784"
"1312","Curitiba","0.0888844162530656","0.89046576594179"
"1313","Curvelo","-0.124982726213821","-0.255644005095061"
"1314","Cusco","-0.115797642428657","-0.506060036703298"
"1315","Cutral Co","-0.122651285988655","0.287987919396602"
"1316","Cuttack","2.31459902335688","-0.633730864383674"
"1317","Cyangugu","0.0451468701564662","-0.782279828449389"
"1318","Da Lat","-0.110944632733579","-0.286049092634859"
"1319","Da Nang","-0.0456764799719566","-0.336682203159463"
"1320","Daan","-0.125596425322498","-0.554017638498496"
"1321","Dabou","-0.125810602456596","-0.650627937764108"
"1322","Daegu","-0.0306380219371244","1.46530312293577"
"1323","Daejeon","-0.0624115178148737","1.31077250556285"
"1324","Dagupan","0.361385139104153","-0.742134874414542"
"1325","Dakar","-0.0522643018296945","-0.0405063550265066"
"1326","Dalandzadgad","-0.128501599351626","-0.743467926607825"
"1327","Dalby","-0.127871803914721","-0.643656478043308"
"1328","Dalhart","-0.128281282519879","-0.538515935827205"
"1329","Dali1","0.213509721188624","-0.641188454638408"
"1330","Dali2","-0.107262057204509","-0.676713815453199"
"1331","Dalian","-0.0177141955968559","1.16312728262495"
"1332","Dallas","0.73268253802232","3.25792725679136"
"1333","Dalnegorsk","-0.128691795110309","-0.682746803255828"
"1334","Dalnerechensk","-0.127028324175842","-0.612474829842494"
"1335","Daloa","-0.122088398390707","-0.478491114522793"
"1336","Dalton","-0.109623451039336","0.231177024214919"
"1337","DamanhÌÈr","-0.0830760081137897","0.628403254614116"
"1338","Damascus","0.0520957472936923","-0.250956074231221"
"1339","Dandong","-0.0949848939957636","-0.354220905791628"
"1340","Dangriga","-0.130014015402913","-0.529697085712325"
"1341","Danjiangkou","-0.130250480608368","-0.435130917408714"
"1342","Danville","-0.115799889564691","0.206900050960447"
"1343","Daqing","-0.0428363433631177","1.0349173298128"
"1344","Dar es Salaam","-0.0759418774836319","0.284540847068624"
"1345","Darnah","-0.126327855676146","0.747751035139137"
"1346","Darregueira","-0.129205927375904","-0.515467103262975"
"1347","Darwin","-0.114868651929118","0.00443194872182084"
"1348","Dasoguz","-0.113525592648698","0.566824261103292"
"1349","Datong","-0.0609557437811522","0.1401815894498"
"1350","Daugavpils","-0.120917513100132","-0.116452953946765"
"1351","Dauphin","-0.127499173978276","-0.236899830849916"
"1352","Davangere","-0.110281068721829","-0.364668583796889"
"1353","Davao","-0.0540149281612068","-0.286492051122877"
"1354","Davenport","-0.0706068673286915","1.21705506579632"
"1355","David","-0.119709255021538","-0.256223750124986"
"1356","Dawei","-0.12334981785292","-0.769711758652694"
"1357","Dawmat al Jandal","-0.127355623352446","2.20008799877791"
"1358","Dawson Creek","-0.127170580809557","0.213840091383051"
"1359","Dayr az Azwr","-0.118107301250051","-0.544257324661966"
"1360","Dayton","0.0156534939817822","1.25213590251984"
"1361","Daytona Beach","-0.071725332774286","0.521246247575717"
"1362","De Aar","-0.127381600938868","-0.608664762748905"
"1363","Debre Birhan","0.0529806620324344","-0.784599659061613"
"1364","Debre Markos","-0.123686815524534","-0.775090537420589"
"1365","Debrecen","-0.112677818922636","-0.0982972749524776"
"1366","Decatur","-0.112165700486384","1.05185209562776"
"1367","Deer Lake","-0.128834469463351","-0.527611530603932"
"1368","Dehibat","-0.129872752214757","-0.596666665695724"
"1369","Dehra Dun","-0.000657393840415368","-0.406562196700351"
"1370","Del Rio","-0.122506615755694","0.100198999061748"
"1371","Delano","-0.124305337845695","0.00702982068707774"
"1372","Delhi","9.12320051110869","-0.464982210328702"
"1373","Delicias","-0.120852845022404","-0.257027054721053"
"1374","Demba","-0.128455241731362","-0.786625597928258"
"1375","Dembi Dolo","-0.128905542419504","-0.783393398950248"
"1376","Deming","-0.125929858533765","-0.502113108004631"
"1377","Dengzhou","0.967839819876791","-0.737595809901285"
"1378","Deniliquin","-0.129171589183265","-0.604915807798805"
"1379","Denizli","-0.100208833594922","1.0230690159532"
"1380","Denow","-0.0838127990992582","-0.661219951521492"
"1381","Denpasar","-0.109444965785969","-0.0473787099166182"
"1382","Denton","-0.0988311248714779","1.16009901989096"
"1383","Denver","0.217758423517768","1.22310043902195"
"1384","Dera Ghazi Khan","0.222097333879067","-0.724190449988211"
"1385","Dera Ismail Khan","-0.0328104191444965","-0.716688824461107"
"1386","Derbent","-0.124488210423526","-0.219074086656618"
"1387","Derzhavinsk","-0.128056711495424","-0.692475322478313"
"1388","Des Moines","-0.0487298757922107","1.75150071668048"
"1389","Desaguadero","-0.129376196855276","-0.765353250551794"
"1390","Dese","-0.114583088847335","-0.773621037810076"
"1391","Detroit","0.64519360492239","1.90074705847581"
"1392","Devils Lake","-0.127907493950656","-0.247226035199897"
"1393","Devonport","-0.125915437425313","-0.439185658265765"
"1394","Deyang","1.06522771568497","-0.608188100897669"
"1395","Dezful","-0.109809739061409","0.736097971307376"
"1396","Dezhou","0.672558345779703","-0.665371277231394"
"1397","Dhaka","12.7944207553833","-0.730367730649723"
"1398","Dhamar","-0.100009639731457","-0.732301379349158"
"1399","Dhanbad","2.3525372932515","-0.547901598660192"
"1400","Dhule","-0.0915168303088202","-0.546594255602549"
"1401","Diamantina","-0.128754388147963","-0.633640938706311"
"1402","Dibaya","-0.130217901909043","-0.786625597928258"
"1403","Dibrugarh","-0.113899228476763","-0.539090598008207"
"1404","Dickinson","-0.125868571918536","0.145422628641609"
"1405","Dieppe","-0.122252076139562","-0.0166316345754241"
"1406","Diffa","-0.128282991344196","-0.758269858240757"
"1407","Digby","-0.129327997770107","-0.600537115747724"
"1408","Dijon","-0.106562862285864","0.613027829640965"
"1409","Dila","0.606994048198259","-0.7826455439198"
"1410","Dili","-0.123433863978594","-0.284063736134776"
"1411","Dillingham","-0.129977962268329","-0.642758046964545"
"1412","Dillon","-0.129025451237508","-0.647820939807917"
"1413","Dilolo","-0.128697487869178","-0.786618476573791"
"1414","Dimbokro","-0.127799905521446","-0.547438694815641"
"1415","Dimitrovgrad","-0.121302844975278","0.140527394749538"
"1416","Dindigul","0.4190458953306","-0.701193898921713"
"1417","Dingzhou","0.953881697916124","-0.66276818301418"
"1418","Diourbel","-0.123153025401666","-0.712171351332464"
"1419","Dire Dawa","-0.119743904471183","-0.689844251145401"
"1420","Dirj","-0.130245819435341","-0.504980306622964"
"1421","DÌùsseldorf","0.368164414125453","0.362641458708088"
"1422","Divinopolis","-0.105053858855867","-0.194755120920323"
"1423","Diyarbakir","-0.106055522375911","0.299074020383916"
"1424","Djambala","-0.128669306751893","-0.685043339487774"
"1425","Djanet","-0.130236052124738","-0.578979852706328"
"1426","Djelfa","-0.120568303754549","0.781384482376868"
"1427","Djenne","-0.130007871227052","-0.715282456997596"
"1428","Djibouti","-0.119593214220826","0.0989874366087058"
"1429","Djougou","-0.12651036811602","-0.728476111963694"
"1430","Dnipropetrovsk","-0.0702792229136205","0.348564926824329"
"1431","Doba","-0.128249615089398","-0.760799409317407"
"1432","Dobrich","-0.12559779030234","-0.307563054950618"
"1433","Dodge City","-0.124284256495396","-0.125858969622066"
"1434","Dodoma","-0.116136010571284","-0.669064320843339"
"1435","Doha","-0.0606399613071097","10.4476828569101"
"1436","Dolbeau","-0.126625730283773","-0.0557465805076253"
"1437","Dolinsk","-0.128473848070815","-0.39814375497955"
"1438","Dolo Bay","-0.126906669169972","-0.782278215596549"
"1439","Dolores","-0.126675786641103","-0.0255323249919589"
"1440","Dombarovskiy","-0.129167939213948","-0.574193031477995"
"1441","Dondo1","-0.125219089071874","-0.594083892150893"
"1442","Dondo2","-0.129783177195071","-0.444585230872095"
"1443","Donegal","-0.12953360966149","-0.623994999693863"
"1444","Donetsk","-0.0139524657012331","-0.129858892918577"
"1445","Dong Hoi","-0.100224311513018","-0.709005299427074"
"1446","Dongola","-0.129391316978357","-0.566156318145313"
"1447","Dortmund","0.0959549493370641","-0.0535910236317849"
"1448","Dosso","-0.127202225726574","-0.703606204008038"
"1449","Dothan","-0.107270447180028","0.583891910175335"
"1450","Douala","-0.0962242235575265","-0.00470225249249777"
"1451","Douglas1","-0.124757144226225","0.0619860121772908"
"1452","Douglas2","-0.127985672109565","-0.59067765418726"
"1453","Douglas3","-0.126909047677031","-0.234395723506985"
"1454","Douglas4","-0.125605165970263","-0.268342763221328"
"1455","Dourados","-0.113199721291927","0.349877888896398"
"1456","Dover1","-0.108356189910452","0.648456616326216"
"1457","Dover2","-0.124139502758031","-0.18423533937886"
"1458","Drammen","-0.11208755389348","0.847522769925193"
"1459","Dresden","-0.0346736743269715","-0.254044773540181"
"1460","Drobeta-Turnu Severin","-0.124413808260897","0.21215936267244"
"1461","Drogheda","-0.126474827698468","0.122587382965256"
"1462","Drohobych","-0.117066851014878","-0.175260701016816"
"1463","Drummondville","-0.118026727628066","0.763443441154833"
"1464","Dryden","-0.127845838107077","-0.0693625676750235"
"1465","Dubayy","-0.0251313296446499","5.85471796926254"
"1466","Dubbo","-0.119917600910967","-0.349715013837747"
"1467","Dublin1","-0.120325510913886","0.028842748884651"
"1468","Dublin2","-0.0396664997814453","1.64584145579146"
"1469","Dubrovnik","-0.125525945128528","0.170259873395113"
"1470","Dubuque","-0.116815253294299","0.241907540243805"
"1471","Dudinka","-0.128705115548689","2.97994097331219"
"1472","Duisburg","0.0040872551960306","0.589272009250772"
"1473","Duitama","-0.125594226702339","-0.50540522850362"
"1474","Duluth","-0.113350702494064","0.361873583928143"
"1475","Duma","-0.0926610574903302","-0.492899554296575"
"1476","Dumas","-0.12719513411458","-0.438132264634704"
"1477","Dumfries","-0.124429457045975","-0.254839285022078"
"1478","Dumyat","-0.0686625653877641","0.562708140020008"
"1479","Dund-Us","-0.128200335200389","-0.708688339831141"
"1480","Dundalk","-0.124926234325494","-0.0188730637174678"
"1481","Dundee","-0.115142485889347","0.180624767447451"
"1482","Dundo","-0.126926025395122","-0.496786282333101"
"1483","Dunedin","-0.117100486657658","-0.230860891610257"
"1484","Dunhua","-0.118457467905127","-0.479877895860655"
"1485","Dunhuang","-0.117678993027791","-0.667432479702858"
"1486","Duque de Caxias","-0.0359765450012889","4.52406363676723"
"1487","Durango1","-0.107956086460075","-0.066345414290147"
"1488","Durango2","-0.124422129001654","-0.614082093156537"
"1489","Durazno","-0.126913144095222","-0.032029621392739"
"1490","Durban","0.0128420428114934","0.94139702737665"
"1491","Durham","-0.0438980115179815","0.995591949645852"
"1492","Durres","-0.121077284258866","0.403962060820286"
"1493","Dushanbe","-0.0230986714975502","-0.369838077064618"
"1494","Dyatkovo","-0.125801876681827","-0.676618721140433"
"1495","Dzaoudzi","-0.128926316547694","-0.580374462060463"
"1496","Dzerzhinsk","-0.10041045994714","0.0929668556757088"
"1497","Dzhankoy","-0.123903701386629","-0.645407165628127"
"1498","Dzuunharaa","-0.127650217639287","-0.714231658407546"
"1499","Eagle","-0.130342482030667","-0.786625597928258"
"1500","Eagle Pass","-0.120676931366914","0.428717894204534"
"1501","East London","-0.0907398801714688","0.0499488822758374"
"1502","Eastmain","-0.130164471922364","-0.686541439506377"
"1503","Eau Claire","-0.110842209110192","0.259418276483586"
"1504","Ebolowa","-0.127122855731291","-0.75684572761429"
"1505","Echuca","-0.127205656706147","-0.497406625814552"
"1506","Ed Damazin","-0.122852547665207","-0.693419745833514"
"1507","Ed Dueim","-0.125495874754657","-0.719058043287994"
"1508","EdDamer","-0.126847673846284","-0.67922733786228"
"1509","Edea","-0.128671383189633","-0.678948853502499"
"1510","Edinburg","-0.00168272247894638","1.65728176915352"
"1511","Edinburgh","-0.0851412030299446","0.637524330497031"
"1512","Edirne","-0.122789774873126","0.472170461910655"
"1513","Edmonton","-0.0383935748768642","4.01631714039235"
"1514","Edmundston","-0.123496434244298","-0.336458729379801"
"1515","Egilsstadir","-0.129782493998899","-0.342747264382196"
"1516","Eindhoven","-0.0940125813613181","0.65252186602703"
"1517","Eirunepe","-0.127140465014341","-0.71595519993319"
"1518","Ekibastuz","-0.123942496387702","1.72879046190507"
"1519","El Alamein","-0.129675060719701","0.671082285632623"
"1520","El Arish","-0.12416421675205","0.565367864037143"
"1521","El Banco","-0.1262840322468","-0.493830873767"
"1522","El Bayadh","-0.127294703026598","-0.163919899971224"
"1523","El Calafate","-0.128871895932064","0.474660242911472"
"1524","El Carmen de Bolivar","-0.127819632401959","-0.483856694236536"
"1525","El Centro","-0.122220934124943","0.84868946604934"
"1526","El Daba","-0.128915432670758","-0.111792775009114"
"1527","El Dorado1","-0.122445344466167","0.319428149493907"
"1528","El Dorado2","-0.129778398136262","-0.578456212034137"
"1529","El Faiyum","-0.0754747336467563","0.849667775064032"
"1530","El Fasher","-0.119031646222888","-0.634852222353291"
"1531","El Fuerte","-0.129444306453793","-0.423036160439512"
"1532","El Giza","0.0527193485791134","2.74369873400909"
"1533","El Golea","-0.127379611591801","0.0728632230864917"
"1534","El Jadida","-0.119473723257437","0.515501641747965"
"1535","El Kef","-0.126669119192096","-0.395608764503921"
"1536","El Maiten","-0.129115238094946","-0.64262646122797"
"1537","El Manaqil","-0.122281746006938","-0.748931182271207"
"1538","El Mansura","-0.0634615180955965","0.959862567135677"
"1539","El Manteco","-0.129779272907043","-0.630784602800973"
"1540","El Minya","-0.0966760161372759","0.396598664120282"
"1541","El Obeid","-0.116208837383372","-0.606723800752074"
"1542","El Oued","-0.117446538091628","1.34266174209499"
"1543","El Paso","0.0452052299985353","1.54671758050022"
"1544","El Suweis","-0.113320695166238","3.0332713394388"
"1545","El Tigre","-0.107476328774038","1.80186870408951"
"1546","El Tur","-0.129264631992721","0.462201644035172"
"1547","Elazig","-0.117586007025046","0.103488224267042"
"1548","Elbasan","-0.12305976196201","-0.359957018757887"
"1549","Elblag","-0.122204697221169","0.456621748248478"
"1550","Eldama Ravine","-0.125348529457027","-0.784691888742653"
"1551","Eldorado","-0.128820887433393","-0.492850570216657"
"1552","Eldoret","-0.104328747629983","-0.742991956410081"
"1553","Elgin","-0.0422410758002307","0.822180929097993"
"1554","Elista","-0.12474286274383","-0.503308971531882"
"1555","Elk","-0.125430787895795","-0.221575448832199"
"1556","Elkhart","-0.0811514301743357","0.413106985344566"
"1557","Elko","-0.124545074861448","-0.443978227188239"
"1558","Elmira","-0.115082063732734","-0.182364164683279"
"1559","Ely1","-0.128887309794931","-0.651487057188541"
"1560","Ely2","-0.129242235665943","-0.603256825960803"
"1561","Embi","-0.12941029960172","-0.677307897548548"
"1562","Embu","-0.12601253606977","-0.757766519475156"
"1563","Emden","-0.121648109466447","-0.158649350230388"
"1564","Emerald","-0.126168202048361","-0.557391084580257"
"1565","Emmonak","-0.130335514359959","-0.722980024206028"
"1566","Emporia","-0.124163581972794","0.000151632316352227"
"1567","En Nuhud","-0.126333610273339","-0.774335920673002"
"1568","Encarnacion","-0.100380072147557","1.38498347242548"
"1569","Ende","-0.127813260385063","-0.690101760710891"
"1570","Engels","-0.117515911272563","0.692685723246723"
"1571","Enid","-0.117196601938976","0.275889194802717"
"1572","Ensenada","-0.113269127649336","0.381385204020835"
"1573","Entebbe","-0.114852193163894","-0.670292365023794"
"1574","Enterprise","-0.122280609912842","0.00630020667708653"
"1575","Enugu","0.906456033676471","-0.760009717963339"
"1576","Er Rachidia","-0.118562933852367","-0.427630112214823"
"1577","Erechim","-0.120412181808698","-0.00561510642316358"
"1578","Eregli","-0.119853430086747","-0.346829499805995"
"1579","Erenhot","-0.127054022869271","-0.450778542882004"
"1580","Erfurt","-0.110355586394504","-0.120793706927192"
"1581","Ergun Zuoqi","-0.124233025210015","-0.758555261816292"
"1582","Erie","-0.0957543927370783","0.602991669378902"
"1583","Ertis","-0.128172002440562","-0.648504733114429"
"1584","Erymentau","-0.127806137637351","-0.577688144234613"
"1585","Erzincan","-0.115384069417209","-0.308168578817698"
"1586","Erzurum","-0.117637984647362","0.0218129758042632"
"1587","Esbjerg","-0.118421528151402","-0.342311940890873"
"1588","Escanaba","-0.126084689509963","-0.105150799710287"
"1589","Escuinapa","-0.129416065341165","-0.238463675481912"
"1590","Escuintla","-0.120136840997405","-0.449607021268372"
"1591","Eseka","-0.129554436362012","-0.759687822963995"
"1592","Esik","-0.123799471201913","-0.705362542777208"
"1593","Esil","-0.129062676089656","-0.47669037052706"
"1594","Eskisehir","-0.108550221665357","0.626956722993129"
"1595","Esmeraldas","-0.121809316491333","0.357527126146815"
"1596","Esperance","-0.127116162299745","-0.47055483571124"
"1597","Esperanza","-0.129847744473107","-0.275348001368515"
"1598","Espungabera","-0.130230119726855","-0.773663227332717"
"1599","Esquel","-0.127339385461257","-0.119435835632995"
"1600","Essen","0.0227833288216886","0.430162967455368"
"1601","Estancia","-0.125009606286668","-0.252735929219143"
"1602","Esteli","-0.126340040136545","-0.557497760067784"
"1603","Etawah","1.15555531136034","-0.635133816472961"
"1604","Eugene","-0.0859459569832672","0.310608613087187"
"1605","Eumseong","-0.129371332875601","-0.275935767434294"
"1606","Eureka","-0.121169373593603","-0.403602520256885"
"1607","Evanston","0.00615666222405844","3.95028282605744"
"1608","Evansville","-0.0839874949139764","0.935885246054856"
"1609","Everett","-0.0397006479709341","0.792834232251704"
"1610","Ewo","-0.127782824526226","-0.783081096956977"
"1611","Exeter","-0.117586349768264","-0.01165104313603"
"1612","Exmouth","-0.129820866296563","-0.603217085374074"
"1613","Eyl","-0.130218594060015","-0.786625597928258"
"1614","Eyumojok","-0.124713051947272","-0.786220744303321"
"1615","Fada","-0.130226142398111","-0.786625597928258"
"1616","Fairbanks","-0.11731007324296","2.88908965983299"
"1617","Faisalabad","0.869311663711198","-0.65992735301505"
"1618","Faizabad","2.18870085861668","-0.727911266972964"
"1619","Falfurrias","-0.128661987163323","-0.152772161398235"
"1620","Farafangana","-0.129415979760521","-0.786625597928258"
"1621","Farah","-0.121996053354469","-0.778316546703026"
"1622","Faranah","-0.12869401284206","-0.780886286734802"
"1623","Fargo","-0.101181739735165","1.97041837640479"
"1624","Fargona","0.00844704627093807","-0.536764476164068"
"1625","Faribault","-0.123742407273418","0.0345441183266281"
"1626","Farmington","-0.118857711853174","-0.223583667429127"
"1627","Faro","-0.125290107300964","1.33707395395216"
"1628","Fasa","-0.124610404750943","-0.288503315139835"
"1629","Fatehpur","1.40586996331441","-0.718725068428628"
"1630","Fayetteville1","-0.05094197203036","1.26434331858352"
"1631","Fayetteville2","-0.0923737003989015","0.388497074762311"
"1632","Feira de Santana","-0.104472909181722","0.618367952216854"
"1633","Felipe Carrillo Puerto","-0.128558656269411","-0.320830191398248"
"1634","Fengcheng","0.250908793984259","-0.71406236415148"
"1635","Fengjie","-0.111994248877925","-0.748027909617994"
"1636","Fengshan","-0.0634539468638873","2.27937975568824"
"1637","Fengzhen","-0.115705795799773","-0.490884944606908"
"1638","Ferkessedougou","-0.12738214545481","-0.563615193936384"
"1639","Fernandopolis","-0.120042927272916","-0.343724629745608"
"1640","Ferrara","-0.115120259153243","0.834140250662346"
"1641","Ferrenafe","-0.127140327270207","-0.496594377977974"
"1642","Feyzabad","-0.128487120710762","-0.781096333589975"
"1643","Fez","-0.0996847522806691","0.876643848329833"
"1644","Fianarantsoa","-0.0986700319568507","-0.780561076222058"
"1645","Filadelfia","-0.128182313181491","-0.371024160933182"
"1646","Finnsnes","-0.129882095966338","0.422115423579621"
"1647","Firozabad","0.476522456254683","-0.631189311242347"
"1648","Flagstaff","-0.118087724186388","-0.598058336862929"
"1649","Flensburg","-0.117049142702803","-0.322739155038145"
"1650","Flin Flon","-0.128763664717002","-0.250242888332096"
"1651","Flint","-0.0467670349937052","0.70663306069203"
"1652","Florence1","-0.109297009120866","0.554981437578402"
"1653","Florence2","-0.116391785179859","0.458610965140147"
"1654","Florence3","-0.0313271709389721","1.15349895128747"
"1655","Florencia","-0.124244543143515","-0.528449535831045"
"1656","Flores","-0.125775158511744","-0.490916900070602"
"1657","Floriano","-0.126262134065054","-0.0933899022735221"
"1658","Florianopolis","-0.120800120813538","1.68673792954793"
"1659","Focsani","-0.124990132211631","-0.197720759524129"
"1660","Foggia","-0.122597275342992","1.65350356101383"
"1661","Fond du Lac","-0.118860609141883","0.517651536716151"
"1662","Fonte Boa","-0.128448209444829","-0.694651339429568"
"1663","Forbes","-0.128953590660954","-0.642642342450028"
"1664","Formiga","-0.123792898145423","-0.549183741939419"
"1665","Formosa1","-0.114509363649512","2.29557624305876"
"1666","Formosa2","-0.122329253940734","-0.280290417824435"
"1667","Fort Chipewyan","-0.129277462307477","-0.628481761262767"
"1668","Fort Collins","-0.0801858636557764","-0.0216600090840205"
"1669","Fort Good Hope","-0.13034767044681","-0.596632908715956"
"1670","Fort Lauderdale","0.162206349813507","3.22638528392912"
"1671","Fort McMurray","-0.121365283094735","0.432341686680732"
"1672","Fort Pierce","-0.0580861127848012","0.508377160393973"
"1673","Fort Resolution","-0.13011433808159","-0.655694841125407"
"1674","Fort Severn","-0.130312860004416","-0.703161084773062"
"1675","Fort Shevchenko","-0.129961239844693","-0.416801284880181"
"1676","Fort Simpson","-0.13022677754428","-0.651053041941034"
"1677","Fort Smith1","-0.104333866176513","0.5841318549591"
"1678","Fort Smith2","-0.129879045696006","-0.219895449306666"
"1679","Fort St. John","-0.124729180563907","0.69244174649841"
"1680","Fort Stockton","-0.126817213158003","-0.458287948170487"
"1681","Fort Wayne","-0.0516038669019564","1.29640515751285"
"1682","Fort Yukon","-0.129903714751506","-0.653078621576796"
"1683","Fort-de-France","-0.112437856996719","0.525612865179782"
"1684","Fortaleza","0.005790717833607","1.89202943640699"
"1685","Foshan","0.281527898437299","0.946482621467217"
"1686","Foumban","-0.126474284993884","-0.772520558124959"
"1687","Foz do Iguacu","-0.0982649358141941","1.17629550726147"
"1688","Franca","-0.104286229777559","0.0692912456440436"
"1689","Franceville","-0.122253922665574","-0.633838419182619"
"1690","Francistown","-0.119483079474852","-0.522586330195086"
"1691","Frankfort","-0.11785184141958","0.208950690971594"
"1692","Frankfurt","0.0947939507329345","0.260574420870724"
"1693","Fredericksburg","-0.0901101977888857","0.306494207733497"
"1694","Fredericton","-0.121607306503113","0.0314797394846622"
"1695","Frederikshavn","-0.125989249593471","-0.313230410053384"
"1696","Freeport1","-0.11122103698072","1.10954659155052"
"1697","Freeport2","-0.114557956999433","0.125974061611509"
"1698","Freetown","-0.110515504245048","-0.6361488742709"
"1699","Freiburg","-0.10702889371547","-0.29837116232869"
"1700","Fresnillo","-0.120858100116405","-0.372863980670426"
"1701","Fresno","-0.0399833546588396","1.1447003467818"
"1702","Fria","-0.126735949608217","-0.772355908402522"
"1703","Frias","-0.127905367451812","-0.0473593221722011"
"1704","Frolovo","-0.124388323761984","-0.550725367873168"
"1705","Frontera","-0.13001771928264","-0.69032009802508"
"1706","Frutal","-0.126689809005118","-0.405894649208435"
"1707","Ft. Dodge","-0.124365400872814","0.169182309423397"
"1708","Ft. Myers","-0.0898030265754296","1.38193427779043"
"1709","Ft. Worth","0.158961534701103","2.63366899512441"
"1710","Fuan","-0.123129430456015","-0.41947533523943"
"1711","Fujin","-0.122570807143723","-0.312572341967477"
"1712","Fukui","-0.113009875128292","-0.0555052631401794"
"1713","Fukuoka","0.032389757331245","0.341104248256327"
"1714","Fukushima","-0.103719977413496","-0.324556541610943"
"1715","Fulin","-0.130244280801172","-0.748991029064119"
"1716","Funchal","-0.114915146378478","0.498639794440767"
"1717","Funtua","-0.0942071761294537","-0.735980927675512"
"1718","Furth","-0.103349664157944","-0.0964272154811331"
"1719","Fushun","-0.0658764819953333","0.534122026102882"
"1720","Fuxin","-0.0735574007404451","-0.333083374548866"
"1721","Fuyang","1.77820303438072","-0.69415096834"
"1722","Fuyu","-0.101069079477775","-0.115957408346682"
"1723","Fuzhou","-0.0680678215167323","1.19673344976214"
"1724","Gaalkacyo","-0.127361033217626","-0.755334912430896"
"1725","Gabes","-0.108307609532264","0.0101787849980392"
"1726","Gaborone","-0.111893678130646","-0.0260904518289905"
"1727","Gadsden","-0.114966295445681","0.380099865195239"
"1728","Gafsa","-0.11998806591958","-0.297411640553059"
"1729","Gagnoa","-0.119876108954217","-0.586666964687544"
"1730","Gainesville","-0.0858740242440239","0.325390652980132"
"1731","Galati","-0.116369195236152","0.651351395297776"
"1732","Galesburg","-0.122369833458479","0.27459827985594"
"1733","Galle","0.0421219976367598","-0.724868189986248"
"1734","Gallup","-0.123563373099023","-0.373878877618715"
"1735","Galveston","-0.121144389375653","1.29166648394626"
"1736","Galway","-0.120696313237206","0.10772641951097"
"1737","Gamba","-0.129111532544922","-0.779474229885148"
"1738","Ganca","-0.112886982922763","-0.143300862211871"
"1739","Gandajika","-0.125162910909583","-0.786625597928258"
"1740","Gander","-0.128680452039571","-0.516980205192218"
"1741","Gandhinagar","0.42870096697936","-0.534834323263682"
"1742","Gangneung","-0.119360562139607","0.370882794241518"
"1743","Gangtok","-0.123733557271552","-0.691792043890679"
"1744","Gannan","-0.126105306945716","-0.619784963861905"
"1745","Ganzhou","-0.0177807444876352","-0.392718789575224"
"1746","Gao","-0.125759857162614","-0.706374388943812"
"1747","Garanhuns","-0.119940987422","-0.533216390256224"
"1748","Garca","-0.124075414696138","-0.266910815301896"
"1749","Garden City","-0.123951379789456","0.0345290199061914"
"1750","Gardiz","-0.123404857285469","-0.776741384287569"
"1751","Garissa","-0.125791217457278","-0.67294930098034"
"1752","Garoowe","-0.129561955946101","-0.716201358875082"
"1753","Garoua","-0.120389968987433","-0.569811251113644"
"1754","Gary","-0.00250872473366103","1.97610481899929"
"1755","Garzon","-0.116507825655755","-0.724058403149307"
"1756","Gashua","-0.128710962731533","-0.778898119387094"
"1757","Gaspe","-0.129263595929818","-0.255378067007938"
"1758","Gatchina","-0.122965765818566","0.887141711425729"
"1759","Gavle","-0.109195606725437","0.891336670283875"
"1760","Gawler","-0.106112450781465","0.214333363641417"
"1761","Gay","-0.128075501138924","-0.066381358825147"
"1762","Gaya1","-0.128704613438255","-0.744416223758751"
"1763","Gaya2","1.05252099223114","-0.713293958567692"
"1764","Gaza","-0.109803186205203","0.236648914823652"
"1765","Gaziantep","-0.108791843023425","1.16941182855604"
"1766","Gbadolite","-0.128451767726239","-0.736590601463549"
"1767","Gbarnga","-0.128021446603859","-0.785661753150745"
"1768","Gdansk","-0.0638950989002574","1.45763346850318"
"1769","Gdynia","-0.10172256720408","0.857598906686803"
"1770","Gedaref","-0.118621900932671","-0.668825126691269"
"1771","Geelong","-0.108222667652715","-0.0242330029701666"
"1772","Geita","-0.129995778690668","-0.673834960596936"
"1773","Gejiu","-0.124738377083083","-0.664099696412483"
"1774","Gelendzhik","-0.126153646232075","0.205130876389246"
"1775","Gemena","-0.118949588410315","-0.784267576415147"
"1776","Geneina","-0.122684556466734","-0.720106214667103"
"1777","General Conesa","-0.129586833078197","-0.110978747103082"
"1778","General Guemes","-0.127817706099213","-0.15171381359797"
"1779","General Pico","-0.125019629276228","0.381622832569653"
"1780","General Roca","-0.129400764815326","0.100185273224992"
"1781","General Santos","-0.0281239701386627","-0.595250330915601"
"1782","Geneva","-0.0840237566313952","0.294656445610901"
"1783","Genoa","-0.0933818366908869","0.877982117413412"
"1784","Gent","-0.0327089274049854","0.474012297630169"
"1785","George","-0.11716940382103","-0.26292118638295"
"1786","George Town2","-0.100252761072206","1.043396465468"
"1787","Georgetown1","-0.120768441238964","-0.0948494734394224"
"1788","Georgetown2","-0.130017043084995","-0.776622063336766"
"1789","Georgievsk","-0.122608132801187","-0.596377672492179"
"1790","Gera","-0.116363940967818","-0.42748247368323"
"1791","Geraldton1","-0.124406330079329","-0.201376593250498"
"1792","Geraldton2","-0.12957269799509","-0.595727175063107"
"1793","Ghadamis","-0.129669651096465","-0.0124624116611971"
"1794","Ghanzi","-0.128584123426717","-0.724007848104479"
"1795","Ghardaia","-0.123317773195434","0.353768134178592"
"1796","Gharyan","-0.128745641564897","0.509651690123127"
"1797","Ghat","-0.128829160866853","-0.499062798145343"
"1798","Ghaziabad","0.221541303749905","0.833690901081587"
"1799","Ghazni","-0.109147911630136","-0.78438847905417"
"1800","Gibraltar","-0.113565801374591","2.08129585728201"
"1801","Giessen","-0.115853567333789","-0.310602512820221"
"1802","Gifu","0.0293072993099801","0.255882586722058"
"1803","Gijon","-0.115100193129917","1.25393810488573"
"1804","Gila Bend","-0.129319296051552","-0.489809589637039"
"1805","Gilgit","-0.125216661630886","-0.733050515144939"
"1806","Gillette","-0.121349425969435","-0.0623228004697471"
"1807","Gimbi","-0.127597054754004","-0.785044338138224"
"1808","Gimli","-0.129305953303508","-0.454078662970226"
"1809","Gingin","-0.129110155174575","-0.760225714915128"
"1810","Gingoog","-0.130219066203033","-0.773190160471147"
"1811","Girardot","-0.115874296648247","-0.110563540541253"
"1812","Gisborne","-0.124532445260099","-0.461015379166741"
"1813","Gitarama","0.254732730200915","-0.781060391065594"
"1814","Gitega","0.499009598049581","-0.785885278787664"
"1815","Giyon","-0.0776727361142643","-0.781481121807572"
"1816","Gjovik","-0.125528771466532","0.138572835595669"
"1817","Gladstone","-0.124151059435569","0.280293901603768"
"1818","Glasgow1","-0.12939760183048","-0.456202543188433"
"1819","Glasgow2","-0.00530899480638857","1.3297412688119"
"1820","Glazov","-0.121946182546817","0.115689120558273"
"1821","Glendale","0.0342360244126431","2.19274227409272"
"1822","Glendive","-0.127707520083859","-0.497264499064282"
"1823","Glenwood Springs","-0.127349752131773","-0.658921377860652"
"1824","Gliwice","-0.0714941506920931","0.500525467051424"
"1825","Goba","-0.128241294712549","-0.78441640372618"
"1826","Gogrial","-0.126716790815452","-0.786625597928258"
"1827","Goiana","-0.0869934687143391","-0.574985998803256"
"1828","Goianesia","-0.124884036984665","-0.341869025296096"
"1829","Goiania","0.0482163939741633","0.691155120875621"
"1830","Gold Coast","-0.0716614834322472","0.226506979832104"
"1831","Goldsboro","-0.113765957370683","0.467705189854918"
"1832","Golela","-0.129254796186074","-0.699448337079057"
"1833","Golmud","-0.119344182113696","-0.517793632592892"
"1834","Golyshmanovo","-0.127595043683979","-0.375208696734044"
"1835","Goma","0.415718077560157","-0.776555294647271"
"1836","Gombe","-0.115409310481352","-0.334534581532995"
"1837","Gomez Palacio","-0.110233066687436","1.20884358395784"
"1838","Gonaives","-0.121034887500682","-0.65397380349264"
"1839","Gonbad-e Kavus","-0.119109954202033","0.0944420399809139"
"1840","Gonder","-0.120713702113777","-0.759622652047685"
"1841","Goodland","-0.128717466211171","-0.578478623751963"
"1842","Goondiwindi","-0.129072969999912","-0.619010183270344"
"1843","Gorakhpur","5.02653506172997","-0.730020885188918"
"1844","Gorgan","-0.107309303236348","-0.044007301263748"
"1845","Gorno Altaysk","-0.125212625766885","-0.544884509615175"
"1846","Gornyak","-0.128472337938925","-0.670439553176368"
"1847","Goroka","-0.126036476655468","-0.747553880339355"
"1848","Gorontalo","-0.0775567350294633","-0.675733243820107"
"1849","Gorzow Wielkopolski","-0.118412041219596","0.0519544843851363"
"1850","Goteborg","-0.050801237789806","1.23284252323155"
"1851","Gottingen","-0.114483544068952","-0.479350094544197"
"1852","Goulburn","-0.12569010648658","-0.505870062543965"
"1853","Goulimine","-0.12616618251818","0.0395203346555545"
"1854","Goundam","-0.129162911399112","-0.744640547360727"
"1855","Goure","-0.129148499671493","-0.781447685186689"
"1856","Governador Valadares","-0.113244378752079","0.196916392023975"
"1857","Goya","-0.124621888932529","0.871935714750024"
"1858","Goycay","-0.127905227304375","-0.603532007541114"
"1859","Graaff Reinet","-0.128936002844275","-0.752536999799072"
"1860","Grafton","-0.128509818427688","-0.655449159370807"
"1861","Grahamstown","-0.124124543559466","-0.451852611054677"
"1862","Granada1","-0.126538704788111","-0.399618252992921"
"1863","Granada2","-0.101204285228992","0.909231558379828"
"1864","Grand Bassam","-0.126691303956903","-0.486713555584062"
"1865","Grand Canyon","-0.130078335875741","-0.775965895287343"
"1866","Grand Forks","-0.119531232153242","1.37208273003272"
"1867","Grand Island","-0.116817221918692","0.427608417662358"
"1868","Grand Junction","-0.10280804075992","-0.278562635229701"
"1869","Grand Prairie1","0.0158561460658539","2.93709199927736"
"1870","Grand Prairie2","-0.122019799317967","1.41412719846076"
"1871","Grand Rapids","0.00110805384259449","0.547910486987753"
"1872","Granja","-0.12955396708141","-0.206795810960683"
"1873","Grants Pass","-0.118770997572599","-0.312667307600523"
"1874","Graz","-0.0850223471834288","-0.223484455365335"
"1875","Great Falls","-0.115380566947513","0.122363480253194"
"1876","Greeley","-0.110614141932802","0.153645691654856"
"1877","Green Bay","-0.0815051274188288","1.17651014503372"
"1878","Green River","-0.127604375595073","-0.612201814370796"
"1879","Greeneville","-0.108924906387571","1.04370924297305"
"1880","Greenock","-0.120932315333193","-0.0888033281354679"
"1881","Greensboro","-0.0157900843786521","1.36992108231682"
"1882","Greenville1","-0.120051106438114","0.644681753859236"
"1883","Greenville2","-0.012600117797242","0.61953344733028"
"1884","Greenville3","-0.129115105117232","-0.780987491993834"
"1885","Grenoble","-0.0869674725386621","0.603522258755956"
"1886","Griffith","-0.127867361816847","-0.384213960869347"
"1887","Groningen","-0.111861882686541","0.000604413356297731"
"1888","Grootfontein","-0.128140872927438","-0.705893453853555"
"1889","Groznyy","-0.0782541159032707","0.203177432459617"
"1890","Grudziadz","-0.119813664955548","0.0926438695795744"
"1891","Gryazi","-0.125274833111619","-0.165146946883852"
"1892","Guadalajara1","0.0120474997068045","1.06166435317776"
"1893","Guadalajara2","-0.125202788883365","0.908509579366532"
"1894","Guaira","-0.126996089103799","-0.291938034214733"
"1895","Guajara-Miram","-0.121739570288388","-0.428081692244051"
"1896","Gualeguay","-0.127275599677009","0.791949773645824"
"1897","Gualeguaychu","-0.124662937711381","0.977096041473012"
"1898","Guamuchil","-0.124829977876381","0.00328412562321061"
"1899","Guanajuato","-0.122989347669932","-0.373774089433742"
"1900","Guanambi","-0.123139076063498","0.0180729426480572"
"1901","Guanare","-0.119508275148654","0.388165767377642"
"1902","Guangshui","-0.0158878850267583","-0.748914547736624"
"1903","Guangyuan","-0.0700406985314475","-0.521400568025821"
"1904","Guangzhou","1.86091349698596","0.6601620099106"
"1905","Guanhaes","-0.127920396100232","-0.640166523198783"
"1906","Guantanamo","-0.126068479849829","0.02645411014342"
"1907","Guaranda","-0.130216593663417","-0.668252855808389"
"1908","Guarapuava","-0.118213150825898","-0.106677327223606"
"1909","Guaratingueta","-0.0909877787690082","-0.121178244822522"
"1910","Guasave","-0.115232164342473","-0.226245836360937"
"1911","Guasdualito","-0.125607559679867","-0.383488850649542"
"1912","Guatemala","-0.0213547384415785","0.354211564492242"
"1913","Guaxupe","-0.122383473848451","-0.452295805455514"
"1914","Guayaquil","-0.0716200889902913","3.10003827031049"
"1915","Guaynas","-0.125143483803417","0.34217623610687"
"1916","Gubakha","-0.129051552858579","-0.252154082420465"
"1917","Gubkin","-0.130298233862958","-0.697365902453864"
"1918","Guide","-0.128999741204933","-0.753487369229649"
"1919","Guider","-0.119754133978036","-0.773342207623549"
"1920","Guiglo","-0.127579480003934","-0.709072234327873"
"1921","Guilin","-0.0303669977812892","-0.283005002295352"
"1922","Guines","-0.128190073557885","-0.52544681602138"
"1923","Guiyang","-0.0425467754274376","0.0426141382600588"
"1924","Gujranwala","1.03005654022634","-0.686771004126099"
"1925","Gujrat","0.799348521752114","-0.714618839598783"
"1926","Gulbarga","-0.101256155100361","-0.112434886809794"
"1927","Gulfport","-0.101476674407784","1.01575417440071"
"1928","Guliston","-0.11876145216329","-0.446181138200885"
"1929","Gulu","-0.113640165876244","-0.780589314718436"
"1930","Gunnedah","-0.127962929864165","-0.682296231217736"
"1931","Gunnison","-0.128524196832404","-0.669313862989525"
"1932","Gunsan","-0.109748683866609","0.608787575521524"
"1933","Guntur","0.202527543533613","-0.64194499487972"
"1934","Gurgaon","0.759927010167463","0.0262032704767257"
"1935","Gurupi","-0.124801664885071","-0.142305953513356"
"1936","Guryevsk","-0.124834736628038","-0.436576505378421"
"1937","Gusau","-0.114855469649176","-0.519518755806755"
"1938","Gusinoozyorsk","-0.127787101165396","-0.542751385903779"
"1939","Guwahati","-0.0180663631504614","-0.490360467516539"
"1940","Guymon","-0.127406789121855","-0.458898447653391"
"1941","Gwadar","-0.129835299168478","-0.664848237064561"
"1942","Gwalior","-0.0582128784051349","-0.0375219291836429"
"1943","Gwanda","-0.129816757097216","-0.761587754896073"
"1944","Gwangju","-0.0519309611026287","1.02496781389525"
"1945","Gweru","-0.117900764432297","-0.705606948457921"
"1946","Gyeongju","-0.120888728536451","0.104166023243284"
"1947","Gympie","-0.126257238495447","-0.580995384600653"
"1948","Gyor","-0.117983501693012","0.343405299001768"
"1949","Gyumri","-0.121171122229475","-0.729192278942989"
"1950","Gyzlarbat","-0.126979159468031","-0.0848647421719533"
"1951","Ha Giang","-0.127781067328175","-0.746218662037459"
"1952","Ha Tinh","-0.11025083992019","-0.646247862406041"
"1953","Haarlem","-0.0979194280240877","0.755593291968917"
"1954","Hachinohe","-0.113860004383411","0.152626033556943"
"1955","Hachioji","0.090163239301568","1.17060134388379"
"1956","Hadiboh","-0.129789665526547","-0.761032228461703"
"1957","Haeju","-0.118701316652507","-0.77681320298585"
"1958","Hafar al Batin","-0.118335799817978","5.33713107737231"
"1959","Hagere Hiywet","-0.116882811102993","-0.776180763610759"
"1960","Hagerstown","-0.10902250813284","0.576484676584196"
"1961","Haifa","-0.0945957846771343","2.94340451160083"
"1962","Haikou","-0.0708793464757849","0.567287937026166"
"1963","Hail","-0.113119734083237","4.6394368439005"
"1964","Hailar","-0.116893727073995","-0.418618156734101"
"1965","Hailun","-0.120945092176172","-0.642014921583999"
"1966","Haiphong","0.898558718515422","-0.632500654094606"
"1967","Hajjah","-0.0587734359020382","-0.780306645586942"
"1968","Hakkari","-0.128146758068303","-0.549684799320824"
"1969","Hakodate","-0.107206300825534","0.0146462017157698"
"1970","Halacho","-0.129192004442985","-0.615875770491003"
"1971","Haldia","0.491096293867704","-0.635171187208188"
"1972","Halifax","-0.0936852528779492","0.58665483532757"
"1973","Halmstad","-0.115711140578118","0.303817755352812"
"1974","Hamadan","-0.11383220110544","0.0261068464735278"
"1975","Hamah","-0.102444447974845","-0.301568167068294"
"1976","Hamamatsu","0.0118136993200706","-0.0982243135514785"
"1977","Hamburg","0.0721041506565104","0.331607770738167"
"1978","Hamhung","-0.11136822356602","-0.771428842064912"
"1979","Hami","-0.119824214243568","-0.153952197319978"
"1980","Hamilton2","-0.00482136278573522","1.85943194669832"
"1981","Hamilton3","-0.114794893323149","0.0307034576297093"
"1982","Hamilton4","-0.127975617563612","-0.650935782546571"
"1983","Hammerfest","-0.128214803321086","0.672590755091961"
"1984","Hampton","-0.0445879060040969","1.274749904865"
"1985","Hancheng","-0.101660371530748","-0.527920876649791"
"1986","Hancock","-0.127253192126379","-0.256656757381357"
"1987","Handan","4.3849633257222","-0.60845742755074"
"1988","Hanggin Houqi","-0.123541823646618","-0.711927621220279"
"1989","Hangu","-0.0920510344785686","0.0256192361228156"
"1990","Hangzhou","0.856860454653006","0.0168500563796927"
"1991","Hania","-0.117410359332231","-0.179216186916834"
"1992","Hannover","-0.0567618032533723","0.137435821593508"
"1993","Hanoi","3.50827065328871","-0.57722886486883"
"1994","Hanzhong","0.186237172136389","-0.620130962181222"
"1995","Haora","0.413051373997953","0.0791092508881847"
"1996","Happy Valley","-0.12950413684182","-0.148501581758217"
"1997","Hapur","0.16383163829052","-0.558719402432191"
"1998","Harar","-0.117769545699311","-0.756194216832426"
"1999","Harare","-0.0460766841779879","-0.413942922269259"
"2000","Harbin","0.130779367683072","0.487374228137886"
"2001","Hardin","-0.12934917536536","-0.533982291947136"
"2002","Hargeysa","-0.120178558480775","-0.648598122420911"
"2003","Harlingen","-0.102167251333721","0.825093551657337"
"2004","Harper","-0.129555203190204","-0.783591964156379"
"2005","Harrisburg","-0.0839309923010809","0.674364304773622"
"2006","Harrisonburg","-0.121204459732129","0.257872575692047"
"2007","Harstad","-0.124605869943063","0.287001889598742"
"2008","Hartford","0.0164840954970891","0.636273477836282"
"2009","Hassi Messaoud","-0.127225644922108","17.1846454069768"
"2010","Hastings","-0.124783792830021","-0.212234330628804"
"2011","Hat Yai","-0.0952014525621027","0.131543062515281"
"2012","Hatay","-0.0854957771160141","0.00765957923468379"
"2013","Hathras","0.24461890518445","-0.641053630462223"
"2014","Hattiesburg","-0.116019896977765","1.01537860119252"
"2015","Haugesund","-0.125320274620843","0.492755957156436"
"2016","Havana","-0.036602743300984","0.436944474463455"
"2017","Havre","-0.127633437133501","-0.374135464979548"
"2018","Hays","-0.125589231480089","-0.155574548331141"
"2019","Hearst","-0.129283611589451","-0.0535006046821609"
"2020","Hebi","0.456433639754815","-0.502773556665351"
"2021","Hechi","0.592516122417328","-0.703351482503139"
"2022","Hefei","0.0674502755094061","0.822687069328322"
"2023","Hegang","-0.100509794708634","-0.575397838245757"
"2024","Heidelberg","-0.0779335563907338","-0.188749381048314"
"2025","Heihe","-0.130152380074912","-0.246751121248186"
"2026","Helena","-0.12094577281059","-0.253314044305955"
"2027","Helong","-0.121907470848722","-0.648576825927321"
"2028","Helsingborg","-0.112730470625145","0.827255199373239"
"2029","Helsinki","0.00230841808013621","3.30770537636587"
"2030","Hengshui","0.391964128787292","-0.647463199464188"
"2031","Hengyang","0.112307834231961","-0.647576973782912"
"2032","Herat","-0.0889630429338356","-0.643837455345581"
"2033","Hereford","-0.12587668159476","-0.415715614086126"
"2034","Hermanus","-0.128054720554762","-0.352034980501966"
"2035","Hermosillo","-0.102117557680955","1.88778060363958"
"2036","Hervey Bay","-0.127830482129588","-0.396052580856735"
"2037","Hetauda","-0.0819844389575455","-0.74478888022664"
"2038","Heyuan","-0.0859458020568151","-0.299149931991559"
"2039","Heze","1.3852259249759","-0.655428206023137"
"2040","Hickory","-0.0932656104101235","0.215823560580579"
"2041","Hidalgo del Parral","-0.121931754158964","-0.539526843704187"
"2042","Hilo","-0.117293865847425","-0.637090863434739"
"2043","Hims","-0.100481506670754","-0.225238831768782"
"2044","Hindupur","-0.113021538930836","-0.674127085006991"
"2045","Hinthada","-0.118404504985793","-0.729208256674837"
"2046","Hinton","-0.126845502615481","-0.332123380947596"
"2047","Hios","-0.124334601544222","-0.501286812631999"
"2048","Hirosaki","-0.112867637638626","-0.35091941311973"
"2049","Hiroshima","-0.0622344711034849","0.0425630953046221"
"2050","Hisar","-0.0157503985276493","-0.435740580473441"
"2051","Ho","-0.124941779631499","-0.454591730458792"
"2052","Ho Chi Minh City","0.423851041785388","0.297772296340697"
"2053","Hoa Binh","-0.126501696990352","-0.46270556583674"
"2054","Hobart","-0.113466017716466","-0.195630614839071"
"2055","Hobbs","-0.122774932052574","0.0847080197004153"
"2056","Hof","-0.119895598997605","-0.577188073397725"
"2057","Hohhot","-0.0629120323696668","0.486127150082244"
"2058","Hokitika","-0.129783487654682","-0.681771872083777"
"2059","Holguin","-0.117183583494655","-0.100906299160102"
"2060","Homer","-0.129195423854376","-0.540095415045129"
"2061","Homestead","-0.111015682136147","1.64637556241417"
"2062","Homyel","-0.103634643254714","0.0821273050311016"
"2063","Hon Quan","-0.127835778995769","-0.653291457832973"
"2064","Honda","-0.126030166349092","-0.611618123162803"
"2065","Hong Gai","-0.123607359289276","-0.18046493780883"
"2066","Hong Kong","2.62923161757891","0.792296179450923"
"2067","Honiara","-0.125852214192867","-0.651392316745004"
"2068","Honolulu","-0.0546749120062855","0.462930314393883"
"2069","Hoonah","-0.130201732172595","-0.724002861765345"
"2070","Hooper Bay","-0.130331225968838","-0.752537251796857"
"2071","Hopedale","-0.130057917501137","-0.666921578322905"
"2072","Hopkinsville","-0.118696232455462","0.189889621470374"
"2073","Horlivka","-0.0843131319285877","-0.535387174232216"
"2074","Horqueta","-0.128605498848094","-0.291592915206833"
"2075","Horsham","-0.127407852652417","-0.523200754409438"
"2076","Hosaina","0.921748818628049","-0.785635171908412"
"2077","Hoshiarpur","0.0799778222348838","-0.654080350300448"
"2078","Hoskins","-0.129997189847379","-0.786090902235588"
"2079","Hospet","-0.116123318010083","-0.430228005626704"
"2080","Hot Springs","-0.114683749558082","0.301169183578038"
"2081","Hotan","-0.101911422830332","-0.526287073143586"
"2082","Houlton","-0.128584673411419","-0.499401719080084"
"2083","Houma1","-0.114415532983386","1.53011515150768"
"2084","Houma2","0.00687112305651259","-0.672617146454187"
"2085","Houston","0.656738628661832","4.1556923751126"
"2086","Hrodna","-0.115760271058996","0.0693301927058379"
"2087","Hsinchu","-0.0108856878763065","0.470007012678672"
"2088","Hua Hin","-0.127196445789292","0.134878269273711"
"2089","Huacho","-0.126248194027496","-0.00540527269377727"
"2090","Huaibei","1.59047246289257","-0.623647918320239"
"2091","Huainan","13.4255272411131","-0.625730031246134"
"2092","Huaiyin","4.95949539747716","-0.605357522382866"
"2093","Huajuapan de Leon","-0.120313293616342","-0.644681401286414"
"2094","Hualien","-0.107745267275286","0.185494179609131"
"2095","Huamachuco","-0.12407889330371","-0.761968338570854"
"2096","Huambo","-0.117697493430748","-0.472137660601874"
"2097","Huancavelica","-0.128494431074094","-0.744650785440916"
"2098","Huancayo","-0.121777217473904","-0.484613266647778"
"2099","Huangshi","0.790415246643342","-0.645592550210795"
"2100","Huangyan","-0.111737674474664","0.260634557193009"
"2101","Huanren","-0.122911468105438","-0.406126787422549"
"2102","Huanta","-0.128495583727392","-0.726749428508231"
"2103","Huanuco","-0.123242268972242","-0.617876622173986"
"2104","Huaraz","-0.125635209360407","-0.663844846227864"
"2105","Huarmey","-0.129783919454261","-0.524669933661066"
"2106","Huasco","-0.129462213173573","-0.554912305695462"
"2107","Huatabampo","-0.12865585842491","-0.170929341655918"
"2108","Huaura","-0.129568722900341","-0.270613273979991"
"2109","Hubli","-0.0834632960487419","-0.477814602343748"
"2110","Hudson Bay","-0.128820007733475","-0.594518100417979"
"2111","Hue","0.0113283204989818","-0.682148581962833"
"2112","Huehuetenango","-0.121466827888998","-0.663888876138579"
"2113","Huelva","-0.123005204990642","2.0575570226148"
"2114","Hughenden","-0.130230641503336","-0.679530603791388"
"2115","Huinan","-0.127161710221691","-0.761683066355866"
"2116","Huize","-0.130040126993137","-0.774256672731537"
"2117","Huizhou","0.167618388084121","0.326706274433075"
"2118","Hulan Ergi","-0.106671906907365","-0.522562953379363"
"2119","Hulin","-0.121580840451369","-0.616987434588413"
"2120","Hun","-0.127916943629235","0.487123302684719"
"2121","Hunanghua","-0.108293125742418","-0.199042686283324"
"2122","Hungnam","-0.0974870763982456","-0.765150633610013"
"2123","Huntington","-0.106388341666171","0.214033454108327"
"2124","Huntsville1","-0.123184211093277","0.520605250999276"
"2125","Huntsville2","-0.066863883893488","1.07003196640932"
"2126","Hurghada","-0.125308297778789","1.27823729683845"
"2127","Hutchinson","-0.116779916731201","0.169217739239517"
"2128","Huzhou","0.254523809518109","-0.37471615366075"
"2129","Hwange","-0.127914366122538","-0.709142423753246"
"2130","Hyderabad1","0.19616568096619","-0.416361543385152"
"2131","Hyderabad2","0.0973725288105796","1.530113778924"
"2132","Hyeson","-0.119418925759746","-0.76263415424821"
"2133","I-n-Amenas","-0.130241912642303","0.0242010140401413"
"2134","I-n-Salah","-0.12846417768397","-0.127620680769529"
"2135","Iasi","-0.110276679764554","0.205799753571599"
"2136","Ibadan","-0.0389022344652315","-0.56138766220406"
"2137","Ibague","-0.115655921998734","0.0401189527110139"
"2138","Ibarra","-0.114063958385062","-0.46513107131763"
"2139","Ibb","0.13711809285754","-0.766822263592118"
"2140","Ica","-0.120341419712564","0.076701996480857"
"2141","Icel","-0.0937237238258823","1.07774142576851"
"2142","Ico","-0.128898279494964","-0.39002466517972"
"2143","Idah","-0.127363169826915","-0.770723557904817"
"2144","Idaho Falls","-0.11234415956441","-0.152342542707814"
"2145","Idlib","-0.122519008838108","-0.588896619635242"
"2146","Ifakara","-0.124960043280123","-0.7697668362535"
"2147","Ife","-0.0837240465397745","-0.757574918053537"
"2148","Igarka","-0.128121757701145","-0.345984889019945"
"2149","Iguala","-0.123077386783976","-0.367638554617921"
"2150","Iguape","-0.128422931501176","-0.344581379318539"
"2151","Iguatu","-0.121419730019755","-0.38747487653634"
"2152","Ihosy","-0.129412914659613","-0.784442989324858"
"2153","Ijebu Ode","-0.0919825028178492","-0.701420423483061"
"2154","Ijui","-0.122822901124642","-0.350750242181729"
"2155","Ikare","0.116648315552181","-0.751589544427979"
"2156","Ikela","-0.130216555286509","-0.786625597928258"
"2157","Iksan","-0.108664362407929","0.219509719827529"
"2158","Ilam","-0.123592956702253","0.0161395727546785"
"2159","Ilebo","-0.127348588295677","-0.785200705946783"
"2160","Ilheus","-0.12594151941596","-0.00606625751999558"
"2161","Iligan","-0.111159684511737","-0.642500494505815"
"2162","Illapel","-0.127223300096272","-0.481624379907967"
"2163","Illichivsk","-0.122590503057299","0.270456765974651"
"2164","Illizi","-0.129047960874343","-0.0128628629485126"
"2165","Ilo","-0.126637567223036","-0.341128902442339"
"2166","Iloilo","0.113015126388218","-0.729623784935965"
"2167","Ilorin","-0.06694761963218","-0.655227444213979"
"2168","Imbituba","-0.128482458433425","-0.171202700273536"
"2169","Imperatriz","-0.112815634752191","0.552516963589096"
"2170","Imphal","0.0181229775781518","-0.707719703242039"
"2171","Incheon","0.0237997060924366","2.59161611962136"
"2172","Independence","-0.0863181090420062","1.37405959367131"
"2173","Indianapolis","0.170804702556816","1.80738048541131"
"2174","Indore","0.101213950912516","-0.265397884945612"
"2175","Indramayu","0.787870624213247","-0.602752959072186"
"2176","Ingeniero Guillermo N. Juarez","-0.127396525221592","-0.3726177305804"
"2177","Ingham","-0.128758289440771","-0.557352287644805"
"2178","Ingolstadt","-0.103834284903856","-0.275496197512226"
"2179","Inhambane","-0.125571670175719","-0.749464229967064"
"2180","Inhumas","-0.125549546234541","-0.458942370331006"
"2181","Innisfail","-0.12853650059185","-0.625508884424734"
"2182","Innsbruck","-0.109717073816903","-0.353584927724249"
"2183","Inongo","-0.127562841814959","-0.786625597928258"
"2184","Inowroclaw","-0.120854574711907","-0.0124218346562892"
"2185","Inta","-0.125893972366461","0.0696482889726243"
"2186","International Falls","-0.125572520708075","-0.034921483623992"
"2187","Invercargill","-0.124599067789206","-0.259335354424031"
"2188","Inverell","-0.128510728809235","-0.68087750513949"
"2189","Inverness","-0.124071845713551","0.179855005364953"
"2190","Ioanina","-0.118789592402425","-0.178811403412291"
"2191","Iowa City","-0.112645426776422","0.506644702436092"
"2192","Ipatinga","-0.0945075117815802","0.222257803918774"
"2193","Ipiales","-0.119817840724173","-0.696079416234102"
"2194","Ipoh","-0.0889699793771163","0.910883119687333"
"2195","Ipora","-0.125551205299895","-0.569988614660458"
"2196","Ipswich","-0.113425999353569","0.00130357316598982"
"2197","Ipu","-0.12999646318307","-0.40821911966284"
"2198","Iquique","-0.12128875616449","0.38457191438287"
"2199","Iquitos","-0.116968421913407","0.032708716593088"
"2200","Iracoubo","-0.130217489500676","-0.738955852665749"
"2201","Iraklio","-0.117018635022247","0.283799566097398"
"2202","Irati","-0.124430053536967","-0.18951691268234"
"2203","Irbid","-0.060245784222711","0.0119798721396927"
"2204","Irbil","-0.113033913805933","2.93223408250395"
"2205","Irece","-0.127181312240747","-0.151510585427521"
"2206","Iringa","-0.122543142172465","-0.738697453065532"
"2207","Irkutsk","-0.0942761231021149","1.84413021231124"
"2208","Iron Mountain","-0.125002341703581","-0.252430743817551"
"2209","Ironwood","-0.127828083107996","-0.374498470468469"
"2210","Irvine","0.165759524712525","2.63817827564424"
"2211","Isafjordur","-0.129802506733123","-0.3508074617637"
"2212","Iseyin","-0.124300507414522","-0.73678130480796"
"2213","Isfahan","-0.023239485219646","0.437751467878147"
"2214","Ishim","-0.120476208822333","0.151675262002243"
"2215","Isikul","-0.125688683301717","-0.477322616882572"
"2216","Isiro","-0.107672456884685","-0.786625597928258"
"2217","Iskandar","-0.118489358634055","-0.63592456407306"
"2218","Iskenderun","-0.107066710876501","0.342758211585266"
"2219","Iskitim","-0.12203786654633","-0.0693737628106263"
"2220","Islamabad","1.28366591671485","-0.606585212694092"
"2221","Ismailia","-0.0950606618452516","0.983418676601093"
"2222","Isna","-0.111388619287395","0.569971681257619"
"2223","Isparta","-0.119714322254888","-0.0888896293340628"
"2224","Istanbul","0.213710629598328","2.67991682948562"
"2225","Ita","-0.127835151254018","-0.0199617799315535"
"2226","Itaberaba","-0.128708671785658","-0.0907717846990477"
"2227","Itaberai","-0.127244450849282","-0.385707889520375"
"2228","Itabuna","-0.118875034838519","0.0396853020560452"
"2229","Itacoatiara","-0.127123545121678","0.196785653428883"
"2230","Itaituba","-0.125803561220989","-0.174922659393492"
"2231","Itajai","-0.10571160267785","1.35827196466312"
"2232","Itamaraju","-0.125566180701531","-0.416005829747007"
"2233","Itambe","-0.129155686633028","-0.603461062122388"
"2234","Itanhaem","-0.121132595267974","0.121018605610673"
"2235","Itapecuru Mirim","-0.1288915226393","-0.185717172136247"
"2236","Itapetinga","-0.125309480257247","-0.272592453853535"
"2237","Itapetininga","-0.120480000614434","0.11796246227077"
"2238","Itapeva","-0.119496055907251","-0.363395126398734"
"2239","Itapipoca","-0.12933342671897","-0.189811932386086"
"2240","Itauna","-0.11794826197982","-0.475835036431044"
"2241","Ithaca","-0.120910710545352","-0.21073366773912"
"2242","Itigi","-0.129556965305411","-0.778381064837842"
"2243","Itu","-0.0683477532257153","0.461196140706409"
"2244","Ituiutaba","-0.12184657185881","-0.116832044400634"
"2245","Itumbiara","-0.119295657655607","0.153461250723467"
"2246","Iturama","-0.127934567599852","-0.447556381257223"
"2247","Ivano-Frankivsk","-0.115931577741623","-0.421435556300957"
"2248","Ivanovo","-0.103190597617451","0.941845519092607"
"2249","Ivdel","-0.127811955656455","-0.52486865804133"
"2250","Iwaki","-0.104870061359192","-0.404602190105023"
"2251","Iwo","-0.125392391741361","-0.69112554728314"
"2252","Izamal","-0.128160556726601","-0.517555360645479"
"2253","Izaz","-0.128474008593359","-0.735670444958798"
"2254","Izhevsk","-0.0924648643078278","1.23280563504527"
"2255","Izmayil","-0.119321900614236","-0.446329527364175"
"2256","Izmir","-0.0281194517008723","1.66831871448796"
"2257","Jabalpur","-0.0619533324262785","-0.0558972215660069"
"2258","Jaboatao","-0.0699385884226472","0.493276681088314"
"2259","Jaboticabal","-0.120108484324582","-0.217869558694916"
"2260","Jacarezinho","-0.125341062022582","-0.472916687624181"
"2261","Jackson1","-0.0608158340399425","1.44849120335977"
"2262","Jackson2","-0.110932072642276","1.07969855851676"
"2263","Jacksonville1","0.0728230981633469","1.25960292928734"
"2264","Jacksonville2","-0.104326317594097","0.406247927358817"
"2265","Jaen","-0.124932576719472","-0.676255318889043"
"2266","Jaffna","-0.0782949037867814","-0.729574859834251"
"2267","Jaguaquara","-0.128069544750978","-0.620100057601905"
"2268","Jaguarao","-0.127442282244416","-0.332409307284492"
"2269","JaÌ©n","-0.124109752047321","0.196082976373524"
"2270","Jaipur","0.527211302169827","-0.339694123569077"
"2271","Jakarta","4.93523688131365","-0.347853833267053"
"2272","Jalal Abad","-0.0942728236299403","-0.53706663759225"
"2273","Jalalabad","-0.0200073053992254","-0.75301699391888"
"2274","Jalingo","-0.128250993023746","-0.662089440386661"
"2275","Jaltipan","-0.11826936631445","-0.202259507699742"
"2276","Jamaame","-0.126233618843184","-0.786625597928258"
"2277","Jamalpur","0.942940284210586","-0.764035401331213"
"2278","Jambi","-0.0939419513012785","-0.268316083626136"
"2279","Jamestown1","-0.119371452743629","-0.00786691572924896"
"2280","Jamestown2","-0.126479024224783","-0.0519867306746018"
"2281","Jammu","1.07237497467524","-0.562177455429572"
"2282","Jamshedpur","-0.00284737356667605","0.0505787266099163"
"2283","Janauba","-0.125109712748981","-0.448300965007925"
"2284","Janesville","-0.114727055466339","0.280220725736575"
"2285","Januaria","-0.127449549243452","-0.428728157708576"
"2286","Jaque","-0.130218361587298","-0.783846161894607"
"2287","Jaragua do Sul","-0.113956324980163","-0.140740135792326"
"2288","Jardim","-0.126518559432083","-0.424095709250494"
"2289","Jasper","-0.129629642255028","-0.65402209055741"
"2290","Jatai","-0.122003932962673","0.0296195454584843"
"2291","Jau","-0.114437125337894","-0.134030346281283"
"2292","Jawhar","-0.128227585865778","-0.784596885745573"
"2293","Jayapura","-0.127121870455956","-0.466176851398617"
"2294","Jeddah","-0.0207343716909912","6.36337277288466"
"2295","Jefferson City","-0.112699991096644","0.267474913726181"
"2296","Jeju","-0.116727846870125","0.836591341960816"
"2297","Jelgava","-0.123683775600145","-0.00156169525655161"
"2298","Jember","0.377687426434622","-0.691320968883935"
"2299","Jena","-0.118202544806445","-0.382179620289345"
"2300","Jeonju","-0.100527655264421","0.998858870366429"
"2301","Jequie","-0.125707960405611","0.195663480487712"
"2302","Jerusalem","-0.0666441564535262","1.78038828428733"
"2303","Jessore","0.931100882181887","-0.757948429705396"
"2304","Jhang","1.25523766988804","-0.727383127872243"
"2305","Jhansi","-0.00366296475200399","-0.462495689214113"
"2306","Ji-Parana","-0.117611300928699","0.0093675022593594"
"2307","Jiamusi","-0.0819219761058713","0.0558547666854526"
"2308","Jian","-0.0966626573088937","-0.302337886257552"
"2309","Jiangmen","0.543650960583919","0.13834661664866"
"2310","Jiaohe","-0.12174753655153","-0.638623460341498"
"2311","Jiaojing","0.0668718818115772","0.0787277584128861"
"2312","Jiaozuo","0.336684569691128","-0.566498606199382"
"2313","Jiaxing","0.481173027238815","-0.0794631964765898"
"2314","Jiayuguan","-0.123942499797743","-0.200571530031596"
"2315","Jieshou","2.1028055412147","-0.719721901961282"
"2316","Jiexiu","0.222231704120161","-0.570295687364604"
"2317","Jihlava","-0.125504350499781","-0.231994259687035"
"2318","Jijiga","-0.128035286117778","-0.708285143376472"
"2319","Jilin","-0.0176419319123527","-0.0437406768847911"
"2320","Jima","0.191716913733143","-0.782744906445036"
"2321","Jinan","7.94941118406127","-0.556760939993498"
"2322","Jinchang","-0.122605302972004","-0.285842390111982"
"2323","Jincheng","0.00718052488313284","-0.515825197475932"
"2324","Jingdezhen","-0.102951946606283","-0.347570566311029"
"2325","Jingmen","0.282667576058874","-0.722274435772013"
"2326","Jinhua","0.0513846641309062","-0.443749670559654"
"2327","Jining1","-0.111636799260182","-0.567651769506355"
"2328","Jining2","1.37581438635796","-0.571627908501365"
"2329","Jinja","-0.103664630340566","-0.745581617000737"
"2330","Jinshi","0.0180584322643456","-0.700532469078132"
"2331","Jinxi","-0.0785163163250372","-0.154117979692031"
"2332","Jinzhou","-0.0727623207540228","-0.0136812659650069"
"2333","Jipijapa","-0.126013518197315","-0.512572152718454"
"2334","Jiujiang","-0.0827951787749888","-0.178315171520369"
"2335","Jiutai","-0.109666747838165","-0.56471583447115"
"2336","Jixi","-0.0920644360248208","-0.461757904041929"
"2337","Jizan","-0.123231261489381","4.34212252339522"
"2338","Jizzax","-0.100152379887861","-0.400653652909862"
"2339","Joacaba","-0.124910685833399","-0.410968361871562"
"2340","Joao Pessoa","-0.0805886058397118","0.91291265622447"
"2341","Jodhpur","0.0101499270256803","-0.109522049784252"
"2342","Johannesburg","0.287432093160582","1.05179324610267"
"2343","John Day","-0.12996052367205","-0.70432146486764"
"2344","Johnson City","-0.103392948393738","0.309238603006108"
"2345","Johnstown","-0.111769956074943","-0.26677334246815"
"2346","Johor Bahru","-0.0634487571915688","2.25722145112333"
"2347","Joinville","-0.0898657662465099","0.635814863315722"
"2348","Joliet","9.97756494055135e-05","1.67751536825951"
"2349","Joliette","-0.119300959893812","0.741720931906884"
"2350","Jonesboro","-0.113855841936833","1.11513575227702"
"2351","Jonkoping","-0.110058009388462","0.00103008586865147"
"2352","Joplin","-0.109862128343442","0.449004080422593"
"2353","Jorhat","0.28525005773546","-0.706432048181491"
"2354","Jos","-0.0392574100787187","-0.701082885855305"
"2355","Juan Aldama","-0.129022827663688","-0.69077428381863"
"2356","Juan Jose Castelli","-0.127246122473575","-0.136739054378339"
"2357","Juanjui","-0.128461521388957","-0.645461747275847"
"2358","Juarez","-0.127797565176973","-0.230455807853035"
"2359","Juazeiro","-0.127245006746613","1.26845026051349"
"2360","Juazeiro do Norte","-0.11252630440486","-0.0906397593067633"
"2361","Juba","-0.124925225759002","-0.64670253074854"
"2362","Juchitan","-0.122364749235264","-0.201296254212243"
"2363","Juifang","-0.126218137251174","0.310752219654235"
"2364","Juigalpa","-0.125026025750671","-0.661176918878604"
"2365","Juina","-0.128484632124278","-0.786597205019882"
"2366","Juiz de Fora","-0.100170252820397","0.157949170409848"
"2367","Juliaca","-0.120192551489119","-0.566701705690112"
"2368","Jullundur","0.58752365765214","-0.528403640064396"
"2369","Jundiai","-0.0872302733362128","0.912456272152377"
"2370","Juneau","-0.125513398999423","-0.362913563994844"
"2371","Junin1","-0.12257064898603","0.579444653280342"
"2372","Junin2","-0.128917386347118","-0.772863831383132"
"2373","Jutiapa","-0.122497943787703","-0.711782711771073"
"2374","Juticalpa","-0.128295332397804","-0.629857840737283"
"2375","Jyvaskyla","-0.10847152244511","0.465464361218235"
"2376","Kaabong","-0.130216916801413","-0.786625597928258"
"2377","Kabale","-0.0294409914630659","-0.784410688537072"
"2378","Kabalo","-0.126696529288905","-0.786625597928258"
"2379","Kabinda","-0.127137235570601","-0.786625597928258"
"2380","Kabul","0.2504404514455","-0.607453511271855"
"2381","Kabwe","-0.1156396382566","-0.543191985263604"
"2382","Kachiry","-0.129499062152267","-0.623973467287454"
"2383","Kadoma","-0.125390268947619","-0.713168597712551"
"2384","Kadugli","-0.121745307711162","-0.749225017049202"
"2385","Kaduna","-0.0562170661134591","-0.310455002968348"
"2386","Kaedi","-0.12809743268196","-0.771605904018633"
"2387","Kaesong","-0.0804467979913009","-0.654876899211238"
"2388","Kafue","-0.129372048715422","-0.597759135068297"
"2389","Kaga Bandoro","-0.128680431752475","-0.786625597928258"
"2390","Kagoshima","-0.10281398622467","-0.0920369208086699"
"2391","Kahama","-0.122930791844833","-0.727240229043655"
"2392","Kahramanmaras","-0.115280375571197","0.123548620470485"
"2393","Kaiapoi","-0.128010216554339","-0.393110833787529"
"2394","Kaifeng","1.01705598179364","-0.648445776356244"
"2395","Kailu","-0.12898557853825","-0.774369300996508"
"2396","Kaka","-0.125841694778844","-0.12985799216054"
"2397","Kakamega","0.185501758835535","-0.782739736804322"
"2398","Kakinada","0.93955692546708","-0.692251526999352"
"2399","Kakonko","-0.126240210331485","-0.786593465519477"
"2400","Kaktovik","-0.130361671116481","-0.570570182653078"
"2401","Kalachinsk","-0.126600732131347","-0.490157925637928"
"2402","Kalamata","-0.118902325074696","-0.069513809238764"
"2403","Kalamazoo","-0.0803522222831591","0.234700017577444"
"2404","Kalemie","-0.126475599447796","-0.708088381361932"
"2405","Kalgoorlie","-0.123568524387289","-0.229149966058787"
"2406","Kalima","-0.130216716784965","-0.786622678143873"
"2407","Kaliningrad","-0.0962615307708435","0.894478171171102"
"2408","Kalispell","-0.121672391820684","-0.322452713982371"
"2409","Kalisz","-0.114832027892414","0.00572766771145855"
"2410","Kalmar","-0.120012326486812","0.109015104009273"
"2411","Kaluga","-0.109329754983732","0.809265774576641"
"2412","Kalyan","-0.0123107114057238","0.598203668586478"
"2413","Kambove","-0.129785578293193","-0.725796212038859"
"2414","Kamenka","-0.127495366612322","-0.627417311899132"
"2415","Kamenna Obi","-0.12700975217802","-0.636188861493758"
"2416","Kamensk Shakhtinskiy","-0.125248601280483","-0.144673746140017"
"2417","Kamensk Uralskiy","-0.107701847563031","-0.0439839673412634"
"2418","Kamina","-0.124530964721998","-0.770690069007798"
"2419","Kamloops","-0.116731196948291","-0.0419606932171482"
"2420","Kampala","-0.00940397843932196","-0.488773074495862"
"2421","Kampene","-0.129996084541372","-0.786625597928258"
"2422","Kampong Cham","-0.121343021489134","-0.71760706685503"
"2423","Kampot","-0.123039921140174","-0.768750939356557"
"2424","Kamsar","-0.125434012907688","-0.572690953111395"
"2425","Kamyanets-Podilskyy","-0.120133263321939","-0.407083177991671"
"2426","Kamyshin","-0.12371297356215","0.399379947579173"
"2427","Kanab","-0.129550447791153","-0.71909858812297"
"2428","Kananga","-0.0925750560510405","-0.785236198762352"
"2429","Kanash","-0.125000891169348","-0.243651484163061"
"2430","Kanazawa","-0.0875822526331551","0.0829998393162996"
"2431","Kanchipuram","0.907621265252328","-0.619797306391674"
"2432","Kandahar","-0.0542198385742708","-0.727059525185787"
"2433","Kandalaksha","-0.124185936685397","0.191235954483048"
"2434","Kandi","-0.127179464335852","-0.759651028606679"
"2435","Kandy","0.457367918863295","-0.758243492302381"
"2436","Kanggye","-0.115146328166589","-0.778712664432704"
"2437","Kaniama","-0.12999899236536","-0.786625597928258"
"2438","Kankakee","-0.115687678184604","0.739859022151112"
"2439","Kankan","-0.121728011656275","-0.781171488578069"
"2440","Kano","1.38458060205766","-0.726666859021504"
"2441","Kanoya","-0.124371029575128","-0.503982717096958"
"2442","Kanpur","11.3072719325897","-0.672786746324587"
"2443","Kansas City1","0.187835769928003","2.09960938339898"
"2444","Kansas City2","-0.035253817072483","2.04904391551364"
"2445","Kansk","-0.119755917799524","0.262683738834003"
"2446","Kanyato","-0.130217158859673","-0.786568827437252"
"2447","Kanye","-0.124607237784849","-0.736456688768712"
"2448","Kaohsiung","0.211190742233248","1.21548929096853"
"2449","Kaolack","-0.120775195330666","-0.622474520127364"
"2450","Kaoma","-0.130223642369143","-0.764986180928396"
"2451","Kapan","-0.128196786947155","-0.74618188108428"
"2452","Kapiri Mposhi","-0.12613978676484","-0.694056871295061"
"2453","Kapoeta","-0.128673575356633","-0.78092102757826"
"2454","Kaposvar","-0.121980728327109","-0.390818275903579"
"2455","Kapuskasing","-0.127536411505626","-0.20409233583889"
"2456","Kara Balta","-0.114271754014487","-0.614975763085676"
"2457","Karabuk","-0.117213190406538","0.0591373005453325"
"2458","Karachi","0.0538362437131107","1.85815647331788"
"2459","Karaj","-0.00135131463728608","0.717945552199314"
"2460","Karakol","-0.119274371347604","-0.729633725444302"
"2461","Karaman","-0.121402906865198","-0.183837032753535"
"2462","Karamay","-0.124982129464842","0.8161108493662"
"2463","Karasburg","-0.129654102025953","-0.72539617896063"
"2464","Karasuk","-0.126740720076622","-0.27253643528228"
"2465","Karbala","-0.117713741971547","2.16129809781736"
"2466","Karema","-0.128459958443596","-0.786625597928258"
"2467","Kargat","-0.129800507969631","-0.680533136763288"
"2468","Kariba","-0.130225422363161","-0.734129650081571"
"2469","Karimnagar","-0.0978621812248239","-0.492349276922433"
"2470","Karlovac","-0.122784960349946","-0.038536954811655"
"2471","Karlsruhe","-0.0764643594492486","-0.143972699027772"
"2472","Karlstad","-0.110971825964894","0.307489759830605"
"2473","Karluk","-0.130317954557454","-0.786620326463878"
"2474","Karnal","0.541757017813247","-0.473906299007573"
"2475","Karoi","-0.130013695742441","-0.77353523390498"
"2476","Karokh","-0.125492040578002","-0.785099216184934"
"2477","Karonga","-0.125204938198456","-0.753941994678908"
"2478","Karpinsk","-0.125936902301893","-0.493393298380585"
"2479","Karratha","-0.129194046802802","-0.439392146322443"
"2480","Kars","-0.123509704557337","-0.457459315116283"
"2481","Kartaly","-0.125072427726434","-0.480638457343203"
"2482","Karur","0.235310437760222","-0.693327814897188"
"2483","Kasaji","-0.128260339414191","-0.786625597928258"
"2484","Kasama","-0.127605605525799","-0.657939015434796"
"2485","Kasane","-0.129594007213909","-0.673756959240254"
"2486","Kasangulu","-0.125143904136813","-0.676678289127287"
"2487","Kashi","-0.0660406461568198","-0.484110579323258"
"2488","Kashmar","-0.118999613691245","-0.392201111063373"
"2489","Kasimov","-0.12723165405745","-0.626175145119454"
"2490","Kasongo","-0.130217158859508","-0.786625597928258"
"2491","Kasongo-Lunda","-0.12867861194392","-0.786625597928258"
"2492","Kaspiysk","-0.127174665623734","0.177298225123476"
"2493","Kassala","-0.116562204913931","-0.625326362965827"
"2494","Kassel","-0.0922259424836706","-0.263607220861245"
"2495","Kasulu","-0.116321227401355","-0.783954254031912"
"2496","Kasur","0.521719126206267","-0.636921113438"
"2497","Katanning","-0.129328579905907","-0.716178041037564"
"2498","Katerini","-0.125684111335986","0.0816849899416777"
"2499","Katherine","-0.12765010400424","-0.54911680703862"
"2500","Kathmandu","0.019696709346027","-0.702490454329532"
"2501","Kati","-0.127630223549762","-0.578024491574963"
"2502","Katima Mulilo","-0.128979803306362","-0.629996911344214"
"2503","Katoomba","-0.123968797669841","-0.672373148259253"
"2504","Katowice","0.0141586614230176","0.872951769815782"
"2505","Katsina","0.445091772617972","-0.773692524755955"
"2506","Kattaqorgon","-0.0749981844354561","-0.601446152180042"
"2507","Katwe","-0.13021650893212","-0.786551859097758"
"2508","Kaunas","-0.100142658781028","0.322906533886977"
"2509","Kavala","-0.126739199235816","0.235400635757297"
"2510","Kavalerovo","-0.127088677261041","-0.747035097326578"
"2511","Kavieng","-0.128890410206534","-0.691524100544594"
"2512","Kawagoe","0.20991127062283","0.652158388712468"
"2513","Kawambwa","-0.12672958699472","-0.775622325127526"
"2514","Kawasaki","-0.0156826038948609","2.69373531563839"
"2515","Kaya","-0.128712386761142","-0.731596155507682"
"2516","Kayes1","-0.126685892260437","-0.703256977972421"
"2517","Kayes2","-0.124861879258832","-0.637115934533437"
"2518","Kayseri","-0.0856434192221718","0.374195524942257"
"2519","Kazan","-0.0696010179678222","5.63652657787551"
"2520","Kearney","-0.123352419018173","0.256519465547479"
"2521","Kecskemet","-0.119475157786659","-0.153764882541517"
"2522","Kediri","1.18613605077292","-0.688314099153314"
"2523","Kedougou","-0.128492744504416","-0.768138724144059"
"2524","Keelung","-0.100283303518011","0.904568376915388"
"2525","Keetmanshoop","-0.12885045942758","-0.635197073278443"
"2526","Keffi","-0.118190273914079","-0.724767353340996"
"2527","Keflavik","-0.128868841020242","0.442161665013907"
"2528","Kelang","0.00320680150867873","2.56197654773331"
"2529","Kelo","-0.128471850490151","-0.785040501706533"
"2530","Keluang","-0.118938754579685","0.0471646820766316"
"2531","Kemerovo","-0.10023547520776","1.68080751020511"
"2532","Kemi","-0.123638972954919","0.633745779211431"
"2533","Kempsey","-0.126443849389909","-0.643580095906431"
"2534","Kenai","-0.128460065423806","-0.0611758352359372"
"2535","Kendari","-0.113881528900055","-0.487696411282177"
"2536","Kendu Bay","-0.10676225179956","-0.784921817954914"
"2537","Kenema","-0.124518250401722","-0.76767836574521"
"2538","Kenge","-0.13021727558701","-0.786625597928258"
"2539","Kenitra","-0.107483719850072","0.657453387600029"
"2540","Kennewick","-0.108377524609994","0.41943142198872"
"2541","Kenora","-0.127269304073196","-0.083248095961692"
"2542","Kentau","-0.126239458704828","-0.736710793683287"
"2543","Kerch","-0.122924838984554","-0.407799795349985"
"2544","Kericho","-0.127118766461784","-0.768843738880991"
"2545","Kerkira","-0.122726236235373","-0.2274260009624"
"2546","Kerman","-0.11126475385821","0.468548814096451"
"2547","Kermanshah","-0.107870429276625","0.418535382208078"
"2548","Kerouane","-0.128690115642759","-0.782043111717024"
"2549","Keshan","-0.122536350882614","-0.708993600295903"
"2550","Ketchikan","-0.12827959511125","-0.488081935722024"
"2551","Khabarovsk","-0.0767735178111906","0.960453635980922"
"2552","Khammam","-0.0904486841936654","-0.585227424664658"
"2553","Khammouan","-0.117753856161842","-0.413705250827204"
"2554","Khanty Mansiysk","-0.124692885947983","3.68125059218518"
"2555","Kharkiv","-0.0514105126348782","0.202426200256742"
"2556","Khartoum","0.0325416202132063","0.353158621240204"
"2557","Khaskovo","-0.12596679888538","-0.239800014369699"
"2558","Kherson","-0.111167825110344","-0.293464047009174"
"2559","Khilok","-0.128348194221635","-0.723385386769309"
"2560","Khiwa","-0.102555302213376","-0.717416770996399"
"2561","Khmelnytskyy","-0.116076825587782","-0.389689926335866"
"2562","Kholmsk","-0.126944774046735","-0.332193339821806"
"2563","Khomeini Shahr","-0.077471756370985","0.115408684556081"
"2564","Khon Kaen","-0.0875206308886729","-0.0778046864642266"
"2565","Khoramabad","-0.115240473660178","-0.0921115550460233"
"2566","Khorugh","-0.127967595779092","-0.765169739867543"
"2567","Khromtau","-0.12787088397166","-0.292472870022527"
"2568","Khujand","-0.0912083156681711","-0.582594466029192"
"2569","Khujayli","-0.120741069175523","-0.68827580621343"
"2570","Khulna","1.95619166131269","-0.762188831270346"
"2571","Khvoy","-0.120523129243519","-0.364634269205002"
"2572","Kibiti","-0.130218465560336","-0.779978570610024"
"2573","Kiel","-0.0974979253635028","-0.255718381972975"
"2574","Kielce","-0.0966394955074243","0.148450205083774"
"2575","Kieta","-0.129777769778562","-0.786280286843257"
"2576","Kiev","-0.074197800453836","1.16945231977447"
"2577","Kiffa","-0.127890624505857","-0.774748991955735"
"2578","Kigali","2.13924654008802","-0.774759535650257"
"2579","Kikwit","-0.12294281549063","-0.78637117927309"
"2580","Kilchu","-0.122370167977846","-0.785018343326905"
"2581","Kilifi","-0.10636475587536","-0.767079846880364"
"2582","Kilindoni","-0.128245567820855","-0.778191085987061"
"2583","Kilinochchi","-0.0325530413489956","-0.778703047634287"
"2584","Kilis","-0.126160333760586","0.0419034830620846"
"2585","Kilkenny","-0.126918108772218","-0.164598942851422"
"2586","Killarney","-0.127968266780145","-0.406865108760231"
"2587","Killeen","-0.10401049812963","0.750012366744463"
"2588","Kilosa","-0.12054881202401","-0.783583329881237"
"2589","Kilowna","-0.103130466745403","0.146062767353257"
"2590","Kimberley","-0.114283255164842","-0.128768761227577"
"2591","Kimchaek","-0.118965322548771","-0.769788390106529"
"2592","Kimhyonggwon","-0.129258818220251","-0.786625597928258"
"2593","Kimmirut","-0.129927544313406","-0.687778952369531"
"2594","Kimpese","-0.12867572268171","-0.644021049135485"
"2595","Kimry","-0.12396767764349","-0.247777856730676"
"2596","Kindersley","-0.128909016173936","-0.466865545257782"
"2597","Kindia","-0.127604193802746","-0.741493572223764"
"2598","Kindu","-0.122261263918104","-0.763199723062363"
"2599","Kineshma","-0.115894236145192","-0.349160876072017"
"2600","King Salmon","-0.130205523645075","-0.72045535491624"
"2601","Kingaroy","-0.126071144386843","-0.662997629677492"
"2602","Kingman","-0.117366030050327","-0.346219300575771"
"2603","Kingsport","-0.110613255512955","0.425502445371794"
"2604","Kingston South East","-0.13025983232998","-0.767482989718483"
"2605","Kingston upon Hull","-0.0992981800658545","0.671990936025781"
"2606","Kingston1","-0.099466394503176","0.69351699423518"
"2607","Kingston2","-0.105392125215191","0.174963374505022"
"2608","Kingston3","-0.126528847483115","-0.62015602255661"
"2609","Kingstown","-0.125909706796963","-0.616723995032513"
"2610","Kingsville","-0.124927039249852","0.427238763721262"
"2611","Kinshasa","-0.0380830244572003","0.465567390780374"
"2612","Kipushi","-0.127836873994651","-0.666348642594807"
"2613","Kirensk","-0.1301996001892","-0.476335257394273"
"2614","Kirikkale","-0.118651062879021","-0.0962272043036733"
"2615","Kirkenes","-0.130205001289382","0.898840070518779"
"2616","Kirksville","-0.125848848433128","-0.1657200434616"
"2617","Kirkuk","-0.105085153548306","2.35662739235987"
"2618","Kirkwall","-0.129055919631948","-0.524180350221322"
"2619","Kirov1","-0.127425616724906","-0.483465615122127"
"2620","Kirov2","-0.104133832022539","0.742956771933684"
"2621","Kirovo-Chepetsk","-0.125424547622257","-0.147976268249672"
"2622","Kirovohrad","-0.114340355627673","-0.467422471084103"
"2623","Kirovsk","-0.12907383617829","1.27674015119443"
"2624","Kirs","-0.127930738825309","-0.712641198520218"
"2625","Kirsanov","-0.128136579529722","-0.650498796942205"
"2626","Kiruna","-0.1258806343993","1.06799676796453"
"2627","Kisangani","-0.0928231013043674","-0.707923719575771"
"2628","Kiselevsk","-0.122072663712513","-0.157419815509848"
"2629","Kisii","0.143335201226324","-0.782909782027189"
"2630","Kislovodsk","-0.12129387215076","-0.414011980385431"
"2631","Kismaayo","-0.127118763678144","-0.758488015939504"
"2632","Kissidougou","-0.124319694293432","-0.784606325609376"
"2633","Kissimmee","-0.0760657041757173","1.47151543665094"
"2634","Kisumu","-0.0996810348653036","-0.723390989698766"
"2635","Kita","-0.127417714053464","-0.696383336285119"
"2636","Kitakyushu","0.0158509609584012","-0.0673612119964722"
"2637","Kitale","-0.12114583805063","-0.775626154689597"
"2638","Kitami","-0.117420264560849","-0.177232546146344"
"2639","Kitchener","-0.0710900546136913","1.20607113650634"
"2640","Kitgum","-0.129112282928501","-0.785415838834362"
"2641","Kitwe","-0.111438199801463","-0.231299003162171"
"2642","Kizel","-0.123658448389174","-0.611304208986899"
"2643","Klagenfurt","-0.115592727988837","-0.505707261252083"
"2644","Klaipeda","-0.118232497492877","0.976361194487753"
"2645","Klamath Falls","-0.1187312378534","-0.492745374545904"
"2646","Klerksdorp","-0.114009634608867","-0.402799687486456"
"2647","Klin","-0.125609207935652","0.634561522847058"
"2648","Klintsy","-0.12354934829667","-0.538060259493569"
"2649","Klyuchi","-0.129570802659903","-0.577076057701834"
"2650","Knoxville","-0.0185338951989352","0.934606341215234"
"2651","Knysna","-0.129332945426391","-0.522291803763599"
"2652","Kobe","0.0457325227747998","0.396533895328089"
"2653","Koblenz","-0.0783998732123873","-0.309930161285442"
"2654","Kocaeli","-0.098244111668436","1.26576823201162"
"2655","Kochi","-0.104148403102107","-0.264561509661614"
"2656","Kodiak","-0.128176025032013","-0.511009594883654"
"2657","Koforidua","-0.123616146218906","-0.482879050067064"
"2658","Kofu","-0.0762546272232275","-0.313448822430742"
"2659","Kogon","-0.115393505464776","-0.518719869214394"
"2660","Kohat","-0.093955769569176","-0.678249940328937"
"2661","Kohtla-Jarve","-0.125772822683303","-0.162213435316699"
"2662","Koidu","-0.129999895620377","-0.786298272473007"
"2663","Koko","-0.126965704098649","-0.782295678506827"
"2664","Kokomo","-0.115541144597166","0.440820221830574"
"2665","Kokshetau","-0.124433386572867","0.293469074945144"
"2666","Kolar","-0.111462392393771","-0.534150047408221"
"2667","Kolda","-0.125689431211245","-0.687680372981026"
"2668","Kolhapur","-0.013291597506269","-0.61968645953657"
"2669","Koln","0.0854709925676076","0.175315699577222"
"2670","Kolomna","-0.119063690506727","0.3664838351346"
"2671","Kolpino","-0.105878302495256","2.74713980128348"
"2672","Kolwezi","-0.119997337386953","-0.625616353437199"
"2673","Kom Ombo","-0.110247371162717","0.255334153757228"
"2674","Komatipoort","-0.130237438123666","-0.631706710948138"
"2675","Kompong Chhnang","-0.124162979435597","-0.77342097435648"
"2676","Komsomolets","-0.129249880324421","-0.675658824048953"
"2677","Komsomolsk na Amure","-0.100692236071158","0.634671758473492"
"2678","Kon Tum","-0.117351208292474","-0.592088498632682"
"2679","Kondopoga","-0.127935302074561","0.0678218948194598"
"2680","Kondoz","-0.0805302479209297","-0.706539318812722"
"2681","Koneurgench","-0.124841798739366","-0.196344615709754"
"2682","Kongolo","-0.126692322592608","-0.786625597928258"
"2683","Konibodom","-0.0952432820955503","-0.697522264398113"
"2684","Konotop","-0.117866085208354","-0.541870444543568"
"2685","Kontagora","-0.126518639154459","-0.693200336188329"
"2686","Kontcha","-0.129999403565805","-0.786625597928258"
"2687","Konya","-0.0818021084970656","0.465883771317574"
"2688","Korhogo","-0.120175652967318","0.185377767356156"
"2689","Koriyama","-0.105530934952682","-0.221527923122436"
"2690","Korla","-0.121970364635753","-0.0296465587726889"
"2691","Korosten","-0.123412932079868","-0.55176329849126"
"2692","Korsakov","-0.12508245097622","-0.207223156309392"
"2693","Kos","-0.128837469724017","-0.15067807053511"
"2694","Kosice","-0.114990021769962","0.10779890908633"
"2695","Kosti","-0.121812999953462","-0.631484556135602"
"2696","Kostroma","-0.111613485622824","1.10059185565177"
"2697","Koszalin","-0.121818049859183","0.303767141329782"
"2698","Kota","-0.0856760576294383","0.211037790236622"
"2699","Kota Baharu","-0.0666222538843177","-0.0344951248197979"
"2700","Kota Kinabalu","-0.0835534595390523","0.145133613991448"
"2701","Kotabumi","1.02103009884938","-0.731800295159477"
"2702","Kotelnich","-0.12597710624598","-0.538037912115603"
"2703","Kotlas","-0.12441786527472","0.0497741352166508"
"2704","Kotlit","-0.130133487951366","-0.7322583788762"
"2705","Kotovsk","-0.127319602732905","-0.570855487037996"
"2706","Kotte","0.605473620304504","-0.648854409529065"
"2707","Kotzebue","-0.129735310611296","-0.0525339626287116"
"2708","Koudougou","-0.121350774672436","-0.670458887304234"
"2709","Koulamoutou","-0.1284467157709","-0.748484309775052"
"2710","Koulikoro","-0.129790248137319","-0.735354841861575"
"2711","Kourou","-0.128454208398235","-0.298891972047051"
"2712","Koutiala","-0.124598972539125","-0.6661356669356"
"2713","Kovel","-0.1217758420891","-0.612955877527506"
"2714","Kovrov","-0.121159748752369","-0.00417114839657074"
"2715","Kozhikode","1.17519774151931","-0.765795651427693"
"2716","Kpalime","-0.12164933623827","-0.757890298642078"
"2717","Kragujevac","-0.116502972678928","0.264043197178073"
"2718","Krakow","-0.00915319907331518","0.373782548828899"
"2719","Kramatorsk","-0.110436194610431","-0.504974044209944"
"2720","Krasnoarmeysk","-0.12819283788588","-0.66996337387408"
"2721","Krasnodar","-0.0923543197044656","2.11652853607463"
"2722","Krasnogorsk","-0.128809970681524","-0.668193555904285"
"2723","Krasnokamensk","-0.127576608947439","-0.438298883424933"
"2724","Krasnokamsk","-0.125358151771335","-0.146617968023077"
"2725","Krasnoufimsk","-0.123310282352988","-0.576937083604694"
"2726","Krasnouralsk","-0.125513101277739","-0.237510501905779"
"2727","Krasnoyarsk","-0.115952164443774","2.58493369599734"
"2728","Kremenchuk","-0.11832050454042","-0.0750940052781373"
"2729","Kribi","-0.129111855178614","-0.721339465014545"
"2730","Krishnanagar","1.85855319663365","-0.697749480612952"
"2731","Kristiansand","-0.122421871502553","0.464764858262629"
"2732","Kristianstad","-0.122575445315451","-0.0170895628041576"
"2733","Krong Koh Kong","-0.128052354648363","-0.757750228086493"
"2734","Kroonstad","-0.118447521292923","-0.505721802060395"
"2735","Kropotkin","-0.125122535279544","-0.355218345191294"
"2736","Kryvyy Rih","-0.0809863635583932","-0.0510393905790896"
"2737","Ksar El Kebir","-0.125704462313275","0.080119815619249"
"2738","Kuala Lumpur","0.309725750143104","2.35589923672004"
"2739","Kuala Terengganu","-0.0965041833263986","0.104251123431167"
"2740","Kualakapuas","-0.129774899193335","-0.779313417097057"
"2741","Kuantan","-0.118956494545589","0.805461830493043"
"2742","Kuching","-0.105442907889352","0.4990596334725"
"2743","Kudymkar","-0.127446667100163","-0.594574054649375"
"2744","Kuga","-0.122794441231519","-0.521663911071932"
"2745","Kuito","-0.124166559693386","-0.663592751933907"
"2746","Kulob","-0.119735767010528","-0.562541704822449"
"2747","Kulunda","-0.12799653976355","-0.62235156665531"
"2748","Kumamoto","-0.069391092353651","-0.0143956099816085"
"2749","Kumasi","-0.0684553127096746","-0.0669511526234282"
"2750","Kumba","-0.109262936369319","-0.758331337657611"
"2751","Kumbakonam","0.729879307479912","-0.674864730776145"
"2752","Kumbo","-0.0728015889875046","-0.786588785116691"
"2753","Kumertau","-0.127467011084442","-0.291916930740723"
"2754","Kumo","-0.130001843830128","-0.754281912881476"
"2755","Kundian","0.129666626546819","-0.746039373656506"
"2756","Kungur","-0.123342536844232","-0.0998952197101607"
"2757","Kunming","-0.0243039066833783","0.357070141569369"
"2758","Kununurra","-0.128945750992555","-0.631090624620743"
"2759","Kuopio","-0.117595048005266","0.812166901747702"
"2760","Kupang","-0.0994999465475152","-0.627079860057856"
"2761","Kupina","-0.128356640182515","-0.569478206552763"
"2762","Kupyansk","-0.119330624670104","-0.64291423197418"
"2763","Kure","-0.115005537470258","-0.351626165032877"
"2764","Kurgan","-0.0962485317736106","0.619518949415211"
"2765","Kurnool","-0.101030441398099","-0.498108766704414"
"2766","Kursk","-0.0994755537854101","-0.10033770637254"
"2767","Kurtamysh","-0.127229450110049","-0.641819028157566"
"2768","Kuruman","-0.128468775165978","-0.680467177683696"
"2769","Kushiro","-0.11089616466288","0.0273462037459952"
"2770","Kuta","-0.0886491820213118","-0.0687408301632767"
"2771","Kutahya","-0.119096133456485","-0.130881424863561"
"2772","Kutaisi","-0.100936462896265","-0.369666589891664"
"2773","Kuujjuaq","-0.12984757797415","-0.349706220723576"
"2774","Kuujjuarapik","-0.130056268422471","-0.497636962512592"
"2775","Kuwait","-0.0357456242560239","7.93383085617495"
"2776","Kuybyshevskiy","-0.127633160961403","-0.723514784950652"
"2777","Kuznetsk","-0.123338468404082","-0.590479380186015"
"2778","Kwekwe","-0.124778785131277","-0.685422783810871"
"2779","Kwinana","-0.122733466392075","0.942920766829377"
"2780","Kyakhta","-0.126595323222496","-0.690642312042896"
"2781","Kyaukphyu","-0.128765882797181","-0.7178251682564"
"2782","Kyoto","-0.00468152416210987","0.629419910185234"
"2783","Kyshtym","-0.124525779845361","-0.275035052290509"
"2784","Kyustendil","-0.127473296914544","-0.57591159202616"
"2785","Kyzyl","-0.117855776403369","-0.510038427593401"
"2786","L'Aquila","-0.122870534135364","-0.024704828608609"
"2787","La Barca","-0.127735301682596","-0.611499319611705"
"2788","La Ceiba","-0.126387913452149","0.412379515996569"
"2789","La Coruna","-0.0969149253030338","0.84037675616479"
"2790","La Crosse","-0.112131108538602","0.0591528278981622"
"2791","La Cruz1","-0.129568734947046","-0.68784597305681"
"2792","La Cruz2","-0.12901880901201","-0.410875283541069"
"2793","La Grande","-0.12667883042727","-0.496697686346174"
"2794","La Grange","-0.119450050991491","0.108975041723245"
"2795","La Libertad","-0.12916531784252","-0.60165274746982"
"2796","La Ligua","-0.12856338851033","-0.375204235837099"
"2797","La Paloma","-0.129706600201932","-0.319635743347913"
"2798","La Paz1","-0.121128733806197","1.0833885781553"
"2799","La Paz2","-0.129325650979418","-0.159443218313687"
"2800","La Paz3","-0.0837137007609217","0.224866828126401"
"2801","La Plata","-0.0413248722580693","3.20048222795161"
"2802","La Rioja","-0.118254641693666","1.23198877618541"
"2803","La Rochelle","-0.115313609843879","0.343411046695909"
"2804","La Romana","-0.121819609423045","0.181982853207848"
"2805","La Ronge","-0.128266627692429","-0.418417373478324"
"2806","La Sarre","-0.12838173363322","-0.139448620340191"
"2807","La Scie","-0.129863918478556","-0.735441373611334"
"2808","La Serena","-0.122356766302938","0.921776458454724"
"2809","La Union","-0.127552579017504","-0.520131099698974"
"2810","La Vega","-0.110772421978198","-0.416702415962307"
"2811","La Victoria","-0.129822372194553","-0.713307046367504"
"2812","Laayoune","-0.124909243924747","1.12653660385842"
"2813","Labe","-0.121971715220316","-0.773766766252081"
"2814","Labinsk","-0.121878683867786","-0.549684520514765"
"2815","Labrador City","-0.128958339006477","0.175547237285979"
"2816","Labutta","-0.130225042008595","-0.78515041764429"
"2817","Lac La Biche","-0.12953618376206","-0.200405447406865"
"2818","Ladysmith","-0.123029820836227","-0.510016487701213"
"2819","Lae","-0.115491371897459","-0.510248604468707"
"2820","Lafayette1","-0.0853435893528941","2.49959879630985"
"2821","Lafayette2","-0.105364034346307","0.816150825865748"
"2822","Lafia","-0.11007589625906","-0.754544387339479"
"2823","Laghouat","-0.125083455493387","1.02236573839248"
"2824","Lagos","0.219801078748039","-0.134180729980226"
"2825","Lagos de Moreno","-0.119703337053546","-0.507678377196534"
"2826","Laguna","-0.127316276229793","0.0194769241750952"
"2827","Lahad Datu","-0.124044968192241","-0.324071247495186"
"2828","Lahat","-0.126684141265997","-0.604010781884413"
"2829","Lahij","-0.120300255066556","-0.562746434256293"
"2830","Lahore","6.2770453167912","-0.644320433226386"
"2831","Lahti","-0.107669559259816","0.747018933321231"
"2832","Laiwu","0.404260162654231","-0.589944351358642"
"2833","Laiyang","-0.0574234407433694","-0.577696358290047"
"2834","Lajes","-0.116305137303006","-0.123915305351124"
"2835","Lake Charles","-0.10798650281938","2.0258203144436"
"2836","Lake City","-0.120458429193448","-0.100618699986852"
"2837","Lake Havasu City","-0.111754433739481","-0.324685864729116"
"2838","Lake Louise","-0.129603109970349","-0.748711327608658"
"2839","Lakeville","-0.0602817078612488","1.13157278493667"
"2840","Lalitpur","-0.0411267817653004","-0.718497900468683"
"2841","Lamar","-0.128162051439921","-0.567523261359739"
"2842","Lamas","-0.129338173328537","-0.708509056811843"
"2843","Lambarene","-0.125127639619856","-0.740794197947873"
"2844","Lampang","-0.106036779591217","-0.423038305101505"
"2845","Lamu","-0.130216678745905","-0.760182931589197"
"2846","Lancaster1","-0.0843584851352483","0.703718207684213"
"2847","Lancaster2","-0.11828858731315","0.060742537153796"
"2848","Lancaster3","-0.0803638514055239","0.482986078127417"
"2849","Lander","-0.127988664220798","-0.668002412904165"
"2850","Langfang","-0.0441227010014509","0.0122645974658732"
"2851","Langzhong","1.29621541511361","-0.751967399020373"
"2852","Lankaran","-0.123500704402567","-0.522258518609469"
"2853","Lansdowne House","-0.130301083801304","-0.785856545259735"
"2854","Lansing","-0.0674617310659396","1.04886260838259"
"2855","Lanxi","-0.11995831889202","-0.691004717026459"
"2856","Lanzhou","-0.0671947223812621","0.0890863042657225"
"2857","Lao Chi","-0.126340928656402","-0.640834799875776"
"2858","Laoag","-0.0872707433490516","-0.716166819093686"
"2859","Lapa","-0.127840612918692","-0.462494917135795"
"2860","Lappeenranta","-0.117888263540541","1.02800499842314"
"2861","Larache","-0.126622928782925","0.458068108296498"
"2862","Laramie","-0.125589809043215","-0.499956693263992"
"2863","Laredo","-0.0977305350789012","3.08709171793756"
"2864","Larissa","-0.118100988665742","0.0986332242339519"
"2865","Larkana","0.739808255930908","-0.714388518985708"
"2866","Las Cruces","-0.104534018715596","0.027673136020197"
"2867","Las Heras","-0.111064082585179","0.775620317231747"
"2868","Las Lajas","-0.129915735245254","-0.614308430059959"
"2869","Las Lomitas","-0.128422957884021","-0.293020144869881"
"2870","Las Palmas","-0.11790924837688","1.8524729474637"
"2871","Las Tablas","-0.128902725645633","-0.572066084393138"
"2872","Las Tunas","-0.122779557437895","-0.198747709472819"
"2873","Las Vegas1","-0.126100224281768","-0.546177183184787"
"2874","Las Vegas2","0.0907458090155617","4.7650340836864"
"2875","Lascano","-0.129513297111583","-0.469723693402505"
"2876","Latacunga","-0.1220305122104","-0.583757194528653"
"2877","Latur","-0.0999549844651788","-0.626014113173716"
"2878","Launceston","-0.113418026361716","-0.40292853877899"
"2879","Laurel","-0.121367776196039","0.477921587510861"
"2880","Lausanne","-0.111275454925405","0.035498750272915"
"2881","Lautoka","-0.124736946713056","-0.654082934618149"
"2882","Lavras","-0.120933921180189","-0.270279693253612"
"2883","Lavrentiya","-0.130345304083506","-0.63037367483982"
"2884","Lawrence","-0.114004883824648","0.418000246147611"
"2885","Lawton","-0.110686487765445","0.712492963548517"
"2886","Lazaro Cardenas","-0.1133672676427","0.264927398424513"
"2887","Le Havre","-0.0962639377176315","1.52281334950011"
"2888","Le Mans","-0.111937325091791","0.628697330666584"
"2889","Lead","-0.12932291524027","-0.614500677561005"
"2890","Lebowakgomo","-0.13003320464635","-0.734057482205509"
"2891","Lebu","-0.128852229619474","-0.400254145273821"
"2892","Lecce","-0.108903806566844","1.02491634200742"
"2893","Leeds","-0.0546916119035965","1.52848829670633"
"2894","Leesburg","-0.114883957143264","0.183980391388052"
"2895","Leeton","-0.128973599799902","-0.381786889785202"
"2896","Leeuwarden","-0.120012694135645","-0.153657006043273"
"2897","Legazpi","-0.1039195441157","-0.71144292760988"
"2898","Legnica","-0.1177184853864","0.139096562054341"
"2899","Leicester","-0.0788478953860437","0.456137740929913"
"2900","Leipzig","-0.0756648477846075","0.15279014309264"
"2901","Lemosos","-0.113626653388003","0.565768057965019"
"2902","Lenger","-0.123511030900012","-0.697729235003739"
"2903","Leninogorsk","-0.124100977619958","-0.20440730089917"
"2904","Leninsk Kuznetsky","-0.1190754422214","-0.0965666614039121"
"2905","Lensk","-0.12759710169638","-0.258601837129213"
"2906","Leon1","-0.12395135832503","-0.331450729160138"
"2907","Leon2","-0.0886731613315642","0.628588896556217"
"2908","Leon3","-0.114868617507158","0.28155153139642"
"2909","Leonara","-0.129854721704254","-0.68569876963943"
"2910","Leopoldina","-0.127344732184483","-0.294704562399118"
"2911","Lerwick","-0.128880510695609","-0.330144201074052"
"2912","Les Cayes","-0.0883521598822382","-0.778173633800094"
"2913","Leshan","1.0677875310613","-0.714936737484338"
"2914","Lesosibirsk","-0.127262230454168","0.197702196178176"
"2915","Lesozavodsk","-0.121063637996865","-0.6501669104988"
"2916","Lethbridge","-0.121206510611009","0.497626055609956"
"2917","Lethem","-0.130216882828943","-0.723788223993094"
"2918","Leticia","-0.126465411148676","-0.413930440336461"
"2919","Letpadan","-0.106380117094822","-0.777516118634857"
"2920","Levin","-0.127566452286354","-0.593607798635085"
"2921","Lewiston1","-0.116842546888035","0.0476777710118149"
"2922","Lewiston2","-0.115530466215405","-0.223006753353033"
"2923","Lexington","-0.0794549184903908","1.41290628528144"
"2924","Lgov","-0.128916488397712","-0.711918774489558"
"2925","Lhasa","-0.117705858452595","-0.47464633607485"
"2926","Lhokseumawe","-0.109060752673116","0.578531198844316"
"2927","Lianxian","-0.11090194229812","-0.585476763067955"
"2928","Lianyungang","1.34160641003302","-0.635341805793034"
"2929","Liaocheng","1.17309744073974","-0.6369966591567"
"2930","Liaoyang","-0.0208122588807486","0.155901618711968"
"2931","Liaoyuan","-0.0908157968834309","-0.284951025694485"
"2932","Libenge","-0.129554448332342","-0.786625597928258"
"2933","Liberec","-0.11802066300892","-0.151902029134469"
"2934","Liberia","-0.127174207126035","-0.154056556572554"
"2935","Libertador General San Martin","-0.127800368289347","0.0168720177184965"
"2936","Libreville","-0.102558183916778","-0.343869137070691"
"2937","Lichinga","-0.119878673179851","-0.712941006181863"
"2938","Lida","-0.124386890080304","-0.495126206717483"
"2939","Liege","0.00483459237449426","0.22115990855136"
"2940","Liepaga","-0.121815273485114","-0.0452517199385232"
"2941","Lihue","-0.126737333224268","-0.592491201815092"
"2942","Lijiang","-0.129051630460357","-0.667756945615766"
"2943","Likasi","-0.118050489294976","-0.566616691288713"
"2944","Lille","0.0099494481739085","1.31189253384203"
"2945","Lillehammer","-0.124068230756104","-0.0114349469936296"
"2946","Lillooet","-0.129166224883653","-0.690742392694795"
"2947","Lilongwe","0.281216727294284","-0.734892372311077"
"2948","Lima1","-0.108013047213291","0.63059724383287"
"2949","Lima2","0.074830180452553","1.10244878979172"
"2950","Limbe","-0.123153334619591","-0.687063407342214"
"2951","Limeira","-0.111602520828572","0.739250109718084"
"2952","Limerick","-0.116767944700201","0.402318563441868"
"2953","Limoges","-0.101721513178226","0.593408890662146"
"2954","Linares1","-0.124851867124275","0.0116586875596319"
"2955","Linares2","-0.126412209387531","0.343575585164007"
"2956","Linares3","-0.127419097420796","-0.372650501015651"
"2957","Linchuan","-0.112409799780042","-0.341829091689788"
"2958","Lincoln1","-0.0856296954343864","1.17289355862183"
"2959","Lincoln2","-0.126973067232931","0.248670688945236"
"2960","Linden","-0.126696275950201","-0.656044667666382"
"2961","Lindi","-0.128693805474172","-0.750049765584371"
"2962","Linfen","0.133799350171176","-0.557715829299224"
"2963","Linhai","-0.110613647974513","-0.154292426498535"
"2964","Linhares","-0.121866533926913","0.785217422290612"
"2965","Linjiang","-0.12529442373718","-0.75460763342165"
"2966","Linkoping","-0.104456229039871","0.51285821716198"
"2967","Linkou","-0.124167841391194","-0.73301084962138"
"2968","Linqing","0.76422710600331","-0.691949612207299"
"2969","Linxi","-0.130276307144245","-0.752926194291755"
"2970","Linxia","-0.067356936897822","-0.724780451864118"
"2971","Linyi","4.96671033635064","-0.56797106678386"
"2972","Linz","-0.0765441969128583","-0.0558895865693121"
"2973","Lipetsk","-0.094796238619975","1.06674531479842"
"2974","Lira","-0.0932910814049238","-0.782460820831316"
"2975","Lisala","-0.124467603810207","-0.786625597928258"
"2976","Lisbon","0.00099528511953812","3.36630337549301"
"2977","Lisburn","-0.127197796118638","-0.328974030597476"
"2978","Lishui","-0.123022790029937","0.350893343456803"
"2979","Lismore","-0.123825524199735","-0.541866241006062"
"2980","Lithgow","-0.126916865500542","-0.660385688729557"
"2981","Little Current","-0.129818412061093","-0.62383532960849"
"2982","Little Rock","-0.0599594514664738","1.57261892074813"
"2983","LÌùderitz","-0.129247961565046","-0.436465647800007"
"2984","Liuhe","-0.123189780410502","-0.623558400128655"
"2985","Liuzhou","-0.0756690909284058","0.668778918652227"
"2986","Liverpool1","-0.129317014074332","-0.622287527048201"
"2987","Liverpool2","0.00981952688804549","1.06234463996191"
"2988","Livingston","-0.129798483307672","-0.756896722314826"
"2989","Livingstone","-0.121791672449737","-0.476358612763376"
"2990","Livny","-0.124450036396904","-0.56126348627467"
"2991","Livorno","-0.113672688227564","1.17095924507717"
"2992","Ljubljana","-0.0928883032531798","-0.0558215578908994"
"2993","Lobamba","-0.12586836036713","-0.57371597286429"
"2994","Lobatse","-0.124818850811511","-0.669649888630575"
"2995","Lobito","-0.126544851644967","0.783627284102586"
"2996","Lobos","-0.12662263619943","0.12312140380149"
"2997","Lodwar","-0.124472073254527","-0.778071792514739"
"2998","Lodz","-0.0511719635973427","0.893743495758809"
"2999","Loei","-0.126211353435627","-0.54109152475436"
"3000","Logan","-0.115819930237825","-0.420941340391309"
"3001","Logrono","-0.120090299856705","1.16571323026954"
"3002","Loja","-0.118737958660863","-0.498034861652138"
"3003","Lokoja","-0.128025768333517","-0.605384716696936"
"3004","Lome","-0.0362651205197301","-0.385354106078023"
"3005","Lomza","-0.123213894638336","0.135651634388357"
"3006","Loncoche","-0.129061831857588","-0.569214970739753"
"3007","London1","-0.0788050122982215","1.28792224725254"
"3008","London2","0.697434880833279","1.37221861581659"
"3009","Londonderry","-0.121090501324","0.297694831149508"
"3010","Londrina","-0.0809490340431807","0.2281124738"
"3011","Long Beach","0.0465743815833884","4.33210540773166"
"3012","Long Xuyen","0.0239994953533275","-0.705113268713771"
"3013","Longjiang","-0.125000077294149","-0.324376304217059"
"3014","Longreach","-0.129217139546575","-0.668957548846022"
"3015","Longview1","-0.104961818283146","0.919851409849881"
"3016","Longview2","-0.114692324001004","0.114132696456773"
"3017","Longxi","-0.0714780775336301","-0.729919651781198"
"3018","Longyan","-0.110148191698359","-0.0845954155188824"
"3019","Lop Buri","-0.109883413198131","-0.359978765630495"
"3020","Lorca","-0.125333334928751","0.198893341449041"
"3021","Loreto","-0.129839643371299","-0.268401312493734"
"3022","Lorica","-0.125194302592034","-0.533650083804432"
"3023","Lorient","-0.113201921707848","0.314475095514498"
"3024","Los Alamos","-0.125575337382519","-0.595163193298829"
"3025","Los Andes","-0.127078058396737","-0.0680040100889896"
"3026","Los Angeles1","1.37176231186256","2.93375078746535"
"3027","Los Angeles2","-0.121083336017986","0.379356782707932"
"3028","Los Blancos","-0.129828221170391","-0.741138255348087"
"3029","Los Lagos","-0.128388384792857","-0.610538639718597"
"3030","Los Mochis","-0.105273520490877","0.331576115527147"
"3031","Los Teques","-0.12027165188172","0.554219996784438"
"3032","Lota","-0.127954652048298","-0.241617143583059"
"3033","Louangphrabang","-0.122518371997309","-0.663921078238402"
"3034","Loubomo","-0.124258300006669","-0.638105653149928"
"3035","Louga","-0.125745020612842","-0.713431415316474"
"3036","Louisville","0.0619449996549014","2.17824641789611"
"3037","Lowell","0.0593235245763942","0.367789676928847"
"3038","Luan","0.0958969442409487","-0.614947560780469"
"3039","Luanda","-0.0692002135003725","2.89938129223164"
"3040","Luanshya","-0.122028137183427","-0.658263266881505"
"3041","Luau","-0.129785220048647","-0.780357262290802"
"3042","Lubango","-0.120807452262614","-0.25096216507128"
"3043","Lubao","-0.129115861055783","-0.786625597928258"
"3044","Lubbock","-0.086004407584941","0.996422019623596"
"3045","Lubeck","-0.0978049912204493","-0.31629907821933"
"3046","Lublin","-0.100553880717079","1.03289740136138"
"3047","Lubumbashi","-0.101601421430188","-0.221791416294886"
"3048","Lubutu","-0.130216526224204","-0.786625597928258"
"3049","Lucapa","-0.128905131334979","-0.755559812410783"
"3050","Lucknow","7.80040550830312","-0.687023870498374"
"3051","Ludhiana","2.995653661966","-0.524177776626931"
"3052","Luebo","-0.129997111696209","-0.786625597928258"
"3053","Luena","-0.12610320759063","-0.671897612355563"
"3054","Lufkin","-0.113934716692085","0.492012960455609"
"3055","Luga","-0.127307141876682","-0.202860098844239"
"3056","Lugano","-0.116196794932298","-0.114271532447289"
"3057","Luganville","-0.128730437853245","-0.747461397152565"
"3058","Luhansk","-0.107566523348401","-0.591018012045537"
"3059","Lujan","-0.123483810017101","1.58395234415646"
"3060","Lulea","-0.117491360172129","1.82157986353403"
"3061","Luleburgaz","-0.126932039649857","0.0964128985659261"
"3062","Lumberton","-0.120563395674568","0.575543856261138"
"3063","Lundazi","-0.129356129769953","-0.724423156537753"
"3064","Luohe","0.885644412588539","-0.657174893813339"
"3065","Luoyang","1.30228085744236","-0.573882806120719"
"3066","Lupanshui","-0.0528079290576902","-0.621970899874877"
"3067","Lusaka","-0.0830352911934915","0.547264429009004"
"3068","Lusambo","-0.129115017772064","-0.786625597928258"
"3069","Lusanga","-0.129777025748279","-0.786625597928258"
"3070","Luton","-0.110332906706749","0.497478502864841"
"3071","Lutselke","-0.130334193682382","-0.711376877382153"
"3072","Lutsk","-0.116605081662574","-0.461880836067363"
"3073","Luwuk","-0.127340393371508","-0.648665636380448"
"3074","Luxembourg","-0.114979528403553","0.598048480844669"
"3075","Luxor","-0.0878484797579296","1.02178599336256"
"3076","Luzern","-0.11419256539581","-0.336866515411134"
"3077","Luzhou","1.40363189209095","-0.722234657653699"
"3078","Lvov","-0.0921816913701046","0.211661114798246"
"3079","Lynchburg","-0.0903314855332908","0.074244985915286"
"3080","Lyon","0.039484620181105","1.21583157902259"
"3081","Lysychansk","-0.116224068202687","-0.507210626415878"
"3082","Maanshan","-0.0758635906279472","0.543365690865314"
"3083","Mabaruma","-0.1286852306785","-0.786625597928258"
"3084","Macae","-0.123262150177803","1.30995496041115"
"3085","Macapa","-0.116940206403649","0.853907514464592"
"3086","Macara","-0.12911392664473","-0.655676010993108"
"3087","Macas","-0.12955338814678","-0.691766533136274"
"3088","Macau","-0.0674205081390307","0.897833280392822"
"3089","Maceio","-0.0518547638867624","0.476435594109207"
"3090","Macenta","-0.126279040484179","-0.786399149267839"
"3091","Machakos","-0.126013848625524","-0.715247418582287"
"3092","Machala","-0.121379914314803","0.836092236221821"
"3093","Macheng","0.788647627276991","-0.723439223146987"
"3094","Machilipatnam","0.124431317710554","-0.706755532911538"
"3095","Machiques","-0.125206740853885","-0.119190443407766"
"3096","Macia","-0.129030921480617","-0.603315160767011"
"3097","Mackay","-0.119480028530215","-0.100116205681911"
"3098","Macon","-0.0916193573607888","0.73841575041636"
"3099","Madang","-0.125148713060011","-0.630792795409786"
"3100","Madaoua","-0.129148979179682","-0.766285051230754"
"3101","Madinat ath Thawrah","-0.125031441759652","-0.609781198719249"
"3102","Madison","-0.0705836549738625","0.496985487965908"
"3103","Madisonville","-0.121420537066757","0.226131921342779"
"3104","Madiun","0.738712084952209","-0.70839641380232"
"3105","Madrid","0.0481048585461049","3.43714996819411"
"3106","Madurai","3.23046582306814","-0.685200371638896"
"3107","Mae Sot","-0.122163835535901","-0.441454324615113"
"3108","Maebashi","-0.00992553143849056","-0.117070831066925"
"3109","Mafetang","-0.121577016104225","-0.754732803938039"
"3110","Magadan","-0.125003950897072","2.08983212673271"
"3111","Magangue","-0.122573151571656","-0.516629960442155"
"3112","Magdagachi","-0.127115342605597","-0.681070127956384"
"3113","Magdalena","-0.129360154944444","-0.74591990526019"
"3114","Magdeburg","-0.10003106537133","-0.0500453826386082"
"3115","Magelang","0.189446481774346","-0.707982242039902"
"3116","Magnitogorsk","-0.1186010328788","1.00272200712103"
"3117","Magway","-0.120867984613461","-0.672865498312967"
"3118","Mahabad","-0.126340886210106","-0.297246287113405"
"3119","Mahajanga","-0.128944925447097","-0.754687664164743"
"3120","Mahalapye","-0.122484081135064","-0.689274253604233"
"3121","Mahilyow","-0.111366020748375","-0.269942509495085"
"3122","Maiduguri","-0.090993456600757","-0.750932355653489"
"3123","Maintirano","-0.129595207425427","-0.775231512755453"
"3124","Maiquetia","-0.113791310305678","0.687049551529339"
"3125","Maitland","-0.126139440480322","-0.332522759903918"
"3126","Maizaru","-0.127359274200632","-0.573420052402507"
"3127","Majene","-0.0599752606366486","-0.77667619393526"
"3128","Makale","-0.128891084322999","-0.760557343999093"
"3129","Makarov","-0.129406301162627","-0.61921727183238"
"3130","Makeni","-0.126282750340975","-0.748312109501986"
"3131","Makhachkala","-0.101970031145502","0.544087755665091"
"3132","Makhambet","-0.129987508847378","-0.684121199170679"
"3133","Makinsk","-0.12678105089242","-0.582105633221146"
"3134","Makiyivka","-0.0977588680708443","-0.323009596915452"
"3135","Makkah","-0.0755495863299795","7.85015884161031"
"3136","Makokou","-0.128225166260332","-0.762505664867387"
"3137","Makoua","-0.127118702932525","-0.743073949518898"
"3138","Makurdi","-0.102805112460834","-0.661094638921246"
"3139","Malabo","-0.130216877309877","-0.768513514550631"
"3140","Malacca","-0.0486294791153139","0.598839003255258"
"3141","Maladzyechna","-0.123665756541565","-0.391981926607697"
"3142","Malaga","-0.111190184373964","2.60625678339574"
"3143","Malakal","-0.1256352507886","-0.776812696979661"
"3144","Malang","1.16333481791872","-0.662401295687051"
"3145","Malanje","-0.121051295303089","-0.435687092603338"
"3146","Malargue","-0.127541584997112","-0.413852889358797"
"3147","Malatya","-0.104794765639837","0.21614414465528"
"3148","Maldonado","-0.122455260445008","0.390368592603812"
"3149","Malegaon","-0.0304101547417072","-0.619601177052422"
"3150","Malindi","-0.122484092733626","-0.698340243843866"
"3151","Mallawi","-0.0456048272663075","0.103160005195647"
"3152","Malmo","-0.0999069190572997","1.61116227136597"
"3153","Mamou","-0.126300463685732","-0.746956597335982"
"3154","Man","-0.121439446434413","-0.651262671927532"
"3155","Manacapuru","-0.128007701278453","0.203251123045698"
"3156","Manado","-0.114511330076939","-0.317846194487782"
"3157","Managua","-0.0964540570031996","0.584165654832114"
"3158","Manama","-0.0842428638926397","7.07696392733983"
"3159","Mananjary","-0.129611293688005","-0.783744769312754"
"3160","Manaus","-0.0668002576259234","3.25227735923722"
"3161","Manbij","-0.12364897453297","-0.760043338220906"
"3162","Manchester1","-0.0794203027171872","0.180731314255258"
"3163","Manchester2","0.142005793863937","1.03176862286127"
"3164","Mandalay","-0.0954835433877865","-0.233321247848533"
"3165","Mandalgovi","-0.129660637285437","-0.765692215720189"
"3166","Mandali","-0.130068275650343","-0.578415313329932"
"3167","Mandera","-0.127126315504881","-0.744404291395588"
"3168","Mandritsara","-0.129585458625528","-0.782316356064369"
"3169","Mandurah","-0.126879496861884","-0.152097150482584"
"3170","Mandya","-0.098233964445892","-0.56822267852887"
"3171","Mangai","-0.129554844201665","-0.786625597928258"
"3172","Mangalore","-0.0708836167376881","-0.102237405072627"
"3173","Mango","-0.126082548685096","-0.774164823560449"
"3174","Mangochi","-0.090993055085632","-0.769640983466514"
"3175","Manhattan","-0.119748558200149","0.153950748376733"
"3176","Manicore","-0.128676471250836","-0.538672925085086"
"3177","Manila","2.15913628357801","-0.507158468236211"
"3178","Manisa","-0.106810540426984","0.312364576540513"
"3179","Manizales","-0.116330290968662","-0.349248163815129"
"3180","Manja","-0.130025103930967","-0.786625597928258"
"3181","Manjimup","-0.128784563387368","-0.729052227153197"
"3182","Mankato","-0.119254884122969","0.673973118426115"
"3183","Mannheim","0.00584320787655031","0.164426306987898"
"3184","Manokwari","-0.126455326181758","-0.607230380638112"
"3185","Manono","-0.126486205599063","-0.786625597928258"
"3186","Manpo","-0.119208786743966","-0.761218449462548"
"3187","Mansa","-0.12870045309356","-0.676597660559663"
"3188","Mansehra","0.0315790235715966","-0.723077541986846"
"3189","Mansfield","-0.107344477624396","0.181367249429398"
"3190","Manta","-0.118490778953595","0.688763736967035"
"3191","Manukau","-0.0864747157447057","0.48308559044389"
"3192","Manyoni","-0.130217606291891","-0.785792649579552"
"3193","Manzanillo1","-0.124992657202263","0.564458613138625"
"3194","Manzanillo2","-0.125450232076473","-0.304511629867094"
"3195","Manzhouli","-0.125811209841264","-0.311117145912042"
"3196","Mao","-0.127860682848776","-0.784593989781676"
"3197","Maoming","0.448848267087577","-0.601142725401284"
"3198","Mapai","-0.130233454357262","-0.786561345106352"
"3199","Maputo","-0.0494056214444491","0.50380602782227"
"3200","Maqat","-0.12923647269076","-0.461972112881781"
"3201","Mar de Ajo","-0.123664897999603","0.295935779382916"
"3202","Mar del Plata","-0.0813678531035538","1.82096117144231"
"3203","Maraba","-0.124929419904505","0.711372420550459"
"3204","Maracaibo","-0.0577699863617553","3.2283875403657"
"3205","Maracaju","-0.127552674882262","-0.360890504336924"
"3206","Maradi","-0.114720080391095","-0.683321197354081"
"3207","Maragheh","-0.12337086832951","-0.389490558557004"
"3208","Marbella","-0.107383101336734","0.691834378222015"
"3209","Mardan","0.669489950646328","-0.706643302749449"
"3210","Mardin","-0.126370352673447","-0.341309525875383"
"3211","Maria Elena","-0.129617547212461","-0.520481601808476"
"3212","Maribor","-0.11556772128557","-0.0910452291031446"
"3213","Maridi","-0.129776340922389","-0.786275998357029"
"3214","Mariental","-0.128018447751445","-0.730878128034108"
"3215","Marietta","0.190607111975026","0.944984617958408"
"3216","Mariinsk","-0.123732242388177","-0.174085125992018"
"3217","Marilia","-0.102935269360767","-0.0242638861028659"
"3218","Marinette","-0.123519473188966","0.0416438073879822"
"3219","Maringa","-0.0968661097112902","1.04600797748353"
"3220","Marion","-0.121137998006723","0.260885139500263"
"3221","Mariupol","-0.0981337191517829","0.108886939008575"
"3222","Markala","-0.127640782178876","-0.72061889611651"
"3223","Maroantsetra","-0.127662295298171","-0.781214009518009"
"3224","Maroua","-0.117817359489491","-0.709063382235498"
"3225","Marovoay","-0.129373731207444","-0.778894880277278"
"3226","Marquette","-0.125227160155696","0.329115158783516"
"3227","Marrakesh","-0.0774988950959439","0.84814180516283"
"3228","Marrupa","-0.127635187667015","-0.773186210271839"
"3229","Marsabit","-0.127342474490168","-0.776501171421052"
"3230","Marsala","-0.125517221058076","0.402317019285235"
"3231","Marseille","-0.0368619502103088","1.49537179879536"
"3232","Martapura","-0.0954315122131303","-0.561139889404018"
"3233","Mary","-0.108239725989542","1.05903963004434"
"3234","Mary borough","-0.125433843667803","-0.526676007596002"
"3235","Maryborough","-0.127953234145352","-0.636688342548598"
"3236","Marzuq","-0.124452431451072","-0.38714485594887"
"3237","Masaka","0.172256769801068","-0.772980789184502"
"3238","Masan","-0.0888507048845988","1.66644170631175"
"3239","Masasi","-0.126522751876403","-0.756615069216951"
"3240","Mascara","-0.121015628819113","0.0484607442121895"
"3241","Maseru","-0.0940614490754192","-0.642143043691456"
"3242","Mashhad","-0.0745464374806896","1.02779482154783"
"3243","Masindi-Port","-0.129553073925712","-0.786625597928258"
"3244","Masjed Soleyman","-0.121768862342667","0.706551563536302"
"3245","Mason City","-0.123127301343141","0.104534819319587"
"3246","Massawa","-0.125531596077431","-0.701654239895183"
"3247","Masterton","-0.126235656197337","-0.581442160587017"
"3248","Masvingo","-0.126066283506864","-0.727423377816196"
"3249","Matadi","-0.127795894742559","-0.685438557799829"
"3250","Matagalpa","-0.126337447279573","-0.67613515347758"
"3251","Matagami","-0.129717461645606","-0.4905843702286"
"3252","Matamoros","-0.0771557948536808","2.20625398779403"
"3253","Matanzas","-0.120440243699351","-0.263362429141373"
"3254","Matara","0.100683472910408","-0.726175093388183"
"3255","Mataram","-0.0877704069746417","-0.446304306139138"
"3256","Mataro","-0.113766863499053","1.15558373431754"
"3257","Matehuala","-0.123328655395143","-0.341731037743471"
"3258","Mathura","0.288373829802581","-0.514701995097001"
"3259","Mato Grosso","-0.130009940361887","-0.566060601880569"
"3260","Matola","-0.097725069267729","0.409994051355085"
"3261","Matruh","-0.122661531617824","1.15522943615631"
"3262","Matsue","-0.115772203353907","-0.461413149626567"
"3263","Matsumoto","-0.106933791494402","-0.477407695623831"
"3264","Matsuyama","-0.0818906425525672","-0.289845959333882"
"3265","Maturin","-0.110367347882195","4.04787112336176"
"3266","Maues","-0.128449726028086","-0.326872519203855"
"3267","Maumere","-0.108117484934177","-0.758706093213426"
"3268","Maun","-0.125647782258139","-0.553706662509523"
"3269","Mawlamyine","-0.11981747846954","-0.602324348372902"
"3270","Maxixe","-0.0992190879208354","-0.753628104630452"
"3271","May Pen","-0.107886793012313","-0.512798049966169"
"3272","Mayaguez","-0.0382220673385766","-0.22249259208685"
"3273","Maykop","-0.115848186800136","0.0881788548832778"
"3274","Mazabuka","-0.127241801672557","-0.606655300248021"
"3275","Mazar-e Sharif","-0.0375878578923149","-0.674142472956791"
"3276","Mazatenango","-0.127007800968311","-0.589536736900268"
"3277","Mazatlan","-0.112510229895634","1.29866889113962"
"3278","Mazyr","-0.124536326918874","-0.507198616308718"
"3279","Mbabane","-0.123079823855843","-0.449472443728317"
"3280","Mbaiki","-0.129554656012189","-0.786625597928258"
"3281","Mbala","-0.128469387928808","-0.759056447877417"
"3282","Mbale","-0.0518980711611154","-0.78150642312233"
"3283","Mbalmayo","-0.127566521340804","-0.741663890555932"
"3284","Mbandaka","-0.11981673522849","-0.784310444019592"
"3285","Mbanza-Congo","-0.128677909204054","-0.589784381020591"
"3286","Mbanza-Ngungu","-0.122284053083397","-0.694783021675933"
"3287","Mbarara","-0.0321983510492242","-0.768477761694795"
"3288","Mbe","-0.129560785160751","-0.786625597928258"
"3289","Mbeya","-0.117536055495044","-0.726133894431299"
"3290","Mbuji-Mayi","-0.0897304503369214","-0.762327194138819"
"3291","Mbulu","-0.128009144975963","-0.783666682839799"
"3292","McAlester","-0.123331845666827","0.182520219716789"
"3293","McAllen","-0.0532018172887125","1.89340545154165"
"3294","McCook","-0.127888677441054","-0.383489022222502"
"3295","McGrath","-0.130336090081902","-0.715620986531523"
"3296","Meadow Lake","-0.128475643741118","-0.315156788348663"
"3297","Medan","0.250057451467389","-0.113986978694068"
"3298","Medani","-0.105770456303892","-0.583548797722801"
"3299","Medea","-0.118787094016749","-0.196524724423919"
"3300","Medellin","-0.0697183189620779","0.537987135946519"
"3301","Medford","-0.108386028519356","0.0913432607605889"
"3302","Medicine Hat","-0.119978686384191","0.487689236091406"
"3303","Medina","-0.0900645482023527","5.62192503273589"
"3304","Medinipur","1.37657439001602","-0.716544869386488"
"3305","Mednogorsk","-0.128628717295997","-0.474017285265707"
"3306","Meekatharra","-0.130239389839968","-0.748555962932236"
"3307","Meerut","1.70088068408243","-0.568893421567155"
"3308","Megion","-0.12838077446878","2.62438380970579"
"3309","Meiganga","-0.127579326822408","-0.780950574318454"
"3310","Meizhou","-0.0995121626444858","-0.245738797894289"
"3311","Mejillones","-0.129418032967278","-0.417417532057226"
"3312","Mekambo","-0.129331589224667","-0.785760536282139"
"3313","Mekele","-0.12419346951684","-0.690158819443213"
"3314","Meknes","-0.091518957300233","0.0846260078258065"
"3315","Mekoryuk","-0.130327327904078","-0.76405772726256"
"3316","Melbourne1","-0.041166010324207","0.190867158406745"
"3317","Melbourne2","0.273466386421951","0.869862941827106"
"3318","Melilla","-0.121003856973469","1.59438981357063"
"3319","Melitopol","-0.106658567646915","-0.506080475332091"
"3320","Melo","-0.125372207847309","-0.225498078510486"
"3321","Melton","-0.123222252901334","-0.237883072587189"
"3322","Melun","-0.0800916255684239","0.785665056141777"
"3323","Melut","-0.129349289428478","-0.765399068574445"
"3324","Melville","-0.128610086297528","-0.39874022837302"
"3325","Memphis","0.0799494854459105","2.50406930134085"
"3326","Mendi","-0.129117553642023","-0.786098843433048"
"3327","Mendocino","-0.13009349546478","-0.757918305246878"
"3328","Mendoza","-0.0450232153218198","1.72097977449982"
"3329","Mengzi","-0.0994876242739691","-0.535015954687862"
"3330","Meningie","-0.130257257691799","-0.759398684995764"
"3331","Menongue","-0.125509770405965","-0.649581063905505"
"3332","Merauke","-0.126059696138742","-0.575931108450296"
"3333","Merced","-0.114343577287468","0.0853195915143176"
"3334","Mercedes1","-0.125136314700743","0.515768266126929"
"3335","Mercedes2","-0.122301956462807","1.14981013265965"
"3336","Mercedes3","-0.127465290828417","0.198475904438743"
"3337","Mercedes4","-0.127143172894183","0.0881230078849804"
"3338","Merida","-0.0747641671623462","2.02134500536974"
"3339","Meridian","-0.116744335209996","0.862857789466396"
"3340","Merimbula","-0.130082113250708","-0.725293363864689"
"3341","Merowe","-0.129387073221489","-0.647881472892667"
"3342","Merredin","-0.129301408138925","-0.612945786892828"
"3343","Meru","0.382243383718622","-0.784629468020245"
"3344","Mesa","0.0403205156721106","2.25013926250384"
"3345","Messina","-0.110510898343062","0.220832461558278"
"3346","Metairie","-0.0701029965671726","4.35200203754532"
"3347","Metz","-0.045108934860244","0.558946746030344"
"3348","Mexicali","-0.0862858769865112","2.98309276857697"
"3349","Mexico City","0.407888256584024","1.13447459839957"
"3350","Meymaneh","-0.0881520194352244","-0.761174320361216"
"3351","Mezen","-0.129522495750546","-0.702726415403648"
"3352","Miahuatlan","-0.128099559556853","-0.701682147309366"
"3353","Miami","0.622018693996291","3.25180587674469"
"3354","Miami Beach","-0.0900711230431805","4.14603865097712"
"3355","Miandrivazo","-0.129602340232059","-0.784627999094332"
"3356","Mianyang","4.1515333894787","-0.703562919367365"
"3357","Miass","-0.114834334611677","0.108199531946606"
"3358","Michurinsk","-0.121283765943828","-0.497192652887519"
"3359","Middelburg1","-0.129680287045002","-0.714638157641684"
"3360","Middelburg2","-0.124444505167116","-0.168446380680237"
"3361","Middlesbrough","-0.0750432418418803","1.54429805862629"
"3362","Midland","-0.108401774340177","0.653154627101424"
"3363","Mikhaylovka","-0.125713202677108","-0.0747159442620259"
"3364","Mikumi","-0.126487203223131","-0.782581144411601"
"3365","Milagro","-0.118276060530018","-0.112613794513243"
"3366","Milan","0.600915359630766","1.32563175328755"
"3367","Mildura","-0.125475020142184","-0.304959735543894"
"3368","Miles City","-0.127825741593907","-0.355535669379767"
"3369","Millerovo","-0.126482166680846","-0.432176838533049"
"3370","Milwaukee","0.100142618711317","1.89045645551491"
"3371","Minas","-0.126585892198261","-0.236859039378811"
"3372","Minatitlan","-0.112683859204078","5.94505730903079"
"3373","Mindelo","-0.126622323178048","-0.428877640649483"
"3374","Mineiros","-0.126635941351784","-0.370398734602807"
"3375","Mingan","-0.130010289041995","-0.691008459461637"
"3376","Minna","-0.114506580006035","-0.501432735433998"
"3377","Minneapolis","0.390827234552054","1.90671711117225"
"3378","Minot","-0.120785209354528","0.416950219635879"
"3379","Minsk","-0.0757167572919259","1.30265178581991"
"3380","Minxian","-0.123106192195436","-0.756140560070191"
"3381","Miracema","-0.127342207903552","-0.267702324257003"
"3382","Miri","-0.112345671964931","-0.079752296913235"
"3383","Mirnyy","-0.128477980734488","0.907348373577086"
"3384","Mirput Khas","-0.0862060589977299","-0.593538912091872"
"3385","Mirzapur","0.0187279715503526","-0.726191451797534"
"3386","Mishan","-0.121856983914611","-0.692185782385959"
"3387","Miskolc","-0.109445669467183","-0.226686006788363"
"3388","Misratah","-0.113553715663504","3.3726234370267"
"3389","Missoula","-0.115502922642224","-0.207692451246682"
"3390","Mistassini","-0.129727180760958","-0.494166877961431"
"3391","Mitchell","-0.126252697669274","0.144018561328091"
"3392","Mitilini","-0.127330384462167","-0.21263855652123"
"3393","Mitla","-0.130225847426252","-0.747562013969963"
"3394","Mito","-0.0935699864870878","-0.0525894664810888"
"3395","Mityana","-0.121365834466658","-0.725958364570488"
"3396","Mitzik","-0.128667764965505","-0.781671503787787"
"3397","MÌùnster","-0.105270540973294","-0.262954128391162"
"3398","Miyazaki","-0.101220965707423","-0.283616702788971"
"3399","Mizdah","-0.130058868286991","-0.332160226240635"
"3400","Mmabatho","-0.117460723742042","-0.428540178084897"
"3401","Mo i Rana","-0.125406528392034","0.52184795394445"
"3402","Moab","-0.128176966761616","-0.666045537515347"
"3403","Moanda1","-0.0963158990479628","-0.0665034329857834"
"3404","Moanda2","-0.126235119185736","-0.6261369915826"
"3405","Moba","-0.129119986663203","-0.780178244673426"
"3406","Mobile","-0.0657007281201347","1.39631620954198"
"3407","Mobridge","-0.129345494563244","-0.533909309099517"
"3408","Mocambique","-0.129154456036072","-0.70839623150605"
"3409","Modena","-0.112373297185205","1.10840837653764"
"3410","Modesto","-0.08888491844677","1.07909959731538"
"3411","Moengo","-0.1280151666878","-0.655193000942374"
"3412","Mogadishu","-0.104786305803309","-0.64462506101586"
"3413","Mogocha","-0.12674116089255","-0.573323628399306"
"3414","Mojokerto","0.361873916558435","-0.523432935516791"
"3415","Mokpo","-0.118577956805541","1.00670575966612"
"3416","Molde","-0.125318019081955","-0.126468697026652"
"3417","Molepolole","-0.120945217404257","-0.684516288803015"
"3418","Mollendo","-0.128319534899308","-0.602080907790086"
"3419","Moloundou","-0.12933210520893","-0.786624810284648"
"3420","Mombasa","-0.0441188515883943","-0.506130531743005"
"3421","Monaco","-0.121108131205071","0.637179468848573"
"3422","Monchegorsk","-0.12245142557389","0.895289539696261"
"3423","Monclova","-0.110652496209087","1.09925942004881"
"3424","Moncton","-0.104788721228537","0.431109278113119"
"3425","Mongbwalu","-0.127784026649879","-0.784980875914337"
"3426","Mongo","-0.12978853848045","-0.770685903001876"
"3427","Mongomo","-0.129110670701739","-0.338461114496109"
"3428","Mongu","-0.122959405284822","-0.678077777587455"
"3429","Monroe","-0.0970941296107709","0.864537317166294"
"3430","Monrovia","-0.0910644453666346","-0.687439098506824"
"3431","Mont-Laurier","-0.125533735508923","-0.344521028530058"
"3432","Monte Cristi","-0.12877016490372","-0.566788092675187"
"3433","Montego Bay","-0.116567877143276","-0.208823717554706"
"3434","Montemorelos","-0.125821172911992","-0.348277318224175"
"3435","Montepuez","-0.125693734713069","-0.722532481503001"
"3436","Monterey1","-0.107259662038702","-0.213145554616355"
"3437","Monterey2","-0.103975723058639","-0.244711032974042"
"3438","Monteria","-0.12103106497233","0.806385236160717"
"3439","Montero","-0.122613300250495","-0.26049578813516"
"3440","Monterrey","0.0232540409582128","1.86748729714371"
"3441","Montes Claros","-0.110495881975604","0.309520240019022"
"3442","Montevideo","-0.040682000715376","2.05214097900437"
"3443","Montgomery","-0.0794042225994084","1.52921181987626"
"3444","Monticello","-0.129560000668644","-0.745840818168374"
"3445","Montpelier1","-0.129120935884776","-0.742605019174146"
"3446","Montpelier2","-0.128204569185375","-0.630519318835759"
"3447","Montpellier","-0.0883650084661363","1.56740859311605"
"3448","Montreal","0.139043910445976","3.14288793063715"
"3449","Montrose","-0.124343360362602","-0.616420235831146"
"3450","Monywa","-0.113599721592111","-0.65511842032157"
"3451","Moorhead","-0.123969776384214","1.09557094456691"
"3452","Moose Jaw","-0.124323687830177","0.12578370141302"
"3453","Mopti","-0.126792858260482","-0.708728058971249"
"3454","Moquegua","-0.127474795219343","-0.46333845559085"
"3455","Moradabad","0.81895152076802","-0.649626906055603"
"3456","Moranbah","-0.128587875110174","-0.557447081704892"
"3457","Moratuwa","0.0189817000494985","-0.626789858863174"
"3458","Morawa","-0.130050286427646","-0.731496766509275"
"3459","Moree","-0.126572529366105","-0.546790342048562"
"3460","Morelia","-0.105611019223992","-0.0660311784149406"
"3461","Morgantown","-0.120329533479973","0.335625408942739"
"3462","Morioka","-0.1027113353453","-0.262613899212605"
"3463","Morogoro","-0.121647729333753","-0.661114938147009"
"3464","Moron1","-0.126535126739068","-0.543184328820289"
"3465","Moron2","-0.12754953527547","-0.760749398480559"
"3466","Morondava","-0.13022991151128","-0.722900408991196"
"3467","Moroni","-0.114825351993667","-0.765477409055806"
"3468","Moroto","-0.1302167181653","-0.786625597928258"
"3469","Morrinhos","-0.126428376369502","-0.41340971640458"
"3470","Morshansk","-0.123791716927148","-0.651319902232813"
"3471","Moscow","0.293917983789659","4.42715305265268"
"3472","Moshi","0.043419588965774","-0.778921616840054"
"3473","Moss","-0.123847553336066","0.355380576851343"
"3474","Mossel Bay","-0.12749652323353","-0.177015248993222"
"3475","Mossendjo","-0.127343966943533","-0.786329019784093"
"3476","Mossoro","-0.119859015710122","0.792602780329427"
"3477","Mostaganem","-0.116933762764459","0.599618373423486"
"3478","Mostar","-0.11764438134635","-0.174598172033963"
"3479","Mosul","-0.0948041309436299","-0.090219405556152"
"3480","Motul","-0.126922180376052","-0.536354159431583"
"3481","Motupe","-0.129117614063652","-0.657124247620376"
"3482","Mouila","-0.128005066231957","-0.781845669777611"
"3483","Moundou","-0.121901962177531","-0.755013411513193"
"3484","Mount Barker","-0.129523466933554","-0.746696522218583"
"3485","Mount Gambier","-0.125695038755273","-0.470289047750458"
"3486","Mount Isa","-0.126706345514122","-0.164769615052818"
"3487","Moyale","-0.127345669489646","-0.772467465676911"
"3488","Moyo","-0.127125244830548","-0.786625597928258"
"3489","Moyobamba","-0.128016938938346","-0.564591401182321"
"3490","Mozdok","-0.124002854608822","-0.568622958243228"
"3491","Mozhga","-0.124636356652624","-0.585642674119727"
"3492","Mpika","-0.129354339334326","-0.741501030285844"
"3493","Mpwapwa","-0.129777927575172","-0.773946782477697"
"3494","Mt. Hagen","-0.120530820947708","-0.769755768457203"
"3495","Mt. Shasta","-0.129100395047593","-0.725588769607594"
"3496","Mtsensk","-0.130170781978909","-0.595164029717006"
"3497","Mtwara","-0.119330336959628","-0.654115254674382"
"3498","Muar","-0.110756817144827","0.140028289010544"
"3499","Mubende","-0.129995259683172","-0.768491693955267"
"3500","Mubi","-0.0692168758231585","-0.786625597928258"
"3501","Muconda","-0.129567379281264","-0.784213185273731"
"3502","Mudangiang","-0.0850693414082355","-0.0197319579523899"
"3503","Mudgee","-0.127443568387192","-0.630118438616042"
"3504","Mudon","-0.111728226579703","-0.744602554673523"
"3505","Mufulira","-0.121793021897719","-0.581078640379218"
"3506","Mugla","-0.126896126055359","-0.0427493283251838"
"3507","Muglad","-0.125657544138124","-0.785012900911994"
"3508","Muisne","-0.130216520689237","-0.739711320576064"
"3509","Mulhouse","-0.0967323137115757","0.319359691883094"
"3510","Multan","3.41766704078781","-0.712379383545778"
"3511","Mumbai","0.252504005211636","0.678345483724321"
"3512","Mumbwa","-0.128298459099631","-0.744986076535234"
"3513","Munchon","-0.122871064282657","-0.784371217205954"
"3514","Muncie","-0.106812815796444","0.365201841981712"
"3515","Munich","-0.0103809202519236","0.110296582443282"
"3516","Murcia","-0.0843507185213794","1.47975488488181"
"3517","Murfreesboro","-0.100528491943225","0.989694472311245"
"3518","Muriae","-0.122787891232915","0.448696879038721"
"3519","Murmansk","-0.111070511283405","2.27550666770199"
"3520","Murom","-0.121347825421571","-0.285048393348964"
"3521","Muroran","-0.109715620835014","-0.280354972150422"
"3522","Murray Bridge","-0.125529910766229","-0.543072999416237"
"3523","Mus","-0.123325147000508","-0.513259559780424"
"3524","Musan","-0.12845956309262","-0.782979631322575"
"3525","Muscat","-0.103615100915142","3.53271370457711"
"3526","Mushie","-0.128890964003047","-0.786625597928258"
"3527","Musina","-0.128592250000113","-0.38121512289789"
"3528","Muskegon","-0.103982636297961","0.123535495139082"
"3529","Muskogee","-0.116727211282828","0.139518717321028"
"3530","Musoma","-0.116502522038298","-0.769251113405304"
"3531","Muswellbrook","-0.127620640135706","-0.518796798240079"
"3532","Mutare","-0.118284289105914","-0.674098142793396"
"3533","Muyinga","0.78210916959007","-0.784712633320883"
"3534","Muzaffarnagar","0.722266891457303","-0.625320979864225"
"3535","Muzaffarpur","3.87392083064378","-0.735081338479273"
"3536","Mwanza","-0.0417920838595009","-0.73579395604297"
"3537","Mweka","-0.127571274459822","-0.786625597928258"
"3538","Mwene-Ditu","-0.119454564074636","-0.786625597928258"
"3539","Mwenga","-0.128449043661679","-0.786608722895437"
"3540","Mwingi","-0.128889079253253","-0.777409473306638"
"3541","Mwinilunga","-0.129353967547944","-0.786159316743723"
"3542","My Tho","-0.123469650187417","0.782536080080586"
"3543","Myeik","-0.126762237522621","-0.722359696809541"
"3544","Myingyan","-0.119297755376533","-0.697796427263977"
"3545","Myitkyina","-0.117613329406073","-0.727681139379469"
"3546","Mykolayiv","-0.115074158701235","0.0259336435709746"
"3547","Mymensingh","1.88172168332065","-0.758923291175932"
"3548","Myrtle Beach","-0.119163700893531","1.45683565424181"
"3549","Mysore","-0.057763772415245","-0.156682609396403"
"3550","Mzuzu","-0.112428052136962","-0.723096388204109"
"3551","Naberezhnyye Chelny","-0.0937044398001025","0.846486297677257"
"3552","Nabeul","-0.119351087956556","0.276989320618605"
"3553","Nabire","-0.128891469126833","-0.694045568926358"
"3554","Nablus","-0.098310563219533","0.0737871434730396"
"3555","Nacala","-0.100856202562587","-0.496054845360416"
"3556","Nacaome","-0.130007208626834","-0.644656190784687"
"3557","Nadym","-0.129511220055761","1.16618642849165"
"3558","Naga","-0.0619975844836046","-0.713790619392012"
"3559","Nagano","-0.0613233408395247","-0.456518044414211"
"3560","Nagaoka","-0.10713622275202","-0.442568369287335"
"3561","Nagasaki","-0.106525747417923","-0.314272715781942"
"3562","Nagele","-0.12867507394752","-0.773231671744434"
"3563","Nagercoil","0.0237417963767927","-0.622415724218828"
"3564","Nagoya","0.559538531562731","0.736108608830857"
"3565","Nagpur","0.0119688882750731","0.0997589144207981"
"3566","Naha","-0.0651955147730457","0.896860804858759"
"3567","Nain","-0.130068377404722","-0.544060294564677"
"3568","Nairobi","0.0556087104182485","-0.355598079043761"
"3569","Naivasha","-0.12711896218459","-0.720214879328629"
"3570","Najran","-0.115016907581258","2.0002310654089"
"3571","Nakhodka","-0.116393669754284","-0.0259871649074111"
"3572","Nakhon Phanom","-0.121472570437249","-0.380475986588651"
"3573","Nakhon Ratchasima","-0.0998416985131665","-0.0211762591249028"
"3574","Nakhon Sawan","-0.118496954698997","-0.163397546096229"
"3575","Nakhon Si Thammarat","-0.0980343872814037","-0.411302500210058"
"3576","Nakuru","-0.104328012440986","-0.679252912956545"
"3577","Naltchik","-0.0999138976413124","-0.428002168177354"
"3578","Nalut","-0.128740149088151","-0.432959382801025"
"3579","Nam Dinh","0.593643187823428","-0.667073538348413"
"3580","Namanga","-0.129995663065028","-0.775583017494437"
"3581","Namangan","-0.0149561018446651","-0.404498259784846"
"3582","Namibe","-0.127018072425497","0.420092321028459"
"3583","Nampo","-0.121589598145531","-0.768830474146564"
"3584","Nampula","-0.104779671204914","-0.543027554028607"
"3585","Namtu","-0.129417946428682","-0.769822979483233"
"3586","Namur","-0.106294419680132","-0.00619553774492645"
"3587","Nan","-0.11491423337681","-0.602887000446744"
"3588","Nanaimo","-0.113097107421304","-0.00586465929266432"
"3589","Nancha","-0.124979934308955","-0.729997438671681"
"3590","Nanchang","0.69812693438188","-0.554533000775395"
"3591","Nanchong","2.62493346792781","-0.705889362910804"
"3592","Nancy","-0.0940790443164368","0.51107994922393"
"3593","Nanded","-0.0701656541635902","-0.508052642160918"
"3594","Nandi","-0.127484430643551","-0.683537036137048"
"3595","Nandyal","-0.113149058655412","-0.646703141977208"
"3596","Nangong","0.252813959287555","-0.700928041259416"
"3597","Nanjing","0.033576627801445","1.32199646542307"
"3598","Nanning","-0.0525684305580097","1.29754148522318"
"3599","Nanping","-0.123298642207418","-0.417968452829967"
"3600","Nantes","-0.0591474292742441","0.922805381492445"
"3601","Nantong","1.3125684031694","-0.36560374221228"
"3602","Nanuque","-0.127274338727495","-0.443556393620852"
"3603","Nanyang","1.0867739528596","-0.678791467482148"
"3604","Nanyuki","-0.123135810885006","-0.734598054984134"
"3605","Naples1","-0.0519903519134612","0.591373434857908"
"3606","Naples2","0.20717818955065","1.48772393412862"
"3607","Nara","-0.127445231470796","-0.786625597928258"
"3608","Narathiwat","-0.124719860272577","-0.205965998342383"
"3609","Narayanganj","0.226654372527932","-0.597498001024039"
"3610","Narrabri","-0.127563268771175","-0.649710944635796"
"3611","Narrogin","-0.128946238142733","-0.696066580432075"
"3612","Narsarsuaq","-0.130329978109252","-0.736770484988205"
"3613","Narva","-0.122924171080011","0.169439325716625"
"3614","Naryan Mar","-0.129331438777314","0.775795321650366"
"3615","Naryn","-0.125097405689204","-0.752505395523779"
"3616","Nasca","-0.126798303751361","-0.496178270658108"
"3617","Nashville","0.0568494273474815","1.72632495847801"
"3618","Nasik","0.140712108568271","-0.484553387684936"
"3619","Nassau","-0.108735289391025","1.17037692645286"
"3620","Nata","-0.13022979168072","-0.765673971348698"
"3621","Natal","-0.0412711079030625","0.738271972276352"
"3622","Natchez","-0.120407760739414","0.200945439830349"
"3623","National City","-0.0182449367777918","1.23395174241428"
"3624","Natitingou","-0.126517410689754","-0.745455081943155"
"3625","Nautla","-0.128565988652884","-0.730203905281739"
"3626","Navajoa","-0.119769313521933","0.27498577738482"
"3627","Navoi","-0.104065995331856","-0.488836770957051"
"3628","Navsari","-0.130230652707932","-0.70662313756506"
"3629","Nawabganj","2.46895027390483","-0.730871736941369"
"3630","Nawabshah","0.0945965301457693","-0.657317867705097"
"3631","Naxcivan","-0.123025364996844","-0.152683200818769"
"3632","Naypyidaw","-0.107490468389526","-0.348880911895461"
"3633","Nazareth","-0.118475832760493","0.915690422437694"
"3634","Nazret","0.0324101241606404","-0.755057824782238"
"3635","Nazyvayevsk","-0.127029248580538","-0.642966218580888"
"3636","Nchelenge","-0.128908811190241","-0.771742245543178"
"3637","Ndalatando","-0.129564026340738","-0.258142750783009"
"3638","Ndele","-0.129124052988536","-0.785676116019132"
"3639","Ndende","-0.129774520357446","-0.78621445642244"
"3640","Ndjamena","-0.110089880268928","-0.194476186181524"
"3641","Ndola","-0.113823767284514","-0.365060628009194"
"3642","Necochea","-0.119479356503305","1.05923333591555"
"3643","Needles","-0.126972232850418","-0.374997275954782"
"3644","Neftekamsk","-0.124334028920663","-0.0447562172316761"
"3645","Nehe","-0.124822276914179","-0.609455403115904"
"3646","Neiafu","-0.129388054473357","-0.764365278494413"
"3647","Neiba","-0.127495924350264","-0.634489302650849"
"3648","Neijiang","3.03205467242662","-0.721507644046375"
"3649","Neiva","-0.102593665466936","-0.195547787992905"
"3650","Nekemte","-0.12584771485559","-0.772236687982749"
"3651","Nelidovo","-0.126836911074009","-0.575101231492136"
"3652","Nellore","0.0221731580474837","-0.614884293251677"
"3653","Nelson1","-0.123414062241401","-0.39343763738201"
"3654","Nelson2","-0.127396473567138","-0.61523190006749"
"3655","Nelspruit","-0.124830751383439","-0.118733158577636"
"3656","Nenana","-0.130341691855923","-0.566587995711247"
"3657","Nenjiang","-0.123002447082844","-0.637160564949508"
"3658","Nepalganj","0.188401751871798","-0.767133125645923"
"3659","Nephi","-0.128555193541443","-0.690791794983802"
"3660","Nerchinsk","-0.126177454544258","-0.700855557045711"
"3661","Neryungri","-0.130069534101351","0.15103855474979"
"3662","Neuquen","-0.109503904170468","2.38068089183469"
"3663","Nevelsk","-0.127379536952664","-0.463122724040982"
"3664","Nevers","-0.119948388288466","-0.208302693370147"
"3665","Nevinnomyssk","-0.113790933412155","-0.37146699074148"
"3666","Nevyansk","-0.126356038118974","-0.255424606173185"
"3667","New Albany","-0.103693911096245","1.62162290312967"
"3668","New Amsterdam","-0.126477860554906","-0.693873449078116"
"3669","New Bedford","-0.102495931839734","0.122518667995003"
"3670","New Braunfels","-0.1186745624294","0.604771052541192"
"3671","New Delhi","48.169760440734","-0.577291724911843"
"3672","New Glasgow","-0.123576920172081","-0.443646941250193"
"3673","New Haven","0.133558848279567","0.275963400107671"
"3674","New Iberia","-0.11928626050095","0.70417665063182"
"3675","New Liskeard","-0.128480543584387","-0.36100987622345"
"3676","New London","-0.100865251728867","0.078628589242334"
"3677","New Orleans","-0.0219419732642856","4.24137247959447"
"3678","New Plymouth","-0.12180236140665","-0.490665588578272"
"3679","New York","1.98825800850161","1.4653000346225"
"3680","Newark","0.685150547270472","1.44912516544488"
"3681","Newcastle","0.0399179176526265","1.13712711635241"
"3682","Newman","-0.130234208655383","-0.44228224993086"
"3683","Newport","-0.11910371882138","0.0434591350852647"
"3684","Neyshabur","-0.119853820346873","-0.20484652767532"
"3685","Nezahualcoyotl","0.0543283228507559","1.14515003950848"
"3686","Ngaoundere","-0.125827933131886","-0.725098826936966"
"3687","Ngara","-0.127563838575079","-0.785486376348429"
"3688","Nguigmi","-0.129364596191984","-0.782598587550776"
"3689","Nguru","-0.126768401602561","-0.774365334712235"
"3690","Nha Trang","-0.11269632526635","-0.136683293166523"
"3691","Niagara Falls","-0.0901415833898144","0.815268426135381"
"3692","Niamey","-0.0987893814935911","-0.257419871011677"
"3693","Nice","-0.0180001323133693","0.842996503682378"
"3694","Nicosia","-0.0973633026324994","0.835984488403294"
"3695","Nicuadala","-0.127269862856313","-0.754420771703035"
"3696","Nieuw Nickerie","-0.124494614186497","-0.609706060486327"
"3697","Niigata","-0.0793605620512369","-0.194482748847222"
"3698","Nikel","-0.128627055462107","0.466482303586554"
"3699","Nikolayevsk","-0.128575014554541","-0.609561864137233"
"3700","Nikolayevsk na Amure","-0.127224992858449","-0.605477344648411"
"3701","Nikopol","-0.120665353191401","-0.237938361973367"
"3702","Nimes","-0.106663361704838","0.76937248791398"
"3703","Nimule","-0.130216932373432","-0.786510021035789"
"3704","Ninde","-0.11081251457151","0.0988936719863748"
"3705","Ningan","-0.124385260685568","-0.563827815726362"
"3706","Ningbo","0.0994850820186613","0.977892311577743"
"3707","Ninh Binh","0.222711633934982","-0.6938724625336"
"3708","Nioro du Sahel","-0.129155612323134","-0.739727105288332"
"3709","Nipigon","-0.12970645248615","-0.609187384706649"
"3710","Niquelandia","-0.127650166762641","-0.510088569790795"
"3711","Nis","-0.11828847753695","0.570974096273109"
"3712","Niteroi","-0.0382806676061955","1.60009049672077"
"3713","Niyala","-0.110084913228738","-0.724061775630291"
"3714","Nizamabad","-0.0943384650256602","-0.476992081576223"
"3715","Nizhenvartovsk","-0.125444475751609","4.27135691313098"
"3716","Nizhnekamsk","-0.101692988164359","1.3549841120415"
"3717","Nizhneudinsk","-0.124789436522215","-0.321917663708377"
"3718","Nizhny Novgorod","-0.058433033435412","1.69875335547002"
"3719","Nizhny Tagil","-0.0948488779326465","0.482905953555362"
"3720","Nizhnyaya Tura","-0.121018300684457","0.264359406142306"
"3721","Nizhyn","-0.11500808530423","-0.688379543514028"
"3722","Nizwa","-0.125537331584773","0.00132330405632707"
"3723","Njombe","-0.127379969272188","-0.775536046045758"
"3724","Nkawkaw","-0.127139827035455","-0.716243576546413"
"3725","Nkhata Bay","-0.121763772788539","-0.780330399058927"
"3726","Nkhotakota","-0.0969644322604932","-0.781630929798812"
"3727","Nkongsamba","-0.126469417030353","-0.748700604298693"
"3728","Nogales","-0.113174917066016","-0.004867906184829"
"3729","Noginsk","-0.109869513250789","0.741293886810857"
"3730","Nola","-0.127124798370982","-0.786625597928258"
"3731","Nome","-0.129570997522566","-0.403956346592476"
"3732","Nong Khai","-0.110199781327962","-0.448017290566121"
"3733","Nongan","-0.100850990751288","-0.606948014440124"
"3734","Nonthaburi","-0.0269951924421089","1.38974771036303"
"3735","Norfolk1","0.0596364410478419","2.12942327341381"
"3736","Norfolk2","-0.123824300726777","0.371330256519716"
"3737","Norilsk","-0.113225894447301","3.05289859970615"
"3738","Norman","-0.109738669116423","1.09111365065379"
"3739","Norman Wells","-0.130157170207144","-0.169635252609391"
"3740","Norrkoping","-0.107621677007894","0.48856099829829"
"3741","Norseman","-0.130061875031522","-0.739964181586684"
"3742","North Battleford","-0.125712647775371","-0.1663438827421"
"3743","North Bay","-0.118896763083699","-0.0702148992442491"
"3744","North Platte","-0.123900236626056","0.000860571784732825"
"3745","Northam","-0.128169174986121","-0.558390239709518"
"3746","Norwich","-0.110261711278442","0.205235964826899"
"3747","Nottingham","-0.0282697827645567","0.790269216508173"
"3748","Nouadhibou","-0.126090438639929","-0.277240150858387"
"3749","Nouakchott","-0.105165409244479","-0.00965590697726007"
"3750","Noumea","-0.119562767460149","0.279255885199199"
"3751","Nova Cruz","-0.127139233795247","-0.614894244483325"
"3752","Nova Friburgo","-0.11546109899904","-0.410038136178753"
"3753","Nova Iguacu","0.0526862030387458","2.50786518149535"
"3754","Nova Lima","-0.125647927068432","0.0937838003220497"
"3755","Nova Vicosa","-0.129383608408063","-0.268246682364045"
"3756","Novara","-0.121844276850016","0.727201398641868"
"3757","Novi Sad","-0.111148451574426","1.03290340641497"
"3758","Novo Airao","-0.129111506585906","-0.553971742731848"
"3759","Novo Hamburgo","-0.056699801511132","1.15209617077114"
"3760","Novo Horizonte","-0.127549794944182","-0.300387058815554"
"3761","Novoaltaysk","-0.119928510551813","-0.185998594682958"
"3762","Novocherkassk","-0.118831930397281","-0.0221283174767957"
"3763","Novokuybishevsk","-0.110806020876486","1.79567886643204"
"3764","Novokuznetsk","-0.0948195814597145","1.13324562129114"
"3765","Novomoskovsk","-0.127426033503775","0.249404077560335"
"3766","Novorossiysk","-0.119046043282893","0.97383752782745"
"3767","Novoshakhtinsk","-0.123393800859451","-0.512508949529523"
"3768","Novosibirsk","-0.0793628500686774","2.99065124373185"
"3769","Novotroitsk","-0.121354599661937","0.261934308147194"
"3770","Novozybkov","-0.125687431550453","-0.584799135664672"
"3771","Novyy Urengoy","-0.130347048007547","1.93678887534511"
"3772","Nowra","-0.122780072815826","-0.52120426711361"
"3773","Nowy Sacz","-0.103263031295224","-0.300228997226676"
"3774","Nsukka","0.153887685933297","-0.779188781405753"
"3775","Nueva Gerona","-0.12776365595786","-0.579996615510551"
"3776","Nueva Imperial","-0.129223364028035","-0.57746190384098"
"3777","Nueva Rosita","-0.126908708108139","-0.0970687267764543"
"3778","Nueve de Julio","-0.126273090359776","0.0988901547407075"
"3779","Nuevitas","-0.123634004273462","-0.620902590119654"
"3780","Nuevo Casas Grandes","-0.123353172726317","-0.574376357185149"
"3781","Nuevo Laredo","-0.117338212016663","2.72934253820145"
"3782","Nukualofa","-0.126509770296535","-0.651365336897133"
"3783","Nukus","-0.113851441919416","-0.560524156945851"
"3784","Numan","-0.124323982763136","-0.77651864706526"
"3785","Nuqui","-0.130217574922062","-0.786625597928258"
"3786","Nurnberg","-0.0546087643518444","-0.0862545260366045"
"3787","Nusaybin","-0.124383675225577","-0.333357548138042"
"3788","Nyagan","-0.126988887762134","1.29524412329637"
"3789","Nyanza","0.0560463074011423","-0.780973086567311"
"3790","Nyimba","-0.130223427691899","-0.73918127272617"
"3791","Nyiregyhaza","-0.115361077395504","-0.245072494306329"
"3792","Nyunzu","-0.127576365668019","-0.786625597928258"
"3793","Nzega","-0.128892971009108","-0.766900353416108"
"3794","Nzerekore","-0.121227232969685","-0.782432780045965"
"3795","Nzeto","-0.129339994905546","-0.659865994235432"
"3796","Oak Ridge","-0.117132005922337","0.252632480151511"
"3797","Oakland","0.00516359993866599","1.3580487482429"
"3798","Oamaru","-0.130280524845555","-0.440992707567757"
"3799","Oatlands","-0.129779148044885","-0.774304711819764"
"3800","Oaxaca","-0.0789826995739361","-0.383545083686996"
"3801","Ob","-0.125827278533633","6.02980337032151"
"3802","Obando","-0.128450740761689","-0.668455462026859"
"3803","Obidos","-0.128226252226442","-0.410199972372739"
"3804","Obihiro","-0.110382423479997","0.0855380038916791"
"3805","Obninsk","-0.126221834873193","0.721077101854892"
"3806","Obo","-0.129115872841346","-0.786625597928258"
"3807","Obock","-0.129788013322166","-0.757824240371868"
"3808","Obuasi","-0.109316506005146","-0.544962854117776"
"3809","Ocala","-0.082566421272856","0.284384029383701"
"3810","Ocana","-0.124085527674196","-0.633047907495339"
"3811","Oceanside","-0.0206655991119211","0.6303327641159"
"3812","Ocumare del Tuy","-0.122810750153089","-0.13856489091939"
"3813","Odense","-0.10443759799253","0.233562488856403"
"3814","Odessa1","-0.106484705894387","0.723181615775303"
"3815","Odessa2","-0.0807240136455784","0.378558625300648"
"3816","Odienne","-0.128472936535846","-0.633168190863212"
"3817","Ogbomosho","-0.103485044638841","-0.763226059511636"
"3818","Ogden","-0.0517584710449603","-0.0179369616507976"
"3819","Oita","-0.0967999174495031","0.0535704443035544"
"3820","Ojinaga","-0.125223403654611","-0.291780787597412"
"3821","Okahandja","-0.1273541175788","-0.711974439191584"
"3822","Okara","2.57406243762849","-0.694308761846129"
"3823","Okayama","-0.0591123644421127","0.0754166576552608"
"3824","Okha","-0.125270562536081","-0.17254894749973"
"3825","Oklahoma City","0.034969957377958","2.1546348903648"
"3826","Oktyabrsk","-0.128264244669273","-0.407843846707319"
"3827","Oktyabrskiy","-0.123564381210973","-0.0122105425567495"
"3828","Olavarria","-0.120835993934317","0.813240948473758"
"3829","Olbia","-0.123375395177015","0.82835704091872"
"3830","Oldenburg","-0.10393306039144","-0.520322360655502"
"3831","Olgiy","-0.126924791953019","-0.768255608222673"
"3832","Olinda","-0.0914942727242207","1.25042429067653"
"3833","Olmaliq","-0.119327848972481","-0.405381260020571"
"3834","Olmos","-0.129117201161773","-0.646981733570088"
"3835","Olomouc","-0.118875322801071","0.274373862424997"
"3836","Olongapo","-0.0786515962492407","-0.639941473092556"
"3837","Olovyannaya","-0.129313338802267","-0.685490876829146"
"3838","Olsztyn","-0.115269777763964","0.222812499296619"
"3839","Olympia","-0.0924570990353979","0.146662414846477"
"3840","Omagh","-0.126816978629652","-0.281229265058455"
"3841","Omaha","-0.000226211691994858","2.34777457079903"
"3842","Omdurman","-0.0634958849475849","0.220691685945065"
"3843","Ometepec","-0.124497144461404","-0.623665086339493"
"3844","Omsk","-0.0493569646480376","1.666910100491"
"3845","Omutninsk","-0.12532560417679","-0.577045496268436"
"3846","Ondjiva","-0.129802468745273","-0.291618522471028"
"3847","Ondo","-0.0952982642357659","-0.743346300145379"
"3848","Ondorhaan","-0.127869418219787","-0.741227189119279"
"3849","Onega","-0.126406442361781","-0.470386908677195"
"3850","Ongjin","-0.123070762819107","-0.783456201690572"
"3851","Ongole","-0.107817796523363","-0.574117946861623"
"3852","Ongwediva","-0.128539046078769","-0.556029567360672"
"3853","Onitsha","0.00868644809920011","-0.653128484968131"
"3854","Ontario","-0.127074971209051","-0.219910376154137"
"3855","Oostanay","-0.117607083710329","0.304561009413079"
"3856","Opobo","-0.128452513671333","-0.580893084223591"
"3857","Opole","-0.109096480974362","-0.153569332261003"
"3858","Oradea","-0.115561832163355","0.538373432464685"
"3859","Oral","-0.11576606673949","-0.11348688641056"
"3860","Oran","-0.0541113027331595","5.90800784417073"
"3861","Orange","-0.121336899040523","-0.539779441993712"
"3862","Orange Walk","-0.127489146181238","-0.428541915261112"
"3863","Orangeburg","-0.12080382903592","0.507081870336728"
"3864","Orangeville","-0.12674820055866","-0.0172150684239812"
"3865","Oranjemund","-0.129852904708672","-0.613779534965885"
"3866","Oranjestad","-0.119847073490724","-0.205872019253854"
"3867","Ordu","-0.104376885405605","-0.315679699835775"
"3868","Orebro","-0.113423904609077","0.737069245830726"
"3869","Orekhovo-Zuevo","-0.122406699421559","0.0375507628677357"
"3870","Orel","-0.109738124829451","0.196494751476162"
"3871","Orenburg","-0.0974616900518487","1.29769950391882"
"3872","Orillia","-0.119814387924546","-0.0505142915367437"
"3873","Oriximina","-0.127783742903823","-0.466765110736654"
"3874","Orizaba","-0.105485031215052","-0.360926277298966"
"3875","Orlando","0.231012149716998","1.98489347227331"
"3876","Orleans","-0.0873934271582694","0.633184306701685"
"3877","Orlu","0.677576978888505","-0.700294395511954"
"3878","Ormac","-0.109796462441821","-0.751007257973591"
"3879","Ornskoldsvik","-0.118676609087063","0.0782428074430479"
"3880","Orocue","-0.129996742044512","-0.670092257336545"
"3881","Orongen Zizhiqi","-0.125481362588988","-0.755562643364614"
"3882","Orsha","-0.120587574744959","-0.180711402365056"
"3883","Orsk","-0.122053658113073","-0.00539798084300263"
"3884","Orumiyeh","-0.104347503036107","0.165163384421624"
"3885","Oruro","-0.120111008896201","-0.303309503926824"
"3886","Osaka","0.610200798319333","1.11394057504161"
"3887","Osakarovka","-0.129162657430027","-0.623081802617278"
"3888","Osh","-0.0863045922458908","-0.449403621524964"
"3889","Oshawa","-0.0493667364954642","1.05116134289307"
"3890","Oshikango","-0.129380768474514","-0.601226710364926"
"3891","Oshkosh","-0.114263460841876","0.385236673814195"
"3892","Oshogbo","-0.0935917899553373","-0.666992266382191"
"3893","Osijek","-0.118737707054526","0.0941198259630998"
"3894","Oskemen","-0.11365586318504","0.117729723551299"
"3895","Oslo","-0.0368495848897116","2.00138369255037"
"3896","OsnabrÌùck","-0.094666036163117","-0.366472458999132"
"3897","Osorio","-0.126203527191926","0.145834746890167"
"3898","Osorno","-0.118437961546043","0.0161324524768639"
"3899","Ostersund","-0.119033406652451","0.393426365886836"
"3900","Ostrava","-0.0567925071897936","0.278278348262828"
"3901","Otar","-0.125758157319066","-0.531865167414206"
"3902","Otaru","-0.119723547856314","-0.336560772397424"
"3903","Otjiwarongo","-0.126700045668376","-0.656433602118797"
"3904","Otradnyy","-0.124578102692218","0.355085900293521"
"3905","Otsu","-0.0920406106102053","0.0309344806195863"
"3906","Ottawa","1.0047182386969e-05","1.35039453537666"
"3907","Ottumwa","-0.122545792270775","-0.0826004509330703"
"3908","Oturkpo","-0.124289691465797","-0.68873641526965"
"3909","Otuzco","-0.129999329959979","-0.764349708248344"
"3910","Ouadda","-0.130218642196761","-0.786625597928258"
"3911","Ouagadougou","-0.0692330968833568","-0.0422222561938043"
"3912","Ouahigouya","-0.125702287424111","-0.65616034001097"
"3913","Ouargla","-0.117622599795132","1.40256009268168"
"3914","Oudtshoorn","-0.123405166788275","-0.384912563066921"
"3915","Ouesso","-0.127119977721821","-0.748610389091961"
"3916","Ouezzane","-0.122045751869301","-0.583177535285207"
"3917","Ouidah","0.100649435100706","-0.775299935515509"
"3918","Oujda","-0.112347499787186","1.15656821995877"
"3919","Oulu","-0.0937196132959597","1.06260714658984"
"3920","Oum Hadjer","-0.129575792437587","-0.786625597928258"
"3921","Ourense","-0.123362263943859","0.614191180092405"
"3922","Ourinhos","-0.114923567793081","0.0522960861473675"
"3923","Outjo","-0.128772885111527","-0.729627221756808"
"3924","Ouyen","-0.130073977410887","-0.712800520098017"
"3925","Ovalle","-0.127379756527699","0.276907051384556"
"3926","Oviedo","-0.111989951574187","0.806882454597158"
"3927","Owando","-0.127118819039423","-0.628721437963785"
"3928","Owensboro","-0.113030605473957","0.543172842858911"
"3929","Owo","-0.12670494357041","-0.748108929586432"
"3930","Oxford","-0.106125126420728","0.00969237565804743"
"3931","Oxford House","-0.130309544643021","-0.676485194484754"
"3932","Oyem","-0.126235200067382","-0.744415253299199"
"3933","Oyo","-0.0812273950334318","-0.76855714501805"
"3934","Oytal","-0.12081063685146","-0.660534871417784"
"3935","Ozamis","-0.124084127737417","-0.737681821570511"
"3936","Paarl","-0.111030662949665","-0.0507804011968203"
"3937","Pabna","1.16022392402966","-0.757653439490752"
"3938","Pacasmayo","-0.127804109322261","-0.422855579899709"
"3939","Pachuca","-0.0979699291787152","-0.189542477053296"
"3940","Padang","-0.0884014167150382","-0.392869730886286"
"3941","Padangpanjang","-0.128446397983891","-0.666083069100223"
"3942","Padangsidempuan","-0.124022703095456","-0.68464802466593"
"3943","Padilla","-0.129810358420928","-0.781163637439657"
"3944","Paducah","-0.115355945511984","0.440919305214646"
"3945","Pagadian","-0.114651754977568","-0.759312734985571"
"3946","Pago Pago","-0.125501394517036","-0.683799017322793"
"3947","Paita","-0.128453992646851","0.269129906492873"
"3948","Pakalongan","0.0428924115966536","-0.622385237848599"
"3949","Pakanbaru","-0.0952572066828786","0.132063700660686"
"3950","Pakokku","-0.120940919970413","-0.687282441671551"
"3951","Pakwach","-0.117173231263358","-0.786411245768854"
"3952","Pakxe","-0.125092712604211","-0.548616650415251"
"3953","Pala","-0.130219368408192","-0.786614817771137"
"3954","Palangkaraya","-0.117392180657038","-0.539178572043156"
"3955","Palapye","-0.126752084744675","-0.67108399193531"
"3956","Palatka","-0.123105889181738","-0.0439214289975517"
"3957","Palembang","-0.0625954468197937","-0.0161792824678786"
"3958","Palermo","-0.0604531179166721","0.679799564555516"
"3959","Pali","-0.107666428538852","-0.501985908101831"
"3960","Pallasovka","-0.128289706122979","-0.679228839125674"
"3961","Palm Coast","-0.112092570603101","-0.174705405133609"
"3962","Palm Springs","-0.0519237580172784","0.944688826176345"
"3963","Palma","-0.0959749907440681","1.10318621037137"
"3964","Palma Soriano","-0.125862565695622","-0.460445542475222"
"3965","Palmas","-0.127458976216177","-0.49320390327999"
"3966","Palmeira dos Indios","-0.127162134497253","-0.168014102608945"
"3967","Palmer","-0.128098560979677","-0.0192236730600672"
"3968","Palmerston North","-0.120432794304147","-0.13647521805997"
"3969","Palopo","-0.129112038442863","-0.776486546836881"
"3970","Palu","-0.0302173304275511","-0.625680382320998"
"3971","Pampa del Infierno","-0.12904796087447","-0.28342947379699"
"3972","Pamplona1","-0.128462394926815","-0.664789666345534"
"3973","Pamplona2","-0.106916859514413","1.11816967691869"
"3974","Panama City1","-0.0897781819982069","1.07665331005978"
"3975","Panama City2","-0.0981952954807424","0.562576800919563"
"3976","Panda","-0.130235286166516","-0.757548796070463"
"3977","Panevezy","-0.119876832459038","-0.158916746687665"
"3978","Pangkalpinang","-0.113411700962476","-0.566357551780109"
"3979","Panipat","1.12278225728339","-0.468856885364827"
"3980","Panshi","-0.119192444723184","-0.44835389526591"
"3981","Panuco","-0.126944679351628","-0.453191073157837"
"3982","Panzhihua","-0.111585656521037","-0.314428890068266"
"3983","Papasquiaro","-0.130236486967999","-0.780049059617869"
"3984","Paracatu","-0.124513111941043","-0.429628722726023"
"3985","Parachinar","-0.125642058854956","-0.767247501810419"
"3986","Paracuru","-0.129554224121202","-0.326039103553408"
"3987","Paragominas","-0.127123017689382","-0.731599742454865"
"3988","Paragould","-0.122530079953395","0.132308449487312"
"3989","Paraguari","-0.129037669867606","-0.270018130276956"
"3990","Paraiso","-0.129386546049909","0.355279263018798"
"3991","Parakou","-0.121264467624421","-0.615717322862967"
"3992","Paramaribo","-0.103358217904803","0.631607722777454"
"3993","Parana","-0.112872899134954","2.38638329071442"
"3994","Paranagua","-0.120430329688459","0.476940619115302"
"3995","Paranaiba","-0.125847093144722","-0.324989591760553"
"3996","Parbhani","-0.101153814410398","-0.546438510248624"
"3997","Pardubice","-0.117402502295286","0.0118786440936268"
"3998","Parepare","-0.120063062386934","-0.620346811687499"
"3999","Paris","0.494628323800965","2.25413794189639"
"4000","Parkersburg","-0.113561600642687","0.139820599943151"
"4001","Parkes","-0.127833319537566","-0.651449697176624"
"4002","Parma","-0.114159051253614","1.55588815518193"
"4003","Parnaiba","-0.12314499506425","0.533651916194033"
"4004","Parnu","-0.123059152210421","0.117756060000571"
"4005","Parowan","-0.129208439938389","-0.736036806843738"
"4006","Parras","-0.127032628918796","-0.570099793938171"
"4007","Parry Sound","-0.127932723302062","-0.439744986113518"
"4008","Partizansk","-0.118251088216429","-0.693998043216595"
"4009","Pasadena1","0.00419028138917687","3.97619102922373"
"4010","Pasadena2","0.173258505435077","2.60224609389602"
"4011","Pasay City","0.139182677705038","0.157529245591636"
"4012","Paso de los Toros","-0.128570668649067","-0.327799098971276"
"4013","Paso Rio Mayo","-0.130126501708266","-0.624128043800594"
"4014","Paso Robles","-0.124294609017087","-0.255630107685347"
"4015","Passau","-0.119523476971702","-0.568144334026269"
"4016","Passo Fundo","-0.111084590767344","-0.134963617394121"
"4017","Passos","-0.120072534145206","-0.414440312278657"
"4018","Pasto","-0.121367601077316","-0.496158582661013"
"4019","Pasuruan","0.0336711474081356","-0.433247603926253"
"4020","Paterson","0.198100489527221","1.15655981288376"
"4021","Pathankot","0.409949498145206","-0.624839460353575"
"4022","Pathein","-0.124499244599546","-0.636611434969532"
"4023","Pathum Thani","-0.0224200702430147","1.04278600887833"
"4024","Pati","0.777231551131293","-0.696781160361495"
"4025","Patiala","0.960092501510948","-0.575428721378454"
"4026","Pativilca","-0.113034436040312","-0.743917367336715"
"4027","Patna","6.29559480435828","-0.678841824145743"
"4028","Patos","-0.120772774916788","-0.0857460695713231"
"4029","Patra","-0.113492878283337","0.321999341863972"
"4030","Pavlodar","-0.111460304392405","1.38180165189279"
"4031","Paysandu","-0.124055340893124","0.439203832979748"
"4032","Peace River","-0.129072562090556","-0.189889869402909"
"4033","Pec1","-0.11979722288141","-0.525697720027932"
"4034","Pec2","-0.120327647180553","-0.0204626871866144"
"4035","Pechora","-0.127711188370797","0.0597426099462135"
"4036","Pecos","-0.127215897613586","-0.169022179532096"
"4037","Pecs","-0.114515586503546","-0.146422932461441"
"4038","Pedreiras","-0.120952485650402","-0.412697173904053"
"4039","Pedro Juan Caballero","-0.115898892981921","0.553249065407001"
"4040","Pedro Luro","-0.128549590237877","-0.277076212895649"
"4041","Pelotas","-0.110794364717123","0.508737034676388"
"4042","Pematangsiantar","-0.112538309974479","-0.614893794104306"
"4043","Pemba","-0.117061050305346","-0.567036465980586"
"4044","Penapolis","-0.122389356781634","-0.211965046868974"
"4045","Pendleton","-0.126233896225591","-0.319480770072304"
"4046","Penedo","-0.123685491262214","-0.466816239478565"
"4047","Penola","-0.12973097509088","-0.765540409842261"
"4048","Penonome","-0.126716567596186","-0.568144419812748"
"4049","Pensacola","-0.0609738176270953","1.04116704643312"
"4050","Penticton","-0.125367139894577","-0.108681771215427"
"4051","Penza","-0.09568323234692","0.858118944326848"
"4052","Penzance","-0.126862823730556","-0.59668603199352"
"4053","Peoria","-0.084213545448269","0.959794795816698"
"4054","Perabumulih","-0.12248582999601","-0.228283222360969"
"4055","Pereira","-0.110591851560778","-0.0884260820909133"
"4056","Pergamino","-0.120293741546021","0.856900776314871"
"4057","Perito Moreno","-0.128906256502076","-0.372622234370585"
"4058","Perm","-0.0540653407255163","1.38048174111587"
"4059","Pernik","-0.122571629997505","-0.448398118196204"
"4060","Perpignan","-0.108675201054495","1.45184871460292"
"4061","Perth1","-0.124752315538685","-0.0499439830195823"
"4062","Perth2","0.0917705434001356","0.987569541208663"
"4063","Perugia","-0.102960464318852","-0.00876578646371855"
"4064","Pervouralsk","-0.119216988584862","0.178992079165483"
"4065","Pescara","-0.0951155413878124","1.39086310617231"
"4066","Peshawar","0.937369970301856","-0.67128986876332"
"4067","Petatlan","-0.128325370431451","-0.663651762308642"
"4068","Peterborough1","-0.113224044042211","0.235133668232412"
"4069","Peterborough2","-0.129505963050719","-0.768736225634872"
"4070","Petersburg","-0.0881352023798633","0.504139565655406"
"4071","Peto","-0.129397338494216","-0.501197766266054"
"4072","Petoskey","-0.128090071331337","-0.456122675975817"
"4073","Petrolina","-0.122357713682687","1.17078852998253"
"4074","Petropavlovsk","-0.118362017513502","1.40287235546785"
"4075","Petropavlovsk Kamchatskiy","-0.117152713369258","0.38234429686407"
"4076","Petropolis","-0.106469173711932","-0.131301649934453"
"4077","Petrovsk Zabaykalskiy","-0.124017897521492","-0.697942725381824"
"4078","Petrozavodsk","-0.117337092448176","1.31441534263754"
"4079","Phan Rang","-0.115906532174683","-0.463153071008181"
"4080","Phan Thiet","-0.0915252371183984","11.8227268886159"
"4081","Phayao","-0.12980986093992","-0.541439388929611"
"4082","Phetchaburi","-0.117499394858181","-0.0479424128748381"
"4083","Philadelphia","0.825341542178251","1.45255267845548"
"4084","Phitsanulok","-0.108809657039568","-0.102174051757356"
"4085","Phnom Penh","-0.0102454336156194","-0.469512186836763"
"4086","Phoenix","0.41916210067256","2.42337236189276"
"4087","Phrae","-0.10832597650882","-0.537013793120745"
"4088","Phuket","-0.11574875230289","0.191253111778992"
"4089","Phyarpon","-0.127461281245937","-0.75368184449834"
"4090","Pichilemu","-0.127687145753367","-0.514655198572316"
"4091","Picos","-0.12714333111446","0.238845306063841"
"4092","Piedras Negras","-0.118391863670555","0.631916039385552"
"4093","Pierre","-0.127253313346324","0.169351051428995"
"4094","Pietermaritzburg","-0.0933816783128492","-0.161921117887064"
"4095","Pijijiapan","-0.128518618586579","-0.494522055434077"
"4096","Pilar","-0.127072885172812","-0.110775218679954"
"4097","Pilibhit","0.646117581270352","-0.708924145417262"
"4098","Pimentel","-0.128460081117677","-0.489569280260732"
"4099","Pinar del Rio","-0.118960565127233","-0.556704213683785"
"4100","Pindamonhangaba","-0.0997582150810476","0.00160897303378088"
"4101","Pine Bluff","-0.11353212492081","0.415095087012002"
"4102","Pingdingshan","1.18311956260841","-0.624265988459978"
"4103","Pingdu","0.162383057363382","-0.61068934511684"
"4104","Pingliang","-0.115605543790678","-0.549348537766954"
"4105","Pingtung","-0.0643831013412021","0.283463368883387"
"4106","Pingxiang1","-0.127562222504012","-0.644578210874625"
"4107","Pingxiang2","-0.0911273288261133","-0.546703461791228"
"4108","Pingyi","0.153002903662689","-0.669248214885922"
"4109","Pinheiro","-0.127785024698615","-0.349214192369161"
"4110","Pinrang","-0.107474475707765","-0.754268355936853"
"4111","Pinsk","-0.122218741392124","-0.460222368948239"
"4112","Piracicaba","-0.103034189343715","0.940412198589504"
"4113","PiraiÌ©vs","-0.08671440145746","3.45179715174094"
"4114","Pirapora","-0.119653349681224","-0.465483417836446"
"4115","Pirassununga","-0.12365495647837","-0.142235394133789"
"4116","Pires do Rio","-0.127053644102532","-0.586683993303768"
"4117","Pirgos","-0.124629552145288","-0.411761801022462"
"4118","Piripiri","-0.126465668735647","-0.423749861057516"
"4119","Pisa","-0.0887337044209743","0.411742208238755"
"4120","Pisco","-0.128071370271977","0.100487241633596"
"4121","Pitesti","-0.114329428751495","0.0861924689454359"
"4122","Pittsburgh","0.206514483755251","0.578881293468042"
"4123","Pittsfield","-0.116640565164002","-0.337066869734513"
"4124","Piura","-0.117214512634032","0.539810784932336"
"4125","Pizen","-0.115737647795965","0.286569525740967"
"4126","Placetas","-0.128591878965114","-0.644824203605213"
"4127","Plast","-0.125756250245797","-0.543909181680655"
"4128","Plattsburg","-0.124737155756775","0.350724773024157"
"4129","Play Ku","-0.117545434934939","-0.507835924066534"
"4130","Pleven","-0.123483301451291","-0.168849534241666"
"4131","Plock","-0.11524575797414","0.90839411076483"
"4132","Ploiesti","-0.113559559811021","0.488139529323437"
"4133","Plovdiv","-0.117232950847966","0.649689711185662"
"4134","Plumtree","-0.130022547316618","-0.768419418846106"
"4135","Plymouth","-0.108113685378449","0.354067014273922"
"4136","Pocatello","-0.116735349847405","-0.213529577792807"
"4137","Pochutla","-0.12724016757866","-0.607129710204164"
"4138","Pocos de Caldas","-0.11376660331867","-0.378652251816353"
"4139","Podgorica","-0.11975893949526","0.861435964351575"
"4140","Podolsk","-0.106029020832812","2.31887104690695"
"4141","Poffader","-0.130049962745007","-0.737867173983249"
"4142","Pohang","-0.0980769063775614","1.20680375304313"
"4143","Pointe-a-Pitre","-0.114884574510804","0.313075060165527"
"4144","Pointe-Noire","-0.107503684045948","0.52126460588238"
"4145","Poitier","-0.111598312487402","-0.0163377300959153"
"4146","Pokrovsk","-0.129477030985849","-0.1833512239189"
"4147","Pol-e Khomri","-0.127198505692153","-0.663220234869047"
"4148","Polatli","-0.125979514697207","-0.116185729062448"
"4149","Polatsk","-0.121202147628481","-0.267535598233673"
"4150","Polevskoy","-0.127598402912762","-0.177350845701874"
"4151","Polokwane","-0.11827226294239","0.0219758843292475"
"4152","Polson","-0.128787195667365","-0.625407538422258"
"4153","Poltava","-0.109480453576314","-0.312951775567264"
"4154","Polyarnyy","-0.128370136660764","-0.00111225988931314"
"4155","Ponca City","-0.122952648103138","0.0291165793279097"
"4156","Ponce","-0.109158530311069","0.680920793845414"
"4157","Pondicherry","1.5178544063028","-0.656055819908744"
"4158","Ponta Grossa","-0.10211394532478","0.0908064089705206"
"4159","Ponta Pora","-0.119191461826694","0.586487894838046"
"4160","Ponte Nova","-0.121713249714173","-0.441371154623028"
"4161","Pontes e Lacerda","-0.127018641119537","-0.349891090587366"
"4162","Pontiac","0.182531734293698","1.22119409186969"
"4163","Pontianak","-0.0948130491423704","-0.317324140865465"
"4164","Popayan","-0.122036980210319","-0.391739193763339"
"4165","Poplar Bluff","-0.124560017535175","0.0908586529366707"
"4166","Popondetta","-0.128250165598172","-0.752016002422788"
"4167","Porbandar","-0.106333774104907","-0.598025566427677"
"4168","Pori","-0.112393901430554","0.891887419483659"
"4169","Porlamar","-0.108706218309742","0.665728523006458"
"4170","Poronaysk","-0.127670744108293","-0.257130513215592"
"4171","Port Alfred","-0.130252728975691","-0.62060420329658"
"4172","Port Arthur","-0.116005166103064","2.42658901173621"
"4173","Port Augusta","-0.128002255304019","-0.531241006434407"
"4174","Port Blair","-0.123065200040765","-0.438653782091521"
"4175","Port Charlotte","-0.107305963970131","0.213485707435337"
"4176","Port Douglas","-0.130012984148131","-0.674455422034797"
"4177","Port Elizabeth","-0.0747586082301999","0.796137698012635"
"4178","Port Harcourt","0.103958225568704","-0.30593624304251"
"4179","Port Hardy","-0.12987293427512","-0.590093941532648"
"4180","Port Hedland","-0.1296063928032","0.793880827304249"
"4181","Port Hope Simpson","-0.130302076360056","-0.743965453339424"
"4182","Port Lavaca","-0.127320264314963","0.139096733627301"
"4183","Port Lincoln","-0.128428710730676","-0.550221136392013"
"4184","Port Louis","-0.0911356164109576","-0.259245836232447"
"4185","Port Macquarie","-0.122480345262825","-0.475165837549394"
"4186","Port Moresby","-0.107291837706568","0.202074046757502"
"4187","Port Pirie","-0.126719527957966","-0.55240858439169"
"4188","Port Shepstone","-0.1281469172774","-0.583750052804217"
"4189","Port Sudan","-0.113321445486491","-0.00767715603611285"
"4190","Port-au-Prince","-0.0336106836208228","-0.510963870689965"
"4191","Port-Gentil","-0.125570178775301","0.297031015369463"
"4192","Port-of-Spain","-0.101501298502303","1.92476916009904"
"4193","Port-Vila","-0.128749576885788","-0.693295366161235"
"4194","Portachuelo","-0.128957622078554","-0.619859019040521"
"4195","Portel","-0.130216631501147","-0.153249520264619"
"4196","Portimao","-0.116077598483656","0.914846283477289"
"4197","Portland1","-0.0980532112581936","0.248998650657191"
"4198","Portland2","0.159314854410889","1.13581441163978"
"4199","Portland3","-0.127472530293316","-0.538382923890404"
"4200","Porto","0.304757024252519","0.927576482348366"
"4201","Porto Alegre","0.0737556942516897","1.76497451275774"
"4202","Porto Nacional","-0.128480070638445","-0.310222864754235"
"4203","Porto Santana","-0.126676160145312","0.393886953496436"
"4204","Porto Seguro","-0.125763527830277","0.0476260417645451"
"4205","Porto Uniao","-0.120090044401857","-0.505108750429719"
"4206","Porto Velho","-0.105280808636108","1.39854562857686"
"4207","Porto-Novo","-0.0422701138753228","-0.690628285953462"
"4208","Portoviejo","-0.120039713098691","0.51102753368482"
"4209","Portsmouth","-0.0451510239772359","0.175352845122935"
"4210","Porvoo","-0.123811035501866","0.514004324530989"
"4211","Posadas","-0.110343575164372","1.41516881789748"
"4212","Poso","-0.127119653098319","-0.66269826703321"
"4213","Potchefstroom","-0.119735098283907","-0.325840507852864"
"4214","Poti","-0.124001114549304","-0.164333819735857"
"4215","Potiskum","-0.12393433678291","-0.715864545070749"
"4216","Potosi","-0.126053242129049","-0.506957127368316"
"4217","Potsdam","-0.100781480927487","0.00031848701940381"
"4218","Poughkeepsie","-0.0795251256929912","-0.0272112521864889"
"4219","Pouso Alegre","-0.112790046457282","-0.12790176017032"
"4220","Powell","-0.128539610916208","-0.5343201619975"
"4221","Powell River","-0.128856936297782","-0.526218958678691"
"4222","Poza Rica de Hidalgo","-0.116115587818531","1.66662666196202"
"4223","Poznan","-0.0686353419196537","1.17983814572785"
"4224","Prachin Buri","-0.124852780012358","-0.396824702067426"
"4225","Prague","-0.0484196301583963","1.11756076448566"
"4226","Praia","-0.120808487911211","-0.354669611973787"
"4227","Praya","0.271280772760436","-0.714260300368462"
"4228","Prescott","-0.115613906916413","-0.504431444725736"
"4229","Presidencia Roque Saenz Pena","-0.121722959652358","1.34143774060239"
"4230","Presidente Prudente","-0.10455924578223","0.254028998254822"
"4231","Presov","-0.120489477441812","-0.30473690516283"
"4232","Pretoria","-0.000371741975804966","0.652845281055565"
"4233","Price","-0.12752364084373","-0.57384924216053"
"4234","Prieska","-0.1288945833373","-0.584308394107453"
"4235","Prijedor","-0.123347017691897","-0.52884797113609"
"4236","Prince Albert","-0.122282076539548","0.331628273706817"
"4237","Prince George","-0.110191301395022","0.214883598122321"
"4238","Principe da Beira","-0.130005333606158","-0.778509493900046"
"4239","Pristina","-0.119796661059788","-0.138816459771158"
"4240","Prizren","-0.122854289663884","-0.354213656834092"
"4241","Probolinggo","0.245595862317592","-0.632889835183151"
"4242","Proddatur","-0.10730909879364","-0.659996196665023"
"4243","Progreso","-0.127546156141363","-0.0997522565417131"
"4244","Progress","-0.13029372628615","-0.739749522367813"
"4245","Prokopyevsk","-0.100470993422764","-0.130380946540894"
"4246","Proserpine","-0.129191421811737","-0.671107744066881"
"4247","Providence","0.0737649307142894","0.686728023803358"
"4248","Provideniya","-0.130051501102336","-0.738965476836442"
"4249","Provo","-0.0720915422816152","0.146514518955449"
"4250","Przemysl","-0.114025723833924","-0.462091806467606"
"4251","Pskov","-0.116041256747144","0.422009048344767"
"4252","Pucallpa","-0.115328789996357","0.029079433782189"
"4253","Puebla","0.0180412068868483","0.147034813954927"
"4254","Pueblo","-0.105989933453229","-0.0216469695391048"
"4255","Puerto Aisen","-0.12777862908155","-0.615325310820591"
"4256","Puerto Armuelles","-0.127809233988012","-0.679650694139681"
"4257","Puerto Ayacucho","-0.12184903051482","-0.0763896813745393"
"4258","Puerto Barrios","-0.126813247929763","-0.319134106907769"
"4259","Puerto Berrio","-0.128238851758422","-0.559097463448302"
"4260","Puerto Cabezas","-0.127644902767428","-0.631381515850152"
"4261","Puerto Carreno","-0.128897661061294","-0.591818292668194"
"4262","Puerto Deseado","-0.129088861408692","0.189599148450053"
"4263","Puerto Escondido","-0.126816027385055","-0.472196424340479"
"4264","Puerto la Cruz","-0.103088457862638","3.16426900969583"
"4265","Puerto Lempira","-0.130010448733357","-0.77589857970904"
"4266","Puerto Limon","-0.126731693739122","-0.214632448776046"
"4267","Puerto Lopez","-0.128892707756466","-0.570589527504254"
"4268","Puerto Madryn","-0.124553349392132","1.73680617899684"
"4269","Puerto Maldonado","-0.124603568520618","-0.401201742728772"
"4270","Puerto Montt","-0.120097082144517","0.170238941494063"
"4271","Puerto Natales","-0.129885048369574","-0.190602111650756"
"4272","Puerto Princesa","-0.121275356284247","-0.638639438073345"
"4273","Puerto San Julian","-0.129710826168","0.316528566479479"
"4274","Puerto Vallarta","-0.116750318260507","0.221533079738124"
"4275","Puerto Varas","-0.128264895068041","-0.338577312282885"
"4276","Pugachev","-0.125906003590795","-0.383739004024396"
"4277","Pukatawagan","-0.130186393695686","-0.672144109081719"
"4278","Pula","-0.124912242477669","0.447498356130602"
"4279","Punata","-0.127902996532207","-0.669456976284312"
"4280","Pune","0.193276445910174","-0.225654981981888"
"4281","Puno","-0.126176026646412","-0.665426448661162"
"4282","Punta Alta","-0.124030397751705","0.166918661583109"
"4283","Punta Arenas","-0.122807825639001","0.554734887235695"
"4284","Punta del Este","-0.130255660208415","-0.159921821084026"
"4285","Punta Gorda","-0.12958653054055","-0.640561537767949"
"4286","Punta Prieta","-0.130243510893019","-0.779354864030484"
"4287","Puntarenas","-0.122807383373641","-0.264340823942543"
"4288","Punto Fijo","-0.108324117296697","8.67383738346453"
"4289","Puqi","-0.105765351867907","-0.627500117298678"
"4290","Puquio","-0.129366667693978","-0.764022050810307"
"4291","Puri","0.229293599648283","-0.688037126780238"
"4292","Purnia","2.10181076523916","-0.731877551246117"
"4293","Pursat","-0.128492594538095","-0.741015226812864"
"4294","Putian","0.0740091275966676","-0.0516530212685055"
"4295","Putrajaya","0.0780169329554654","1.70146386508314"
"4296","Puyang","1.34229247592999","-0.644405544137575"
"4297","Pyatigorsk","-0.126278942919206","-0.458667317430414"
"4298","Pyay","-0.125823714819472","-0.546239099576522"
"4299","Pyongsan","-0.125727253266199","-0.774640340698346"
"4300","Pyongyang","-0.0146059585888244","-0.688969464965109"
"4301","Pyu","-0.127705969979153","-0.737587670909022"
"4302","Qaanaq","-0.129952025878658","-0.786625597928258"
"4303","Qairouan","-0.114547392198163","-0.0301140093006638"
"4304","Qal at Bishah","-0.121067217447394","1.49421882850797"
"4305","Qaminis","-0.129681613765664","0.36150555993016"
"4306","Qapshaghay","-0.128189753154757","-0.436081688963415"
"4307","Qaraghandy","-0.107410587121751","0.475376045298227"
"4308","Qaratau","-0.127677309753887","-0.704849099972793"
"4309","Qarazhal","-0.127902371029031","-0.692394908376889"
"4310","Qarqaraly","-0.129422151402496","-0.760498601707107"
"4311","Qarshi","-0.0807228624342921","-0.39344068280204"
"4312","Qasr-e Shirin","-0.12970533919945","-0.271231923178467"
"4313","Qasserine","-0.125532323246051","-0.290924895889279"
"4314","Qazaly","-0.12997149770983","-0.716954708931679"
"4315","Qazvin","-0.119504759819393","0.121691686330534"
"4316","Qena","-0.117492585034957","1.79858822910515"
"4317","Qingan","-0.118859985580254","-0.510316096981624"
"4318","Qingdao","0.300654495227498","0.0147519764452632"
"4319","Qinggang","-0.118055408245041","-0.667939231161854"
"4320","Qingyuan","-0.0548817813022379","-0.159141121225364"
"4321","Qinhuangdao","0.181721960689505","-0.408722428939338"
"4322","Qinzhou","-0.081092732182804","-0.277451871890328"
"4323","Qiqihar","-0.0947921507021997","0.677522619810872"
"4324","Qitaihe","-0.0759120930401303","-0.515653710302978"
"4325","Qom","-0.108496638281328","0.993738961683976"
"4326","Qomsheh","-0.123092349422686","-0.349931538912552"
"4327","Qoqon","0.073935425879759","-0.623455284780035"
"4328","Quang Ngai","-0.0265278975218634","-0.677396075326387"
"4329","Quang Tri","-0.122164432470646","-0.751723505377711"
"4330","Quanzhou","0.381661810717756","0.320809483390301"
"4331","Quarai","-0.127947714203849","-0.248725068146468"
"4332","Quchan","-0.122102884633813","-0.476087398807751"
"4333","Queanbeyan","-0.12391237955771","-0.273513200140334"
"4334","Quebec","-0.0306834772141122","1.96507353557252"
"4335","Queenstown1","-0.125158295119283","-0.556249974273685"
"4336","Queenstown2","-0.130280343824899","-0.617280245290306"
"4337","Queenstown3","-0.129942085993465","-0.767002511709313"
"4338","Quelimane","-0.126009478771987","-0.395552917505625"
"4339","Quellon","-0.129137497372847","-0.555103180612832"
"4340","Queretaro","-0.0889451351600172","0.699259198041498"
"4341","Quesada","-0.128913311789988","-0.589291494801378"
"4342","Quetta","-0.0955088670184858","-0.346153931278226"
"4343","Quetzaltenango","-0.0283511607855321","-0.672347058446109"
"4344","Quezon City","0.769560606647112","-0.469990167655125"
"4345","Qui Nhon","-0.0412216128776555","-0.696719184991554"
"4346","Quibala","-0.13000277705171","-0.779201054234007"
"4347","Quibdo","-0.125813344952756","-0.658341461257767"
"4348","Quiemo","-0.128338708344431","-0.724537445575355"
"4349","Quillacollo","-0.106294306848838","-0.0316090960691662"
"4350","Quillota","-0.121670234616096","-0.160821678363015"
"4351","Quilon","0.380998685735017","-0.721951739205248"
"4352","Quime","-0.130014042927126","-0.783348830863414"
"4353","Quincy","-0.117813224103065","0.326515828448098"
"4354","Quinhagak","-0.13021259405482","-0.761234679192179"
"4355","Quipungo","-0.13022369051539","-0.786523916183555"
"4356","Quirihue","-0.12918328708481","-0.595925406171112"
"4357","Quissico","-0.130236328310426","-0.777232342991816"
"4358","Quito","-0.00210113223603701","0.0479753643099511"
"4359","Quixada","-0.129555927724425","-0.283932397034329"
"4360","Qulan","-0.12799161730811","-0.69270012594841"
"4361","Qulsary","-0.125722248917448","-0.386263185403581"
"4362","Qunghirot","-0.116444870490907","-0.723147098736931"
"4363","Qurghonteppa","-0.0791358891205585","-0.625445606172633"
"4364","Qusmuryn","-0.129213746607459","-0.471886692255462"
"4365","Quzhou","0.0219108375341989","-0.576208112993301"
"4366","Qyzylorda","-0.120331642857767","0.635432941908023"
"4367","Raba","-0.103075053426952","-0.749612806788278"
"4368","Rabat","-0.0196144871137999","0.630083554392326"
"4369","Rabaul","-0.128892895257726","-0.762268904906679"
"4370","Rach Gia","0.144033876226587","-0.740704722649529"
"4371","Racine","-0.102964882508781","0.671305845198765"
"4372","Radom","-0.102319092305555","0.233693313237974"
"4373","Rafaela","-0.121894772663945","1.84846586099613"
"4374","Rafha","-0.125806483971081","2.38239593513719"
"4375","Ragusa","-0.122260284008862","0.416945587165971"
"4376","Rahimyar Khan","0.131680848903329","-0.711030675319946"
"4377","Raichur","-0.107893160368486","-0.339794407963866"
"4378","Raipur","0.0642592504913723","-0.00232510913954897"
"4379","Rajahmundry","0.919940103682737","-0.719242859535234"
"4380","Rajapalaiyam","-0.0784723340893061","-0.62316599132381"
"4381","Rajkot","-0.0929013752451637","0.000703067807969565"
"4382","Rajshahi","10.1891563021747","-0.740019277953282"
"4383","Raleigh","0.0483853205984413","1.10387610524125"
"4384","Rampur","1.30599952991808","-0.618154066372701"
"4385","Rancagua","-0.121244886706743","1.07486654926024"
"4386","Ranchi","0.112658224754826","-0.472198676235572"
"4387","Rangoon","-0.0411854345075709","0.232371429372018"
"4388","Rangpur","1.43212537501315","-0.765939796841065"
"4389","Rankin Inlet","-0.129415898444859","-0.370702847673403"
"4390","Rapid City","-0.111396928718459","0.326427897306388"
"4391","Ras al Khaymah","-0.116255167274776","2.23162070670034"
"4392","Rashid","-0.119256188573894","0.124893752472439"
"4393","Rasht","-0.100362187150512","0.280730383212571"
"4394","Ratchaburi","-0.119674337033058","0.14909952294875"
"4395","Ratlam","-0.0942022990017342","-0.538630224864808"
"4396","Raton","-0.12759259728186","-0.647536235928357"
"4397","Raub","-0.125801030910427","-0.545535028490867"
"4398","Raurkela","-0.0852922289941667","-0.1661622298713"
"4399","Ravenna","-0.11294387163799","1.15974626588636"
"4400","Ravensthorpe","-0.13025269387992","-0.773850152050779"
"4401","Rawalpindi","0.739286027138686","-0.588987832109801"
"4402","Rawlins","-0.127118714815983","-0.580288932940185"
"4403","Rawson","-0.127196624328581","0.824108722870191"
"4404","Rayevskiy","-0.12781779414807","-0.574817342584133"
"4405","Rayong","-0.122661319482522","0.917951754043028"
"4406","Reading","-0.00987148615549972","0.0515253804135883"
"4407","Recife","0.0170477178038954","1.28303876610819"
"4408","Reconquista","-0.121907274857323","1.03897211356308"
"4409","Red Deer","-0.120879650018946","1.16113240382562"
"4410","Red Lake","-0.129315109409834","-0.463043092741185"
"4411","Redding","-0.104915528721927","0.023870221374352"
"4412","Regensburg","-0.102650796683865","-0.277072223824342"
"4413","Reggane","-0.12885234328976","-0.340584887481216"
"4414","Reggio di Calabria","-0.115969158138477","0.349518186186943"
"4415","Regina","-0.107432907853037","1.78823997762988"
"4416","Registro","-0.126199696776087","-0.24310356591711"
"4417","Rehoboth","-0.126976177346362","-0.698526405866507"
"4418","Reims","-0.11078696461147","0.851839545584542"
"4419","Rennes","-0.106328303399898","0.920182374088623"
"4420","Reno","-0.0727772703774698","0.310459687758399"
"4421","Resistencia","-0.0991283287848697","1.95349991002097"
"4422","Resita","-0.123700503408471","-0.448804016924984"
"4423","Revelstoke","-0.127349038490814","-0.537551781581668"
"4424","Reykjavik","-0.110907522094057","1.9901388007891"
"4425","Reynosa","-0.0959285373759739","1.99736837058076"
"4426","Rezekne","-0.124399426502926","-0.353830148376519"
"4427","Rhinelander","-0.127010743341895","-0.261161233858322"
"4428","Ribeirao Preto","-0.0820714495394357","1.1036415650057"
"4429","Riberalta","-0.125439718948716","-0.523021846705988"
"4430","Richland","-0.124124895772955","0.388995065277065"
"4431","Richmond1","0.105802140539136","0.952480640556049"
"4432","Richmond2","-0.128183110395964","-0.626116896099727"
"4433","Richmond3","-0.117965217509975","0.357862293923072"
"4434","Richmond4","-0.127106981007247","-0.429927045209238"
"4435","Richmond5","-0.130230485080449","-0.734423023757237"
"4436","Rida","-0.124432343766055","-0.760132349736094"
"4437","Ridder","-0.124318004164898","-0.523203306557209"
"4438","Riga","-0.0861001250248299","1.30916503850592"
"4439","Rigolet","-0.130307132772296","-0.76055776488901"
"4440","Rijeka","-0.111964254773931","0.266580932821052"
"4441","Rimouski","-0.121120827153874","0.333190273929499"
"4442","Rio Bueno","-0.128571991095735","-0.544427696610684"
"4443","Rio Claro","-0.102561159973103","0.152920795901252"
"4444","Rio Colorado","-0.127498538287242","-0.351570618287259"
"4445","Rio Cuarto","-0.118902269031366","0.77332638676412"
"4446","Rio de Janeiro","0.250478498753453","3.29292814051579"
"4447","Rio Gallegos","-0.122128213537027","1.21033746971562"
"4448","Rio Grande1","-0.118015434436908","0.492109470245294"
"4449","Rio Grande2","-0.125558220017136","1.20067516693217"
"4450","Rio Largo","-0.0851258761915825","-0.277329197224334"
"4451","Rio Negro","-0.12147384141368","-0.399208536765794"
"4452","Rio Tercero","-0.124233463093179","-0.00645409819479553"
"4453","Rio Verde1","-0.12344611684422","-0.569943834118046"
"4454","Rio Verde2","-0.121788641430411","0.109931046253206"
"4455","Riobamba","-0.119821104420596","-0.444904442363121"
"4456","Riohacha","-0.124364004912796","0.181065795739675"
"4457","Rivas","-0.126748985681127","-0.629957224374035"
"4458","Rivera","-0.115955479685953","0.0889839609954163"
"4459","Riverside","0.117429792634525","2.21492253999644"
"4460","Riverton","-0.12653150364694","-0.552587277628939"
"4461","Riviere-du-Loup","-0.125200530460206","0.25451875326752"
"4462","Rivne","-0.120108979408433","-0.336911424633266"
"4463","Riyadh","0.0906418116421553","8.85375427906112"
"4464","Rize","-0.0475162825724558","-0.569009126081673"
"4465","Rizhao","0.0258287109023712","-0.24153791976904"
"4466","Roanne","-0.115124775541703","0.0549212382131763"
"4467","Roanoke","-0.0679854328845897","0.304021669815097"
"4468","Robertsport","-0.129778449586768","-0.786617886902353"
"4469","Robore","-0.127913970126912","-0.69766842311293"
"4470","Rocha","-0.126407620485761","-0.146267444466954"
"4471","Rochester1","0.0167374710672067","0.724165586697655"
"4472","Rochester2","-0.108981591858461","0.673245649078118"
"4473","Rock Hill","-0.103657796142605","0.65080502120846"
"4474","Rock Island","-0.091492006807822","1.14481049662175"
"4475","Rockford","-0.0653419943094384","0.716757581028196"
"4476","Rockhampton","-0.119445884912965","-0.198377240560162"
"4477","Rocky Mount","-0.111004502513532","0.50131916356176"
"4478","Rodeo","-0.130054049608995","-0.696046935328219"
"4479","Rodos","-0.125608177143367","0.236029708013055"
"4480","Roebourne","-0.129401572263169","-0.712047159318109"
"4481","Rohtak","0.375193882008904","-0.492553899123177"
"4482","Rolim de Moura","-0.12371778842695","-0.422722825322347"
"4483","Roma","-0.128651899522217","-0.611321130370023"
"4484","Rome","0.0462639457730818","2.59192941184528"
"4485","Rondonopolis","-0.117691617853558","1.11969907827908"
"4486","Rosario do Sul","-0.126793805503288","-0.298569200417116"
"4487","Rosario1","-0.0450467369562828","2.96946026751223"
"4488","Rosario2","-0.128448872586685","-0.530902750344884"
"4489","Rosario3","-0.129831981480397","-0.639345685990923"
"4490","Roseau","-0.127233324040698","-0.637136973667587"
"4491","Roseburg","-0.12151494757959","-0.358452752836054"
"4492","Rosenheim","-0.118620604133319","-0.521278622544905"
"4493","Roskilde","-0.123380338578635","-0.115241863319365"
"4494","Roslavl","-0.125183494268785","-0.305180764408885"
"4495","Rosso","-0.127252117736376","-0.685931465465662"
"4496","Rostock","-0.100732552923104","0.0926132438063154"
"4497","Rostov1","-0.0832460209514155","1.00276507193385"
"4498","Rostov2","-0.127291008413899","-0.107815027517609"
"4499","Roswell","-0.11708114097216","-0.194442772347674"
"4500","Rotorua","-0.12116668981818","-0.444962991635527"
"4501","Rotterdam","0.00615218621715851","6.15010483914153"
"4502","Rouen","-0.0840253235990787","0.834382511681065"
"4503","Roura","-0.130217239043637","-0.739502387604714"
"4504","Rouyn-Noranda","-0.123905434673022","0.221455014041583"
"4505","Rovaniemi","-0.12294201642857","1.22704438664045"
"4506","Roxas","-0.12566643072317","-0.693583297757095"
"4507","Rubtsovsk","-0.120304522574069","-0.32737698659783"
"4508","Rudny","-0.125464964780313","0.00718080489137965"
"4509","Ruhengeri","0.165000388227832","-0.781574785228665"
"4510","Rumbek","-0.129558768927232","-0.783778922719888"
"4511","Rundu","-0.128118874828889","-0.650437577565617"
"4512","Ruse","-0.115828450077598","-0.103871423045031"
"4513","Russas","-0.127130691442805","-0.0750378580271627"
"4514","Rustavi","-0.119443633125796","-0.298530725180964"
"4515","Rustenburg","-0.10823873932946","0.0611829649406589"
"4516","Ruteng","-0.124309820619826","-0.769801569054475"
"4517","Ruzayevka","-0.123886643177296","-0.383662782737168"
"4518","Ryazan","-0.0925647790461188","1.05626357956071"
"4519","Rybinsk","-0.113417727776668","0.253654282911417"
"4520","Rzeszow","-0.0825894744175192","-0.0571609421987122"
"4521","Rzhev","-0.125103623893424","-0.272782814052026"
"4522","Saarbrucken","0.0175806151695705","-0.149272501958192"
"4523","Sabanalarga","-0.119994801862324","-0.438877620463722"
"4524","Sabha","-0.122335151810729","0.870411117432496"
"4525","Sabinas Hidalgo","-0.127260867188953","-0.344879187082876"
"4526","Sabzewar","-0.12236532313307","-0.13554829514663"
"4527","Sacramento","0.115300655681221","1.46458629111126"
"4528","Sadah","-0.107765904077721","-0.695444896536877"
"4529","Sadiqabad","0.359681983212795","-0.660759792844291"
"4530","Safford","-0.12651762929461","-0.545754062820204"
"4531","Safi","-0.118984905926854","0.46545792723226"
"4532","Safonovo","-0.124691516484342","-0.272856633317822"
"4533","Sagar","-0.103056241988888","-0.513147415404814"
"4534","Saginaw1","-0.0980943367362344","0.658919821684306"
"4535","Saginaw2","-0.109798482762058","0.138401777355117"
"4536","Sagua la Grande","-0.127372012307072","-0.523056633123513"
"4537","Saharanpur","4.05937565736159","-0.554273689693831"
"4538","Sahiwal","1.33374374253235","-0.715906660870635"
"4539","Saida1","-0.0972781921667111","-0.147323518925507"
"4540","Saida2","-0.12204807196033","-0.104669666238795"
"4541","Saidpur","1.82591226061589","-0.748656952384655"
"4542","Saidu","0.18022441003465","-0.7698032097209"
"4543","Saint GeorgeÛªs","-0.12783947632773","-0.548048572346567"
"4544","Saint John's","-0.12387469993942","-0.124933161932963"
"4545","Saint-Etienne","-0.0996414617677556","0.468658535004012"
"4546","Saint-Georges1","-0.122098500009215","0.0892800959233989"
"4547","Saint-Georges2","-0.130217008180529","-0.715449853227799"
"4548","Saint-Laurent-du-Maroni","-0.129556653320214","-0.242311585136366"
"4549","Saint-Louis","-0.122347831877104","-0.683510731857705"
"4550","Sakata","-0.123515396880098","-0.489145495050932"
"4551","Sakhon Nakhon","-0.122395321465838","-0.375486559141846"
"4552","Saki","-0.125245977185566","-0.517929818629443"
"4553","Salalah","-0.112856967308366","4.68342643496964"
"4554","Salamanca1","-0.118194934538761","1.01584167661003"
"4555","Salamanca2","-0.1285497788223","-0.547127911846247"
"4556","Salamanca3","-0.115648031703175","0.593478034564799"
"4557","Salatiga","-0.108487190722946","-0.60272769495391"
"4558","Salavat","-0.122982484035194","1.0403800412682"
"4559","Salaverry","-0.129561547968237","-0.458098081244254"
"4560","Saldanha","-0.127643226340962","-0.187941915807981"
"4561","Sale","-0.127812703183487","-0.480521916410508"
"4562","Salekhard","-0.127676093194607","2.09749594768468"
"4563","Salem1","-0.0696473071054723","0.70186659230601"
"4564","Salem2","-0.0924383881749456","0.450952034017521"
"4565","Salem3","0.651666482410086","-0.599560865608547"
"4566","Salerno","-0.0304893371531129","0.931662663950238"
"4567","Salgueiro","-0.128903822953412","-0.316607609293631"
"4568","Salima","-0.0702377375206138","-0.779458800382523"
"4569","Salina","-0.11847956340038","0.00936793119175958"
"4570","Salina Cruz","-0.121504028900656","7.55475687331086"
"4571","Salinas1","-0.115639747941694","0.479972484881448"
"4572","Salinas2","-0.129553327858582","-0.383802314446427"
"4573","Salinopolis","-0.128667707472449","-0.224063042277785"
"4574","Salisbury","-0.116533731339414","0.325913950506405"
"4575","Salluit","-0.130333420782048","-0.708202112787417"
"4576","Salmon","-0.128867401749615","-0.694810130203523"
"4577","Salsk","-0.125373251234196","-0.266841757185724"
"4578","Salt Lake City","0.131115758999847","0.645382200466129"
"4579","Salta","-0.101646881642933","1.11018741655401"
"4580","Saltillo","-0.0917756819417811","0.393643748826437"
"4581","Salto","-0.12329673350823","1.00847296114828"
"4582","Salum","-0.12949155129204","-0.344742143181528"
"4583","Salvador","-0.0400057496602534","2.04230350022933"
"4584","Salzburg","-0.103638535418335","-0.224665220472156"
"4585","Samalut","-0.097051092333299","0.205558693563594"
"4586","Samandagi","-0.113372581547625","-0.471080964191343"
"4587","Samara","-0.0624879601030896","1.62861690324801"
"4588","Samarinda","-0.105656307528889","-0.226477202496733"
"4589","Samarqand","-0.0357200296711442","-0.398639943978231"
"4590","Sambalpur","-0.0961964422015545","-0.383665613690998"
"4591","Sambava","-0.127003818742735","-0.772616207369016"
"4592","Same","-0.129996329976221","-0.778102855933086"
"4593","Sampit","-0.124248054435333","-0.617708480673742"
"4594","Samsun","-0.0318709192147901","-0.0224157879703303"
"4595","Samut Prakan","0.0229027207623548","1.48072753198884"
"4596","San","-0.12698999526407","-0.712722684952639"
"4597","San Angelo","-0.107135616980664","0.218333758763573"
"4598","San Antonio de los Banos","-0.129007976912558","-0.434520932644688"
"4599","San Antonio Oeste","-0.128076963217977","0.138834741718245"
"4600","San Antonio1","0.125997984916738","2.29205796795261"
"4601","San Antonio2","-0.120810487778148","0.284106338548862"
"4602","San Bernardino","0.188830705382661","2.03132643385774"
"4603","San Bernardo","-0.044260698633141","1.66792581241085"
"4604","San Carlos","-0.129169420659806","-0.749680041941756"
"4605","San Carlos de Bariloche","-0.116527481625006","-0.165174870383"
"4606","San Carlos del Zulia","-0.125846730208458","-0.261800514705171"
"4607","San Cristobal","-0.106317076778804","0.109691444615361"
"4608","San Cristobal de Las Casas","-0.114105138140899","-0.533286456363533"
"4609","San Diego","0.203972107603745","0.977619510572237"
"4610","San Felipe1","-0.127393036221203","-0.209904455626178"
"4611","San Felipe2","-0.127448438628165","0.171113191508854"
"4612","San Fernando de Apure","-0.118379422696944","0.300872104998782"
"4613","San Fernando1","-0.106480882518657","2.13153053250157"
"4614","San Fernando2","-0.126010031399889","-0.22997883502581"
"4615","San Fernando3","-0.125863816808318","-0.126203788377287"
"4616","San Francisco de Macoris","-0.122699592361299","-0.120757676605711"
"4617","San Francisco1","0.322126261672694","1.38862733893792"
"4618","San Francisco2","-0.125510868130315","0.662546359327851"
"4619","San Gabriel","-0.128667699454182","-0.726043067995898"
"4620","San Ignacio","-0.124912523675194","-0.709067553603074"
"4621","San Javier","-0.128949376514979","-0.744812664528142"
"4622","San Jose de Mayo","-0.126951478510129","0.669529035630869"
"4623","San Jose del Guaviare","-0.128669331224634","-0.567385295253734"
"4624","San Jose1","-0.0188101325199826","0.453749874266995"
"4625","San Jose2","-0.12807352246973","-0.519545671314767"
"4626","San Jose3","0.0992685589684289","1.47514763620214"
"4627","San Juan Bautista","-0.12885164815846","-0.323962298665946"
"4628","San Juan del Rio","-0.117143686572547","-0.275483629792948"
"4629","San Juan del Sur","-0.130220652490129","-0.687326557368745"
"4630","San Juan1","0.250954161015521","0.422625853133938"
"4631","San Juan2","-0.074781443102176","1.13489889832825"
"4632","San Justo","-0.128721033076699","0.402202580121293"
"4633","San Lorenzo1","-0.129263512351452","-0.651374741239972"
"4634","San Lorenzo2","-0.0286654197644769","1.88951777985385"
"4635","San Luis Obispo","-0.121183008827044","-0.147056765866828"
"4636","San Luis Potosi","-0.0832147658957181","0.162802712072778"
"4637","San Luis1","-0.129586950036195","-0.766031385971886"
"4638","San Luis2","-0.116881813041429","0.90781041955684"
"4639","San Marcos","-0.11927283794207","0.449993198533726"
"4640","San Marino","-0.122742093743604","0.0773756777060708"
"4641","San Martin1","-0.120570940143614","0.481640174047143"
"4642","San Martin2","-0.128892020804667","-0.555147017503967"
"4643","San Mateo","-0.0569920798616898","0.877771597392193"
"4644","San Miguel","-0.116441049293361","-0.50050233816823"
"4645","San Miguel de Tucuman","-0.0841053680445308","1.73368818360505"
"4646","San Nicolas","-0.116334318377619","0.864173067773411"
"4647","San Pablo","-0.118193972616823","-0.622769035835542"
"4648","San Pedro de las Colonias","-0.126841587406701","-0.335080440903432"
"4649","San Pedro de Macoris","-0.121190815657925","0.292748811661441"
"4650","San Pedro Sula","-0.105041569480315","0.621321494927018"
"4651","San Pedro1","-0.125179759651722","-0.276395540072337"
"4652","San Pedro2","-0.129020592079805","-0.128727111891675"
"4653","San Rafael1","-0.121842112294652","0.281667600503475"
"4654","San Rafael2","-0.130013623056756","-0.751195982867313"
"4655","San Ramon","-0.129134453851271","-0.71569454843788"
"4656","San Ramon de la Nueva Oran","-0.126767657945874","0.260114691125924"
"4657","San Salvador","-0.0323507381123554","-0.276934965456795"
"4658","San Salvador de Jujuy","-0.115671523679696","0.101923564663487"
"4659","San SebastiÌÁn","-0.101098071355617","0.715811699302837"
"4660","San-Pedro","-0.122939803010167","-0.524059798770701"
"4661","Sanaa","-0.08900858092655","-0.015263511796906"
"4662","Sanandaj","-0.12046119391232","-0.0699468593883738"
"4663","Sancti Spiritus","-0.125502327912152","-0.326123903488608"
"4664","Sandakan","-0.117008998312045","-0.195360172961765"
"4665","Sandnes","-0.122659515734808","1.51223450396736"
"4666","Sanford","-0.0463819331392134","1.10713479045977"
"4667","Sangli","0.0282982906016106","-0.629384063456428"
"4668","Sangolqui","-0.101784915892607","-0.141042361560368"
"4669","Sanliurfa","-0.11661578792672","0.444968598630237"
"4670","Sanming","-0.130238771855146","-0.445056777704478"
"4671","Santa Ana","-0.114752325367058","-0.587989534845337"
"4672","Santa Barbara1","-0.129447616270618","-0.696678404243759"
"4673","Santa Barbara2","-0.0990957941057725","0.0200274160154393"
"4674","Santa Barbara3","-0.129557624307738","-0.641251732890509"
"4675","Santa Clara","-0.117320049274809","-0.185202967976825"
"4676","Santa Cruz Cabralia","-0.130225156138621","-0.460099436922805"
"4677","Santa Cruz de Tenerife","-0.112096766735179","0.944988907282388"
"4678","Santa Cruz do Sul","-0.117907669258063","0.252636426329578"
"4679","Santa Cruz1","-0.127695023509872","0.459205293871626"
"4680","Santa Cruz2","-0.129777776573973","-0.309350845187914"
"4681","Santa Fe1","-0.111112797274509","-0.323390960711033"
"4682","Santa Fe2","-0.108875428597163","3.63595773291618"
"4683","Santa Ines","-0.121162805750697","-0.176244886405365"
"4684","Santa Lucia","-0.128605375163283","-0.27931395321906"
"4685","Santa Maria da Vitoria","-0.129791561040323","-0.174731527116683"
"4686","Santa Maria1","-0.112761417493396","0.0593322074272494"
"4687","Santa Maria2","-0.106718766433789","-0.0450592150780331"
"4688","Santa Marta","-0.12023215393067","1.82902750255711"
"4689","Santa Rita","-0.129567218303018","0.708895764881038"
"4690","Santa Rosa de Copan","-0.127653908285717","-0.570512105206309"
"4691","Santa Rosa1","-0.0950639618504373","0.126458240503034"
"4692","Santa Rosa2","-0.120445179689185","1.07322064986039"
"4693","Santa Rosa3","-0.122001564583967","-0.346233712704363"
"4694","Santa Rosalia","-0.128860825851033","-0.453021880773216"
"4695","Santa Vitoria do Palmar","-0.127474330546152","-0.360526769662926"
"4696","Santana do Livramento","-0.121478769646017","0.0180790334881112"
"4697","Santander","-0.105375536429021","1.51176199203708"
"4698","Santarem","-0.120489375702622","0.74171973089617"
"4699","Santiago de Compostela","-0.123912810958746","0.357352808020036"
"4700","Santiago de Cuba","-0.111073450906279","0.253101560622599"
"4701","Santiago del Estero","-0.108447818869604","2.01159588666881"
"4702","Santiago Ixcuintla","-0.127556403954986","-0.518503451372688"
"4703","Santiago Tuxtla","-0.128756557353404","-0.66313737585295"
"4704","Santiago1","-0.126055412694089","-0.339715269936328"
"4705","Santiago2","-0.0878172012845827","0.303820414733686"
"4706","Santiago3","0.103430646149373","2.36323603961134"
"4707","Santo Andre","0.0860427503906158","3.40091170028625"
"4708","Santo angelo","-0.123207303294674","-0.328302494034253"
"4709","Santo Domingo","-0.0135890310741649","0.899028629201194"
"4710","Santo Tomas","-0.129365537943092","-0.77558651865514"
"4711","Santos","-0.0489637997176449","2.39313262779262"
"4712","Sanya","-0.117182722760923","0.437842830479045"
"4713","Sao Borja","-0.12459442826401","-0.0761505086690888"
"4714","Sao Carlos","-0.105978895663167","0.0934311321039293"
"4715","Sao Francisco do Sul","-0.12785104855645","-0.0071448509294725"
"4716","Sao Gabriel","-0.12564703495537","0.225125474362742"
"4717","Sao Joao da Boa Vista","-0.120775606777738","-0.293505267412678"
"4718","Sao Joao del Rei","-0.120513299597804","-0.298715680831233"
"4719","Sao Jose de Ribamar","-0.127785069035008","0.0408516550342794"
"4720","Sao Jose do Rio Preto","-0.0964601201980873","0.97184213430924"
"4721","Sao Jose dos Campos","-0.0713469326497961","0.974744119345094"
"4722","Sao Jose dos Pinhais","-0.0560707548358641","0.711921625593609"
"4723","Sao Lourenco do Sul","-0.128351908045508","0.00746072617469947"
"4724","Sao Luis","-0.0643404625609777","1.70847519407039"
"4725","Sao Luiz Gonzaga","-0.126142925075761","-0.522312328178871"
"4726","Sao Mateus","-0.123932120220959","0.561305102144236"
"4727","Sao Paolo","0.560447727316682","2.94696808196826"
"4728","Sao Tome","-0.122250862369599","-0.615491918887511"
"4729","Sapele","-0.0608542981230694","0.977587254855865"
"4730","Sapporo","-0.0172390644898838","1.25351792270807"
"4731","Saraburi","-0.12379207982253","0.167356001056705"
"4732","Sarajevo","-0.103615587293206","0.0601011116449548"
"4733","Saransk","-0.109541332241747","0.569201232883287"
"4734","Sarapul","-0.122047661086987","0.417425648306469"
"4735","Sarasota","-0.0107681321749813","0.770823652004867"
"4736","Saratoga Springs","-0.113197370468071","-0.141877921872809"
"4737","Saratov","-0.0860502276844054","1.38883219705149"
"4738","Sargodha","1.08846827681585","-0.714173559514158"
"4739","Sarh","-0.126941237134299","-0.780837125050063"
"4740","Sari","-0.110617988088151","0.583695973855665"
"4741","Sarmiento","-0.128566817061635","-0.343196957108871"
"4742","Sarnia","-0.088886706754974","0.828908647983304"
"4743","Sarqan","-0.125902146444371","-0.762982088124977"
"4744","Saryshaghan","-0.130283335419246","-0.709804421932255"
"4745","Saseba","-0.116489516369336","-0.312215641784815"
"4746","Saskatoon","-0.100444809190423","1.86408277490968"
"4747","Sasovo","-0.127184860008027","-0.587391796101291"
"4748","Sassandra","-0.127792184874478","-0.729053513950393"
"4749","Sassari","-0.119982754619073","0.331545318180935"
"4750","Satadougou","-0.130221703102288","-0.786270273805969"
"4751","Saudarkrokur","-0.129794432169323","0.059680414748422"
"4752","Sault Ste. Marie","-0.112035851225429","0.887265930248359"
"4753","Saurimo","-0.126509893494346","-0.446265702223266"
"4754","Savannah","-0.0888305880511743","1.56608199099371"
"4755","Savannakhet","-0.122369865507373","-0.378813273038781"
"4756","Saveh","-0.125341861441791","0.132067646838754"
"4757","Savetskaya Gavan","-0.128534835995846","-0.334352285263597"
"4758","Savonlinna","-0.123690908245982","-0.198407995013141"
"4759","Sawahlunto","-0.117826186087399","-0.757066646565352"
"4760","Sayanogorsk","-0.128159108767904","-0.281400537765209"
"4761","Saywun","-0.12596534180229","0.560998672838691"
"4762","Scarborough","-0.122224453189741","-0.380049756464178"
"4763","Schefferville","-0.130309097151721","-0.546341206934005"
"4764","Schenectady","-0.0930636363355342","0.175146442852736"
"4765","Scottsbluff","-0.123142638156734","-0.0451649898075267"
"4766","Scottsdale1","-0.129935097131753","-0.741801033647896"
"4767","Scottsdale2","-0.123412563830659","0.605682276528737"
"4768","Scranton","-0.0957861667596615","0.319166929663171"
"4769","Seattle","0.378394615037599","1.158665013096"
"4770","Sechura","-0.129336483257025","-0.543828563836342"
"4771","Sefra","-0.127448575805372","-0.53623708233339"
"4772","Segezha","-0.128062774419029","0.152101792379397"
"4773","Segou","-0.125914952513695","-0.610936924897302"
"4774","Seguela","-0.128026619644088","-0.559888800830449"
"4775","Sekondi","-0.111256313903942","-0.284594582871263"
"4776","Selawik","-0.130171163846095","-0.642947667254649"
"4777","Selfoss","-0.12916011807927","0.272302118939839"
"4778","Selibaby","-0.130224015569728","-0.774575270313067"
"4779","Selkirk","-0.128293766548662","0.279981810390563"
"4780","Selma","-0.124812803461568","0.402130519478333"
"4781","Semarang","3.77470684098635","-0.660452409164156"
"4782","Sembe","-0.128447138810784","-0.786625597928258"
"4783","Semey","-0.105423135116197","-0.112368745433932"
"4784","Semnan","-0.122844142245317","0.00235531540731493"
"4785","Sena Madureira","-0.12650326423039","-0.406300119004817"
"4786","Sendai","-0.0426075934165827","0.311372970621465"
"4787","Senhor do Bonfim","-0.128696245055105","-0.389266655844943"
"4788","Sennar","-0.126777976939422","-0.67439991818242"
"4789","Sensuntepeque","-0.126998169246918","-0.725078795793953"
"4790","Seoul","0.573142849565808","2.33777118097222"
"4791","Serang","0.307808298395179","-0.413498891450246"
"4792","Serdobsk","-0.124863139070887","-0.627427681339868"
"4793","Seremban","-0.0983882894454406","1.10435410750623"
"4794","Seres","-0.126244233226431","-0.020676295521108"
"4795","Sergiyev Posad","-0.118168793808371","0.163383829686381"
"4796","Serov","-0.119131906568666","0.0648137061217115"
"4797","Serowe","-0.119779063598533","-0.689642030966089"
"4798","Serpukhov","-0.118632785617185","0.610239683263691"
"4799","Serrinha","-0.120897394539625","-0.498752787254267"
"4800","Sesheke","-0.130226470180688","-0.688598470610265"
"4801","Sete Lagoas","-0.113512863203148","0.17327715545971"
"4802","Setif","-0.112853997026766","0.598618446215903"
"4803","Settat","-0.123544591346411","0.00595534502862834"
"4804","Setubal","-0.114083816283744","1.31127143972888"
"4805","Sevastapol","-0.103317436831828","-0.140297091517829"
"4806","Severnyy","-0.129073088820851","-0.19628538014551"
"4807","Severodvinsk","-0.119677437960543","1.62837018133235"
"4808","Severomorsk","-0.126358267103234","1.36587144575531"
"4809","Severouralsk","-0.124101159215666","-0.470005501988374"
"4810","Seville","-0.0660991640137809","3.06170303769243"
"4811","Seymour","-0.129017673078138","-0.647932944780497"
"4812","Sfax","-0.0888164704047802","0.612906699131602"
"4813","Shache","-0.120679566386265","-0.528635585258931"
"4814","Shadrinsk","-0.123709106011541","0.0284683766871669"
"4815","Shahjahanpur","1.8452874201158","-0.741890364181556"
"4816","Shahrisabz","-0.0376643392192831","-0.682241370763957"
"4817","Shahrud","-0.126502033783546","-0.0385925444505123"
"4818","Shakhty","-0.104491556189259","-0.252915909253589"
"4819","Shalqar","-0.127594707057104","-0.531302493893745"
"4820","Shamattawa","-0.12993644550564","-0.659902046003534"
"4821","Shamva","-0.128745777607673","-0.769958401483949"
"4822","Shangdu","-0.127606320691922","-0.718459988206304"
"4823","Shanghai","4.1180343893509","0.695521137974325"
"4824","Shangqiu","2.17853514692639","-0.65832540846275"
"4825","Shangrao","0.00700291276460742","-0.632151996394417"
"4826","Shangzhi","-0.122905639247456","-0.70020763321103"
"4827","Shannon","-0.128545077152049","-0.175497729060273"
"4828","Shantou","1.31651909338881","-0.383517460440528"
"4829","Shanxian","1.16089906724899","-0.709104162983293"
"4830","Shaoguan","-0.0792868155677546","-0.254107268990655"
"4831","Shaowu","-0.13024059204912","-0.564085389631711"
"4832","Shaoxing","0.16761326060716","0.212271828747348"
"4833","Shaoyang","-0.12015538382133","-0.760740999448029"
"4834","Shar","-0.128992150295013","-0.702503944253467"
"4835","Sharbaqty","-0.13030192336176","-0.429078059312721"
"4836","Sharjah","-0.0740771388884828","5.33800678575726"
"4837","Sharya","-0.124579716183001","-0.460493561457244"
"4838","Shashemene","0.030058073384598","-0.780170486358667"
"4839","Shashi","0.00932038839593214","-0.554890194230315"
"4840","Shawinigan","-0.119102485704773","-0.00635664475383701"
"4841","Shawnee","-0.122642214207818","0.231114400084727"
"4842","Shchekino","-0.123747768732369","-0.220229416072203"
"4843","Shebekino","-0.12546268901038","-0.445261035312683"
"4844","Sheberghan","-0.118132773676138","-0.633690362441938"
"4845","Sheboygan","-0.119658881589413","0.292700942805759"
"4846","Sheffield","0.0312151741218572","0.735462979784509"
"4847","Sheikhu Pura","0.745428105598107","-0.665019059392297"
"4848","Shelburne","-0.128990164321534","-0.680969082206588"
"4849","Shemonaikha","-0.127749629275781","-0.632886468063823"
"4850","Shendi","-0.120677089298983","-0.720429254379786"
"4851","Shenyeng","0.0930374219959829","1.35467150610941"
"4852","Shenzhen","0.345267012650761","1.52399737449316"
"4853","Shepparton","-0.124710171803767","-0.299800365080771"
"4854","Sherbrooke","-0.103842606179347","0.684234039265033"
"4855","Sherlovaya Gora","-0.130154203723064","-0.709616860517664"
"4856","Sherman","-0.118229949620364","0.258265735128588"
"4857","Shieli","-0.126283474229068","-0.643558359757133"
"4858","Shihezi","-0.0735624199973219","-0.378267456561584"
"4859","Shijianzhuang","2.99716398506636","-0.558482438728593"
"4860","Shilka","-0.127405969645029","-0.712366735401675"
"4861","Shillong","-0.0729753552769302","-0.690412254150916"
"4862","Shimanovsk","-0.125904388372963","-0.572490984827175"
"4863","Shimoga","-0.0657371924292349","-0.53825979884539"
"4864","Shimonoseki","-0.108332180941932","-0.282376916584106"
"4865","Shinyanga","-0.107692169507272","-0.76587471707289"
"4866","Shira","-0.130308099852575","-0.658419880823538"
"4867","Shiraz","-0.076595507122194","0.656693319389738"
"4868","Shishou","-0.0862695351879318","-0.712682086501113"
"4869","Shiyan","-0.0956243066934137","-0.427577718122336"
"4870","Shizuishan","-0.127680983403944","-0.487313095844182"
"4871","Shizuoka","-0.0898360742171442","0.0637164112596578"
"4872","Shkoder","-0.12614122233987","0.136048825789446"
"4873","Sholapur","-0.10004004666999","-0.0890389835952497"
"4874","Shonzhy","-0.128823445449873","-0.750956517951666"
"4875","Shostka","-0.122586243177823","-0.627372928119189"
"4876","Shouzhou","-0.0951712998478916","-0.248275032273874"
"4877","Shreveport","-0.069161805380771","1.90146594917584"
"4878","Shu","-0.122375813081443","-0.619101020429053"
"4879","Shuangcheng","-0.11431926670274","-0.590683251755062"
"4880","Shulan","-0.120414700781182","-0.468128987084431"
"4881","Shumen","-0.124763366046679","-0.411511218715209"
"4882","Shumerlya","-0.126263593697647","-0.519239284902458"
"4883","Shuya","-0.122865225999174","-0.380042936439041"
"4884","Shuyang","1.20085911006522","-0.616298944472136"
"4885","Shwebo","-0.122863282278921","-0.69748659866917"
"4886","Shymkent","-0.0933967715049375","-0.149960080593121"
"4887","Si Racha","-0.129144130643025","0.827397776502533"
"4888","Sialkote","0.593204339328284","-0.665989862090011"
"4889","Siauliai","-0.118427587854701","-0.0117523569685759"
"4890","Sibay","-0.125571115647635","-0.0567523411958216"
"4891","Sibiti","-0.12933365451436","-0.78468350311426"
"4892","Sibiu","-0.12049498531811","0.389120742469849"
"4893","Sibolga","-0.0970391695214614","-0.724755809697819"
"4894","Sibu","-0.11606627091373","-0.133771185326059"
"4895","Sibut","-0.128235827298744","-0.786625597928258"
"4896","Sica Sica","-0.130014831028202","-0.769130301914416"
"4897","Sicuani","-0.12807693321608","-0.757279552523044"
"4898","Sidi bel Abbes","-0.120811512064492","0.508063267664687"
"4899","Sidney","-0.128426418653033","-0.458034105977005"
"4900","Siedlce","-0.121542513521714","-0.174104299270234"
"4901","Siem Reap","-0.120959092914992","-0.433376455218788"
"4902","Siena","-0.124606008018201","-0.0994416236986591"
"4903","Siguiri","-0.127616754420811","-0.774564250771665"
"4904","Sikar","0.0495117524700038","-0.608177431204254"
"4905","Sikasso","-0.125661946540469","-0.63245423288577"
"4906","Sikonge","-0.129556841549933","-0.784619663731455"
"4907","Silchar","0.639092157914078","-0.743419583245677"
"4908","Siliguri","1.20285553453823","-0.712282525248522"
"4909","Simao","-0.121852050729409","-0.453088665547676"
"4910","Simferopol","-0.10380326054639","-0.357155489689778"
"4911","Sincelejo","-0.119515996827452","0.313352322067966"
"4912","Singapore","-0.0123109044736242","4.33210026054288"
"4913","Singaraja","-0.104801167846968","-0.705512518990373"
"4914","Singida","-0.126468573257756","-0.744534231104084"
"4915","Singkawang","-0.125570396368608","-0.596305140023578"
"4916","Singleton","-0.129127382045764","-0.541113507539787"
"4917","Sinnamary","-0.129997130691749","-0.694033451586098"
"4918","Sinop","-0.126321046433022","0.121866519176193"
"4919","Sinuiju","-0.124477827674023","-0.633147880914139"
"4920","Sioux City","-0.110247383303691","0.976139522224165"
"4921","Sioux Falls","-0.10008788562276","1.92887438629941"
"4922","Siping","-0.0818777363351065","-0.135906496592687"
"4923","Siracusa","-0.116773890672532","0.43543677708243"
"4924","Sirsa","0.13264914465781","-0.594316437850785"
"4925","Sisaket","-0.124451173013847","-0.353549883947284"
"4926","Sisophon","-0.126563534059811","-0.752845702446333"
"4927","Sitapur","1.15950324137318","-0.750152519021279"
"4928","Sitia","-0.129348180744082","-0.528161121686237"
"4929","Sitka","-0.128129623848387","-0.532000023760321"
"4930","Sittwe","-0.125444134572874","-0.744477183095072"
"4931","Sivas","-0.120858236547477","0.0426369574636632"
"4932","Siwa","-0.127143712757679","-0.338030552154411"
"4933","Sixaola","-0.130001127680401","-0.769137809571805"
"4934","Skagway","-0.13009709119876","-0.70762108632195"
"4935","Skelleftea","-0.121754689246369","0.684435980638284"
"4936","Skien","-0.113138129222836","0.995344369865392"
"4937","Skikda","-0.107670308905676","6.20464445148624"
"4938","Skopje","-0.100995050418043","0.850555836702059"
"4939","Skovorodino","-0.127812588011091","-0.456115019532502"
"4940","Slantsy","-0.127913543128833","-0.372310958128933"
"4941","Slavgorod","-0.126676634840549","-0.589174524936284"
"4942","Slavonski Brod","-0.116454898771672","0.0243476231339754"
"4943","Slidell","-0.10627931890566","0.590714337334243"
"4944","Sligo","-0.127309127736985","-0.182190318382133"
"4945","Sliven","-0.124544343722348","-0.163994920247736"
"4946","Slobodskoy","-0.12614588633439","-0.662850849010696"
"4947","Slupsk","-0.120837061360836","0.226496428095095"
"4948","Slyudyanka","-0.127254311630386","-0.603173269929559"
"4949","Smara","-0.127861993891213","0.00575383258777008"
"4950","Smithers","-0.128763901317935","-0.394854529774251"
"4951","Smithton","-0.129259339163819","-0.693483324338294"
"4952","Smolensk","-0.107654066899105","0.693706582355356"
"4953","Sobral","-0.126242077296052","0.91661931844007"
"4954","Soc Trang","0.0100563246060236","-0.702992503617109"
"4955","Sochi","-0.121084974635884","1.3458066744414"
"4956","Socorro1","-0.12749255476916","-0.572659984192217"
"4957","Socorro2","-0.129118372211101","-0.694842289410107"
"4958","Sodankyla","-0.128117225191919","0.04890554710952"
"4959","Sodo","0.531078259996011","-0.78490675723362"
"4960","Sofia","-0.0741361087834044","0.644104582423708"
"4961","Sogamoso","-0.125152972027204","-0.457019788087455"
"4962","Sohag","0.134406731226892","0.158938974812815"
"4963","Sohano","-0.129556546025597","-0.742617080217029"
"4964","Sokcho","-0.124145735176673","0.0566995919377056"
"4965","Soke","-0.114960344686379","-0.334922636673993"
"4966","Sokode","-0.124534779651287","-0.732386640386686"
"4967","Sokol","-0.124306115577496","-0.200968249607046"
"4968","Sokolo","-0.12979523072635","-0.786625597928258"
"4969","Sokoto","-0.0508092504276557","-0.663892800870026"
"4970","Sol-lletsk","-0.125402448562617","-0.376650038273005"
"4971","Soledad","-0.0953294948429325","0.768837523426466"
"4972","Solikamsk","-0.116667586191382","0.380922557535721"
"4973","Solnechnogorsk","-0.126708831326534","0.419496619713306"
"4974","Solwezi","-0.127191538504756","-0.532073821579497"
"4975","Son Tay","0.0231900177318653","-0.548050931474759"
"4976","Sonbong","-0.126982216001069","-0.775673097989588"
"4977","Songea","-0.125216804383378","-0.753847128236479"
"4978","Songkhla","-0.123631592395893","-0.285241327141847"
"4979","Songo","-0.128681762085362","-0.783700785981417"
"4980","Sonipat","0.335751379942204","-0.261362960765376"
"4981","Sonson","-0.129116567213783","-0.741514037660832"
"4982","Sonsonate","-0.110432737041431","-0.618330743627677"
"4983","Sopur","-0.0374035704129032","-0.734604799946102"
"4984","Sorocaba","-0.0757314423654615","1.45726595922407"
"4985","Sorong","-0.127782826450406","-0.389907738207866"
"4986","Soroti","-0.129995428930182","-0.781415088670121"
"4987","Sosnogorsk","-0.128648074403519","0.280127390046637"
"4988","Sotik","-0.108975892304446","-0.785794915800317"
"4989","Soubre","-0.117447676783644","-0.692911675407393"
"4990","Souk Ahras","-0.121836390603135","0.119163644559763"
"4991","Sousse","-0.10556807296215","0.883378773279432"
"4992","South Bend","-0.0675822611153699","0.983964621758009"
"4993","Southampton","-0.0896098187266998","0.262377137955491"
"4994","Southaven","-0.0992790566440858","1.78259780085891"
"4995","Southend","-0.0533446538826708","0.386773281238886"
"4996","Southern Cross","-0.130247887776679","-0.747408957486011"
"4997","Sovetsk1","-0.127114519880854","-0.446868352243276"
"4998","Sovetsk2","-0.129240172903445","-0.722456018941298"
"4999","Soyo","-0.127797330431318","0.448099719353415"
"5000","Spanish Town","-0.105281586110034","0.0186292679690152"
"5001","Spartanburg","-0.083809378355039","0.437945173749351"
"5002","Sparti","-0.128663728401168","-0.553193981060116"
"5003","Spassk Dalniy","-0.119968889427979","-0.565154246275742"
"5004","Spencer","-0.127188491722537","-0.235788938830824"
"5005","Split","-0.109288159442146","0.665338194523751"
"5006","Spokane","-0.0591490828179201","0.40700396360456"
"5007","Spring Hill","-0.0869330425972164","0.117089756412612"
"5008","Springbok","-0.129859089208748","-0.679506465620658"
"5009","Springfield1","-0.0787117205769847","1.43806248416653"
"5010","Springfield2","-0.0998337994385569","1.2762166820952"
"5011","Springfield3","-0.110818233652677","0.538793700428818"
"5012","Springfield4","-0.0252373597958686","0.588604676225052"
"5013","Springfield5","-0.119402414816812","0.150747223864668"
"5014","Springs","-0.099567437996348","0.327971882368334"
"5015","Srinagar","0.623299729547667","-0.712547444621197"
"5016","St. Anthony","-0.130298534666439","-0.664705563425482"
"5017","St. Augustine","-0.104251935137079","-0.0512670678962594"
"5018","St. Charles1","0.0443522736133759","1.35197678120855"
"5019","St. Charles2","-0.115145764743707","0.577287638034341"
"5020","St. Cloud","-0.106732157128962","0.901773968125093"
"5021","St. George","-0.108626278542735","-0.0213361651230929"
"5022","St. John","-0.112569526224822","0.375536796552631"
"5023","St. JohnÛªs","-0.104114541520025","0.347551016420558"
"5024","St. Joseph","-0.107177840589392","0.5244374188347"
"5025","St. Louis","0.295904502739418","1.87321320151889"
"5026","St. Paul","0.0266013939776704","1.68352694161213"
"5027","St. Petersburg1","0.0195500466506443","1.90056107338778"
"5028","St. Petersburg2","0.0361635683980505","5.90455648251876"
"5029","St.-Benoit","-0.128162293716783","-0.506945224494255"
"5030","St.-Brieuc","-0.115666737289103","-0.291882230109678"
"5031","St.-Denis","-0.117393102140862","-0.0163593482888061"
"5032","St.-Jerome","-0.112108541712656","0.626184301529763"
"5033","Stamford","0.0183996459598302","0.480273938571172"
"5034","Standerton","-0.126877808112949","-0.549571003555479"
"5035","Stanley","-0.129746329746593","-0.711555903042012"
"5036","Stara Zagora","-0.124849732970119","0.0886178242999873"
"5037","Staraya Russa","-0.125227291850561","-0.43496843781613"
"5038","Starsy Oskol","-0.117886502071348","0.262538588110322"
"5039","State College","-0.115444036339833","-0.11257832180388"
"5040","Stavanger","-0.119758416055585","1.51210410851819"
"5041","Stavropol","-0.110129214505667","0.0131959812761556"
"5042","Stawell","-0.129018215457762","-0.707895860416483"
"5043","Steinbach","-0.128266561016047","0.440154089815575"
"5044","Steinkjer","-0.127498924939765","-0.161785575249112"
"5045","Stepanakert","-0.125824049229951","-0.489195229762547"
"5046","Stephenville","-0.127191013949563","-0.534513717742361"
"5047","Sterlitamak","-0.111123139859386","0.416423147504499"
"5048","Stettler","-0.128528350252587","-0.497785201549542"
"5049","Stillwater","-0.122537771515105","0.500871872856515"
"5050","Stockholm","0.0492256983557632","1.80807003713528"
"5051","Stoke","-0.0818551982078486","0.479552903209156"
"5052","Stony Rapids","-0.130323532219062","-0.67687406459731"
"5053","Stralsund","-0.121840137092087","-0.375493422060224"
"5054","Strasbourg","-0.0785153262471672","0.721673661034845"
"5055","Streaky Bay","-0.13025106217891","-0.765567078714143"
"5056","Strezhevoy","-0.127267982725635","0.734842915109118"
"5057","Stuttgart","0.0421227167166884","-0.0514451606281458"
"5058","Subotica","-0.120858538428959","0.345881783098229"
"5059","Suceava","-0.121880565136817","-0.250750058000181"
"5060","Sucre","-0.121639777667717","-0.383039415282306"
"5061","Sudbury","-0.108035013097659","0.409791681049433"
"5062","Suhar","-0.11003772848267","0.89800330919562"
"5063","Suihua","-0.105499101245501","-0.0810823304947636"
"5064","Suileng","-0.120601913136062","-0.733182025818345"
"5065","Sukabumi","0.21223951059293","-0.744861278653866"
"5066","Sukhothai","-0.127048552212819","-0.578743360828369"
"5067","Sukhumi","-0.122133602667298","0.0937621821291587"
"5068","Sukkur","0.42005568116813","-0.60872994975018"
"5069","Sullana","-0.124043686037531","0.170077662912199"
"5070","Sumbawanga","-0.123861635961911","-0.769544584931174"
"5071","Sumbe","-0.129786281010631","-0.0628377767074914"
"5072","Sumenep","0.314218574193156","-0.698911801626634"
"5073","Sumqayt","-0.117761865554813","0.144604139838635"
"5074","Sumter","-0.11181493998852","0.213684560495322"
"5075","Sumy","-0.116514025617012","-0.0474016149067026"
"5076","Sunbury","-0.127617937066635","-0.290977783254024"
"5077","Sunchales","-0.127961871084346","0.53292702044043"
"5078","Sunchon","-0.077340465959317","-0.780455843689927"
"5079","Sunderland","-0.0865236410834146","1.53527314938713"
"5080","Sundsvall","-0.106431797113585","0.783877094331519"
"5081","Sungai Petani","-0.0657204676917498","0.04101610771589"
"5082","Sungaipenuh","-0.128447589453836","-0.684477030765235"
"5083","Sunshine Coast","-0.105467939747313","-0.27230935847047"
"5084","Suntar","-0.129706695563451","-0.651644550441991"
"5085","Superior","-0.123867111106478","0.611707661504602"
"5086","Sur","-0.127162216292672","1.29067633639737"
"5087","Surabaya","3.85523635151687","-0.569643860245097"
"5088","Surakarta","3.11156367306725","-0.675580554609521"
"5089","Surat","0.421440640196342","-0.38650557510202"
"5090","Surat Thani","-0.114484236848654","-0.217641967164228"
"5091","Surgut","-0.12162296392262","6.99858734059507"
"5092","Surigao","-0.125420491035274","-0.702407289699101"
"5093","Surin","-0.120806669038287","-0.465416397149168"
"5094","Surt","-0.124358827101944","1.26792215894435"
"5095","Suva","-0.116749659108587","-0.594911967592978"
"5096","Suwalki","-0.12376196111779","-0.179958926258222"
"5097","Suwon","0.120072634162495","1.51569478741322"
"5098","Suzhou","0.270796315686004","1.52461057625017"
"5099","Svendborg","-0.123533943560263","-0.613414052392362"
"5100","Svetogorsk","-0.117511496031005","0.486766087783178"
"5101","Svobodnyy","-0.122917217542289","-0.571269599822208"
"5102","Swakopmund","-0.127778119119599","-0.247999700567223"
"5103","Swan Hill","-0.127718227885395","-0.586835470780328"
"5104","Swansea","-0.0840564538323201","-0.080453858744359"
"5105","Swellendam","-0.128596199548204","-0.52654634133191"
"5106","Swift Current","-0.126305003700101","-0.150346334218045"
"5107","Sydney1","0.234253820274486","0.853215732292155"
"5108","Sydney2","-0.120246961783438","-0.0597751993815991"
"5109","Syktyvkar","-0.107978280938864","0.604155534549222"
"5110","Sylhet","1.01809438269303","-0.747301526005131"
"5111","Syracuse","-0.0483014487476712","0.55798945470319"
"5112","Syzran","-0.102865373683917","0.260495840455303"
"5113","Szczecin","-0.0997471034406457","0.586004831170761"
"5114","Szeged","-0.109796576325136","-0.0375902152214957"
"5115","Szekesfehervar","-0.117866151261752","-0.028919947289492"
"5116","Szolnok","-0.120133492061717","-0.303972204482635"
"5117","Szombathely","-0.120297335919051","-0.103238233038242"
"5118","Tabora","-0.120076874521327","-0.738439584269159"
"5119","Tabriz","-0.0983974127365894","0.705744141189202"
"5120","Tabuk","-0.1085675402706","2.68199698004579"
"5121","Tacheng","-0.124329213491272","-0.33744934875433"
"5122","Tacloban","-0.122402730164996","-0.652694083681465"
"5123","Tacna","-0.118638754131213","-0.38449186617039"
"5124","Tacoma","0.0347592130923119","1.17606594264174"
"5125","Tacuarembo","-0.126281493766104","0.3186901284089"
"5126","Tadmur","-0.128058817865817","-0.465051697377272"
"5127","Taedong","-0.129931091141022","-0.786002287943636"
"5128","Taganrog","-0.114852903166848","0.325998278615967"
"5129","Tagum","-0.128901358260157","-0.742208886699917"
"5130","Tahoua","-0.122519032102273","-0.729504488112608"
"5131","Taian","0.41376978050122","-0.614388726204974"
"5132","Taichung","0.284929878851577","0.853147274681342"
"5133","Tailai","-0.126134312439818","-0.676631503325911"
"5134","Tainan","-0.0155719790458298","1.20528190089296"
"5135","Taipei","0.311814294809294","1.38955022988672"
"5136","Taiping","-0.115002797569043","0.0676130047413468"
"5137","Taitung","-0.114286597653008","-0.352487675755431"
"5138","Taiyuan","0.559149475542966","-0.29080663922699"
"5139","Taizhou","1.95461657109273","-0.480087901163001"
"5140","Taizz","0.656837081704596","-0.758411296018362"
"5141","Tak","-0.124078563442911","-0.368340759847643"
"5142","Takamatsu","-0.102171049717032","-0.162066182824266"
"5143","Takaoka","-0.109390044991364","-0.495045674659649"
"5144","Takapuna","-0.105939589470607","0.17950696961674"
"5145","Takeo","-0.127829834732976","-0.763859611430136"
"5146","Talara","-0.127129031428991","0.344235111620072"
"5147","Talas","-0.122070176521814","-0.711892078809402"
"5148","Talca","-0.11812219162023","0.507521697618238"
"5149","Talcahuano","-0.115562806367732","1.4357757597632"
"5150","Taldyqorghan","-0.119255162982032","-0.529639094052037"
"5151","Tall Afar","-0.125246652078107","-0.622321820193468"
"5152","Tallahassee","-0.0690119031509412","0.6054832518958"
"5153","Tallinn","-0.0966772534840493","1.47047175833871"
"5154","Taloyoak","-0.130359507657763","-0.506725353746741"
"5155","Taltal","-0.129435961457258","-0.585276451637816"
"5156","Tamale","-0.112749919574055","-0.382966668347506"
"5157","Tamanrasset","-0.126553951658105","0.10382836765912"
"5158","Tamazunchale","-0.113706351853196","-0.692161536982129"
"5159","Tambacounda","-0.126351384828006","-0.713145488979578"
"5160","Tambov","-0.108547769327045","0.323814240628862"
"5161","Tame","-0.127798918385452","-0.592891974801709"
"5162","Tampa","0.333559604398572","1.68495888953156"
"5163","Tampere","-0.0718379488975684","0.865896689723883"
"5164","Tampico","-0.0900233534425898","1.87264786861755"
"5165","Tamuin","-0.128382382579721","-0.660016120574937"
"5166","Tamworth","-0.122641491408329","-0.478566885431003"
"5167","Tan An","-0.110766574953566","0.226324254630302"
"5168","Tan Tan","-0.125753709188077","-0.317079949650952"
"5169","Tandil","-0.119472850796468","0.714936505636772"
"5170","Tanga","-0.12140031638548","-0.605694727588012"
"5171","Tangail","1.04899956315528","-0.734466313759564"
"5172","Tangier","-0.0938148045422591","1.46385659131479"
"5173","Tangshan","0.711320973104518","-0.285244758601035"
"5174","Tanjungkarang-Telubketung","-0.12385610397016","-0.241271166710361"
"5175","Tanjungpandan","-0.125575206954259","-0.574394779831668"
"5176","Tanjungpinang","-0.124685427038066","-0.315727182652299"
"5177","Tanta","0.463748694629299","0.844676374528196"
"5178","Taonan","-0.122137439827408","-0.532510474761255"
"5179","Tapachula","-0.110961904434446","-0.179360737135157"
"5180","Tara","-0.125801688638763","-0.658540603847119"
"5181","Tarabuco","-0.129809902270231","-0.781061917126644"
"5182","Tarakan","-0.122484941112556","-0.515476818581802"
"5183","Taranto","-0.111323097771469","1.76370350027426"
"5184","Tarapoto","-0.13021789835233","-0.755648175165719"
"5185","Taraz","-0.102543300918688","-0.164189312410775"
"5186","Tarbes","-0.11599833341968","-0.0750287217670729"
"5187","Taree","-0.126666747088016","-0.549209434990093"
"5188","Tarija","-0.121983504610288","-0.379634807261788"
"5189","Tarlac","0.17291896846921","-0.713045499475813"
"5190","Tarma","-0.130220769620245","-0.745319466922861"
"5191","Tarnow","-0.0688601562358016","-0.293365220984541"
"5192","Tarragona","-0.111494088648739","1.87945880038819"
"5193","Tarsus","-0.0602437206070452","0.606069345125224"
"5194","Tartagal","-0.126136840355828","0.273003337625045"
"5195","Tartu","-0.121415367310316","3.2962295474012"
"5196","Tartus","-0.00304609207960424","-0.577281237514697"
"5197","Tarutung","-0.130216641216407","-0.764813263533976"
"5198","Tash Komur","-0.128599604570683","-0.714437663915276"
"5199","Tashkent","0.036052757287617","0.524235992180328"
"5200","Tashtagol","-0.125577889689595","-0.635130942625891"
"5201","Tasikmalaya","0.0936550416266443","-0.636471495774494"
"5202","Tatarsk","-0.126234489516455","-0.101400343496791"
"5203","Tatui","-0.116797762534185","-0.179631221905704"
"5204","Tatvan","-0.127130458681887","-0.581161166972705"
"5205","Taubate","-0.072258387026157","0.224023118098381"
"5206","Taungoo","-0.119748621791089","-0.687130739005481"
"5207","Taupo","-0.126444754762259","-0.586935454922438"
"5208","Tauranga","-0.120760355260417","-0.145072996416619"
"5209","Tavda","-0.122399488428062","-0.546877157966035"
"5210","Tawau","-0.115873319036996","0.0948242187480527"
"5211","Tayshet","-0.123307587634662","-0.0766463974150911"
"5212","Tayynsha","-0.128857522995327","-0.481046114694817"
"5213","Taza","-0.123823046173056","-0.0216284396594881"
"5214","Tbilisi","-0.095382164334244","0.570704297794405"
"5215","Tebessa","-0.121380136574543","0.565428000359428"
"5216","Tebingtinggi","-0.111660720997996","-0.594244184188243"
"5217","Tecoman","-0.125826197024716","-0.21063042371078"
"5218","Tecuala","-0.12920792234093","-0.521784762775233"
"5219","Tefe","-0.124031653156604","-0.551676010748149"
"5220","Tegal","0.703195488014912","-0.660843477555255"
"5221","Tegucigalpa","-0.105307200762537","0.233556312229861"
"5222","Tehran","-0.0021074370091532","2.00583103523185"
"5223","Tehuacan","-0.118458796378511","-0.314192162277488"
"5224","Tehuantepec","-0.125761188751504","-0.176312486151382"
"5225","Tejen","-0.125313462499675","0.390516660067799"
"5226","Tekax","-0.128565883496552","-0.429353498252472"
"5227","Tekirdag","-0.125733074701527","0.179690295323894"
"5228","Tel Aviv-Yafo","-0.0176488397600032","4.45132322173991"
"5229","Telemaco Borba","-0.124173169925995","-0.348936758893757"
"5230","Teller","-0.130344155282992","-0.717745172364064"
"5231","Teluk Intan","-0.12138726376594","-0.223867105958112"
"5232","Tema","-0.080596517194304","0.460983476023195"
"5233","Temirtau","-0.121130079155522","0.901537197441075"
"5234","Temple","-0.115605510752411","0.683160850403777"
"5235","Temuco","-0.119158476194453","0.400376014395169"
"5236","Tena","-0.126897954302426","-0.462717790410099"
"5237","Tengchong","-0.120590797872016","-0.692968916435983"
"5238","Tenkodogo","-0.126103175560182","-0.730866997238364"
"5239","Tennant Creek","-0.129185569596849","-0.620180514596569"
"5240","Tenosique","-0.127690580019152","0.0177134115115625"
"5241","Teofilo Otoni","-0.123268251932805","-0.31783774451953"
"5242","Tepic","-0.117238375806563","-0.0137533266079742"
"5243","Teresina","-0.0909820694997154","1.35039316279298"
"5244","Termiz","-0.106721226615055","-0.537937370361375"
"5245","Ternate","-0.123800220729154","-0.558317128182179"
"5246","Ternopil","-0.117849901765055","-0.437691150555999"
"5247","Terrace","-0.127457494223234","-0.207578869947537"
"5248","Terre Haute","-0.109828097438221","0.523137410521074"
"5249","Tessenei","-0.127016668660899","-0.777676527288203"
"5250","Tete","-0.122991357602055","-0.150893566172159"
"5251","Tetovo","-0.121345083219052","-0.511881442877015"
"5252","Texarkana","-0.106892825586229","0.872393986124671"
"5253","Texas City","-0.110706998951765","1.85639030127348"
"5254","Teziutlan","-0.108544152437365","-0.684487142846531"
"5255","Tezpur","0.478162566221976","-0.746544680149485"
"5256","Thai Nguyen","0.0910931053259496","-0.65866146627373"
"5257","Thanh Hoa","0.305157496721378","-0.709893870422325"
"5258","Thanjavur","0.542053497356566","-0.708793798222987"
"5259","The Hague","0.0533345451703181","8.29900056640662"
"5260","The Pas","-0.12859305099143","0.0952927845002682"
"5261","Theodore","-0.130236672837393","-0.772219613792458"
"5262","Thermopolis","-0.12898745049618","-0.688446950240465"
"5263","Thessalon","-0.129821524721603","-0.6428564655034"
"5264","Thessaloniki","-0.0863681284010143","1.59282283773213"
"5265","Thies","-0.115663184091019","-0.519388296017726"
"5266","Thika","-0.124464417766522","-0.623513437289973"
"5267","Thimphu","-0.120594199709024","-0.701267133767117"
"5268","Thohoyandou","0.00362250688610722","-0.668377675136376"
"5269","Thompson","-0.127421328478222","0.265512805362097"
"5270","Thongwa","-0.129589338940285","-0.732372737615317"
"5271","Thorshavn","-0.127815108637442","-0.390803863774987"
"5272","Three Springs","-0.130244638392497","-0.760377634728224"
"5273","Thunder Bay","-0.107203390146298","0.669874068852295"
"5274","Thung Song","-0.129342311345338","-0.598739781764558"
"5275","Tianjin","9.55789610332447","-0.445172868258154"
"5276","Tianmen","0.37294985241984","-0.717968163594778"
"5277","Tianshui","-0.058506301577148","-0.599628980073443"
"5278","Tiarat","-0.121374510592254","0.0296201459638446"
"5279","Tibati","-0.129338264725249","-0.785946648583807"
"5280","Ticul","-0.12669852950963","-0.486901921246901"
"5281","Tidjikdja","-0.128757326253875","-0.785138328452719"
"5282","Tidore","-0.121144963863939","-0.759234012486293"
"5283","Tieli","-0.11873204203535","-0.568941933821435"
"5284","Tieling","-0.0899167759102451","-0.474730020785813"
"5285","Tijuana","-0.00987138914834323","1.1279074718043"
"5286","Tikhoretsk","-0.1234553046665","-0.312558144305083"
"5287","Tikhvin","-0.126484828221747","0.0855757499427527"
"5288","Tikrit","-0.123488459343631","-0.283987943779945"
"5289","Tillaberi","-0.128720417157147","-0.753080548296213"
"5290","Tillamook","-0.128093874223577","-0.581016252161844"
"5291","Timaru","-0.126140593566466","-0.242858045012161"
"5292","Timashevsk","-0.124984157592947","-0.249873706216635"
"5293","Timbauba","-0.110688791447288","-0.550557998451241"
"5294","Timbedra","-0.130225120942212","-0.783354180789776"
"5295","Timbuktu","-0.125983323630393","-0.713837389108423"
"5296","Timika","-0.12757004185627","-0.646076879228656"
"5297","Timimoun","-0.128888175697272","-0.665916289460344"
"5298","Timiryazevskiy","-0.12821821949771","0.376527458820398"
"5299","Timisoara","-0.110846880049584","0.808291068594104"
"5300","Timmins","-0.12467415452685","0.122825783592388"
"5301","Timon","-0.12144754908938","1.24603717010381"
"5302","Tindouf","-0.126114588855312","-0.165476452752444"
"5303","Tingo Maria","-0.12694272937006","-0.655282797940017"
"5304","Tinogasta","-0.130046119404229","-0.566171716818422"
"5305","Tirana","-0.111387512176165","0.743202807557511"
"5306","Tiraspol","-0.119159022469462","-0.342442593699481"
"5307","Tirgu Mures","-0.119860628141216","-0.077851397202432"
"5308","Tiruchchirappalli","1.93243132220028","-0.680254877593017"
"5309","Tirunelveli","-0.0573717356840981","-0.388551153710866"
"5310","Tirupati","0.0720774762660023","-0.625312744362172"
"5311","Tiruppur","-0.0242125810831758","-0.454696175497847"
"5312","Tiruvannamalai","0.565931426921659","-0.710284359754685"
"5313","Titusville","-0.111729117216209","-0.0732908592609714"
"5314","Tizimin","-0.126303037737939","-0.519945114610948"
"5315","Tiznit","-0.125424160897437","-0.221364885917734"
"5316","Tlaxcala","-0.0713012770456311","-0.318787315063514"
"5317","Tlaxiaco","-0.128956939291925","-0.71612778088376"
"5318","Tlimcen","-0.114031242262198","0.385953419852231"
"5319","Toamasina","-0.118226484545036","-0.540798156440349"
"5320","Tobol","-0.129626289404146","-0.439606762648074"
"5321","Tobolsk","-0.124079580249824","1.59923657810167"
"5322","Tocache","-0.129999628298688","-0.651490477924419"
"5323","Tocantinopolis","-0.12889806757403","-0.461865480287493"
"5324","Toconao","-0.130233959594405","-0.778065024765738"
"5325","Togiak","-0.130322894911828","-0.754326226959904"
"5326","Toguchin","-0.125727644868229","-0.440476015600424"
"5327","Tokar","-0.127494908644156","-0.786625597928258"
"5328","Tokmak","-0.116232487781849","-0.62411705240788"
"5329","Toktogul","-0.125134091356343","-0.700013385812676"
"5330","Tokushima","-0.0724786109492748","-0.360114394054927"
"5331","Tokyo","1.35789266821201","1.303894831911"
"5332","Tolanaro","-0.128628933250909","-0.708234250547381"
"5333","Toledo1","-0.0191801613544172","1.45597195596402"
"5334","Toledo2","-0.123777102446511","-0.00271020464699478"
"5335","Toliara","-0.118629819457586","-0.737110537232147"
"5336","Tolu","-0.129127962153514","-0.428734934840474"
"5337","Toluca","-0.00910882741085572","-0.0375683396691719"
"5338","Tolyatti","-0.0829527611741127","1.72054106244254"
"5339","Tom Price","-0.129210452412271","-0.653571700815587"
"5340","Tomah","-0.126752434918391","-0.263971041321723"
"5341","Tomakomai","-0.11700712120446","-0.0211033406171424"
"5342","Tombstone","-0.129870996450684","-0.720457177878934"
"5343","Tomsk","-0.0948469966590589","1.32547321987303"
"5344","Tonantins","-0.13021677866261","-0.751607170868733"
"5345","Tongchuan","-0.103706487381483","-0.686110051469812"
"5346","Tonghua","-0.126614074311725","-0.707004179661342"
"5347","Tongliao","-0.104804942169898","-0.0445055491379419"
"5348","Tongling","-0.0830147161109387","-0.191557258315922"
"5349","Tongren","-0.124151324584229","-0.26468075286842"
"5350","Tonk","-0.116300726642838","-0.490008785842941"
"5351","Tonopah","-0.129912337973341","-0.735044927480288"
"5352","Toowoomba","-0.112733076272825","-0.322956066152108"
"5353","Topeka","-0.096571068429717","0.689730035874564"
"5354","Topki","-0.126749444941641","-0.120144217489256"
"5355","Torbat-e Jam","-0.125899476317754","-0.425157188257268"
"5356","Toronto","0.462371718089724","2.64744561747508"
"5357","Tororo","0.58927737736275","-0.784935880570622"
"5358","Torreon","-0.0846092529181642","1.40901175067525"
"5359","Torzhok","-0.126185314073987","0.0152507390383304"
"5360","Totness","-0.129557218261715","-0.72905285446683"
"5361","Tottori","-0.118494072478952","-0.468521781928434"
"5362","Touggourt","-0.121691677688513","0.77154305742377"
"5363","Toulon","-0.0811964599377273","1.01597361621583"
"5364","Toulouse","-0.0256119529834822","1.47579223581074"
"5365","Tournavista","-0.130219119458601","-0.778295833959623"
"5366","Tours","-0.0865208658218947","0.226210244398761"
"5367","Townsville","-0.104712944669333","0.465203312960459"
"5368","Toyama","-0.092879614628427","-0.114238547545838"
"5369","Tozeur","-0.125643739609895","-0.303495017189211"
"5370","Trablous","-0.0725441878009814","-0.289109139259594"
"5371","Trabzon","0.0293827966070176","-0.502845552968452"
"5372","Tralee","-0.125795614646199","-0.29749318060203"
"5373","Trancas","-0.130039763504966","-0.597682827994589"
"5374","Trang","-0.119029247072491","-0.309298729901486"
"5375","Tranqueras","-0.129677898744463","-0.510676700449113"
"5376","Traralgon","-0.125718511568016","-0.442737690351676"
"5377","Traverse City","-0.116991267840888","-0.153730653736111"
"5378","Treinta y Tres","-0.126906875829667","-0.161235726807367"
"5379","Trelew","-0.122815539065529","1.47642842834431"
"5380","Trento","-0.115140626718243","0.099095613359626"
"5381","Trenton","0.0242460422026286","1.09506943680649"
"5382","Trepassey","-0.13013229825989","-0.750832301809864"
"5383","Tres Arroyos","-0.126253110788243","0.795583688926623"
"5384","Tres Lagoas","-0.120076985425592","0.0941922297519801"
"5385","Treviso","-0.090440977425169","0.404322621394534"
"5386","Trieste","-0.114706420790582","1.00778975762382"
"5387","Trindade","-0.107951952715414","-0.0279246525518173"
"5388","Trinidad1","-0.127602934868863","-0.586343077833374"
"5389","Trinidad2","-0.125941945030377","-0.276252748476848"
"5390","Tripoli1","-0.0798695610683472","3.38505527052133"
"5391","Tripoli2","-0.127262647344207","-0.38901911895772"
"5392","Trivandrum","1.31368410739067","-0.701489052666833"
"5393","Trnava","-0.124069298169089","0.174394009639141"
"5394","Trois Rivieres","-0.110446794866065","0.866337803802587"
"5395","Troitsk","-0.121011983097952","-0.192421771565267"
"5396","Trollhattan","-0.11951642740793","0.0194318862732469"
"5397","Tromso","-0.125303949738092","1.64619746968228"
"5398","Trondheim","-0.109107362571179","1.81502526176479"
"5399","Trout River","-0.130292895708895","-0.752689959773235"
"5400","Troyes","-0.113084549984117","0.441706224593088"
"5401","Trujillo1","-0.127161766410846","-0.529775237195348"
"5402","Trujillo2","-0.1300117655251","-0.531432867896294"
"5403","Trujillo3","-0.109182845609241","0.307826471763495"
"5404","Truth or Consequences","-0.127647239594256","-0.655117605350013"
"5405","Tsavo","-0.1302168027072","-0.786590132269157"
"5406","Tsetserleg","-0.127273920493716","-0.770978930850796"
"5407","Tshabong","-0.129241644992297","-0.698510004563916"
"5408","Tshela","-0.129555930436764","-0.783817133224326"
"5409","Tshikapa","-0.121640883317777","-0.766091405678172"
"5410","Tskhinvali","-0.126976291649456","-0.427804108642308"
"5411","Tsu","-0.0456537663438443","0.026467835980176"
"5412","Tsumeb","-0.127927293411817","-0.650468396358455"
"5413","Tsuruoka","-0.122976085622931","-0.521927447137622"
"5414","Tuapse","-0.125639908276828","0.412061076583862"
"5415","Tuban","1.08523263261393","-0.645525293610697"
"5416","Tubarao","-0.119902747910973","0.18176701442488"
"5417","Tubruq","-0.124039436106866","1.70178384865249"
"5418","Tucano","-0.130220440965539","-0.296301606398764"
"5419","Tucson","0.0307307956311181","0.683702677809666"
"5420","Tucumcari","-0.128257520219712","-0.425019672530282"
"5421","Tucupita","-0.127596210223203","0.557078059142678"
"5422","Tucurui","-0.130216952247857","-0.74279791007379"
"5423","Tukuyu","-0.0916817932965818","-0.785937064667414"
"5424","Tula1","-0.0924400738778499","0.260548684926813"
"5425","Tula2","-0.130233687598798","-0.698356441403568"
"5426","Tulare","-0.120930543247678","0.291964294304433"
"5427","Tulcea","-0.125255717271296","0.0578350617832333"
"5428","Tulsa","-0.00596658650302577","1.79354707241107"
"5429","Tulua","-0.124478194449258","-0.0221829634643725"
"5430","Tulun","-0.12215351498","-0.272377944761003"
"5431","Tumbes","-0.126462390166431","-0.112730078086499"
"5432","Tumen","-0.126364516530425","-0.493664834035508"
"5433","Tumkur","-0.10307645953857","-0.389028598363729"
"5434","Tumut","-0.128805332830045","-0.642584415129599"
"5435","Tunduma","-0.125850675367334","-0.70982554149123"
"5436","Tunduru","-0.130220536979777","-0.785424706341496"
"5437","Tungkang","-0.0313186579421441","0.449247027733145"
"5438","Tunis","-0.000474960637732243","1.41531980210179"
"5439","Tunja","-0.123609486953536","-0.470958310971968"
"5440","Tununak","-0.130218168527189","-0.766493634354116"
"5441","Tunuyan","-0.128216603974516","-0.396219435559784"
"5442","Tupa","-0.120977955570222","-0.247659514281906"
"5443","Tupelo","-0.118497895477324","0.984396985615778"
"5444","Tupiza","-0.130025126949625","-0.73790931659141"
"5445","Tuquerres","-0.119597310320287","-0.761861368192302"
"5446","Turbat","-0.120668165925792","-0.666775998666825"
"5447","Turbo","-0.128246514711214","-0.381455282147857"
"5448","Turin","-0.0204588545483884","1.81778895899535"
"5449","Turkistan","-0.121686333196243","-0.551224023233141"
"5450","Turkmenabat","-0.110748586583194","0.882858564066434"
"5451","Turkmenbasy","-0.125836495561156","1.6752627868751"
"5452","Turku","-0.0887824079114126","1.75409438510823"
"5453","Turnovo","-0.124093940422721","-0.160579546024014"
"5454","Turpan","-0.121637302776206","-0.308824845387532"
"5455","Tuscaloosa","-0.0953022662605744","1.10241773508606"
"5456","Tuticorin","-0.112939728984275","-0.32944221031053"
"5457","Tuxpam","-0.120709056188193","-0.274158185788085"
"5458","Tuxpan","-0.12776431726422","-0.557535313099281"
"5459","Tuxtla Gutierrez","-0.10731788824412","0.616864286800376"
"5460","Tuymazy","-0.125653577723812","0.311355899112002"
"5461","Tuzla","-0.119005567260094","-0.24307954570279"
"5462","Tver","-0.10735996566047","1.17142523723499"
"5463","Tweed Heads","-0.122809911000487","-0.309787198116993"
"5464","Twin Falls","-0.119943117270841","-0.178088094708559"
"5465","Tyler","-0.102659808517769","0.821116833603593"
"5466","Tynda","-0.128779345060937","-0.442918549697538"
"5467","Tyumen","-0.0847657040832729","3.38139699188029"
"5468","Tzaneen","-0.126583725236287","-0.528540405159685"
"5469","Uba","-0.116583451953598","-0.210954267671711"
"5470","Ubaitaba","-0.128935739342424","-0.516439192757884"
"5471","Uberaba","-0.110206572165098","0.292879464470052"
"5472","Uberlandia","-0.0941733806096025","0.74258188501732"
"5473","Ubomba","-0.130241072370523","-0.778006300569337"
"5474","Ubon Ratchathani","-0.105222427159057","-0.226268784244261"
"5475","Udaipur","-0.0862704353250963","-0.258065371378305"
"5476","Udine","-0.101849464724416","0.143228982568775"
"5477","Udon Thani","-0.115005771458113","0.0042483656552261"
"5478","Ufa","-0.0734511656842733","1.01341083092077"
"5479","Uglegorsk","-0.127224540898837","-0.6339350362054"
"5480","Uglich","-0.126719403838074","-0.208209357680215"
"5481","Uige","-0.129340918272485","-0.329982407773307"
"5482","Uitenhage","-0.112338045307465","0.262842958540353"
"5483","Ujjain","-0.0809128115759797","-0.366832933786902"
"5484","Ujungpandang","0.314392173673374","-0.59792157176764"
"5485","Ukhta","-0.120782997155377","1.0422625397791"
"5486","Ukiah","-0.124055526884548","-0.41740110394636"
"5487","Ulaanbaatar","-0.0935473212686656","-0.0354720612508161"
"5488","Ulaangom","-0.128430050141431","-0.748644832363567"
"5489","Ulan Ude","-0.10162718467611","0.12668325843933"
"5490","Ulanhot","-0.110191523392257","-0.308667984809369"
"5491","Uliastay","-0.128938762949692","-0.755958644478296"
"5492","Ulladulla","-0.128806324343497","-0.629966156891235"
"5493","Ulm","-0.107051289081146","-0.309692704309585"
"5494","Ulsan","-0.0738149191819236","1.90489037387316"
"5495","Ulundi","-0.127506841250714","-0.636013696225486"
"5496","Ulyanovsk","-0.103996291395445","0.310376217513637"
"5497","Uman","-0.123234180954553","0.616435440188275"
"5498","Umea","-0.116232190447871","1.52417152104698"
"5499","Umm al Qaywayn","-0.126635613280777","0.924057520950388"
"5500","Umm Ruwaba","-0.126337106981429","-0.759282369252578"
"5501","Umtata","-0.100546200468117","-0.522822307354167"
"5502","Unalakleet","-0.130142315792892","-0.681945375239004"
"5503","Unalaska","-0.130174559075668","-0.578373320848111"
"5504","Uncia","-0.129597138879399","-0.741383626126697"
"5505","Upata","-0.124739324117145","0.393229485915885"
"5506","Upington","-0.123803107959945","-0.151916398369821"
"5507","Upper Hutt","-0.123732137583208","-0.521993095241225"
"5508","Uppsala","-0.106527157453646","0.976492276228765"
"5509","Uray","-0.12965883735507","0.639275318334536"
"5510","Urbana","-0.106272730399567","1.15058890232251"
"5511","Urgentch","-0.111447127564052","-0.494640569455806"
"5512","Urgut","-0.107065592593651","-0.730941626114063"
"5513","Uroteppa","-0.111325822280262","-0.724860683669273"
"5514","Uruapan","-0.120614843397583","-0.359157360087208"
"5515","Urubamba","-0.129575850204527","-0.756357393440157"
"5516","Uruguaiana","-0.118875330702295","0.420545102068404"
"5517","Urumqi","-0.0369746136885133","0.956242034545714"
"5518","Uryupinsk","-0.125785729868311","-0.607446047848119"
"5519","Urzhar","-0.127251373847517","-0.731797721565086"
"5520","Usak","-0.122449919145693","0.00238954421272142"
"5521","Usakos","-0.129615597540758","-0.760159525284372"
"5522","Ushtobe","-0.126987662679336","-0.702931632748095"
"5523","Ushuaia","-0.12413267901862","0.304609392987641"
"5524","Usolye Sibirskoye","-0.116665787852628","-0.280392761094738"
"5525","Uspallata","-0.129689178738789","-0.708321468588977"
"5526","Ussuriysk","-0.109705998706874","-0.0408119264672575"
"5527","Ust Kut","-0.125667522965955","-0.0571617142770325"
"5528","Ust-Ulimsk","-0.128070157071232","-0.0278402386557746"
"5529","Uthai Thani","-0.128515834318312","-0.228033412132034"
"5530","Utica","-0.105072255246785","0.107109872081247"
"5531","Utrecht","-0.0722924168319653","0.685283207911972"
"5532","Utsunomiya","-0.0598125071177813","-0.0316510456577545"
"5533","Uttaradit","-0.11713577392237","-0.411979870253901"
"5534","Uvinza","-0.127351928993878","-0.786625597928258"
"5535","Uvira","-0.125798900609628","-0.766859675880171"
"5536","Uyar","-0.126171052838963","-0.389002905313054"
"5537","Uyuni","-0.128776573400569","-0.735398432116581"
"5538","Uzhgorod","-0.117170593890582","-0.433569946623789"
"5539","Uzhur","-0.126371003128944","-0.201318043978091"
"5540","Vaasa","-0.117286333768391","0.996090540665966"
"5541","Vac","-0.126393845735026","-0.283918671197574"
"5542","Vacaria","-0.123611072569123","-0.398499168365016"
"5543","Vadodara","0.406159159081796","-0.434484323264469"
"5544","Vaduz","-0.118770557796863","-0.589459057242885"
"5545","Val d'Or","-0.124781255737106","0.36884613742656"
"5546","Valdez","-0.129682259865064","-0.384407452274349"
"5547","Valdivia","-0.119330461604951","0.0595984028738131"
"5548","Valdosta","-0.1140426801513","1.06456204888963"
"5549","Valenca","-0.128929797437214","-0.254106110873179"
"5550","Valencia1","-0.0491730061165249","1.65363086814973"
"5551","Valencia2","-0.0438944359018925","3.27760461636286"
"5552","Valera","-0.121045453147064","-0.0562414827091122"
"5553","Valladolid1","-0.1129705453767","1.19129355751035"
"5554","Valladolid2","-0.126290831293946","-0.259018201808519"
"5555","Valle de la Pascua","-0.125412463527071","0.513405191756649"
"5556","Valledupar","-0.116070919595388","1.03248734198834"
"5557","Vallegrande","-0.129387113112378","-0.765673289078101"
"5558","Vallejo","-0.107163599077227","0.502546167581145"
"5559","Vallenar","-0.127124357482704","-0.354554272051808"
"5560","Valletta","-0.102881210565195","1.1152170778598"
"5561","Valparai","-0.122380064689529","-0.76637543264879"
"5562","Valparaiso1","-0.129211177655415","-0.68355472959849"
"5563","Valparaiso2","-0.0827559012389676","0.932002035263995"
"5564","Valuyki","-0.125583598595452","-0.464956538724646"
"5565","Van","-0.109028648338857","-0.139017543279614"
"5566","Van Horn","-0.129676737014819","-0.641908439116051"
"5567","Vanadzor","-0.122689842854797","-0.74756891978158"
"5568","Vancouver1","-0.0344815275515205","1.09701181428023"
"5569","Vancouver2","0.0527460912477571","1.99778031725635"
"5570","Vanhynsdorp","-0.130059497640786","-0.667485399237532"
"5571","Vanino","-0.124038210696422","-0.293773350161793"
"5572","Varamin","-0.125360664343892","0.279547130297834"
"5573","Varanasi","6.77674322588881","-0.706094966294409"
"5574","Varna","-0.119403246973256","0.679791672199381"
"5575","Varzea Grande","-0.0995759631889375","0.992571236122068"
"5576","Vasteraas","-0.109981223368183","1.16562452704951"
"5577","Vatican City","-0.0845671246853312","2.64515546161256"
"5578","Vaxjo","-0.119089217793844","0.295810788481973"
"5579","Vegreville","-0.128977263669219","-0.344379523731765"
"5580","Veinticinco de Mayo","-0.126815565527542","-0.345564277909894"
"5581","Velikiy Ustyug","-0.128800496965941","-0.508991425055078"
"5582","Velikiye Luki","-0.119792806951641","-0.0633846655156809"
"5583","Vellore","0.574186776331581","-0.657965791539777"
"5584","Velsk","-0.126761248183818","-0.180030815328224"
"5585","Venado Tuerto","-0.12341714104624","0.890555670172534"
"5586","Venice","-0.126998442750317","0.360599740490829"
"5587","Ventspils","-0.125141340346579","0.370099649468184"
"5588","Vera","-0.12811834958653","0.0200245850616125"
"5589","Veracruz","-0.107414714490383","1.66504561714084"
"5590","Vereeniging","-0.0899939129863365","0.148022473695907"
"5591","Vergara","-0.129505618125426","-0.570743407002246"
"5592","Verkhniy Ufaley","-0.125075292482418","-0.479632825334723"
"5593","Verkhnyaya Salda","-0.124762444407065","-0.355763218017215"
"5594","Vernal","-0.12569640830003","-0.505430792874576"
"5595","Vernon","-0.126576157752217","-0.326747270943469"
"5596","Vero Beach","-0.102688505487578","0.180739463970833"
"5597","Verona","-0.0679315013811425","0.850847682306054"
"5598","Versailles","0.101184370850293","1.35924426862423"
"5599","Viacha","-0.128739958253671","-0.457292846452393"
"5600","Viana","-0.129333114993048","-0.483382123430743"
"5601","Vibo Valentia","-0.123316650105054","-0.299560162937564"
"5602","Viborg","-0.124143183483705","-0.455119017056371"
"5603","Vicente Guerrero","-0.129674596813526","-0.678245865471151"
"5604","Vichuga","-0.124268160142393","-0.522684126781963"
"5605","Vichy","-0.117157858927033","-0.346640640870899"
"5606","Vicksburg","-0.120865485354171","0.499544498655858"
"5607","Victor Harbor","-0.127905841177887","-0.672657712735783"
"5608","Victoria Falls","-0.128119087707519","-0.695433368978665"
"5609","Victoria1","-0.11507589227594","1.11907060652867"
"5610","Victoria2","-0.0927344037986998","0.29203575444204"
"5611","Victoria3","-0.128690710391147","-0.542382332468037"
"5612","Victoria5","-0.128005478692305","0.555335049447795"
"5613","Victoriaville","-0.119769682826106","0.255867059369228"
"5614","Victorica","-0.128644211477648","-0.492303810088183"
"5615","Viedma","-0.124205523080924","1.26530721546963"
"5616","Vienna","0.00765699510146405","0.612489176334823"
"5617","Vientiane","-0.0667857207993358","-0.215937990317614"
"5618","Viet Tri","0.0149333582325479","-0.602929722113643"
"5619","Vigo","-0.104709884370664","0.768502269863729"
"5620","Vijayawada","0.751146002058812","-0.659101325725168"
"5621","Vikhorevka","-0.130313180569756","-0.593329743207703"
"5622","Vila Velha","-0.0339703341137507","1.79588269510784"
"5623","Vilanculos","-0.13023222863877","-0.591468626976869"
"5624","Vilhena","-0.120935220232533","0.157544601371505"
"5625","Villa Ahumada","-0.128908993952968","-0.628449001550826"
"5626","Villa Angela","-0.12552042082934","0.474098684615246"
"5627","Villa Carlos Paz","-0.120773470698535","0.106955113271837"
"5628","Villa Constitucion","-0.127093043068783","1.13744915879726"
"5629","Villa Hayes","-0.128830842787577","0.0485401824924115"
"5630","Villa Maria","-0.122187037496735","1.28247137433135"
"5631","Villa Rumipal","-0.129873829602017","-0.59643783026108"
"5632","Villa Union","-0.128807252560033","-0.39479143381842"
"5633","Villahermosa","-0.0929326013673746","0.811844687729888"
"5634","Villanueva","-0.12920753853597","-0.701191169839327"
"5635","Villarica","-0.129576745794207","-0.359214922815097"
"5636","Villavicencio","-0.122050837206378","0.348427754243264"
"5637","Villazon","-0.127562032883533","-0.707104694607295"
"5638","Vilnius","-0.0979205717600642","0.564190101457114"
"5639","Vilyuysk","-0.129448526270848","-0.555498613391086"
"5640","Vina del Mar","-0.0932155959328124","0.967064685253811"
"5641","Vinh","-0.0731499006579818","-0.543613411345212"
"5642","Vinnytsya","-0.110490514357204","-0.170157349124948"
"5643","Virginia Beach","-0.0790779844669273","1.38513600078641"
"5644","Visakhapatnam","0.222131227464482","-0.495261513442616"
"5645","Visalia","-0.111273125512972","0.377529444903487"
"5646","Visby","-0.125893470571068","0.261932592417601"
"5647","Viseu","-0.130216555942974","-0.547817163317531"
"5648","Vitoria da Conquista","-0.114383654037672","-0.0151954831184861"
"5649","Vitoria1","-0.0541314430124122","1.63075006985265"
"5650","Vitoria2","-0.118198169835644","1.71654855967653"
"5651","Vitsyebsk","-0.109535691440212","0.814691083126893"
"5652","Vizianagaram","-0.130227200458154","-0.743984417513097"
"5653","Vladikavkaz","-0.10538051485259","-0.0210704843954093"
"5654","Vladimir","-0.115133716216948","1.11110052784411"
"5655","Vladivostok","-0.105093207864552","1.39337716474688"
"5656","Vlore","-0.126544167334798","0.214308056629906"
"5657","Voi","-0.128891515221485","-0.748455474794558"
"5658","Volgodonsk","-0.12802929682545","0.134443503394502"
"5659","Volgograd","-0.0848775003902556","0.713888709573507"
"5660","Volkhov","-0.122485614627668","-0.104488656766593"
"5661","Volksrust","-0.128467146069041","-0.709046412597478"
"5662","Vologda","-0.113056161202374","1.58382761061495"
"5663","Volos","-0.119087538365245","0.43878691068833"
"5664","Volsk","-0.123577142674305","-0.510133371779828"
"5665","Volta Redonda","-0.0857900488241418","0.388341029155709"
"5666","Volzhskiy","-0.106356499172629","0.781160579664813"
"5667","Vorkuta","-0.121446404493086","0.451359691369131"
"5668","Voronezh","-0.113830829991082","1.04730249546246"
"5669","Votkinsk","-0.122541710873621","-0.19913194711547"
"5670","Voznesensk","-0.123520629590907","-0.553238654369428"
"5671","Vratsa","-0.126542587514151","-0.496994593352473"
"5672","Vryburg","-0.126086822482938","-0.535359079160109"
"5673","Vryheid","-0.125725258800104","-0.59589574549575"
"5674","Vung Tau","-0.117590785911763","0.19297407434859"
"5675","Vyazemskiy","-0.126976555625367","-0.637472613269478"
"5676","Vyazma","-0.126106433266804","-0.213636682212733"
"5677","Vyborg","-0.124423404596601","0.617313121662254"
"5678","Vyshnniy Volochek","-0.124570841227052","-0.277048160716781"
"5679","Vyska","-0.122688861920499","0.0927826721037538"
"5680","Wa","-0.127604319707154","-0.551522495842696"
"5681","Waco","-0.0918249130138275","0.825626628842298"
"5682","Wafangdian","-0.1038769407631","-0.5265067294249"
"5683","Wagga Wagga","-0.117713250168539","-0.386946045782126"
"5684","Wagin","-0.129695092845544","-0.738181726196095"
"5685","Wahiawa","-0.104679801680409","0.126460299378548"
"5686","Wailuku","-0.12298276076087","-0.300201802912606"
"5687","Waingapu","-0.128473776356223","-0.702825423724551"
"5688","Wainwright","-0.130289293386513","-0.47329860903188"
"5689","Waitakere","-0.130259870447531","-0.53561313581979"
"5690","Wajir","-0.126899032441673","-0.72143633403511"
"5691","Wakayama","-0.0898336212197106","-0.0396328770900352"
"5692","Wakema","-0.125131362715704","-0.776892890583025"
"5693","Waku Kungo","-0.128050230291322","-0.761487786838928"
"5694","Walbrzych","-0.116193882667406","-0.260173531224104"
"5695","Walla Walla","-0.121315582356205","-0.119258643659141"
"5696","Wallace","-0.130136448992044","-0.685260658087516"
"5697","Wallaroo","-0.129515997057989","-0.688194866669818"
"5698","Walvis Bay","-0.12635439030192","0.159415861853566"
"5699","Wamba","-0.125573108531054","-0.786625597928258"
"5700","Wanganui","-0.121736000495106","-0.4798337158236"
"5701","Wangaratta","-0.126498961328395","-0.544073226876494"
"5702","Wangqing","-0.125415546728421","-0.655104426402066"
"5703","Wanxian","0.0732776610664905","-0.707847337438893"
"5704","Warangal","0.048557370508134","-0.62370506283904"
"5705","Warri","-0.0103927849157764","0.349141497754505"
"5706","Warrnambool","-0.124858128779615","-0.502061057058063"
"5707","Warsaw","0.0772938224629436","1.46495963387099"
"5708","Warwick","-0.12613543551364","-0.64120596580358"
"5709","Washington, D.C.","0.761947543332736","2.29684039262386"
"5710","Watampone","-0.125805294859007","-0.632973637850524"
"5711","Waterbury","-0.0862971946624904","0.0989188074249329"
"5712","Waterford","-0.123743897822674","0.195634742017006"
"5713","Waterloo","-0.105650680803161","0.618823735783586"
"5714","Watertown","-0.123065559157871","0.130671643454323"
"5715","Waterville","-0.123137073094837","-0.302534122829904"
"5716","Watsa","-0.127786147543618","-0.77610085618573"
"5717","Wau","-0.122103281444992","-0.761383577712692"
"5718","Waukegan","0.0910939450189173","1.23275879562734"
"5719","Waukesha","-0.0532787146195366","0.975863118186519"
"5720","Wausau","-0.109778757340569","0.150513884639837"
"5721","Wawa","-0.128945602812786","-0.633079959468823"
"5722","Waycross","-0.121131787614039","0.165319515814707"
"5723","Weifang","0.643437790829095","-0.47183579942637"
"5724","Weihai","-0.0804761435482493","0.242521514079142"
"5725","Weinan","0.746597466815429","-0.616755264204369"
"5726","Welkom","-0.112602033996409","-0.384925559718598"
"5727","Wellington","-0.110535766335752","-0.0896154258457059"
"5728","Wenatchee","-0.116113486002874","0.271715854137455"
"5729","Wenshan","-0.119650213772544","-0.301086904917083"
"5730","Wenzhou","0.165927933395476","0.130286891092791"
"5731","West Bend","-0.12186597876098","0.153867192345484"
"5732","West Palm Beach","0.078702906533995","1.7693859966907"
"5733","Westport","-0.130271724953759","-0.768476350239121"
"5734","Wetaskiwin","-0.12788448090613","-0.0637543194567844"
"5735","Wewak","-0.130216922606799","-0.692108220684985"
"5736","Weyburn","-0.128416988806464","-0.291518838581598"
"5737","Whakatane","-0.128158348349825","-0.498971306864725"
"5738","Whangarei","-0.122496365732007","-0.469087307849346"
"5739","Wheeling","-0.114258364021608","0.10084454232161"
"5740","White Sulphur Springs","-0.129734815330803","-0.641560757237069"
"5741","Whitehorse","-0.125627440563558","0.0731362814514301"
"5742","Whyalla","-0.124105204396301","-0.345792083906781"
"5743","Wiarton","-0.129646696346497","-0.63731152770719"
"5744","Wichita","-0.0320565909404852","1.08969525699815"
"5745","Wichita Falls","-0.104064996487759","0.577781596584555"
"5746","Wiener","-0.116220897981377","-0.244348499310759"
"5747","Wiesbaden","-0.0580190321428495","0.163506075419978"
"5748","Wilcannia","-0.130059298584631","-0.759542111947368"
"5749","Wilkes Barre","-0.097933815596449","0.331906993979417"
"5750","Willcox","-0.128935055071057","-0.61487736599344"
"5751","Willemstad","-0.107060812351855","0.372694261547213"
"5752","Williams Lake","-0.126329199149964","-0.189338819950448"
"5753","Williamsport","-0.11688333449054","-0.122929575805939"
"5754","Williston","-0.126720217708038","0.821115632592872"
"5755","Willmar","-0.125878733521981","0.532620419561918"
"5756","Wilmington1","-0.0789881483455763","0.79780452931353"
"5757","Wilmington2","0.0733520415657145","1.10769652032895"
"5758","Winchester","-0.115089783503822","0.191828653271414"
"5759","Windhoek","-0.107300373283399","-0.157928443548089"
"5760","Windsor1","0.0534738211946831","2.27654639983616"
"5761","Windsor2","-0.129177339766104","-0.570703409056078"
"5762","Winneba","-0.124929542806972","-0.622974237095024"
"5763","Winnemucca","-0.127076900014437","-0.530223128405949"
"5764","Winnipeg","-0.0492472381041725","3.56998449855483"
"5765","Winona","-0.123074386398121","-0.16654994186638"
"5766","Winston-Salem","-0.0329094772432343","0.638300783924951"
"5767","Winter Haven","-0.0973284012543273","0.503895588907093"
"5768","Winton","-0.129822815263037","-0.720463354505473"
"5769","Witu","-0.130216695324532","-0.786625597928258"
"5770","Wloclawek","-0.119610909975551","0.064394124449419"
"5771","Wollongong","-0.104957240806256","0.218004853400338"
"5772","Wonju","-0.114705811091929","0.261536001521873"
"5773","Wonsan","-0.119396832673491","-0.754749958553155"
"5774","Wonthaggi","-0.128525657567067","-0.671497450597614"
"5775","Woodward","-0.125608158236897","-0.267973280853188"
"5776","Worcester1","-0.0656921653984475","0.522502333211727"
"5777","Worcester2","-0.122669439798689","0.0861753974359726"
"5778","Wrangell","-0.129944257982548","-0.67010880340382"
"5779","Wroclaw","-0.0807249847206683","0.987625473993441"
"5780","Wuchuan","-0.128089717395273","-0.708433564709692"
"5781","Wuhan","4.39912196134589","-0.578156881559786"
"5782","Wuhu","0.0123452468489727","-0.169416411299634"
"5783","Wukari","-0.12824536552067","-0.763392879363928"
"5784","Wum","-0.128018492081199","-0.786622640874415"
"5785","Wuppertal","-0.0425526054135618","-0.156468915275428"
"5786","Wurzburg","-0.107261363366607","-0.393126618499797"
"5787","Wuwei","-0.0348156988829537","-0.633606109395546"
"5788","Wuxi","0.724725264550145","0.594864858795901"
"5789","Wuyuan","-0.127586698764347","-0.682950556868465"
"5790","Wuzhou","-0.102568319793036","-0.384508380067736"
"5791","Xai-Xai","-0.12400759727279","-0.536077347908158"
"5792","Xalapa","-0.11331356639194","-0.161499606018977"
"5793","Xanthi","-0.123061229468975","-0.0092796474772222"
"5794","Xapeco","-0.115820490977488","-0.0146226867934179"
"5795","Xiamen","-0.097539587344449","1.84818430976969"
"5796","Xian","3.17211408825556","-0.408133118716924"
"5797","Xiangfan","2.73726954783905","-0.69523816184407"
"5798","Xiangkhoang","-0.129601429481999","-0.774703559972242"
"5799","Xiangtai","0.46780801527818","-0.585104020813586"
"5800","Xiangtan","0.0633854708091486","-0.437047215792626"
"5801","Xiantao","0.727848751289075","-0.719139770994889"
"5802","Xiaogan","0.641262365023632","-0.664183359676826"
"5803","Xichang","-0.0968972760325267","-0.520527840721044"
"5804","Xigaze","-0.12753302904837","-0.736808606355129"
"5805","Xilinhot","-0.123542986487118","0.0807903227447157"
"5806","Xinguara","-0.12955930015026","-0.395355865961716"
"5807","Xingyi","-0.104123894421672","-0.336073333619674"
"5808","Xining","-0.0786895787916905","-0.335368383222601"
"5809","Xinqing","-0.126432669425732","-0.770989513417318"
"5810","Xinxiang","0.383239928471182","-0.483772065874295"
"5811","Xinyang","0.119330779974665","-0.631065188929506"
"5812","Xinyi","0.878762536529088","-0.585589014676664"
"5813","Xinyu","0.0300759791650848","-0.690536848289394"
"5814","Xinzhou","-0.094709799427787","-0.315845224848389"
"5815","Xique-Xique","-0.129568037898036","-0.324732575467322"
"5816","Xuanhua","-0.0968340676076078","-0.374939970586331"
"5817","Xuchang","1.44758592723743","-0.62477727587909"
"5818","Xuzhou","0.983019600072558","-0.540319510776769"
"5819","Yaan","0.15791496126217","-0.715249010993817"
"5820","Yacuiba","-0.126327563740182","-0.257876598229688"
"5821","Yakeshi","-0.124328999085881","-0.586669409602217"
"5822","Yakima","-0.11297987671603","0.427144741739491"
"5823","Yakutat","-0.130324504613381","-0.751333900718423"
"5824","Yakutsk","-0.109799760353707","1.74799513797333"
"5825","Yala","-0.122082711760166","-0.229003228285232"
"5826","Yalta","-0.125830559030214","-0.251894106493683"
"5827","Yalutorovsk","-0.126508879749025","-0.10321142476333"
"5828","Yamagata","-0.102328731854847","-0.257296209801165"
"5829","Yamba","-0.129664481144829","-0.713148448613128"
"5830","Yambio","-0.124040737119222","-0.780823128449732"
"5831","Yamoussoukro","-0.115275553452776","0.179966356215627"
"5832","Yanbu al Bahr","-0.11950523802704","4.02943080482777"
"5833","Yandoon","-0.125354546898978","-0.764257250529416"
"5834","Yangambi","-0.128446504420376","-0.786625597928258"
"5835","Yangjiang","-0.0152166125802045","-0.36653049355266"
"5836","Yangquan","-0.0360423501013284","-0.531541838172154"
"5837","Yangzhou","0.117882568800692","-0.19858385729656"
"5838","Yanji","-0.103036830059727","-0.202364381671196"
"5839","Yankton","-0.12701179222697","0.0762898782322921"
"5840","Yantai","0.0416061500144623","0.115965181450006"
"5841","Yaounde","-0.0794371895559881","-0.166578766123564"
"5842","Yarmouth","-0.12770705164548","-0.382024260974578"
"5843","Yaroslave","-0.0906103643341467","1.71783158226717"
"5844","Yaynangyoung","-0.126907860241997","-0.727745913533311"
"5845","Yazd","-0.105164541949407","0.583993567153801"
"5846","Ye","-0.125522923207337","-0.782052112260222"
"5847","Yefremov","-0.124950337606246","-0.391944995528179"
"5848","Yegoryevsk","-0.126631823566347","0.390511684451979"
"5849","Yei","-0.129334166917282","-0.785196000256778"
"5850","Yekaterinburg","-0.0661873656641344","2.93358607742429"
"5851","Yelets","-0.116888144609546","-0.0807068859662834"
"5852","Yelimane","-0.130223974549529","-0.786625597928258"
"5853","Yellowknife","-0.126506852410376","0.133681805241098"
"5854","Yemanzhelinsk","-0.12412628995265","-0.42214024933859"
"5855","Yendi","-0.128035856728554","-0.70045579205023"
"5856","Yeniseysk","-0.127865616085684","-0.0310751610194122"
"5857","Yeosu","-0.103426323784111","1.17915133917124"
"5858","Yeppoon","-0.129826058068004","-0.542937199418845"
"5859","Yerevan","-0.0810994548565223","-0.316795052751813"
"5860","Yevlax","-0.126552327356047","-0.397653742607408"
"5861","Yevpatoriya","-0.123844845438803","-0.259913340831123"
"5862","Yeysk","-0.12631122299498","-0.0135645105661187"
"5863","Yian","-0.126102383841138","-0.6570504498012"
"5864","Yibin","0.465439993731973","-0.730891419576809"
"5865","Yichang","-0.0115173366657861","-0.500288408134436"
"5866","Yichun","-0.124889470708944","-0.186305495814144"
"5867","Yinchuan","-0.12294871306763","0.952898249139316"
"5868","Yingkow","0.098782032361426","-0.450667492284011"
"5869","Yining","-0.104136974554643","0.26996049118949"
"5870","Yirga Alem","0.405663225929867","-0.784921388017205"
"5871","Yishan","-0.123576236652847","-0.299417113982637"
"5872","Yishui","0.361074517312659","-0.677209007184054"
"5873","Yitulihe","-0.126477031140793","-0.77328089843924"
"5874","Yiyang","0.313135856194432","-0.701887702438077"
"5875","Yogyakarta","0.547871808940327","-0.622516769968624"
"5876","Yokohama","0.191496836708989","1.12784913699808"
"5877","Yola","-0.0620482183114842","-0.749086662223211"
"5878","Yomou","-0.129340773470875","-0.786625597928258"
"5879","Yongzhou","-0.0385574397996097","-0.715552469942505"
"5880","York1","-0.0782586914599493","0.551469339098798"
"5881","York2","-0.113762434962026","0.186798734606184"
"5882","Yorkton","-0.126105634649733","-0.00798701680085158"
"5883","Yoshkar Ola","-0.107474442490621","0.742637131510257"
"5884","Young","-0.12841871232942","-0.597215506146332"
"5885","Youngstown","-0.0382422238425791","0.782964154614373"
"5886","Ypacarai|Ita","-0.129035168979378","0.00571891749053048"
"5887","Yuanlin","0.083305115356594","0.37338518585485"
"5888","Yuba City","-0.107830415995147","-0.0774576801537724"
"5889","Yuci","0.0103132759535962","-0.342846176193309"
"5890","Yueyang","0.0635585042101338","-0.534411546045018"
"5891","Yulara","-0.129835903344229","-0.758166287151464"
"5892","Yulin1","0.120392959421081","-0.544405392125957"
"5893","Yulin2","-0.119787464977098","0.385777814928251"
"5894","Yuma","-0.115856559439985","1.25469474163683"
"5895","Yunxian","-0.11382418879613","-0.669059463183925"
"5896","Yurga","-0.1269161336831","0.184219135161103"
"5897","Yuxi","-0.0890203850617374","-0.38512188207743"
"5898","Yuzhno Sakhalinsk","-0.118725870424542","1.14063063618404"
"5899","Zabid","-0.095870085672728","-0.734987177094474"
"5900","Zabol","-0.111980310756554","0.0160021428141725"
"5901","Zacatecas","-0.117353682583749","-0.196544026381855"
"5902","Zadar","-0.122602638744529","0.449041740687186"
"5903","Zagreb","-0.0673775013178536","2.12672168559457"
"5904","Zahedan","-0.118458577845206","0.509897125241593"
"5905","Zahle","-0.126008559319603","-0.0104055092370285"
"5906","Zakho","-0.123702823922953","0.00113783368717871"
"5907","Zalantun","-0.122680976199716","-0.550193148553005"
"5908","Zambezi","-0.129576681146591","-0.786625597928258"
"5909","Zamboanga","-0.0981431748078891","-0.550699138656994"
"5910","Zamora1","-0.122314833413633","-0.470057896080861"
"5911","Zamora2","-0.1293341312612","-0.720307898680917"
"5912","Zanesville","-0.118327414211282","0.118410439267847"
"5913","Zanjan","-0.120273945632188","0.00883193726649173"
"5914","Zanzibar","-0.109536003731248","-0.64322605510464"
"5915","Zaozernyy","-0.12743782692002","-0.405561969240094"
"5916","Zaozhuang","0.815021968898942","-0.586295444890511"
"5917","Zapala","-0.126456020707055","-0.0742150799002"
"5918","Zaporizhzhya","-0.0987142581107272","0.175665451055028"
"5919","Zarafshon","-0.127940146650737","-0.450405714841155"
"5920","Zaragoza","-0.102836817477996","2.39922621301985"
"5921","Zarate","-0.125469880043403","3.05242883294322"
"5922","Zaraza","-0.126724784794606","-0.178193097359733"
"5923","Zaria","-0.108280241639626","-0.661487305085529"
"5924","Zarzis","-0.118767843076916","-0.288019736753672"
"5925","Zaysan","-0.127575139173387","-0.735941803679107"
"5926","Zelenodolsk","-0.129936125703915","0.0297480536051021"
"5927","Zelenokumsk","-0.124073294123678","-0.617117926547372"
"5928","Zenica","-0.122135591949665","-0.21100608270546"
"5929","Zhaltyr","-0.130022305392689","-0.679226619400512"
"5930","Zhangjiakou","-0.10415024579131","-0.0897583461209142"
"5931","Zhangye","-0.087001053414407","-0.604720643557449"
"5932","Zhangzhou","0.0026224790496452","0.0844800850238126"
"5933","Zhanibek","-0.128407131388357","-0.703024491250734"
"5934","Zhanjiang","-0.0825189403561263","0.237011276913974"
"5935","Zhanyi","-0.0394266705446896","-0.534996180904287"
"5936","Zhaodong","-0.110808335798899","-0.592643901748988"
"5937","Zhaoqing","-0.0294249892992634","-0.309849221741829"
"5938","Zhaotang","-0.0341633954191514","-0.676051983485495"
"5939","Zharkent","-0.122930565828685","-0.725712157373701"
"5940","Zheleznogorsk","-0.127301971295768","-0.235391876109456"
"5941","Zheleznogorsk Ilimskiy","-0.127854192144432","-0.0883114713540116"
"5942","Zhengzhou","21.055273086646","-0.616009575952742"
"5943","Zhenjiang","0.00145271437301559","0.274781605563094"
"5944","Zhetiqara","-0.127154984847073","-0.436486987186836"
"5945","Zhijiang","-0.103464170942391","-0.733160589921726"
"5946","Zhob","-0.127213440573538","-0.767929570004441"
"5947","Zholymbet","-0.1296089220124","-0.733086030747542"
"5948","Zhosaly","-0.12793878092082","-0.581694308497525"
"5949","Zhoukou","2.64920593678805","-0.704936242951221"
"5950","Zhuanghe","-0.0807877537828639","-0.618917533872249"
"5951","Zhucheng","-0.0130249655886926","-0.581142701432946"
"5952","Zhuzhou","-0.0518069081278146","-0.2277831729707"
"5953","Zhytomyr","-0.115752729108268","-0.408797878148249"
"5954","Zibo","0.837662874397998","-0.378110638876661"
"5955","Zicheng","-0.0629967750681142","-0.652031254445934"
"5956","Zielona Gora","-0.119572116624605","0.146702048200104"
"5957","Zigong","1.09154218374557","-0.723841856627882"
"5958","Ziguinchor","-0.122441710643549","-0.669604507582805"
"5959","Zilina","-0.123009362869711","-0.073142448651062"
"5960","Zima","-0.123864814170953","-0.150248623417648"
"5961","Zinder","-0.118395720055159","-0.703456495877622"
"5962","ZÌùrich","-0.0650719670629495","0.0345466919210148"
"5963","Zixing","-0.128244063098755","-0.756692960659706"
"5964","Zlatoust","-0.118328709850139","-0.216825880382683"
"5965","Zlin","-0.11572600137613","-0.312682363127713"
"5966","Zmeinogorsk","-0.128898816251461","-0.698209526695398"
"5967","Zomba","0.106934272160328","-0.777137018798092"
"5968","Zongo","-0.129025632452757","-0.7473086221555"
"5969","Zonguldak","-0.10792240747056","-0.0899873531285182"
"5970","Zouar","-0.130230119726855","-0.786625597928258"
"5971","Zouirat","-0.128188425871454","-0.517223131056156"
"5972","Zrenjanin","-0.121204202335875","-0.129387110173375"
"5973","Zumpango","-0.00973643468803809","0.685304997677815"
"5974","Zunyi","0.189462476756472","-0.642511636024869"
"5975","Zuozhou","-0.12529154653008","-0.613852142497656"
"5976","Zuwarah","-0.12782727140256","0.269702016526108"
"5977","Zvishavane","-0.12669683204947","-0.745334937978312"
"5978","Zvolen","-0.124979835447412","-0.326460915674175"
"5979","Zwedru","-0.127797003950245","-0.776118431020555"
"5980","Zyryanovsk","-0.123950923823486","-0.555027624170821"
