BIO1 Annual Mean Temp,BIO2 Mean Diurnal Range,BIO3 Isothermality,BIO4 Temp Seasonality,BIO5 Max Temp Warmest Month,BIO6 Min Temp Coldest Month,BIO7 Temperature Range,BIO8 Mean Temp Wettest Quarter,BIO9 Mean Temp Driest Quarter,BIO10 Mean Temp Warmest Quarter,BIO11 Mean Temp Coldest Quarter,BIO12 Annual Precipitation,BIO13 Precipitation Wettest Month,BIO14 Precipitation Driest Month,BIO15 Precipitation Seasonality,BIO16 Precipitation Wettest Quarter,BIO17 Precipitation Driest Quarter,BIO18 Precipitation Warmest Quarter,BIO19 Precipitation Coldest Quarter
-0.6988071338285851,0.0363252929361957,-0.6452107508183247,0.6469060889931078,-0.4122721699854046,-0.6872489792175804,0.6010395953605412,-0.6093063167568935,-0.5372737311407564,-0.5104243118482132,-0.7070754481800365,-0.4794866297181059,-0.5426553309422306,-0.052581149337707224,-0.34680268455308105,-0.5417841372035512,-0.08563448422716916,-0.3709754664571543,-0.2084640134889136
0.8835464765869274,-0.04592837984475548,0.8157816247933487,-0.8179250157465061,0.521261678333978,0.8689328952133437,-0.7599330600520163,0.7703847349015446,0.6793096117535657,0.6453617316189292,0.8940007716480135,0.6062455631179808,0.6861138675899919,0.066481547963846,0.4384850467346902,0.6850123780768189,0.10827296104252584,0.4690478691532028,0.263574382494457
