"","City","PC1","PC2"
"1","Aalborg",-2.19119915266403,2.36697456563366
"2","Aarhus",-2.33485588767362,2.3465587160386
"3","Aba",4.70611009202544,1.00851730521333
"4","Abadan",-0.0951491575606749,-4.63535112221494
"5","Abaetetuba",5.53696619145978,1.71065383298427
"6","Abai",1.79684195192859,1.53553143860029
"7","Abakan",-4.71011715620502,-0.214826222999683
"8","Abancay",-0.578571310376497,-0.845245550645775
"9","Abau",4.79375172394854,3.9290473103055
"10","Abaza",-4.58060248566687,0.111487453494533
"11","Abbottabad",0.502320452240873,-0.32745193221376
"12","Abeche",1.94179750465158,-4.40076915110406
"13","Abengourou",3.05360494722396,-0.838435431272296
"14","Abeokuta",3.29932824350092,-0.94198010317256
"15","Aberdeen1",-3.86110940428582,-0.402945750921317
"16","Aberdeen2",1.03290763494196,2.90561421305862
"17","Aberdeen3",-1.57608932269825,3.22653434674216
"18","Abha",-0.705116262509125,-2.15718968482918
"19","Abidjan",5.04397495021278,1.00140623203923
"20","Abilene",-1.07349404827042,-1.48902466715735
"21","Abohar",0.157528111763244,-3.99044552478003
"22","Abomey",3.10089298979501,-1.11556345987643
"23","Abong Mbang",2.93474423039146,0.239447538655043
"24","Abra Pampa",-2.83661384805476,-1.0948190725182
"25","Abu Dhabi",1.04594702881918,-4.29687679828756
"26","Abu Kamal",-1.13069465687092,-3.85205031590063
"27","Abuja",3.33019019680571,-1.16826895715204
"28","Acapulco",3.70051252770704,-1.90799705209387
"29","Acarau",4.65723424345907,-1.13368998115417
"30","Acarigua",4.32683153569719,-0.0500305541434021
"31","Acatlan",1.14733225931712,-2.55098793698232
"32","Accra",3.11555276620395,-0.769632279349045
"33","Achinsk",-4.84468331807983,0.813147355159604
"34","Acu",3.24026392211857,-3.09793511095634
"35","Ad Dakhla",0.529906971670441,-2.46196948224077
"36","Ad Damman",0.461832705794392,-3.64400163598142
"37","Ad Diwaniyah",-0.605118254881413,-4.63984993167536
"38","Ad Nabk",-2.20645447507162,-2.22239153640994
"39","Adana",-0.271790837485657,-1.8593117689485
"40","Adapazari",-0.940383145270222,0.462565419231682
"41","Addis Ababa",1.07786964037866,-0.896677422252571
"42","Adelaide",-0.366915543182812,0.167239640197871
"43","Aden",1.78740240753622,-2.94986149315955
"44","Adi Ugri",0.811814895071797,-2.16873534676634
"45","Adigrat",-0.196293668914971,-1.62524638122896
"46","Adiyaman",-1.54236770231799,-2.37715652438812
"47","Ado Ekiti",2.82049398954541,-0.748701120480877
"48","Adrar",-0.53977282434041,-4.84193833518464
"49","Afyon",-2.17462095226767,-1.10496641163367
"50","Agadez",1.10806738107301,-5.28796506021844
"51","Agadir",0.159868597495378,-2.68742657422121
"52","Agartala",3.45925035948871,0.477065577804869
"53","Agboville",3.58026215319227,-0.22495015698536
"54","Agen",-0.987352888597245,0.917372204506017
"55","Agordat",1.90327909335666,-4.54104795152293
"56","Agra",1.28539156582159,-3.62039229117717
"57","Agri",-3.13945217754218,-0.65890611499582
"58","Agrinio",-0.276987929429707,-0.926713580478442
"59","Agua Prieta",-0.703912755736127,-2.97516661209917
"60","Aguascalientes",-0.0551640619342652,-2.56129374182547
"61","Ahar",-2.72849755393355,-1.41953523077383
"62","Ahmadabad",2.15358912334451,-3.90730952155718
"63","Ahmednagar",1.28580240040898,-3.32908202581007
"64","Ahwaz",-0.267609249525921,-4.90831343035963
"65","Aigua",0.246767207545193,2.1284390955159
"66","Aiken",0.0733048277982087,1.31472978562395
"67","Aiquile",-0.275569958449715,-0.99335485120129
"68","Aix-en-Provence",-1.06687425414225,-0.257803959036764
"69","Aizawl",4.26712909733278,3.02651257997295
"70","Ajaccio",-0.279220057995215,-0.122023959913242
"71","Ajdabiya",-0.128287144280476,-3.24890703090984
"72","Ajmer",0.658505122235961,-4.17961521979314
"73","Aketi",3.25142129688592,0.647725920742897
"74","Akhtubinsk",-3.89390533862068,-0.106227638090641
"75","Akita",-0.333773755475251,3.64720411866779
"76","Akola",2.16787437091173,-3.70890577561463
"77","Akron",-2.06058804976876,1.77035126509142
"78","Aksu",-3.61683027985387,-2.01204830861168
"79","Aksum",0.899097067879486,-1.88769228985082
"80","Akureyi",-3.29754832484955,2.54378988017411
"81","Al Ahmadi",-0.130188038284713,-4.48085168317231
"82","Al Amarah",-0.321093562846235,-4.85020284077116
"83","Al Ayn",0.652384168634604,-5.14505890458793
"84","Al Bayda",-0.188558463891743,-1.09400218887543
"85","Al Fallujah",-0.65210837166047,-4.54249954211784
"86","Al Fujayrah",1.15244975193251,-4.56012112325696
"87","Al Hasakah",-1.26115647100609,-3.45537882633062
"88","Al Hillah",-0.675949859349655,-4.58342502531693
"89","Al Hudaydah",2.17977439822381,-3.33310851660314
"90","Al Hufuf",0.139974830318708,-5.08134749210718
"91","Al Jaghbub",-0.588294189683799,-3.90545813080309
"92","Al Jahra",-0.247535391403968,-4.95238208164556
"93","Al Jubayl",0.385748792754052,-4.07368236372126
"94","Al Karak",-1.65053387291232,-2.70676919828022
"95","Al Khalil",-0.94944442059374,-1.90272259264906
"96","Al Kharj",0.257559649406586,-5.16104295358693
"97","Al Khums",-0.0298135608725681,-2.07734627526376
"98","Al Kut",-0.445803306808406,-4.67295107165905
"99","Al Ladhiqiyah",0.544342405099374,-1.14099490509142
"100","Al Marj",-0.294718713349961,-1.6319174609712
"101","Al Mubarraz",0.138321297162676,-5.06879589323976
"102","Al Mukalla",1.460514529654,-3.59814898007283
"103","Al Musayyib",-0.707805981324785,-4.53746613024889
"104","Al Qamishli",-1.25992351447631,-3.15140418666264
"105","Al Qunaytirah",-1.08533959315884,-1.53475252877308
"106","Al Quwayiyah",0.153257030619286,-4.93833492895354
"107","Al Wajh",0.807364733550889,-4.08822134341967
"108","Al-Qatif",0.461455721155233,-3.7270358521403
"109","Alagoinhas",3.23033099823291,1.00631832877977
"110","Alajuela",3.96439623745003,1.50843401298703
"111","Alamogordo",-1.24831720323169,-2.33283323018743
"112","Alapayevsk",-4.34719138899452,0.968917480443537
"113","Alatyr",-3.80906485082878,0.976760780713038
"114","Alayat Samail",0.750422463383802,-4.23844587895225
"115","Albacete",-1.44098761781607,-1.55412156599022
"116","Albany1",0.437038037695784,1.01613631895916
"117","Albany2",-2.31694354596832,1.74654395316667
"118","Albany3",-0.473718647222677,0.386250079531055
"119","Albany4",0.398205785184368,1.01290980669458
"120","Albert Lea",-3.3141818396706,0.368855991382321
"121","Albuquerque",-2.34821936566215,-1.93114855778858
"122","Albury",-0.895755482872964,0.154084625594739
"123","Aldama",1.88470122334276,-0.955101440512338
"124","Aldan",-6.85722429954418,1.96759528845095
"125","Aleksandrovsk",-4.70857442811938,2.45540790340025
"126","Alekseyevka",-3.22901648022073,0.735721282622459
"127","Aleksin",-3.42534325532805,1.34173932911537
"128","Aleppo",-1.29514318651816,-2.59623927790093
"129","Alexandria1",0.664603232061603,2.08112069102327
"130","Alexandria2",-1.1894474782304,1.54157139579782
"131","Alexandria3",0.01827867566587,-2.0809180498613
"132","Alexandroupoli",-1.22278125836284,-0.716877233571414
"133","Aleysk",-4.71054984133095,0.615254595741544
"134","Algeciras",0.206613499516602,-1.16485254497604
"135","Algha",-4.53657437176415,0.136439600781866
"136","Algiers",0.132429215347733,-1.25281169402477
"137","Ali Bayramli",-1.61788740843736,-1.63342022983769
"138","Ali Sabih",1.21545883547711,-3.27909849548205
"139","Alicante",-0.377763427150187,-1.29746073736212
"140","Alice",0.586793122428383,-1.12767907305892
"141","Alice Springs",-0.327130649140728,-2.75900737449571
"142","Aligarh",1.19023894859509,-3.44078578835656
"143","Alipur Duar",5.63943860192452,2.17765494681297
"144","Aliwal North",-1.27719202324941,-1.53395328761291
"145","Allahabad",2.04239883875166,-3.06584293049094
"146","Allanmyo",2.30189211306272,-2.12018293334996
"147","Allappey",6.8218477416494,2.01580651078419
"148","Allende",-0.215027651487278,-1.95609304802411
"149","Allentown",-1.48211095584041,2.04924717044505
"150","Alliance",-3.07817626667258,-1.40282323962693
"151","Almaty",-2.96015530357161,-0.0257606911056705
"152","Almenara",2.17035430841859,-1.15148036440369
"153","Almeria",-0.60006955432566,-1.65961517994067
"154","Almetyevsk",-4.15403091324806,0.810630185448867
"155","Almirante",5.49488201705147,4.38764599009733
"156","Alor Setar",5.00075400479488,1.33126583760444
"157","Alotau",5.52776424735237,5.07665572996906
"158","Alpena",-3.01172044593165,1.80343046298906
"159","Alpine",-1.40337663384292,-2.28179837051405
"160","Alta Gracia",-0.288186856350788,-0.663121166069198
"161","Altagracia de Orituco",2.94892046796414,-1.06397830190915
"162","Altamira",4.52427891876253,0.782619359163411
"163","Altay",-5.10293261833586,-0.566363579724624
"164","Alton",-1.74851790763445,1.08862432174033
"165","Altoona",-2.21911096798176,1.50438541551676
"166","Alvorada",3.92494766908518,-1.09851079083459
"167","Alwar",1.12205520894689,-3.90812300218825
"168","Alxa Zuoqi",-4.32257179902556,-1.84282587256565
"169","Am Timan",2.36597333686367,-3.2834582423594
"170","Amahai",5.64953446504775,4.13022995030297
"171","Amapa",6.51336974878788,2.25593550693262
"172","Amarillo",-2.05170254270261,-1.58617641123586
"173","Amasya",-1.99138064372488,-1.07308126922193
"174","Ambala",1.17538834527635,-2.62131602265102
"175","Ambanja",4.75081516755075,0.237672544901595
"176","Ambato",-0.101687030321253,1.70107897009226
"177","Ambatondrazaka",2.73425515164493,2.03662158341229
"178","Ambon",5.5109065499378,3.37823572361054
"179","Americana",2.18044314863142,0.405517024126815
"180","Ames",-2.8889323571695,0.22917526675948
"181","Amherst",-2.6421447513603,3.71694735541372
"182","Amiens",-1.80415970472387,1.70987748208684
"183","Amman",-1.35468742954812,-2.62783960692627
"184","Ammochostos",0.117492392184054,-1.27763342184166
"185","Amol",-0.00921400747226861,-0.246393835954232
"186","Amos",-4.6146069306755,2.14188786564049
"187","Amravati",2.32315400890982,-3.42513629706707
"188","Amritsar",0.93722293895675,-2.8223051994332
"189","Amsterdam",-1.58931064058422,2.47342187385742
"190","Amursk",-5.32089686527156,0.81874041448997
"191","An Najaf",-0.62482015832961,-4.68475625944677
"192","An Nasiriyah",-0.483311598283696,-4.77600658703057
"193","Anaco",2.7949411269895,-2.00214768995729
"194","Anapolis",2.511894464525,-0.473910414759554
"195","Anatuya",0.555801518711658,-1.18164403465915
"196","Anbyon",-0.782393643752803,1.95038548262627
"197","Anchorage",-3.55940302410645,1.47212293739378
"198","Ancona",-0.722350261981237,0.933157304963568
"199","Ancud",2.25823310188415,5.82600903230103
"200","Anda",-4.82811019265272,-0.557114148278385
"201","Anderson",-0.349710738173641,2.06779934987726
"202","Andijon",-2.08305469704141,-1.83296568960422
"203","Andkhvoy",-1.46128397093964,-3.47387958963114
"204","Andoany",5.27610195793393,1.40908856701674
"205","Andong",-1.12502741198505,0.198491414160727
"206","Andorra",-2.65002216323252,1.52872782691945
"207","Andradina",2.42190349907348,-0.556464081283743
"208","Androka",1.89806911712028,-1.11134512547779
"209","Angangxi",-4.71004484007647,-0.55717969708764
"210","Angarsk",-5.069842217734,0.147130993945716
"211","Angeles",4.78991438050815,-0.498718474778379
"212","Angers",-1.44862872855307,1.20387309259569
"213","Angoche",2.90620652745207,-0.762148597859313
"214","Angol",-0.220109740701635,0.130118649114778
"215","Angren",-2.25821170667406,-1.37853617398851
"216","Ankang",-0.929859567409382,-0.932115231098082
"217","Ankara",-2.42149563987346,-0.991906644138625
"218","Anlu",-0.631993743958416,-0.209635282598902
"219","Ann Arbor",-2.65026985119426,1.3911092901156
"220","Annaba",-0.187738170470292,-1.64777480890219
"221","Annapolis",-1.00818057427696,1.7531566978405
"222","Annecy",-1.557969763563,2.3850851448628
"223","Anqing",0.151673612609488,0.383994970837644
"224","Ansan",-0.52764172865658,1.02282868285738
"225","Anshan",-2.87991670650946,-0.259455450155605
"226","Anshun",-0.0836442651036857,0.532444163787967
"227","Antalaha",4.55078313717397,3.8032795210361
"228","Antalya",0.444593181071056,-1.67538314109829
"229","Antananarivo",1.72640410723029,0.262193406325069
"230","Antigonish",-2.1997549719407,3.60988898891107
"231","Antofagasta",0.525401579462498,-3.89535262080823
"232","Antsirabe",1.056465077385,0.197433244772043
"233","Antsiranana",3.59565876928972,-0.693309958988555
"234","Antsohihy",4.14380866475477,-1.18821334529403
"235","Antwerpen",-1.66025923699262,2.13289686930033
"236","Anuradhapura",3.89062865370569,-0.504413306539398
"237","Anxi",-3.77865483290507,-2.62492505917154
"238","Anyang",-1.6304059355166,-1.44309672283326
"239","Anzhero Sudzhensk",-4.883585083514,1.308316322981
"240","Aomori",-1.25101955989583,2.70504482346131
"241","Apalachicola",1.83905159475123,2.07830667132341
"242","Apatity",-4.45530238259807,2.29764575750754
"243","Apatzingan",2.16129263849871,-3.07817662627661
"244","Apia",7.27285620478075,5.83843006335607
"245","Apodi",3.50428854763404,-3.15372585827393
"246","Apolo",1.34311344848755,0.320775920996165
"247","Appleton",-3.18764114642438,0.766975807630738
"248","Apsheronsk",-1.4836290114536,1.61325451107433
"249","Apucarana",2.06675102418803,2.14646931118021
"250","Aqadyr",-4.94402022561207,-0.0976816286075556
"251","Aqsay",-4.26761474820198,-0.147999784764444
"252","Aqtau",-2.37563464863148,-0.940400951491031
"253","Aqtobe",-4.43860688132074,0.131796938835538
"254","Aquidauana",2.28284136125571,-0.767911293753947
"255","Ar Ramadi",-0.701305667784069,-4.48213214667906
"256","Ar Raqqah",-1.23526700572621,-3.51721731064495
"257","Ar Rutbah",-1.3216122480887,-3.67871120940515
"258","Aracaju",3.84017577425332,0.495518396224817
"259","Aracati",3.8829692687812,-1.93674176847161
"260","Aracatuba",2.35987650975351,-0.478871083194317
"261","Aracuai",2.05703066545376,-1.96042781148052
"262","Arad",-2.13301253840222,0.495151703602922
"263","Araguaina",4.05557354898987,-0.512768594252835
"264","Araguari",2.35530113958918,-0.451680133047579
"265","Arak",-2.82626309251009,-2.67207975981082
"266","Aral",-4.18473157635063,-1.28687931343343
"267","Aranyaprathet",3.27943934310916,-1.30729275872883
"268","Arapiraca",2.73580016954294,-0.709781291165835
"269","Arapongas",2.18613435781977,2.10172104727025
"270","Arar",-1.29990437256857,-4.02819621566417
"271","Ararangua",2.26575792525635,3.02465708687507
"272","Ararat",-1.21357049272046,0.662143601560374
"273","Arauca",4.34857059197056,0.00777222780809116
"274","Araxa",2.48077969380822,0.348304463167012
"275","Arba Minch",1.82705137296035,-0.909074208904803
"276","Arcata",0.369962545276316,0.561931414841134
"277","Archangel",-4.28130394407806,1.97705673650179
"278","Arcoverde",1.69646227629888,-1.84546932480926
"279","Arctic Bay",-8.66857607995269,3.29343504357726
"280","Ardabil",-2.68335854840249,-0.610100143115176
"281","Ardmore",-0.784742272583849,-0.122365112424451
"282","Arecibo",3.80370063316629,2.61747183327996
"283","Arequipa",-1.23404756975622,-1.89492662506977
"284","Arezzo",-1.24763047045247,0.0909684114619637
"285","Argentia",-2.03051656495765,4.56968321773229
"286","Arica",1.1175884402308,-2.39846216268524
"287","Arjona",4.00757245001967,-0.331713073786421
"288","Armavir",-2.27435791119579,0.244406580515574
"289","Armenia",3.52788077865142,3.02687015420992
"290","Armidale",-0.959595152764296,0.934547588351838
"291","Arqalyq",-5.03213077295378,0.357845777985398
"292","Arras",-1.84345657631658,1.8998146158729
"293","Arrecife",0.0871897568630528,-0.807708451607079
"294","Arroyos y Esteros",2.0930018628443,0.994345857591034
"295","Arsenyev",-4.30432457820057,0.753803394489748
"296","Artemisa",3.19853422536755,0.961762543707877
"297","Artemovsk",-4.84853978904587,1.40390851016418
"298","Artemovskiy",-4.35395414768208,0.903769349933686
"299","Artigas",0.92352743398036,1.3739234222792
"300","Arua",2.38981170621461,-0.0174595698213917
"301","Arusha",1.72594634289568,-1.41404219852913
"302","Arvayheer",-5.75070809857922,-0.700144918821669
"303","Arviat",-7.04432821424646,2.66819944357926
"304","Arxan",-5.82240877952936,0.211165303871029
"305","Arys",-2.32128971481072,-2.51319911087178
"306","Arzamas",-3.72843544211354,1.04724782324439
"307","As Salt",-1.21939004544048,-2.11194034269464
"308","As Samawah",-0.545598122394164,-4.71154163384697
"309","As Sulaymaniyah",-1.04255559614195,-2.99398871888603
"310","As Sulayyil",0.846784282056988,-6.19072972010152
"311","As Suwayda",-1.88991797795038,-2.61942524538633
"312","Asahikawa",-2.23411016332112,2.26034237162182
"313","Asbest",-4.30289889929076,0.9766704526298
"314","Ascension",-0.862836119239345,-3.11733173797949
"315","Asela",0.813657415140282,-0.102421368383802
"316","Ash Shatrah",-0.5031486947821,-4.77257922751211
"317","Ash Shihr",1.61976422150696,-3.67942676766485
"318","Asha",-4.15717834244925,1.450714028894
"319","Ashburton1",-1.20589616920228,2.43570186260909
"320","Ashburton2",-1.23211024213317,2.49548721835042
"321","Asheville",-0.976314293874614,2.20871172503584
"322","Ashgabat",-1.51594123556984,-2.99986039736304
"323","Asino",-5.02552025021006,0.943122848502291
"324","Asmara",0.209159393673781,-1.13651876401238
"325","Asosa",1.95566888048089,-0.686878397100931
"326","Assab",1.98109944197521,-3.53063705157282
"327","Assis",2.22395262282538,0.764229389873025
"328","Astana",-4.80220234905409,0.129026323065731
"329","Asti",-1.67918165401493,0.082923585882926
"330","Astoria",1.21815222134745,2.89420261438976
"331","Astrakhan",-3.35833809258809,-0.738649166746689
"332","Asuncion",1.78912229706139,0.712767975585324
"333","Aswan",0.371154497130141,-6.93042352225699
"334","Asyut",-0.427562903528486,-4.82213476226686
"335","At Bashy",-4.59864464495159,-0.228970523052517
"336","At Taif",-0.373085226698712,-3.31903361125842
"337","Atakpame",3.2509135140159,-0.700199342659886
"338","Atamyrat",-1.56180503321881,-3.60811633062107
"339","Atar",1.08909998190058,-5.10929168304657
"340","Atasu",-4.64841065509699,-0.0361519468163053
"341","Atbara",1.40766928713551,-5.54189038900837
"342","Atbasar",-4.99484502740316,0.21959749702096
"343","Athabasca",-4.30612062304358,0.641864808929236
"344","Athens1",-0.298024069011467,1.71464296314604
"345","Athens2",-0.822064014147697,-0.711142282646867
"346","Atherton",2.775486797774,1.38085245881625
"347","Ati",1.86877795460446,-4.54898153243092
"348","Atikokan",-4.53275736607221,1.17407465079507
"349","Atkarsk",-3.79239568025811,0.740852005641106
"350","Atlanta",-0.239798192388705,2.0066314644736
"351","Atlantic City",-0.607092750665062,2.32579758822241
"352","Atlixco",0.597685324755418,-1.77547109804092
"353","Atoyac",3.23142741906065,-2.37994372413744
"354","Atyrau",-4.06956030701453,-0.511658092361091
"355","Auburn",0.173495332560576,1.73635164213956
"356","Auckland",0.559851926635517,3.30625665779986
"357","Augsburg",-2.03802744792729,1.58461138822647
"358","Augusta1",-0.0915384778924576,1.04425186922223
"359","Augusta2",-2.93925832057429,3.00770525850105
"360","Aurangabad1",1.92278830433365,-2.81150995611302
"361","Aurangabad2",1.61670185873384,-3.36799360641034
"362","Aurora1",-3.43783957854553,-1.0790568428379
"363","Aurora2",-2.48293529938356,1.05303143873948
"364","Austin",0.0026076493195361,-0.478647913266369
"365","Autlan",1.77498319119254,-1.79216653625223
"366","Auxerre",-1.80273478911408,1.66399675625291
"367","Avare",1.74298432742148,0.814394912617433
"368","Aweil",2.9542083167397,-2.52708098654478
"369","Awka",4.00698079641333,-0.128873341908383
"370","Ayacucho",-0.653604712372666,-0.140146582085116
"371","Ayakoz",-4.49192184092616,-0.244977104947249
"372","Ayapel",5.0547228688934,1.04512950555509
"373","Ayaviri",-2.04176497985762,0.288662180529659
"374","Aydin",-0.434908411457535,-2.06672743959899
"375","Ayorou",1.91301525218771,-4.86736750148797
"376","Ayounel el Atrous",1.66334603059004,-4.92599078650929
"377","Ayr1",-0.943624630276919,3.09834778987135
"378","Ayr2",2.65367189904446,-0.663942249129651
"379","Ayutthaya",3.52210993882367,-1.60582530965645
"380","Az Aubayr",-0.279713020221182,-4.93438885694834
"381","Az Zahran",0.450146071915281,-3.61277965675017
"382","Az Zarqa",-1.27368313654064,-2.9588687957882
"383","Az Zawiyah",-0.0687603401371319,-2.34820401243429
"384","Azare",2.38105537514948,-3.55747670925619
"385","Azogues",-0.316648520922213,0.946588902257636
"386","Azul",-0.616012992015525,0.879658615779202
"387","Babahoyo",4.43559805608888,-0.393538956408636
"388","Babanusa",1.89582974021082,-3.79122620597361
"389","Babati",1.17854476252754,-2.11670831154697
"390","Babruysk",-3.03584402475349,1.39570246127279
"391","Bac Giang",2.47482415110019,0.160632298959715
"392","Bac Lieu",3.97461985151151,-0.389061727117542
"393","Bacabal",4.79340625205215,-0.28061667477047
"394","Bacau",-2.49803466273247,0.196796555919737
"395","Bacolod",4.74663575415156,1.08453412871314
"396","Badajoz",-0.757256411026278,-1.65181386547566
"397","Baddeck",-1.95483401513461,4.39241243107481
"398","Badulla",3.10928284245003,3.03812955276816
"399","Bafang",3.44650827632888,0.997521343742078
"400","Bafata",4.56498000112312,-1.83606194801321
"401","Bafia",3.45188508036266,-0.220174215299945
"402","Bafoussam",2.64447455698855,0.447623110818041
"403","Bafra",-1.09729048638663,0.541592867000231
"404","Bagamoyo",3.11550789559893,-0.514171678192589
"405","Bage",1.05154259548854,2.86916928544704
"406","Baghdad",-0.693780161765537,-4.50589902105842
"407","Baghlan",-1.40616433468935,-2.91507925390112
"408","Bago",5.20699543756741,-0.754954732470986
"409","Baguio City",4.23022070803272,1.65681980533559
"410","Bahawalpur",0.0931153476428925,-4.41167868850243
"411","Bahia Blanca",-0.990146656143051,-0.16120121544324
"412","Bahir Dar",2.14288431096235,-1.01300092853353
"413","Bahraich",1.93983962254636,-2.24157911602564
"414","Baia Mare",-2.1841747245478,1.61223864979931
"415","Baicheng",-4.24841886774828,-0.866402660097631
"416","Baie-Comeau",-3.94909518098283,3.07429264108902
"417","Baiquan",-5.00465732922414,-0.100200454185962
"418","Bairnsdale",-0.293849800191714,1.27613534144167
"419","Bakal",-4.51200614547585,1.42448835765462
"420","Baker Lake",-8.05165178945866,2.08976633143237
"421","Bakersfield",-0.82490281802465,-3.41370042459285
"422","Baku",-1.59396373510887,-0.683659920881981
"423","Balakhna",-3.64121230844633,1.34551522744544
"424","Balakovo",-4.22596150576751,1.2251462542854
"425","Balancan",3.76538745573255,0.211557209400407
"426","Balashov",-3.56924594299062,0.892164428283658
"427","Balboa",4.80206333099754,0.603277266735488
"428","Balcarce",-0.60222112009785,1.51726787727697
"429","Baleshwar",2.90588092389957,-1.24266942243253
"430","Balikesir",-1.01438449500259,-1.31185717572474
"431","Balikpapan",6.24171872502923,6.34146053836507
"432","Balkanabat",-1.93939355795988,-2.88920613509133
"433","Balkh",-1.36011508267917,-3.38270063759811
"434","Ballarat",-1.03433186528501,1.20297143486994
"435","Ballina",2.2214251384975,2.74671028362539
"436","Balqash",-4.81975125891597,-0.569918561533726
"437","Balsas",3.47725249472378,-1.60950568090063
"438","Baltasar Brum",0.935144767630494,1.45748340325231
"439","Balti",-2.5133582253974,0.417370509810073
"440","Baltimore",-1.1202264383535,1.87543246579208
"441","Balykchy",-4.39912791380754,-0.520915981999365
"442","Balyqshy",-4.25468466609995,-0.367101039252311
"443","Bama",2.15780240361694,-3.80861910480202
"444","Bamako",2.8192373010663,-3.41327214992095
"445","Bambari",3.14260774534404,-0.916227476183587
"446","Bamenda",3.83067329847163,1.55569429358868
"447","Bamian",-4.6201685048888,-1.19906573296719
"448","Banamba",2.33741295040303,-3.88054529145676
"449","Banda Aceh",4.93071147593932,2.41265527239278
"450","Bandar Lampung",4.83151748844944,2.14908744550446
"451","Bandar Seri Begawan",6.8482701177649,5.88729668687873
"452","Bandar-e Bushehr",0.808441589884261,-3.64400140793309
"453","Bandar-e-Abbas",1.18417269617699,-4.24123079881053
"454","Bandjarmasin",5.84819700751495,3.12745445086794
"455","Bandundu",3.5830167552293,0.289460614598225
"456","Bandung",5.37667193779358,2.2213726153663
"457","Banes",2.75811964891799,0.0898189930873309
"458","Banff",-4.34546374240599,0.909804184164605
"459","Banfora",3.39751044420851,-2.04509765633164
"460","Bangalore",1.73838375887302,-2.22960171719302
"461","Bangassou",3.10667276941931,-0.146081016141834
"462","Banghazi",0.0449167403350484,-2.10985223304326
"463","Bangkok",3.65619380334925,-1.19954967015414
"464","Bangor",-2.69743514057715,3.13347413473702
"465","Banguela",1.86221878367008,-2.59324219785046
"466","Bangui",3.20513570203136,-0.310230462209656
"467","Bani Walid",-0.854351812387553,-3.11899441140828
"468","Banja Luka",-1.64300360734797,1.27283399643425
"469","Banjul",3.40980675644099,-2.31973526519815
"470","Bannu",-0.0853398954471248,-2.96480735157429
"471","Bansang",2.7334885253288,-3.92510710806479
"472","Banska Bystrica",-2.63116460188464,1.48851237429457
"473","Banyuwangi",4.11786475523773,1.63155180844162
"474","Baoding",-1.96023092111482,-1.61640176898839
"475","Baoji",-1.71012459677262,-1.02543147755134
"476","Baoshan",-0.397024487482486,-0.371070758171838
"477","Baotou",-3.98312094504246,-1.7160427746911
"478","Baqubah",-0.630990050675136,-4.48794420021923
"479","Bar Harbor",-2.12244970007718,3.32362363933331
"480","Barabinsk",-5.0610242567198,0.661169450316679
"481","Barahona",2.94631681007246,-0.477144371818592
"482","Baramula",-2.0371205859448,0.192568673108997
"483","Baranavichy",-2.89816022829578,1.60542970194058
"484","Barbacena",1.78688933640491,0.269519720104229
"485","Barcaldine",0.54067648686816,-2.27024463444514
"486","Barcelona1",-0.639133710785382,0.302659290438385
"487","Barcelona2",3.00544742226372,-1.94614420811554
"488","Barcelos",5.50374768871963,4.52218264747976
"489","Barddhaman",2.09592090218545,-1.93932915582016
"490","Bareilly",1.7051944803308,-2.75813429893378
"491","Bari",-0.577803448103378,0.119829613508386
"492","Barinas",4.19065427228741,-0.102254375775116
"493","Barisal",3.6308167670035,0.0446382093847651
"494","Barlett",-0.261071401227148,1.65219838657142
"495","Barletta",-0.747536552499326,-0.0662882617649701
"496","Barnaul",-4.77545403654108,0.786823847035618
"497","Barquisimeto",2.25099552697434,-1.00987585254968
"498","Barra do Bugres",3.0008291047448,-1.17303889122611
"499","Barra do Garcas",2.79455944204589,-1.52564537057975
"500","Barra Mansa",2.41227120044892,0.239154684697336
"501","Barrancabermeja",5.84932300951956,2.38945257559415
"502","Barranquilla",3.56891159398719,-1.12889137112228
"503","Barras",4.88691836352946,-1.18726165721697
"504","Barreiras",2.44474397276653,-2.30363195429285
"505","Barreiros",4.47600226109726,1.50097991057303
"506","Barretos",2.51190081967872,-0.391647542537233
"507","Barrie",-3.02978692786443,2.02421965760386
"508","Barrow",-7.3003034293685,3.20746085958095
"509","Bartica",4.78445572114617,3.10670941348106
"510","Bartlesville",-1.38364216763706,-0.35931519194115
"511","Barysaw",-3.05615672968237,1.69542000892056
"512","Basankusu",3.87951483984269,2.09661853144507
"513","Basel",-1.56486699426052,1.79891699586492
"514","Basoko",3.93917685486324,2.38242201471038
"515","Basra",-0.256957038222438,-4.94045999803747
"516","Basse-terre",3.73904684709131,2.12212549678184
"517","Basseterre",3.25117962650602,1.58673551024674
"518","Bastia",-0.44561199951272,0.115706198315245
"519","Bata",5.85029544011909,2.7749010692673
"520","Batangas",4.38599484402704,0.213328024987305
"521","Batatais",2.74190872436272,0.766283433215892
"522","Bataysk",-2.77092870033486,0.543974378840949
"523","Batemans Bay",0.242355520955672,1.51320835363514
"524","Bath",-1.25760822188747,2.54041044613531
"525","Bathurst1",-2.29672724094065,2.11178924229445
"526","Bathurst2",-2.29672724094065,2.11178924229445
"527","Bati",1.74161469848864,-1.30609623455292
"528","Batman",-1.52799570615098,-2.96996175446587
"529","Batna",-1.94134754517927,-1.6905962019557
"530","Baton Rouge",1.2678321354876,2.44687850245323
"531","Batouri",2.96691551723745,-0.0522802048791869
"532","Battambang",3.42517312860579,-1.29483129719126
"533","Batticaloa",5.03181448214772,0.174401769521083
"534","Battle Creek",-2.64028896627449,1.13206195118638
"535","Batu Pahat",5.22429490562005,3.7658972388071
"536","Batumi",1.03674199777636,3.33026885383028
"537","Baturite",3.91965362992844,-1.38863620386927
"538","Baubau",4.08908408032235,0.470258609631278
"539","Bauchi",2.24515274379864,-2.78341018804501
"540","Bauru",2.16242720960068,0.25159703585003
"541","Bavaro",3.15862697573671,1.05870175152052
"542","Bawku",3.14413684973593,-2.62644049196214
"543","Bay City",1.04631132566,1.02857348311794
"544","Bayamo",2.76928336330951,-0.611552244960512
"545","Bayan Obo",-4.84632542135046,-1.27264153845775
"546","Baydhabo",2.40857899045652,-3.04874000775699
"547","Bayghanin",-4.37592770517893,-0.558465856457589
"548","Baytown",0.984942766385978,1.53816631550404
"549","Beaufort",0.994071735588405,1.58506529001241
"550","Beaufort West",-1.16195643680404,-2.14171691956762
"551","Beaumont",1.25397016483216,2.10325493275034
"552","Beaver Falls",-2.0269150585099,1.59289297477134
"553","Bechar",-1.03798763988778,-3.77666679767138
"554","Beckley",-1.41371405777082,2.11430839525577
"555","Beer Sheva",-0.547883891944884,-2.73295785884348
"556","Beeville",0.49493521660524,-0.552107072554395
"557","Behbehan",-0.0217015328421682,-4.18208042704596
"558","Beian",-5.04456180854915,0.0842658669806164
"559","Beihai",2.81442551333758,0.870046520143486
"560","Beijing",-1.52436306868966,-1.11376579537696
"561","Beipiao",-3.26389190851973,-1.05703732174082
"562","Beira",3.21080439418051,0.176157615166518
"563","Beirut",0.18330090685895,-0.915713442003527
"564","Beitbridge",0.368103874858644,-2.70645642248151
"565","Beja",-0.537502164517913,-1.49538837765787
"566","Bejaia",-0.126138558972025,-1.12201724047719
"567","Bekasi",5.69488766487558,2.43655204976707
"568","Bekiy",1.55524393332657,-1.83735541139253
"569","Belabo",2.84570443903342,-0.430434265882616
"570","Belaya Kalitva",-3.0796198639264,0.272180102958668
"571","Belebey",-4.41195517835015,0.978074048650399
"572","Beledweyne",2.56117419849482,-3.85028645742363
"573","Belem",6.19140712881265,3.23974428491377
"574","Belen",-1.0151351305562,-2.1533322107975
"575","Belfast",-1.07659345260306,3.36944721358279
"576","Belgaum",3.06975371646555,-1.62646635999401
"577","Belgorod",-3.06590243067143,1.10702610003821
"578","Belgrade",-1.83120195881366,0.670023954834779
"579","Belize City",4.19422900891558,1.50717914664269
"580","Bell Ville",0.0168840724035884,-0.306531490088775
"581","Bella Union",0.858971783980049,0.830908991893211
"582","Bella Vista",2.39581053255204,0.459510306049208
"583","Bellary",1.8934500784953,-3.32088315555936
"584","Belleville1",-1.59876110698586,1.08448601474588
"585","Belleville2",-3.01916145202677,2.39899771081016
"586","Bellingham",-1.11317499767781,1.37574744049502
"587","Bello",2.41699956443691,1.84086182305708
"588","Belmopan",3.89723779736265,1.26905514130488
"589","Belo Horizonte",2.43471805956417,-0.133732572989659
"590","Belogorsk",-5.69024033250041,0.301554821982234
"591","Bemidji",-4.12855754584637,0.473524058349285
"592","Ben Gardane",-0.33570773422265,-2.70179073123533
"593","Bend",-2.93366088560632,-0.569744630546431
"594","Bendigo",-1.07923591990761,0.177639205863449
"595","Benevento",-0.799802791010957,-0.253241109362348
"596","Bengbu",-0.833607889268955,-0.248478363450608
"597","Bengkulu",7.18029985419625,6.50645781911875
"598","Beni",2.76342454733223,1.52300890742795
"599","Beni Mazar",-0.67475853946191,-4.25593732253083
"600","Beni Ounif",-1.20581752051708,-3.62659202877662
"601","Beni Suef",-0.584564143121434,-3.92919493393936
"602","Benin City",4.54832995649181,0.605804446589703
"603","Benoni",-0.903625027535938,-1.31512983393983
"604","Bento Goncalves",1.5253680230889,4.06901804960131
"605","Benton Harbor",-2.29247847524405,1.77487188516803
"606","Benxi",-3.04095546918718,0.0125273737416954
"607","Berber",1.36203151028329,-5.69494734719826
"608","Berbera",1.79371345256847,-3.48696690395374
"609","Berberati",3.08413952501691,0.0784959777148622
"610","Berdyansk",-2.65596108285114,0.953201217392482
"611","Berekum",2.845111316791,-1.17510468816085
"612","Berezniki",-4.28385454251932,1.73527417772579
"613","Bergamo",-1.27898792091433,1.28431603787992
"614","Bergen",-0.126703009932287,5.60733535957051
"615","Berkeley",-0.429724515517314,-0.800935892407286
"616","Berlin",-2.24407109736543,1.369297294474
"617","Bermejo",1.39511213620801,-1.16329644464847
"618","Bern",-1.57969552093279,2.32369246252909
"619","Berri",-0.940642473337915,-1.22736175817705
"620","Bertoua",3.03142274872736,0.107598649615679
"621","Besalampy",4.11889120679455,-1.19552839598855
"622","Besancon",-1.39778041443494,2.8454706745746
"623","Betanzos",-2.04083472577242,-0.921531448679732
"624","Bethal",-0.899404873955235,-1.15905253342887
"625","Bethanie",-0.709901752756647,-3.74849082917086
"626","Bethel",-4.57147426966432,1.89247929075824
"627","Bethlehem",-1.26583555487666,-1.12036182137845
"628","Bezhetsk",-3.57877603729769,1.41243289644723
"629","Beziers",-0.572921850811254,0.114606414679389
"630","Bhagalpur",1.88924703322417,-1.95123477799115
"631","Bharatpur",1.16899260134575,-3.88958751713686
"632","Bhatpara",2.2732255766411,-1.51066505036344
"633","Bhavnagar",2.06442753395135,-3.69398389852186
"634","Bhilwara",1.08708549144995,-3.8337643587713
"635","Bhisho",0.0473900556018053,-0.314854691693564
"636","Bhiwandi",6.63476013967098,-0.585108134139804
"637","Bhiwani",0.486245731898465,-3.8842551036299
"638","Bhopal",2.43417251447935,-3.29705969518371
"639","Bhubaneshwar",2.96952174117051,-1.73586860778857
"640","Bhusawal",2.09176001348619,-3.7842112482319
"641","Biak",6.32724732222389,6.30006481574306
"642","Bialystok",-2.80960615766982,1.289837168307
"643","Biarritz",0.48998953187586,2.87766581524547
"644","Bicheno",-0.608189078677768,2.29498907546997
"645","Bida",3.08250900290759,-2.18085367909204
"646","Bidar",2.0683610636437,-2.94834536515916
"647","Biel",-1.44700779831503,2.90966138933489
"648","Bielefeld",-1.86889710507523,2.39329573493753
"649","Bien Hoa",3.84615674726204,-1.00554809622121
"650","Big Spring",-1.42073114503921,-1.86781671455904
"651","Biggar",-4.90514096258175,0.369949660576782
"652","Biharamulo",1.75830560290626,-0.955982946112817
"653","Bijapur",1.79781291839048,-3.23626469107493
"654","Bijar",-3.24618177554378,-2.03308440087137
"655","Bikaner",0.574823509765577,-4.56086356467869
"656","Bikin",-4.67837661965916,0.578784123452701
"657","Bila Tserkva",-2.69874054700054,1.01697732345134
"658","Bilaspur",2.5498847480829,-3.01930755149944
"659","Bilbao",-0.157817666189322,1.5617481594831
"660","Billings",-3.21491064102757,-1.15756565709444
"661","Biloela",0.745783075623768,-0.962623381013649
"662","Biloxi",1.53621611332797,2.37357432846843
"663","Biltine",1.60089182957968,-4.73752619430946
"664","Binghamton",-2.49453214626534,1.6369850327228
"665","Binjai",5.90746645863101,4.00637503444823
"666","Bintulu",7.67227071592997,7.73576417835039
"667","Birak",-0.595874855899397,-4.02694679748179
"668","Birao",2.31764433857102,-3.0085543739526
"669","Biratnagar",3.03431199767124,-0.456730682457895
"670","Birganj",2.20065439606343,-1.69843870258195
"671","Birjand",-1.99668358967078,-3.44117569596132
"672","Birmingham1",-0.062576464071672,1.87727484720628
"673","Birmingham2",-1.88648967215678,2.37995942998788
"674","Birni Nkonni",1.99354664108246,-4.37712097597028
"675","Birnin Kebbi",2.42703935651684,-3.90439926916684
"676","Birobidzhan",-5.13245280180287,0.877022258937294
"677","Birsk",-4.05231740175887,1.08589566550463
"678","Biryusinsk",-4.99753219909459,0.894753413543004
"679","Bishkek",-2.82811626695689,-0.756948366269128
"680","Bishop",-2.42114671722191,-1.97818302462386
"681","Biskra",-0.670883821710617,-3.45562315250632
"682","Bismarck",-4.01032758520417,-0.371599216027198
"683","Bissau",4.59718995406187,-1.54370510613209
"684","Bitam",3.44908823027818,1.29582117239508
"685","Bitola",-1.91061993189358,-0.0204110166657312
"686","Biu",1.98189531762656,-2.85037715838598
"687","Biysk",-4.47710312018861,0.914771907203093
"688","Bizerte",-0.0542228101997885,-0.850466616500237
"689","Blackpool",-1.03829473932883,3.01489484759125
"690","Blacksburg",-1.44990714427422,1.9545604192539
"691","Blagodarnyy",-2.78100339058554,-0.32281994338164
"692","Blagoveshchensk",-5.4493797250148,0.15391908005409
"693","Blantyre",1.74538067453527,-0.853790152494121
"694","Blenheim",-0.322241716182886,2.61453046357984
"695","Blitar",4.64929335660294,1.25135783990751
"696","Bloemfontein",-1.22521226838834,-1.77199091765982
"697","Bloemhof",-0.989570128708688,-2.21980286355247
"698","Bloomington1",-1.74410492974405,1.7702903698382
"699","Bloomington2",-2.24304230683968,1.00621144155235
"700","Bluefields",7.39820480350994,3.93427775261171
"701","Blumenau",2.25302940393444,2.22187526357313
"702","Bo",5.31833201175449,1.11027370140407
"703","Boa Vista",4.5174122506318,0.0854632295355413
"704","Boaco",2.92144612397831,-0.952014065437112
"705","Bobo Dioulasso",2.64259267676197,-2.78734106267258
"706","Bocaiuva",2.13536179893238,-1.40294025902405
"707","Bocas del Toro",5.48113382548803,4.30683497714536
"708","Bodo",-1.6780443965638,4.42290167096627
"709","Boende",4.57667905577595,3.88964980130479
"710","Bogor",6.398927573652,5.21403600974231
"711","Bogoroditsk",-3.51823002579407,1.36336542248147
"712","Bogota",0.363349760245546,1.37762768305415
"713","Bogotol",-4.8606567736911,1.07390776816117
"714","Bogue",1.97180809633185,-4.9020268479092
"715","Boise",-2.71773877170609,-1.61066556953892
"716","Bojnurd",-2.43102741494353,-2.24785059875464
"717","Boke",6.02255572957574,-0.057602798893753
"718","Bol",1.69850166107945,-4.72046635813202
"719","Bolama",5.33394259146605,-0.761618171969598
"720","Bolgatanga",3.40996859246186,-2.32032567083954
"721","Boli",-4.69393486467812,-0.0879406811917461
"722","Bollnas",-3.1461036517299,1.68005214996588
"723","Bolobo",3.67021837685387,0.776460728761861
"724","Bologna",-1.17973627070652,0.389078273079926
"725","Bologoye",-3.42949619341521,1.73208505779907
"726","Bolu",-2.29772763855293,0.0290877536746797
"727","Bolzano",-1.90945931705933,0.382129877381309
"728","Boma",2.59727098399976,-1.13839161617782
"729","Bondo",3.21874402580823,0.453793697257863
"730","Bondoukou",2.50522978389004,-1.53962571600883
"731","Bongandanga",3.68873062567251,2.08888373858241
"732","Bongaree",1.70626107793763,1.06365805883013
"733","Bongor",2.39516990180917,-3.54516183988162
"734","Bonn",-1.7612464066321,1.7342026340372
"735","Boorama",0.657594145202041,-2.21099352218139
"736","Boosaaso",1.71632456467934,-4.31563596584544
"737","Boras",-2.564629207506,2.81043913665147
"738","Bordeaux",-0.799029269180773,1.39624375491688
"739","Bordertown",-0.872302162511142,-0.321135381922564
"740","Borisoglebsk",-3.44200263828984,0.898991224847438
"741","Borlange",-3.17917539135226,1.6154679865512
"742","Borovichi",-3.46093126409299,1.56936825782886
"743","Borzya",-6.05560303775582,-0.360465104715514
"744","Bose",1.07114777145099,-0.580751067367314
"745","Bosobolo",3.18666085511427,0.0348254475469998
"746","Bossangoa",3.25417135007389,-1.44526007036509
"747","Bossembele",3.11163688715316,-0.432106384216094
"748","Boston",-1.7994772732339,2.99466664869133
"749","Botosani",-2.48499100537678,0.372498898030614
"750","Botucatu",2.14668774736417,1.32176907315261
"751","Bouake",2.51558021401035,-1.01527345609015
"752","Bouar",3.1882995174812,-0.355890090122131
"753","Bougouni",2.97769550857454,-2.90848168925397
"754","Bouira",-0.910233282314149,-1.46613554592678
"755","Boulder",-3.38942241955819,-1.02241914459791
"756","Boulder City",-1.27913955131987,-3.30563524953244
"757","Bourges",-1.62483312447148,1.75371710424861
"758","Bournemouth",-1.12579052680458,2.29141034661027
"759","Boutilimit",1.6888318869488,-4.93254550895994
"760","Bowling Green1",-0.968553985046807,1.75864777200116
"761","Bowling Green2",-2.29470244941727,1.18366271406427
"762","Bozeman",-3.52699829477743,-0.300001057692614
"763","Bozoum",2.9881506420154,-1.35219375912453
"764","Bradford",-1.37959878735153,3.10819165289678
"765","Braga",0.237304870099459,0.908097166985934
"766","Braganca",5.88074090595462,1.0075659509707
"767","Braganca Paulista",1.9591882502583,0.983097880817561
"768","Brahmapur",2.69690872611368,-1.79269681596179
"769","Brainerd",-3.81396713193585,0.403909724146192
"770","Brandfort",-1.25615550430184,-1.80632491140537
"771","Brandon",-4.71776606460485,0.650103946561375
"772","Brasilia",2.07223844601431,-0.714300114742331
"773","Brasov",-2.49900413285097,1.1563708136764
"774","Bratislava",-2.27704970730532,0.735573840003418
"775","Bratsk",-5.65426098234995,0.756524799797837
"776","Braunschweig",-2.08130905738897,1.64176985358845
"777","Brazzaville",3.1243621593627,-0.539545007113694
"778","Bredasdorp",-0.293339682609458,0.141615379560508
"779","Bremen",-1.79271982683146,1.95617176585127
"780","Bremerhaven",-1.68748284121922,2.13825855906718
"781","Bremerton",-0.555063568642876,0.850559053955307
"782","Brest1",-0.626034765786249,2.60433039512542
"783","Brest2",-2.65685643277165,1.22143393723644
"784","Breves",5.19326234453045,2.06978440896598
"785","Bria",2.85916482073964,-1.17275562237042
"786","Bridgeport",-1.86413937439528,2.73643897490881
"787","Bridgetown",3.44698359664837,1.03429480141702
"788","Brighton",-1.19774281167028,2.36187962857513
"789","Brikama",3.63843492017866,-1.94032362082439
"790","Brindisi",-0.252588345798032,0.249289286391456
"791","Brisbane",1.15111482455187,0.379399887031471
"792","Bristol1",-0.899403921799508,1.52763980345495
"793","Bristol2",-1.1802438148702,2.57228948886249
"794","Brits",-0.481069591696184,-2.07065976881181
"795","Brive",-0.933979187329554,1.82373985740508
"796","Brno",-2.44881137553672,0.564072339589625
"797","Brochet",-6.01806374765698,1.43986387770895
"798","Brockville",-3.02921604129946,1.97795623126104
"799","Broken Hill",-1.19693637670735,-1.32200736306448
"800","Brookings",-3.70806708340739,-0.0571926703363377
"801","Brooks",-3.99495644908017,-0.241222050140085
"802","Broome",2.46357434270998,-2.66880006129549
"803","Brovary",-2.78197488257338,1.10858788845478
"804","Brownsville",1.20919222092522,-0.965502363115901
"805","Brownsweg",4.53925483012727,1.63065823386235
"806","Brownwood",-0.808592215758029,-1.3200288879246
"807","Brugge",-1.5786202710732,2.23108393890419
"808","Brumado",1.78458620616269,-2.06335377106287
"809","Brunswick",1.20576690506194,1.4803374036372
"810","Brusque",2.06150847440849,1.95852926200031
"811","Brussels",-1.59681026682035,2.11138796668883
"812","Bryan",0.354531623837776,-0.0873672529471846
"813","Bryansk",-3.26958216876884,1.4271279693131
"814","Bua Yai",2.82698491757597,-1.55990263036036
"815","Bucaramanga",2.42766783189694,0.513246131934469
"816","Buchanan",6.55973148541068,2.8509069327195
"817","Buchans",-3.43422122676184,3.28253351185741
"818","Bucharest",-2.18904482819748,0.436873549214531
"819","Budapest",-2.37658874572651,0.557570234543277
"820","Budaun",1.41344147268916,-3.18900567380888
"821","Buenaventura",10.6824181732218,12.2324513705038
"822","Buenos Aires",0.0169166775083736,1.32154340371896
"823","Buffalo",-2.58227315589503,2.45180939604439
"824","Bugt",-5.47432473949177,0.0643696289674529
"825","Bugulma",-4.32864442898125,1.00630704354179
"826","Buguruslan",-4.12239946659591,0.78122995958296
"827","Buizhou",-1.79655066136532,-1.16528009440083
"828","Bujumbura",1.71117945988182,-0.413880007093629
"829","Bukachacha",-6.70523311607496,0.000593551141660223
"830","Bukama",2.3601106683005,-1.98995502489234
"831","Bukavu",2.61584640770191,0.94981032474841
"832","Bukittinggi",4.80920276737533,4.30678057103626
"833","Bukoba",3.88320652831639,1.86579568015304
"834","Bulaevo",-4.85113178248236,0.466662476187707
"835","Bulandshahr",1.14278735579266,-3.41370408881234
"836","Bulawayo",-0.0873431564823207,-2.10258999109124
"837","Bulungu",3.39780188204755,0.359577456989282
"838","Bumba",3.72931584730784,1.48625226714094
"839","Bunbury",0.734662816262449,-0.127730193449929
"840","Bundaberg",1.60592178872115,0.349522793717731
"841","Bungoma",2.63698936582983,1.05654259440865
"842","Bunia",2.06887667172528,0.900532177297751
"843","Buon Me Thuot",3.4625323027536,-0.251163322974756
"844","Bur Safaga",0.438551440520044,-4.78146034943688
"845","Bur Said",-0.201914265665665,-2.28413444686057
"846","Buraydah",-0.0239401585387305,-4.69457555295715
"847","Burco",0.945382944949391,-2.92485071064048
"848","Burgas",-1.60395111216152,0.170954440291573
"849","Burgos",-1.94594514553415,0.182965053009862
"850","Burhanpur",2.04214082931467,-3.82637562758852
"851","Buriram",2.83484802762048,-1.73250618647855
"852","Burley",-2.8845674714035,-1.70188468281218
"853","Burlington1",-2.44748231437645,0.602907676187794
"854","Burlington2",-2.7644046598678,1.98741498923594
"855","Burnie",-0.0144925077515202,2.52979521549381
"856","Burns Lake",-4.19433400145382,1.21824181073461
"857","Bursa",-0.87289465119019,-0.219905647153211
"858","Bururi",1.46077506698668,-0.159711707337591
"859","Busan",-0.181194469811635,1.1396935956369
"860","Businga",3.48421004424054,0.922101630150575
"861","Busselton",0.763308458504641,0.0973415400570792
"862","Buta",3.3489909692016,0.814950979412898
"863","Butare",1.82247804132822,-0.24868371415948
"864","Butembo",2.0020525643794,2.22229237060607
"865","Butte",-4.05077789997972,-0.603017196614701
"866","Butterworth",5.96332887969704,3.45551755725521
"867","Butuan",5.82886663392781,3.57341359029703
"868","Buurhakaba",2.54603920874515,-3.27754601123872
"869","Buxoro",-2.19610436681563,-3.10647823819419
"870","Buy",-3.74843057003979,1.5445284882574
"871","Buyant-Uhaa",-5.46460222143087,-1.7613587756972
"872","Buynaksk",-2.43565089104446,-0.213204440479464
"873","Buzau",-2.40563937167177,0.118974938247767
"874","Buzmeyin",-1.52998169729841,-2.97290290394763
"875","Buzuluk",-4.10199860477289,0.619378319801055
"876","Bydgoszcz",-2.51540305448914,0.962102139632022
"877","Byron Bay",2.35895771032591,2.93229548409314
"878","Bytom",-2.23555509349471,1.57910167909721
"879","Byumba",1.60216408452954,0.184617337664695
"880","Ca Mau",4.40135371273648,0.136510733344111
"881","Caazapa",2.07898712089681,2.03478365767991
"882","Caballococha",5.73287337357061,5.09359817736526
"883","Cabanatuan",4.37655825912564,-0.258132150082681
"884","Cabimas",3.34379245856404,-1.79234763149735
"885","Cabinda",2.26515468173774,-0.741248662667627
"886","Cabo de Santo Agostinho",4.45285620893259,1.32930942956918
"887","Cabo Frio",2.43058484169342,1.00150399849668
"888","Cabo San Lucas",1.57442314823862,-1.84045462042726
"889","Caboolture",1.51029679495899,0.598706108814112
"890","Caborca",0.479753132079014,-3.78427245528435
"891","Cacador",1.08738361342263,2.64714780222335
"892","Cachoeira do Sul",1.73924502772044,3.0132559469082
"893","Cachoeiro de Itapemirim",2.64493461702631,0.0781546541284395
"894","Cacolo",1.89810554202655,-0.521220832149073
"895","Cadillac",-3.09105011774914,1.64590535713448
"896","Cadiz1",4.44030462241839,1.66435123945527
"897","Cadiz2",4.44030462241839,1.66435123945527
"898","Caen",-1.24641853803315,2.33170818753161
"899","Cafayate",-0.163835131731725,-0.781967226764068
"900","Cagayan de Oro",4.47258425530397,1.57669256502295
"901","Cagliari",-0.275043279975487,-0.515297582903883
"902","Cahul",-2.32609803741373,0.313731252233151
"903","Caibarien",2.90609139832689,0.197203486763556
"904","Caico",3.10569286788209,-3.07813732755692
"905","Cairns",4.21906604810596,1.5187927979145
"906","Cairo",-0.598806403316849,-3.41564435714382
"907","Cajabamba",-0.334726746391446,-0.550189677394033
"908","Cajamarca",-0.257886653010386,-0.438691767778985
"909","Calabar",5.63565242972569,2.14950495752986
"910","Calabozo",3.61881941733688,-1.5976344808944
"911","Calais1",-2.5536854359998,3.34206056134067
"912","Calais2",-1.48082666886897,2.221673548759
"913","Calama",-1.36293768745056,-3.94335250484043
"914","Calarasi",-2.29895944702195,0.0821849510386142
"915","Calbayog",5.38493401201693,3.46941990974548
"916","Calbuco",1.01732017025533,4.76277002052466
"917","Calcutta",2.38312595860235,-1.56197519806298
"918","Caldera",0.22929178991184,-2.19824588050775
"919","Caldwell",-2.72241994024377,-1.70341266176292
"920","Calgary",-3.89557791168547,0.275317135012116
"921","Cali",2.90274202736021,1.40873329994029
"922","Callao",0.886501272475897,-1.40763455829462
"923","Caloundra",2.04850966550921,1.51287061662247
"924","Calucinga",0.904345751706823,-0.986619196658768
"925","Calulo",1.47670402367902,-1.44973740957026
"926","Cam Pha",3.06168278462817,1.28350758138697
"927","Cam Ranh",3.66492138513366,-0.497185572857787
"928","Camabatela",1.8686917119901,-0.440802299847463
"929","Camacupa",1.07871861926725,-1.42854643429988
"930","Camaguey",3.01024445714384,-0.0939356131162777
"931","Camana",0.749673297298909,-1.88154829534385
"932","Camaqua",1.45087844841307,3.23033576299718
"933","Cameta",5.81372817875109,1.53586043299622
"934","Camiri",1.07803650256852,-1.33644799091146
"935","Camocim",4.58137015993765,-1.46876959540993
"936","Campana",0.178156017175248,1.26969632673297
"937","Campbell River",-0.200087410497837,2.19079643371812
"938","Campeche",3.16686522183409,-0.821579441274202
"939","Campina Grande",2.3388493463639,-0.94806532644505
"940","Campinas",1.97852233232708,0.428248707259675
"941","Campo Belo",1.83920731477043,-0.294686510435602
"942","Campo Grande",2.25059419840132,0.0817442660384363
"943","Campo Maior",4.59365862182673,-1.45211492856413
"944","Campo Murao",2.16070270307841,2.20580357650905
"945","Campoalegre",2.95438597574285,-0.0668226777104784
"946","Campos",2.27521145108157,-0.518616111907713
"947","Camrose",-4.21928064719101,0.528680831549444
"948","Can Tho",3.58813905986639,-1.11241585257497
"949","Canakkale",-0.802804852009827,-0.803464206387989
"950","Cananea",-0.933292401922603,-2.27148920411501
"951","Canas",4.38884910483317,-0.0170997063689481
"952","Canatlan",-0.586403254948786,-2.54167955494329
"953","Canberra",-1.22910316420042,1.14567317996937
"954","Cancun",3.24716970862916,0.623672111292616
"955","Canela",1.26401219537567,4.30757360964171
"956","Cangamba",0.750908930706045,-2.18594923320202
"957","Cangzhou",-1.92280593352031,-1.44179875391188
"958","Caninde",3.4348265519901,-2.31786780658192
"959","Canoas",1.36242966275915,2.18117311039477
"960","Canoinhas",1.7585850159445,3.37860659519072
"961","Canton",-2.03855887096278,1.61035840810122
"962","Cap-Haitien",3.29713926801984,1.01410304102742
"963","Capanema",5.57958206127439,1.02979931643475
"964","Cape Coast",3.79210293924597,-0.139972083337903
"965","Cape Coral",2.24467378334056,0.492477802467395
"966","Cape Dorset",-7.1048233837729,4.0004249666887
"967","Cape Girardeau",-0.896286117742747,1.5218822173083
"968","Cape Town",0.438331269198489,0.513840933814391
"969","Caracarai",4.75104924221622,1.14456242043591
"970","Caracas",1.90119044545941,-0.00742629912386952
"971","Carahue",-0.370246247471106,0.674275335808016
"972","Caratinga",1.91716408361342,-0.820295891466099
"973","Carazinho",2.08052296779671,4.214621818415
"974","Carbondale",-1.25355626373471,1.30624927748802
"975","Cardiff",-0.929482973978487,3.14031866086775
"976","Carhue",-1.04925000504549,-0.0937345415131363
"977","Carlisle",-1.19984660283562,3.24057673806887
"978","Carlsbad",-1.39533666458756,-2.63403198598129
"979","Carmelo",0.190147430444085,1.19902982559045
"980","Carnot",3.00146789757265,-0.699911210688225
"981","Carora",2.45105217935207,-1.67318926558231
"982","Carpina",3.25754684367519,-0.206181119810339
"983","Carson City",-2.7747815583799,-1.82024748889261
"984","Cartagena1",3.87185978634072,-0.713546367797897
"985","Cartagena2",-0.261046322654876,-1.25934464743802
"986","Cartago1",3.11421751297455,2.61142698098272
"987","Cartago2",3.51269687113269,2.0976523695038
"988","Cartwright",-4.33565319626633,4.30414374660773
"989","Caruaru",1.8586201350899,-1.28182951496131
"990","Carupano",3.00610171954292,-0.432036617112289
"991","Casa Grande",0.00108637178404173,-3.86863936976857
"992","Casablanca",0.0386753077771932,-1.17262309769034
"993","Cascavel",1.98593733333135,3.22119704392673
"994","Caserta",-0.166775027018971,-0.0104628360149588
"995","Casper",-3.70797931436507,-1.10414826203258
"996","Castanhal",5.987562823047,2.54593687696321
"997","Castello",-0.322187698143905,-0.754960398090443
"998","Castries",4.12612795521486,2.50960346104486
"999","Castro1",0.759406850249137,4.27908902901874
"1000","Castro2",1.39611163377219,2.59587619325752
"1001","Catalao",2.41515400614681,-0.659252073912357
"1002","Catamarca",-0.537151400323529,-1.68340955171984
"1003","Catanduva",2.43621993357449,-0.151046814113329
"1004","Catania",-0.451691940430402,-1.13205098733543
"1005","Catanzaro",-0.251353679526192,-0.371386859299031
"1006","Cauquenes",-0.371639314527777,-0.676062693070542
"1007","Caxias",4.37184198594372,-1.0694313484522
"1008","Caxias do Sul",1.15844690948865,3.81088524707217
"1009","Caxito",2.1667038300602,-2.50821700729307
"1010","Cayambe",-0.384267337283484,0.877681798070017
"1011","Cayenne",6.33021294194907,3.00088951546968
"1012","Cebu",3.91477684597973,1.42657947835773
"1013","Cedar City",-2.99881443072445,-1.07685531138643
"1014","Cedar Rapids",-2.74352207198126,0.658858801634485
"1015","Ceduna",-0.457796251319917,-0.735610970746943
"1016","Celaya",0.310120052697934,-2.30287253295967
"1017","Celeken",-1.70606380175815,-1.26001153661455
"1018","Central Coast",1.01570732579613,2.55220843418523
"1019","Centralia",-0.417604018791733,0.880838646098616
"1020","Ceres",2.91485541696237,-1.29536269049851
"1021","Cerrillos",0.169056453634521,-1.01280860335412
"1022","Cerro de Pasco",-1.43825618725627,1.97839620755796
"1023","Ceske Budejovice",-2.29246636382032,1.07853550820553
"1024","Chabahar",1.13387431086389,-4.16135210296266
"1025","Chacabuco",-0.212456417003136,0.584506713138774
"1026","Chachapoyas",0.374336337772811,0.805324700695855
"1027","Chadron",-2.99993552399365,-1.22488154830021
"1028","Chaiyaphum",2.73655828353242,-1.56021940123147
"1029","Chake Chake",4.40503121302691,1.1531309685968
"1030","Chalkida",-0.65588781653918,-0.758644794603309
"1031","Challapata",-2.48083119576182,-1.28629402854436
"1032","Chamical",-0.305754620906851,-1.73420716305472
"1033","Champoton",3.34232231412951,-0.772120918877528
"1034","Chancay",1.33004933524222,-2.11595258112108
"1035","Chandigarh",1.21345508125957,-2.43156064708701
"1036","Chandrapur",2.97809513343618,-3.19440626269183
"1037","Changchun",-3.98379251888278,-0.211807944796218
"1038","Changde",0.0473090752165701,0.738542227104938
"1039","Changhua",2.51046697756683,0.570817503690696
"1040","Changling",-4.07246646481635,-0.618648967964788
"1041","Changping",-2.339736359549,-1.52086880650531
"1042","Changsha",0.0906007740059501,0.689130709170602
"1043","Changting",0.728243482571888,0.254350821525078
"1044","Changyon",-1.2098352954139,0.635197696217017
"1045","Changzhi",-2.61329447891943,-0.782040969675759
"1046","Changzhou",-0.49666172866338,0.252821368116919
"1047","Channel-Port aux Basques",-1.92807966330573,5.01697440829478
"1048","Chanthaburi",5.46009387523084,0.713324230154069
"1049","Chaoyang",-3.20305431587377,-1.0823686478942
"1050","Chaozhou",1.85815640222739,0.320402611681571
"1051","Chapadinha",4.84318473155327,-0.734931017508661
"1052","Chapaev",-4.53004562611145,0.00750348494462208
"1053","Chapayevsk",-3.94878032940559,0.715632656876954
"1054","Chapleau",-4.53119013175661,2.0677542290693
"1055","Charata",0.847657581508568,-0.865736870465283
"1056","Charikar",-2.46983416746043,-1.9452259190116
"1057","Charleroi",-1.75518854656241,2.47627639774543
"1058","Charleston1",0.918145119176342,1.55556280745774
"1059","Charleston2",-0.968604634602679,1.42641501643587
"1060","Charleville",-0.0596119260450284,-1.85047432336663
"1061","Charlotte",-0.435247041206189,1.59734480293525
"1062","Charlottesville",-1.08408855775432,1.49455920049972
"1063","Charlottetown",-2.79062765543692,4.02603662302202
"1064","Charters Towers",1.39541969989608,-1.62709778061719
"1065","Chascomus",-0.222649238118825,1.12897293967353
"1066","Chattanooga",-0.393340166207993,1.99722745261424
"1067","Chau Doc",3.4328778455554,-1.2482286402383
"1068","Chauk",1.42973340249215,-2.59800314742209
"1069","Cheboksary",-3.88140083911819,1.11022998753218
"1070","Chegdomyn",-5.89321814252936,1.08692670939011
"1071","Chelyabinsk",-4.40190041085817,0.634497185615275
"1072","Chemnitz",-2.24918255435997,1.8286776697578
"1073","Chengde",-3.07610959705609,-1.07813876004569
"1074","Chengdu",0.260479280526554,-0.0600174796502414
"1075","Chennai",3.02630904923262,-1.99089674645949
"1076","Chenzhou",0.355378651887857,0.558723294653629
"1077","Cheongju",-0.716487501045256,0.620375398718169
"1078","Chepes",-0.635369472504002,-1.53941550467911
"1079","Cherbourg",-0.985202200168448,2.68182849131896
"1080","Cheremkhovo",-5.39728608091891,0.256544595544128
"1081","Cherepanovo",-4.95890678290519,0.954202155855587
"1082","Cherepovets",-3.56945773314034,1.91354127806946
"1083","Cherkasy",-2.70918981277605,0.881015365164616
"1084","Cherkessk",-2.4497416111355,0.123941345109943
"1085","Cherlak",-5.0464919451605,0.450017483407537
"1086","Chernihiv",-2.87472377327035,1.31375155702371
"1087","Chernivtsi",-2.49681318437174,0.764097423265661
"1088","Chernogorsk",-4.81388343907952,-0.252118894783446
"1089","Chernyakhovsk",-2.50052872624888,1.56357277696924
"1090","Chester",-1.47251287728039,2.57901374665174
"1091","Chesterfield Inlet",-7.24549527476409,2.87105536440165
"1092","Chetumal",3.35953073532762,0.249095059210639
"1093","Chevery",-3.25384955025648,4.43561942398248
"1094","Cheyenne",-3.412382834879,-1.09634989227756
"1095","Chiai",3.25090087523276,1.04332183964334
"1096","Chiang Mai",2.10835735534567,-2.02212999209526
"1097","Chiang Rai",3.02897558337795,-0.752585913180546
"1098","Chibemba",0.638390271714682,-2.75268345554839
"1099","Chibia",0.559918311369198,-2.23263550560713
"1100","Chicago",-2.44059824462221,1.21390982092677
"1101","Chiclayo",1.35592730816074,-2.47817091956289
"1102","Chico",-0.329228747649912,-2.20516367815633
"1103","Chicoutimi",-3.77283004509914,2.27257035587934
"1104","Chifeng",-3.93017884072018,-1.18446701641778
"1105","Chignik",-3.13107572620277,2.09159720321916
"1106","Chihuahua",-0.891878801887103,-3.02000090771335
"1107","Chilca",1.39639251935376,-2.14278280338796
"1108","Childress",-1.44562282256083,-1.5551281529358
"1109","Chilecito",-1.0100876305833,-1.95892640026252
"1110","Chililabombwe",1.36404088080077,-1.78177698078392
"1111","Chillan",0.0245728664000883,-0.196840360655738
"1112","Chilpancingo",1.45254235358769,-1.81413983292247
"1113","Chimbote",1.21713175742572,-1.84558502229392
"1114","Chimboy",-3.06156372861301,-2.21506930855257
"1115","Chimoio",1.82056782258731,-0.195862414671503
"1116","Chinandega",5.11783214906951,-0.744959251585786
"1117","Chincha Alta",1.30152319927272,-2.44751426849713
"1118","Chingola",1.53184608051072,-1.69346415753791
"1119","Chinhoyi",0.784457534866169,-1.9906269047238
"1120","Chiniot",0.345038829434198,-3.63219890969119
"1121","Chinsali",1.53195204099162,-1.7923167655651
"1122","Chipata",1.19335537447492,-2.10043356841314
"1123","Chiquinquira",1.66983404259244,3.42197993885837
"1124","Chirala",2.79130306309284,-2.26884374295902
"1125","Chiramba",1.78314643603905,-2.57318616813724
"1126","Chirchiq",-1.947394538698,-1.78685167731723
"1127","Chiredzi",0.901169429330682,-2.02443103633733
"1128","Chisinau",-2.46809477661251,0.489401700683728
"1129","Chistopol",-4.11418234965025,0.897553967730327
"1130","Chita",-5.73778036497983,-0.0574458699759178
"1131","Chitipa",1.56543881290604,-1.26440512803237
"1132","Chitre",4.36963453269454,-0.0184443320666131
"1133","Chittagong",4.92180197488055,0.981395427550607
"1134","Chitungwiza",0.272601173683151,-1.82401676841126
"1135","Chivilcoy",-0.254554899681386,0.699480218415679
"1136","Chlef",-0.518049416569549,-1.96530342299673
"1137","Cholpon Ata",-4.29657840337632,0.245005974053033
"1138","Choluteca",4.24793739103643,-1.77343247888063
"1139","Choma",0.619976534797509,-1.96911317203347
"1140","Chon Buri",3.68882407241415,-0.923277164140003
"1141","Chonchi",0.929935123007775,4.89560167903038
"1142","Chone",3.14615697320162,-0.856570263311328
"1143","Chongjin",-2.91500056325207,0.218935289634511
"1144","Chongju",-1.07140281602578,0.938521551949039
"1145","Chongqing",0.0980754975426909,-0.185159604013471
"1146","Chos Malal",-2.17117382731645,-1.28876841099109
"1147","Chosan",-2.80796982245256,0.222866132566155
"1148","Chosica",0.824062162621943,-1.90437615749368
"1149","Chota",0.143861652839139,-0.119228008930662
"1150","Choybalsan",-5.56354720013431,-0.839211022118441
"1151","Christchurch",-0.869399343911757,2.12333959365007
"1152","Christiansted",2.91903915133258,0.838415480484985
"1153","Chukai",7.43442049419896,5.58125991422291
"1154","Chulucanas",2.45428811078942,-3.02774314067104
"1155","Chumbicha",-0.377118205648521,-1.90982286380474
"1156","Chumphon",4.47357039121473,1.21012523280195
"1157","Chuncheon",-1.08460302884545,0.624873580548468
"1158","Chungli",2.73904251879672,4.11029163299545
"1159","Chuquicamata",-1.92282230738628,-3.43630459184597
"1160","Chur",-2.05923894253509,1.40822676856654
"1161","Chusovoy",-4.34904666155396,1.71389819666973
"1162","Chuxiong",-0.499601425475735,-0.938186414437431
"1163","Ciego de Avila",2.96183826617504,-0.154920254417694
"1164","Cienaga",3.9065308449515,-0.683667138271117
"1165","Cienfuegos",2.92745268425926,-0.074374818517131
"1166","Cilacap",6.09958171462452,4.10371491892053
"1167","Cincinnati",-1.6019177176747,1.59204827360285
"1168","Cirebon",5.58621123730539,1.66212608027707
"1169","Ciudad Bolivar",3.06121173214237,-1.6609139628884
"1170","Ciudad Camargo",-0.420632352917545,-3.43204771170297
"1171","Ciudad Constitucion",0.822140748477013,-3.39390093114573
"1172","Ciudad Cortes",6.70094739292785,2.54792142159633
"1173","Ciudad del Carmen",3.11482808082736,-0.633993208656319
"1174","Ciudad del Este",2.29306476908087,2.35381540662813
"1175","Ciudad Guayana",3.11811782388398,-1.07793774166112
"1176","Ciudad Guzman",0.485898968541911,-2.12547161339211
"1177","Ciudad Hidalgo",0.238449857413987,-1.7041532445723
"1178","Ciudad JuÌÁrez",-1.06024949244143,-3.05981956036333
"1179","Ciudad Madero",2.49719243094062,-0.567059815974711
"1180","Ciudad Mante",2.1105815854914,-1.33930260189633
"1181","Ciudad Obregon",0.922515497702276,-3.1509553070054
"1182","Ciudad Valles",2.15555055855711,-1.15769585938851
"1183","Ciudad Victoria",1.09116430434407,-1.82580544314015
"1184","Civitavecchia",-0.504064640072904,-0.277391191456678
"1185","Clare",-0.961746225161271,-0.447196435843409
"1186","Clarksburg",-1.24865881556562,1.976388315796
"1187","Clarksville",-0.867768945856487,1.80595895674063
"1188","Cleburne",-0.353154502524621,-0.205903800210453
"1189","Clermont-Ferrand",-1.66633906034901,1.18035198727371
"1190","Cleveland",-2.11325309576886,1.76794503176408
"1191","Cliza",-0.643280524841366,-0.464487608531613
"1192","Cloncurry",0.966648692327166,-3.25762742367412
"1193","Clovis",-1.88681374531095,-1.84293097549023
"1194","Cluj-Napoca",-2.55369384695074,0.531257298201406
"1195","Coalcoman",1.34817803656156,-1.69141525104861
"1196","Coari",4.44224593450372,2.01882338496033
"1197","Coatzacoalcos",4.77422699491804,1.56076841146497
"1198","Cobalt",-4.2870205231997,2.1263751276631
"1199","Coban",3.16075876377641,3.61426070009597
"1200","Cobija",3.16351017044064,-0.140168754135377
"1201","Cobram",-1.03459250854161,-0.381772054143865
"1202","Coburg",-2.20488674594907,1.79668575427443
"1203","Cochabamba",-0.495908986667932,-0.208889963549839
"1204","Cochin",7.45583706289839,1.87662186990069
"1205","Cochrane",-4.39402353384221,2.27805079808632
"1206","Cody",-3.73273603853045,-1.25861181444069
"1207","Coffeyville",-1.19558761564766,-0.0429638544671828
"1208","Coffs Harbour",1.76387935298796,1.99276157965003
"1209","Coihaique",-0.996009990382985,3.22771999874328
"1210","Coimbatore",2.32884131307498,-2.15125396735311
"1211","Coimbra",-0.151464210367614,-0.0120346717598086
"1212","Colac",-0.493458341983535,1.21985528371706
"1213","Colesberg",-1.57518531718604,-1.82591835458823
"1214","Colima",2.05268932079677,-2.29265056498958
"1215","Colinas",3.4421191223523,-1.52724817375866
"1216","Collipulli",-0.0955640221362383,0.746079594093499
"1217","Colombo",4.89727258319009,2.39546253529639
"1218","Colon1",6.82468148449932,2.98286484399145
"1219","Colon2",3.00527226640718,0.177130576098825
"1220","Colorado Springs",-3.24262922100505,-1.30653030017765
"1221","Columbia1",-1.3959465832822,1.14268278842829
"1222","Columbia2",-0.304320358058913,1.14978443168147
"1223","Columbia3",0.0611683129808473,1.23708380530329
"1224","Columbus1",0.0607553851185453,1.28839330303976
"1225","Columbus2",-1.88156400243983,1.37389264650181
"1226","Comallo",-2.33470295504615,-0.408254481393674
"1227","Comandante Fontana",1.23243764594486,-0.757337518080555
"1228","Comayagua",2.27647641447214,-1.36946955895661
"1229","Combarbala",-1.18615721576006,-2.29291647880352
"1230","Comilla",3.89674569775959,0.678591544848087
"1231","Como",-1.13686796210276,1.84495865317847
"1232","Comodoro Rivadavia",-1.80333168910219,-0.0521797179262571
"1233","Comondante Luis Piedrabuena",-2.33580936871693,0.305722317832897
"1234","Compostela",2.44183203493715,-0.839896461136059
"1235","Conakry",10.078168438172,3.66704437979597
"1236","Concepcion del Uruguay",0.539379529424455,1.23330640483505
"1237","Concepcion1",0.53701826296368,1.0330342955185
"1238","Concepcion2",2.13543092349019,0.14255711927041
"1239","Concord",-2.85129876996271,2.4318648519117
"1240","Concordia1",0.58545573839891,1.04472943644034
"1241","Concordia2",1.79948095920197,3.56028105715782
"1242","Conselheiro Lafaiete",2.11485731035757,0.153839421394794
"1243","Constanta",-2.20567425700928,0.599495115307321
"1244","Constantine",-0.968183446157008,-1.47672250928453
"1245","Constitucion",-0.0829000041673525,-0.296806037407803
"1246","Contamana",3.63832929164064,1.08009318681015
"1247","Conway",-0.191035053821622,1.1305968737963
"1248","Cooma",-1.72621310763916,0.581346380817666
"1249","Coos Bay",0.507555612814315,1.69319538409609
"1250","Copenhagen",-2.28209518442165,2.15607149116547
"1251","Copiapo",0.114502251677534,-3.3686340288654
"1252","Coquimbo",-0.146957411914475,-2.61558746752363
"1253","Coracora",-1.15225536549024,-0.743011515855316
"1254","Coral Gables",2.66367157420489,0.899746763495736
"1255","Coral Springs",2.56664962058714,1.13351114727864
"1256","Cordoba1",-0.173302295667959,-0.724592644773956
"1257","Cordoba2",-0.662202083172538,-2.20817625477702
"1258","Cordoba3",2.52711268056896,0.425438534731272
"1259","Cordova",0.0269668256062302,6.96900273729238
"1260","Cork",-0.524865128585676,3.59919086917235
"1261","Corner Brook",-3.3573079507911,3.32684432936765
"1262","Cornwall",-3.19722224064822,2.09546166557293
"1263","Coro",2.6225848266287,-1.27366684954949
"1264","Coronel",0.924544858268796,1.54775629415092
"1265","Coronel Bogado",1.94717886345638,2.20060791387678
"1266","Coronel Oviedo",2.37459108207311,1.7526912676093
"1267","Coronel Suarez",-1.06761219655168,0.333686843620404
"1268","Corpus Christi",0.935800982710554,-0.331684588576502
"1269","Corrientes",1.43471211372946,0.557812568580481
"1270","Corum",-2.31008442412615,-0.985959908065921
"1271","Corumba",2.71230618660245,-0.46129604799643
"1272","Corvallis",-0.111027805518901,0.610740764299558
"1273","Cotabato",5.23178743898975,2.50504429173598
"1274","Cotonou",3.70163659364749,-0.573874723842892
"1275","Cottbus",-2.20803298985926,1.24699881187119
"1276","Council Bluffs",-2.59141753468792,-0.150862700839671
"1277","Courtenay",-0.287819735627656,1.95401135393631
"1278","Coventry",-1.82671694384894,1.94682991941628
"1279","Covilha",-0.516043088902093,-0.209956384849435
"1280","Covington",-1.4095432563626,1.53371546383874
"1281","Cowell",-0.672769416414487,-0.503061712884823
"1282","Cowra",-0.759578140637025,0.341319128309659
"1283","Craig",-3.95507866082785,-0.242389702271964
"1284","Craiova",-1.89390837536148,0.205189493624646
"1285","Cranbourne",-0.293268693833139,1.63038156076153
"1286","Cranbrook",-3.50128604220952,0.205341122651666
"1287","Crateus",3.45620702421915,-2.60418757914528
"1288","Crato",3.01522544534228,-2.44472829025113
"1289","Crescent City",1.43409325797596,2.02621885395994
"1290","Crestview",1.33348235351332,2.31028020667788
"1291","Criciuma",2.09843879570667,2.60074366215561
"1292","Cristalina",2.62292250831721,-0.0950394837570876
"1293","Crookston",-4.21028912084069,0.124615118370159
"1294","Crotone",-0.0283106238111166,-0.516795432440495
"1295","Cruzeiro do Sul",4.12829611825511,1.81830724614708
"1296","Cuamba",1.73177706669606,-2.1354585395088
"1297","Cuauhtemoc",-1.2831597752852,-1.96000297639419
"1298","Cubal",1.83039758387035,-1.82427861977939
"1299","Cucuta",3.31940060661891,0.356616995988437
"1300","Cuddalore",3.49322156725309,-1.69981106282426
"1301","Cuenca",-0.0189276211684431,0.928240532958052
"1302","Cuencame",-0.182595428007789,-3.09376893398287
"1303","Cuernavaca",1.74714381769821,-2.16477809076657
"1304","Cuevo",1.02307562419097,-0.899765561031153
"1305","Cuiaba",2.97785541074073,-1.22940328742893
"1306","Culiacan",2.20342245673879,-1.88595100685161
"1307","Cumana",3.13946666317038,-1.29549146270821
"1308","Cumberland",-1.98018250434664,1.15240985521824
"1309","Curanilahue",0.623994110634989,1.55903405220881
"1310","Curepipe",2.89105932857643,2.65852415230231
"1311","Curico",-0.319383829431966,-1.43040466581946
"1312","Curitiba",1.35604300133327,2.56589860651399
"1313","Curvelo",2.23911580982606,-1.02424495587054
"1314","Cusco",-1.55410708488861,0.215120546710181
"1315","Cutral Co",-1.90198610736539,-1.50394302681197
"1316","Cuttack",3.01588836383033,-1.50091285021595
"1317","Cyangugu",2.24839335309963,-0.107932409438819
"1318","Da Lat",2.17135113118687,1.05867884901931
"1319","Da Nang",5.5880852001412,1.5462570374657
"1320","Daan",-4.39945971658112,-0.727108053154474
"1321","Dabou",4.79104512809398,0.580819274301621
"1322","Daegu",-1.01213542521641,-0.0186768273235013
"1323","Daejeon",-0.586578458448983,0.804162292652158
"1324","Dagupan",5.16694032981257,-0.209772913432978
"1325","Dakar",2.29901871329177,-2.12254675653239
"1326","Dalandzadgad",-5.12801891821837,-1.69823866164998
"1327","Dalby",0.0919321554990355,-0.647577660387733
"1328","Dalhart",-2.16585550435364,-1.87749779251585
"1329","Dali1",-1.83518500468124,-1.22987414545804
"1330","Dali2",-0.764348583410398,-0.532855717604386
"1331","Dalian",-1.84502265819486,0.399091565782813
"1332","Dallas",-0.270172890741085,-0.310543405462552
"1333","Dalnegorsk",-4.38092894068098,0.76952007182545
"1334","Dalnerechensk",-4.5843432575107,0.430338191118676
"1335","Daloa",3.05382348178714,-0.549127749617413
"1336","Dalton",-0.384704375708507,2.01940210957265
"1337","DamanhÌÈr",-0.18548316560936,-2.44911494820962
"1338","Damascus",-1.35846134265705,-2.40292123987953
"1339","Dandong",-1.6257466151174,0.747851683436743
"1340","Dangriga",4.65792469245639,2.17449151019886
"1341","Danjiangkou",-1.10709085905821,-0.785858397367545
"1342","Danville",-0.60185421740142,1.56381325509235
"1343","Daqing",-4.84042709968026,-0.561149879852986
"1344","Dar es Salaam",3.17468946460274,-0.565146152511946
"1345","Darnah",0.0120606588903035,-1.55620368369512
"1346","Darregueira",-1.22280566487294,-0.168653827098628
"1347","Darwin",4.19886246572921,-1.30232210889954
"1348","Dasoguz",-2.82691908056466,-2.62367233681194
"1349","Datong",-3.96074289507319,-1.25762367023952
"1350","Daugavpils",-3.09382853654505,1.51166447122875
"1351","Dauphin",-4.7127698089798,0.727149352349031
"1352","Davangere",1.7111542922479,-2.81259317009213
"1353","Davao",4.77186246040885,2.67040018866921
"1354","Davenport",-2.525193960202,0.719999733795369
"1355","David",5.07982630155454,1.05403816994689
"1356","Dawei",8.04003673651675,1.50494785814523
"1357","Dawmat al Jandal",-1.17967803983817,-4.08243785819769
"1358","Dawson Creek",-4.01376475478505,0.954061211129055
"1359","Dayr az Azwr",-1.20992818386669,-3.76382428862574
"1360","Dayton",-2.02918648185303,1.55091946072287
"1361","Daytona Beach",1.68048764270843,1.17324252578485
"1362","De Aar",-1.41692886604914,-2.09714069321043
"1363","Debre Birhan",0.649652010603977,-0.718792722379665
"1364","Debre Markos",1.87682230014916,0.605248576048631
"1365","Debrecen",-2.3068117304517,0.54967963276101
"1366","Decatur",-2.09613725782254,1.02560504760681
"1367","Deer Lake",-2.84652259581798,3.16215620491507
"1368","Dehibat",-0.903300544366029,-3.35725930624991
"1369","Dehra Dun",2.15645215991538,-1.16444701287627
"1370","Del Rio",-0.31846006290208,-2.05772701015583
"1371","Delano",-0.807105409215065,-3.39259729483881
"1372","Delhi",1.19735528211229,-3.03202858862355
"1373","Delicias",-0.522571747131663,-3.38706918920235
"1374","Demba",3.12614382082638,0.407748841624812
"1375","Dembi Dolo",2.02151748202462,0.671260204824018
"1376","Deming",-1.09274984755021,-2.94742385135801
"1377","Dengzhou",-1.01282409345795,-0.583127679453757
"1378","Deniliquin",-0.999805475471401,-0.584357165085276
"1379","Denizli",-1.10628369245301,-1.71802488039927
"1380","Denow",-1.40851917389083,-2.46288750837383
"1381","Denpasar",4.74329296660781,2.20149567629469
"1382","Denton",-0.609270890655549,-0.263123529487859
"1383","Denver",-3.41490996616931,-1.1046210742094
"1384","Dera Ghazi Khan",0.236377054523886,-4.12567519227299
"1385","Dera Ismail Khan",0.121444281200794,-3.86251373360957
"1386","Derbent",-1.80380477693919,-0.0992391012411944
"1387","Derzhavinsk",-4.92100664128133,0.11040774129324
"1388","Des Moines",-2.72047440344965,0.314959361249455
"1389","Desaguadero",-1.63837448884863,-0.0142247116817756
"1390","Dese",0.832568896166695,-0.465785104011228
"1391","Detroit",-2.627119987627,1.43137053558898
"1392","Devils Lake",-4.45614023398143,0.0487324741885551
"1393","Devonport",-0.227968039169111,2.10276318469224
"1394","Deyang",-0.0442177727653965,-0.401214171957402
"1395","Dezful",-0.183238322730284,-4.51004289859477
"1396","Dezhou",-1.86132387715681,-1.48360465576933
"1397","Dhaka",3.69191022363414,0.512263545798531
"1398","Dhamar",-0.467367238157921,-2.30958781727867
"1399","Dhanbad",1.92485306773646,-2.15996351567735
"1400","Dhule",1.70542250956916,-3.76771464507281
"1401","Diamantina",1.67531256856864,-0.250442398723365
"1402","Dibaya",2.84747658400283,-0.0570076946911026
"1403","Dibrugarh",4.81862790541436,2.06301357906083
"1404","Dickinson",-3.94785692027719,-0.58404379677104
"1405","Dieppe",-1.29868367243753,2.42762483796552
"1406","Diffa",1.43796836320043,-4.70369255139889
"1407","Digby",-2.29180647674274,3.34809519036883
"1408","Dijon",-1.78029010254142,1.6350335960672
"1409","Dila",1.24574817795982,0.667922429358427
"1410","Dili",3.27953311734899,-0.978927823327953
"1411","Dillingham",-3.55299050274238,2.4179448631621
"1412","Dillon",-3.89320831351394,-1.03186097671826
"1413","Dilolo",1.78062465870154,-1.6033619377803
"1414","Dimbokro",2.94472000267145,-0.983027419840109
"1415","Dimitrovgrad",-3.96427163837175,1.07977169891359
"1416","Dindigul",2.51622253882417,-2.45714129275388
"1417","Dingzhou",-1.90045199040952,-1.63833846121539
"1418","Diourbel",2.47510079837973,-3.77189901187986
"1419","Dire Dawa",1.58843077592773,-2.14630301354563
"1420","Dirj",-0.955447562075491,-3.74615695093197
"1421","DÌùsseldorf",-1.52503085168825,2.1856065997614
"1422","Divinopolis",2.35239493019456,-0.331662517992942
"1423","Diyarbakir",-1.71492256848153,-2.61226861629311
"1424","Djambala",3.70488890428731,1.55242965446561
"1425","Djanet",-1.00328626426185,-3.90470978068563
"1426","Djelfa",-1.8595658655027,-1.90430572515526
"1427","Djenne",2.28289127754746,-4.14236079465847
"1428","Djibouti",1.92930958987715,-3.56795011774755
"1429","Djougou",3.12673514882386,-1.67630479571138
"1430","Dnipropetrovsk",-2.86294659676011,0.678732385947895
"1431","Doba",3.3168643691873,-2.17004034701346
"1432","Dobrich",-2.33284105891321,0.605476424494987
"1433","Dodge City",-2.47324455671946,-1.32889924020492
"1434","Dodoma",1.18248216178334,-2.695407828253
"1435","Doha",0.693221592851957,-3.75049291923418
"1436","Dolbeau",-4.08561195849281,2.03317586116427
"1437","Dolinsk",-3.400381694709,3.23282712609116
"1438","Dolo Bay",2.64077567854362,-3.79224081251879
"1439","Dolores",-0.265721364498579,1.42388663553836
"1440","Dombarovskiy",-4.6330908441247,-0.0115721943076831
"1441","Dondo1",2.98127962210384,-0.152140435721983
"1442","Dondo2",2.53575996199719,-2.14553837224253
"1443","Donegal",-0.337296172996213,4.2841203237666
"1444","Donetsk",-2.78848731799864,0.547890506997358
"1445","Dong Hoi",4.5303434829569,0.893414087893239
"1446","Dongola",0.769017042416061,-6.18887095527041
"1447","Dortmund",-1.60263792605097,2.40029326645704
"1448","Dosso",2.30998501990168,-4.1586072741258
"1449","Dothan",0.725344371982686,1.48142947330425
"1450","Douala",7.15787351007813,3.17911457292735
"1451","Douglas1",0.567332389059575,1.11109180475229
"1452","Douglas2",-3.47906188545645,-1.32243307151505
"1453","Douglas3",-1.10631641108671,3.38594366726448
"1454","Douglas4",-0.703765926827875,-2.94201314323122
"1455","Dourados",2.07825633535816,0.511783457495995
"1456","Dover1",-0.959665144338569,2.05141611200482
"1457","Dover2",-1.49321872795137,2.42823590702524
"1458","Drammen",-2.75645795974989,2.27083795786741
"1459","Dresden",-2.17484921780469,1.43935687878278
"1460","Drobeta-Turnu Severin",-2.09848427154431,0.591336713706416
"1461","Drogheda",-1.07764358354003,3.16151358768099
"1462","Drohobych",-2.44949801781463,1.33045267475406
"1463","Drummondville",-3.09169622577982,2.44502245036914
"1464","Dryden",-4.61437386578938,1.11391006307991
"1465","Dubayy",1.14175194122116,-4.14677464304019
"1466","Dubbo",-0.523538594958035,-0.22259586550388
"1467","Dublin1",0.120410743232339,1.1315816152757
"1468","Dublin2",-1.02694069583877,3.18012658942872
"1469","Dubrovnik",0.0205535035981161,0.950228443001902
"1470","Dubuque",-2.90902804957832,0.562811338798798
"1471","Dudinka",-6.59361126774988,2.78150901963388
"1472","Duisburg",-1.51068507030147,2.02414023721067
"1473","Duitama",1.04318484958895,1.95520354564474
"1474","Duluth",-3.87357104377182,0.720216256438643
"1475","Duma",-1.31548497811014,-2.66697376002164
"1476","Dumas",-2.08553789486444,-1.79823760988608
"1477","Dumfries",-0.972459715724806,3.46233706417965
"1478","Dumyat",-0.265793216929887,-2.50231153098766
"1479","Dund-Us",-5.73880953059276,-0.950178507143902
"1480","Dundalk",-1.04577882116783,3.22969444345368
"1481","Dundee",-1.6572272908062,2.89815655153844
"1482","Dundo",2.79280556776654,-0.491744108767749
"1483","Dunedin",-1.04575289251852,2.8495531321432
"1484","Dunhua",-4.15649588049224,0.208921006226397
"1485","Dunhuang",-3.63729353370471,-2.88817708308611
"1486","Duque de Caxias",2.70418876910144,0.398663712672951
"1487","Durango1",-0.404923353005103,-2.48967684200247
"1488","Durango2",-2.96539432630822,-1.12343279336123
"1489","Durazno",0.561901436108486,2.09980680437165
"1490","Durban",1.16831095972377,-0.0916581439344469
"1491","Durham",-0.384594945770873,1.63314414065906
"1492","Durres",-0.163720673183413,0.159103790449357
"1493","Dushanbe",-1.38381059605275,-1.61931958686303
"1494","Dyatkovo",-3.34733246374964,1.49109076772857
"1495","Dzaoudzi",3.49154346617409,0.278348202540863
"1496","Dzerzhinsk",-3.6602044708703,1.30960720486892
"1497","Dzhankoy",-2.13682998306547,-0.0576793542479768
"1498","Dzuunharaa",-5.66707091638703,-0.699728008309611
"1499","Eagle",-5.58257019366117,0.725901824781893
"1500","Eagle Pass",-0.104415886338288,-2.07680099066096
"1501","East London",0.818768162034852,0.222851844365113
"1502","Eastmain",-5.31489241237,2.65297705532474
"1503","Eau Claire",-3.34564052802262,0.550035614518275
"1504","Ebolowa",3.47177593326006,1.18842117826832
"1505","Echuca",-1.06231319707443,-0.456918534832596
"1506","Ed Damazin",2.71936400224017,-3.06173040720034
"1507","Ed Dueim",1.86350187540903,-4.8248628034544
"1508","EdDamer",1.4183747149594,-5.52847452680419
"1509","Edea",5.54020275506055,1.93253867545819
"1510","Edinburg",0.776134616603737,-1.71148888260557
"1511","Edinburgh",-1.64197861119355,2.52984652547033
"1512","Edirne",-1.59938007235585,-0.306467921752387
"1513","Edmonton",-4.16805139554724,0.55045273447991
"1514","Edmundston",-3.72311279728195,2.34875655183433
"1515","Egilsstadir",-2.50035187031406,3.25218822745798
"1516","Eindhoven",-1.84374104035088,2.11909451091497
"1517","Eirunepe",3.86955832214417,1.08034251226796
"1518","Ekibastuz",-4.88517654694356,-0.199091567137286
"1519","El Alamein",-0.161364611969855,-2.83328398756485
"1520","El Arish",-0.157944437660461,-2.5034212798097
"1521","El Banco",4.9093092326672,0.456897177893075
"1522","El Bayadh",-1.96867745128754,-2.22859377011607
"1523","El Calafate",-2.86702039817071,1.21488468308423
"1524","El Carmen de Bolivar",3.30199890513773,-0.399387844679563
"1525","El Centro",-0.387348808553697,-4.11453305117507
"1526","El Daba",-0.130206095320653,-2.49836442906627
"1527","El Dorado1",0.214049668290103,1.41844333870197
"1528","El Dorado2",3.73707997151038,0.963220416620297
"1529","El Faiyum",-0.660264712090439,-3.83318891556852
"1530","El Fasher",0.994952354498462,-4.48028505896601
"1531","El Fuerte",1.38547352685666,-2.78170341079717
"1532","El Giza",-0.611926806827376,-3.72244982255824
"1533","El Golea",-1.00025300385539,-4.10764942776341
"1534","El Jadida",0.242448318873924,-1.12464442619471
"1535","El Kef",-1.15414041844113,-1.43557780187538
"1536","El Maiten",-1.85344472804573,0.836795806456358
"1537","El Manaqil",1.97178259851966,-4.75798167510491
"1538","El Mansura",-0.469592555042102,-2.94902933743034
"1539","El Manteco",3.25704834714823,-0.454072239711834
"1540","El Minya",-0.577977162052303,-4.54529694724276
"1541","El Obeid",1.49259056974514,-4.35262787760916
"1542","El Oued",-0.834571901275455,-3.72547796813923
"1543","El Paso",-1.08340082499543,-3.03755810384157
"1544","El Suweis",-0.393258732280775,-3.70538673774116
"1545","El Tigre",2.85722930285827,-1.82407802614134
"1546","El Tur",0.0460580119441386,-4.57267021289589
"1547","Elazig",-2.33009044755831,-2.06938958505733
"1548","Elbasan",-0.818073596349023,-0.124635036837019
"1549","Elblag",-2.25577282513919,1.63619176568115
"1550","Eldama Ravine",1.46363800682708,0.843355911350517
"1551","Eldorado",1.96270352601719,-1.76556664416714
"1552","Eldoret",1.28086740662744,0.516703354435681
"1553","Elgin",-2.6614672146303,1.06466041003696
"1554","Elista",-3.15947919670051,-0.41477554031544
"1555","Elk",-2.8104283591399,1.21659347234481
"1556","Elkhart",-2.26868108839435,1.38236113202481
"1557","Elko",-3.27458206970135,-1.51561923215723
"1558","Elmira",-2.53930082241549,1.27074816308383
"1559","Ely1",-3.57702911365433,-1.02022566089114
"1560","Ely2",-4.32536924152558,1.03965960261313
"1561","Embi",-4.60812261806374,-0.195334125411064
"1562","Embu",2.4439654276886,-0.566823788339837
"1563","Emden",-1.62962254280763,2.22592339201115
"1564","Emerald",0.790683052456435,-1.6146963455212
"1565","Emmonak",-4.38370178126756,2.57693840658675
"1566","Emporia",-1.86191521308355,-0.299682512127758
"1567","En Nuhud",1.50981581095235,-4.11887370958495
"1568","Encarnacion",1.98061476560431,2.5528748528097
"1569","Ende",3.77393764084864,0.144414642665156
"1570","Engels",-3.52724368807874,0.388335836454749
"1571","Enid",-1.58945751140524,-0.79084324617495
"1572","Ensenada",-0.133430213791638,-2.25215352261524
"1573","Entebbe",3.53669613866212,2.89813089275379
"1574","Enterprise",0.44909670999495,1.89173967565065
"1575","Enugu",3.90863103455843,-0.4454745974253
"1576","Er Rachidia",-1.16910169597731,-3.38705782564296
"1577","Erechim",1.83887462466748,4.01950412164506
"1578","Eregli",-2.14829341234738,-1.7738977649995
"1579","Erenhot",-5.03033355154544,-1.8389042049142
"1580","Erfurt",-2.48102925129789,1.00073862632067
"1581","Ergun Zuoqi",-6.24146297156164,0.255807476053563
"1582","Erie",-2.13841842584382,2.36311280348505
"1583","Ertis",-5.04429607093709,0.029526056941852
"1584","Erymentau",-4.79376446805542,0.440596031106928
"1585","Erzincan",-2.74647150316792,-1.06862646249353
"1586","Erzurum",-3.45917088577279,-0.271607186293964
"1587","Esbjerg",-1.6927710037058,2.56480579683228
"1588","Escanaba",-3.21555239357367,1.5557075415404
"1589","Escuinapa",3.14612295934037,-0.89344736482404
"1590","Escuintla",3.91639851354221,-0.973413102432918
"1591","Eseka",4.40651435254064,1.03628463687428
"1592","Esik",-3.44576750787291,0.159444082145469
"1593","Esil",-4.92102613208065,0.0482101299637913
"1594","Eskisehir",-2.24820944135207,-1.03887408696308
"1595","Esmeraldas",3.00721705036505,-0.185682299371146
"1596","Esperance",0.178827084586449,0.274334746754136
"1597","Esperanza",0.93284543035358,-3.25366386336668
"1598","Espungabera",1.18101472134673,-0.191766658970898
"1599","Esquel",-1.715744029756,1.40417295535588
"1600","Essen",-1.5288762190348,2.30924193236738
"1601","Estancia",4.01941924554474,1.06877639665769
"1602","Esteli",2.25861841946862,-1.30040857010649
"1603","Etawah",1.42945257959342,-3.35897223874882
"1604","Eugene",-0.646632301684793,0.173309900277969
"1605","Eumseong",-0.956656090763861,0.510304783944382
"1606","Eureka",0.36184550847161,0.769845324174286
"1607","Evanston",-2.37202550877839,1.35651496515966
"1608","Evansville",-1.03697913017513,1.40862686439076
"1609","Everett",-0.887389364983749,0.987609954165829
"1610","Ewo",3.24141585859596,0.348680964453244
"1611","Exeter",-0.960045364497665,2.66657523006224
"1612","Exmouth",1.17128638096654,-2.03312921470847
"1613","Eyl",2.30564745846812,-3.35320654267381
"1614","Eyumojok",5.43298156902585,1.33890142120435
"1615","Fada",0.836746753355614,-5.49171401862394
"1616","Fairbanks",-5.32396120523271,0.732253650959784
"1617","Faisalabad",0.298520391566153,-3.83798466175945
"1618","Faizabad",1.80221622714694,-2.64611578557945
"1619","Falfurrias",0.696050046091804,-1.35021422621103
"1620","Farafangana",4.08649637145555,3.03087803866701
"1621","Farah",-0.98474453348249,-4.87117554768543
"1622","Faranah",3.55457641769719,-1.30208356929175
"1623","Fargo",-4.130312984025,0.104795509264466
"1624","Fargona",-2.20429558372229,-1.74400710162604
"1625","Faribault",-3.31600629699194,0.409515383348052
"1626","Farmington",-2.50212253479411,-2.06873883192701
"1627","Faro",0.20842710127458,-0.675824887062086
"1628","Fasa",-1.26299541264494,-3.92070952579194
"1629","Fatehpur",1.89379878906468,-3.28866928688857
"1630","Fayetteville1",0.043055506411043,1.50903211837534
"1631","Fayetteville2",-1.23142410681925,1.20816002515301
"1632","Feira de Santana",2.48525865571718,0.335154809422676
"1633","Felipe Carrillo Puerto",3.10110803701321,0.0778796433509562
"1634","Fengcheng",0.748870374400845,0.795334947829374
"1635","Fengjie",-0.457891919357758,-0.364747893058226
"1636","Fengshan",3.60160837631492,0.811068622126677
"1637","Fengzhen",-4.24136222586793,-1.16403741445785
"1638","Ferkessedougou",3.15280335784354,-1.76701079953844
"1639","Fernandopolis",2.45213106510131,-0.466258693273198
"1640","Ferrara",-1.60990373461655,0.639553470612502
"1641","Ferrenafe",1.60080003670442,-2.64145982831649
"1642","Feyzabad",-2.65073546768882,-1.86371883313521
"1643","Fez",-0.251986566787721,-2.22799628736899
"1644","Fianarantsoa",1.33439377391835,0.280343961287679
"1645","Filadelfia",1.68827260847503,-1.29691192924302
"1646","Finnsnes",-2.71351059453945,3.47063617993901
"1647","Firozabad",1.28351773339888,-3.50232090069443
"1648","Flagstaff",-2.4130792620153,-1.2903944473183
"1649","Flensburg",-1.76136887729415,2.50818400376014
"1650","Flin Flon",-5.49168301565983,0.94683367577366
"1651","Flint",-2.83119947589942,1.05319312008903
"1652","Florence1",0.154059904069831,1.28436556065105
"1653","Florence2",-0.271922831300703,1.85430989583304
"1654","Florence3",-0.809944639998183,0.329921101064128
"1655","Florencia",5.8752731130636,3.95165472216674
"1656","Flores",3.15695743060903,0.254815667532515
"1657","Floriano",3.59307581689863,-1.96896798947289
"1658","Florianopolis",2.37245366794815,2.75491619289706
"1659","Focsani",-2.41906221428666,0.145039628069868
"1660","Foggia",-0.975709278382702,-0.344063524335153
"1661","Fond du Lac",-3.20287691208605,0.644992334973571
"1662","Fonte Boa",5.132721857966,4.43727356390618
"1663","Forbes",-0.773426382481851,-0.205261012091964
"1664","Formiga",1.83249006267104,-0.377631204023748
"1665","Formosa1",1.63352926465137,0.511921160405468
"1666","Formosa2",2.63867368347197,-0.744512350006724
"1667","Fort Chipewyan",-5.55018092129196,1.08238706975468
"1668","Fort Collins",-3.2076202888328,-1.34778375334859
"1669","Fort Good Hope",-6.21367889882791,1.08584575566463
"1670","Fort Lauderdale",2.58203524341075,1.0661679177215
"1671","Fort McMurray",-4.88298510829744,0.821232128040779
"1672","Fort Pierce",2.25664644327977,1.2407309981265
"1673","Fort Resolution",-6.41630941195585,1.66804099892534
"1674","Fort Severn",-6.38911826912695,2.67025303230561
"1675","Fort Shevchenko",-2.84515283028258,0.0280418522433342
"1676","Fort Simpson",-6.10835288489122,1.2288065269488
"1677","Fort Smith1",-0.824978360867731,0.941706109233378
"1678","Fort Smith2",-5.63520395806975,0.998801229213562
"1679","Fort St. John",-4.09139470797866,1.18124609174139
"1680","Fort Stockton",-1.15009872202929,-2.31968300351325
"1681","Fort Wayne",-2.3134992741938,1.30264340689315
"1682","Fort Yukon",-6.10837970089573,0.752413386142138
"1683","Fort-de-France",4.73005651829457,3.55846895132969
"1684","Fortaleza",4.29779075994092,-1.05660192307479
"1685","Foshan",1.95177967123283,0.393202074448663
"1686","Foumban",2.95434660847242,0.0283952531181834
"1687","Foz do Iguacu",2.12701532746137,2.16705594996561
"1688","Franca",2.59055409335033,0.815972238060602
"1689","Franceville",3.55781389509414,0.516950402816354
"1690","Francistown",-0.0439465756491967,-2.59567780964151
"1691","Frankfort",-1.01517333195692,1.73875212528114
"1692","Frankfurt",-1.92008172620573,1.56581161764837
"1693","Fredericksburg",-1.08848677656999,1.52761805993071
"1694","Fredericton",-3.13145703785014,3.31300955505676
"1695","Frederikshavn",-2.32795524427808,2.5415267133715
"1696","Freeport1",1.32108838329261,1.45428900307823
"1697","Freeport2",2.57603632377891,1.14427264764895
"1698","Freetown",8.07631931040696,2.77100280447687
"1699","Freiburg",-1.49846736723728,2.04202649411317
"1700","Fresnillo",-0.539262678774001,-2.33538391505814
"1701","Fresno",-0.775798876593483,-3.09545246433713
"1702","Fria",6.30936759463581,0.496178434131927
"1703","Frias",-0.0194774200026884,-1.62447159531164
"1704","Frolovo",-3.42144708540497,0.267205777698545
"1705","Frontera",3.71547586862571,0.5217524189289
"1706","Frutal",2.54373422421111,-0.727973112901969
"1707","Ft. Dodge",-2.9677033979528,0.399336987817843
"1708","Ft. Myers",2.23001972809643,0.40297677164067
"1709","Ft. Worth",-0.464619014594184,-0.36145843512416
"1710","Fuan",0.852198157602507,0.466034418406078
"1711","Fujin",-4.86779038735349,0.133275718505332
"1712","Fukui",0.817352967155086,4.9323115561757
"1713","Fukuoka",1.10896621469151,2.03364623336637
"1714","Fukushima",-1.09417411405564,1.31210757743292
"1715","Fulin",-0.790960493693764,-0.706415087460233
"1716","Funchal",1.62930589582258,1.71359028088365
"1717","Funtua",2.15764705444964,-2.71261624904735
"1718","Furth",-2.26511189546565,1.30814403441126
"1719","Fushun",-3.06018891740167,-0.0719498111550024
"1720","Fuxin",-3.30288647107268,-0.903341087902176
"1721","Fuyang",-0.821332931794557,-0.221655740357765
"1722","Fuyu",-4.33657424651367,-0.615927886533735
"1723","Fuzhou",0.904809704092551,0.115144646355234
"1724","Gaalkacyo",2.10199692295921,-3.93524914442507
"1725","Gabes",-0.103000388222489,-2.79935531061169
"1726","Gaborone",-0.301442578900029,-2.44895664756371
"1727","Gadsden",-0.144908169113226,1.76037812217804
"1728","Gafsa",-0.742802190157641,-3.05721841055298
"1729","Gagnoa",3.13101506558469,-0.0101394315689097
"1730","Gainesville",1.3902238011298,0.964618338436033
"1731","Galati",-2.49003654271983,0.0910672981987897
"1732","Galesburg",-2.35544675390057,0.853382039156775
"1733","Galle",5.66333859983527,3.45807158246723
"1734","Gallup",-2.48101796578079,-1.76852145691474
"1735","Galveston",1.15416769742654,1.37435570169599
"1736","Galway",-0.506625420759385,3.81856201057659
"1737","Gamba",3.39100524094755,0.0445161483847466
"1738","Ganca",-2.096441011541,-0.855434899432101
"1739","Gandajika",2.95825556822947,-0.410800352477731
"1740","Gander",-2.57162823515667,4.39036338661791
"1741","Gandhinagar",1.87040548789247,-3.956278207727
"1742","Gangneung",-0.51213316672873,1.89622753493705
"1743","Gangtok",2.46536451669691,1.6772098607956
"1744","Gannan",-4.75409258837417,-0.372011969524696
"1745","Ganzhou",0.534057209496658,0.248534274854109
"1746","Gao",1.76785661222548,-5.23099223185334
"1747","Garanhuns",2.13397137650808,-0.158427764857764
"1748","Garca",2.31099539342378,0.581311879948298
"1749","Garden City",-2.52631960229109,-1.57090768976715
"1750","Gardiz",-3.40739824129233,-1.6930294112986
"1751","Garissa",2.20884792642897,-3.0057460654611
"1752","Garoowe",1.71013777883874,-3.94305944040194
"1753","Garoua",2.57850246424197,-3.23190107747557
"1754","Gary",-2.37486055433664,1.34517217183172
"1755","Garzon",2.70156854649573,1.13856659562938
"1756","Gashua",1.6330728806471,-4.44071632397952
"1757","Gaspe",-3.72937810531749,4.03058364606178
"1758","Gatchina",-3.40846330076793,1.71054540866725
"1759","Gavle",-2.94228986235729,1.78051081527828
"1760","Gawler",-0.523194948398147,-0.183838004567806
"1761","Gay",-4.61603189245641,0.576874861318229
"1762","Gaya1",2.73538816095672,-3.74968635096251
"1763","Gaya2",1.70704771313042,-2.77243841682048
"1764","Gaza",0.176162350257345,-2.22205613988969
"1765","Gaziantep",-1.76317362373858,-2.12346934341475
"1766","Gbadolite",3.00655980465212,-0.247155284704209
"1767","Gbarnga",4.88746730274817,1.30900151141608
"1768","Gdansk",-2.43766652061787,1.48534388835326
"1769","Gdynia",-2.45417949726942,1.58869015163357
"1770","Gedaref",2.40038309783771,-3.95056083421432
"1771","Geelong",-0.637671068659883,1.07957613795581
"1772","Geita",1.90011469802601,-1.07844261600375
"1773","Gejiu",0.0105125771221317,0.391394019061453
"1774","Gelendzhik",-1.42067324914709,1.05229099710515
"1775","Gemena",3.43471955003858,0.654133403090604
"1776","Geneina",1.55165727190206,-4.04888920003493
"1777","General Conesa",-1.51999414119234,-0.889830437519121
"1778","General Guemes",0.649213126813516,-1.02503282889665
"1779","General Pico",-0.666874168542302,-0.160340506156578
"1780","General Roca",-1.66898491762407,-1.39354065947113
"1781","General Santos",3.53622753445372,0.545930525909376
"1782","Geneva",-1.40112815944286,2.35136590530869
"1783","Genoa",-0.516162896864743,0.937350644174431
"1784","Gent",-1.35750837152,2.02124785045504
"1785","George",-0.232261705576085,0.00578715132108246
"1786","George Town2",5.8019869647458,3.41421668665134
"1787","Georgetown1",4.78622682820778,2.59896168019294
"1788","Georgetown2",2.10791916442489,-2.61042948297578
"1789","Georgievsk",-2.5151606292833,-0.16386952146843
"1790","Gera",-2.34806876793336,1.24614465110089
"1791","Geraldton1",0.634177275041225,-1.54967595722169
"1792","Geraldton2",-4.89822418168005,1.96835387295512
"1793","Ghadamis",-0.904997796673372,-3.95127495010867
"1794","Ghanzi",-0.150302148454443,-2.75822048044752
"1795","Ghardaia",-1.09790355255509,-3.51646695855848
"1796","Gharyan",-1.03400733321944,-2.18794359924684
"1797","Ghat",-0.865515420974543,-4.34325727771088
"1798","Ghaziabad",0.962216873826372,-3.4939665111631
"1799","Ghazni",-3.45882167660641,-2.2392103087163
"1800","Gibraltar",0.259067406503602,-1.1237434555773
"1801","Giessen",-2.03625093085044,1.64302804888824
"1802","Gifu",0.512388202985903,2.08268660639806
"1803","Gijon",-0.0128093887821775,1.45859654164335
"1804","Gila Bend",0.178947921170355,-4.24598910968238
"1805","Gilgit",-3.70935935141187,-0.93965302258671
"1806","Gillette",-3.58669815443484,-1.08047261899798
"1807","Gimbi",2.32912082525484,0.427142508766999
"1808","Gimli",-4.84620455891187,0.713417578094358
"1809","Gingin",0.389817709553714,-1.08864061370172
"1810","Gingoog",4.42848948910466,1.72987398008816
"1811","Girardot",3.74415901246485,0.295278854439134
"1812","Gisborne",0.777937359328728,3.28172225015173
"1813","Gitarama",1.89839688723294,0.0673867141268558
"1814","Gitega",1.67991385904327,-0.390640771917373
"1815","Giyon",1.35259125488439,-0.135946512016185
"1816","Gjovik",-3.11495446576389,1.79893303755116
"1817","Gladstone",1.77746241558267,0.241611873513163
"1818","Glasgow1",-3.9897633233814,-0.967770482549032
"1819","Glasgow2",-0.880368278649248,3.67913649741161
"1820","Glazov",-4.18931874051402,1.49096987787355
"1821","Glendale",-0.0666637138389534,-3.87732158579633
"1822","Glendive",-3.80135314114993,-1.10685429556962
"1823","Glenwood Springs",-3.41561827594191,-0.904851721807402
"1824","Gliwice",-2.19061590405209,1.50536337472191
"1825","Goba",0.202654367522856,0.260352811922673
"1826","Gogrial",2.99559469850123,-2.35243413799146
"1827","Goiana",4.01389078227624,0.711683474233518
"1828","Goianesia",2.76514187873384,-1.20026803404293
"1829","Goiania",2.66844463033966,-0.8803726638295
"1830","Gold Coast",2.02074430822649,1.88370867390877
"1831","Goldsboro",0.203336396350688,1.68154109787072
"1832","Golela",0.655880896196653,-1.48164086431958
"1833","Golmud",-4.74897546302764,-1.89769886070035
"1834","Golyshmanovo",-4.86706234949411,0.692308828720578
"1835","Goma",1.6437297243611,0.802661997274319
"1836","Gombe",2.02144862089054,-3.22711076889983
"1837","Gomez Palacio",-0.0306421095605588,-3.49925946374899
"1838","Gonaives",3.00508724626094,0.190976626921532
"1839","Gonbad-e Kavus",-0.891874556618178,-2.25061081940548
"1840","Gonder",1.23385116259689,-0.972612646006745
"1841","Goodland",-2.70712884644824,-1.46839284137005
"1842","Goondiwindi",0.0592178945070629,-0.855687685306135
"1843","Gorakhpur",2.08147408652018,-2.0523354502248
"1844","Gorgan",-0.841738936155246,-2.00634312424444
"1845","Gorno Altaysk",-4.2677172424358,0.725126146036171
"1846","Gornyak",-4.62432383677931,0.442450832377318
"1847","Goroka",3.36784281298644,3.7729104365995
"1848","Gorontalo",4.0494044893354,1.62164710145307
"1849","Gorzow Wielkopolski",-2.34389163378039,1.23149716988437
"1850","Goteborg",-2.27719296492604,2.65090939486222
"1851","Gottingen",-2.12293420772028,1.71826065942025
"1852","Goulburn",-1.25803323014078,0.951728407678473
"1853","Goulimine",-0.298915983266582,-2.60458265426627
"1854","Goundam",1.32184715246005,-4.96186174327433
"1855","Goure",1.32845617108897,-4.54288929642758
"1856","Governador Valadares",2.50255526590735,-1.2754968215122
"1857","Goya",0.700894653994644,0.0864321088418915
"1858","Goycay",-1.94377921789698,-0.771963817977475
"1859","Graaff Reinet",-0.880843199742973,-1.89292280897098
"1860","Grafton",0.881180379782925,0.600372882427056
"1861","Grahamstown",-0.259678084979649,0.297862860129906
"1862","Granada1",3.57387536384624,-1.62123861439855
"1863","Granada2",-1.38213001672491,-1.74297673158229
"1864","Grand Bassam",5.22442728054033,1.27701860667725
"1865","Grand Canyon",-2.61145536672081,-1.44409658283417
"1866","Grand Forks",-4.2778862365734,0.169555998681362
"1867","Grand Island",-2.80817896509124,-0.685691190910522
"1868","Grand Junction",-3.3441690196046,-1.48887361143287
"1869","Grand Prairie1",-0.172532895611298,-0.334517708643645
"1870","Grand Prairie2",-3.92260009035508,0.908997297349266
"1871","Grand Rapids",-2.63718305609943,1.57058734217885
"1872","Granja",4.26121394009362,-1.87344523099259
"1873","Grants Pass",-1.03482363104075,-0.735874891567416
"1874","Graz",-1.95897621338831,1.0837744719665
"1875","Great Falls",-3.31885170989375,-0.725925055226245
"1876","Greeley",-3.10509822595516,-1.60734237724924
"1877","Green Bay",-3.04230004781988,1.0101924117629
"1878","Green River",-4.28952279467372,-1.10400126412263
"1879","Greeneville",0.113506682394361,1.74036095385494
"1880","Greenock",-0.537151906945144,4.40371756532683
"1881","Greensboro",-0.572332409756827,1.58430029641111
"1882","Greenville1",-0.0237795963229584,1.20891125035764
"1883","Greenville2",-0.461923887520673,2.35264198476266
"1884","Greenville3",5.61665130106409,2.85017914323423
"1885","Grenoble",-1.09774004633096,1.71428392748562
"1886","Griffith",-0.913353489395586,-0.751535319759737
"1887","Groningen",-1.72530015123074,2.43226141506406
"1888","Grootfontein",-0.0145547636438705,-2.67033383407063
"1889","Groznyy",-2.30466749511912,-0.468477414644652
"1890","Grudziadz",-2.51098966802881,0.968603412597794
"1891","Gryazi",-3.43868837851102,1.01932845871426
"1892","Guadalajara1",1.02838025531497,-2.30546406179485
"1893","Guadalajara2",-1.60909787943751,-1.29219403548039
"1894","Guaira",2.38185986629399,1.71856210483219
"1895","Guajara-Miram",3.29717979756562,-0.406830542148782
"1896","Gualeguay",0.219404862068177,0.768528212654851
"1897","Gualeguaychu",0.260867496181906,0.986290129498961
"1898","Guamuchil",1.80927945306292,-2.32232948748694
"1899","Guanajuato",-0.169352152368484,-2.00003337490125
"1900","Guanambi",2.1113576717458,-2.23901248125232
"1901","Guanare",4.35549137318376,0.021532070536423
"1902","Guangshui",-0.695840983191258,-0.231665457752311
"1903","Guangyuan",-0.598209544359383,-0.731472922034662
"1904","Guangzhou",2.11934271575069,0.507501874564334
"1905","Guanhaes",2.22023201338958,-0.41328289611403
"1906","Guantanamo",2.97042762345134,-0.109979496384113
"1907","Guaranda",0.0829556117966996,0.88455624625147
"1908","Guarapuava",1.34618168638988,3.13495466343826
"1909","Guaratingueta",2.18997300787883,0.328534827818522
"1910","Guasave",1.48744571977964,-2.5256579573134
"1911","Guasdualito",4.24762536578199,-0.147587391817356
"1912","Guatemala",1.60670977983281,-0.510853553126069
"1913","Guaxupe",1.87813579821157,-0.039035610464181
"1914","Guayaquil",3.48800484685238,-1.01763486290846
"1915","Guaynas",0.943929699541189,-2.6235394494205
"1916","Gubakha",-4.50871785403388,1.86720849613601
"1917","Gubkin",-3.29456653174779,0.975312217107614
"1918","Guide",-3.91284311504633,-1.36299042990402
"1919","Guider",2.34029895036888,-3.29799412255786
"1920","Guiglo",3.41081678818773,-0.256716418276843
"1921","Guilin",1.51327095299815,1.25975698433507
"1922","Guines",3.00330464705023,0.551049993623081
"1923","Guiyang",-0.503930120007199,0.325354363216628
"1924","Gujranwala",0.814988337460511,-3.18424694069587
"1925","Gujrat",0.883061620723446,-2.74715030452504
"1926","Gulbarga",2.13378671399096,-3.362378214427
"1927","Gulfport",1.49347301632345,2.28610968126505
"1928","Guliston",-1.65002236131913,-2.48214556365519
"1929","Gulu",2.72910389334289,-0.330044382284269
"1930","Gunnedah",-0.246193039585421,-0.258469846639704
"1931","Gunnison",-3.73945192997388,-0.606645172070282
"1932","Gunsan",-0.427089168781581,1.17665136076503
"1933","Guntur",2.56237805908128,-2.60291991112138
"1934","Gurgaon",0.78068203194779,-3.75769202171296
"1935","Gurupi",3.68839335293674,-1.17860104088785
"1936","Guryevsk",-4.85378705205795,0.682538890715577
"1937","Gusau",2.44674847382524,-3.18368616486825
"1938","Gusinoozyorsk",-5.4990628091278,-0.318860567566554
"1939","Guwahati",3.29282392398304,0.170358756448671
"1940","Guymon",-2.08822609007194,-1.87568980241833
"1941","Gwadar",1.09030663442651,-3.44384150382062
"1942","Gwalior",1.69601622086586,-3.67833442483273
"1943","Gwanda",-0.0385376402938742,-2.43022226550765
"1944","Gwangju",-0.272324940166546,1.1982723827233
"1945","Gweru",0.0317528891770169,-1.89342640447664
"1946","Gyeongju",-0.860512928540681,0.47370277195799
"1947","Gympie",1.39304177541095,0.312467160250207
"1948","Gyor",-2.19972639065708,0.610051413596228
"1949","Gyumri",-3.48847538113662,0.381561906720693
"1950","Gyzlarbat",-1.98070933260509,-2.65835113496047
"1951","Ha Giang",2.94661666926372,0.89284282242127
"1952","Ha Tinh",4.45960994025645,1.5346817021157
"1953","Haarlem",-1.58316912153622,2.41792686299895
"1954","Hachinohe",-1.14665575609812,2.59303907060679
"1955","Hachioji",-0.242473798093526,1.20917432947967
"1956","Hadiboh",2.06591281597595,-2.15072408402256
"1957","Haeju",-0.724565217945854,0.879740897420868
"1958","Hafar al Batin",-0.492327805140881,-4.64553443449686
"1959","Hagere Hiywet",1.37866343913056,-0.24500459077555
"1960","Hagerstown",-1.61863441836252,1.60286521546057
"1961","Haifa",0.529092980883076,-1.44324513902593
"1962","Haikou",2.60412182286921,0.414592432792631
"1963","Hail",-0.821863420375432,-4.20923055192424
"1964","Hailar",-5.96643498889345,-0.228505881925863
"1965","Hailun",-5.00814517983244,0.0105974895016151
"1966","Haiphong",2.76618920202255,0.448036779774604
"1967","Hajjah",0.586938221481451,-3.30063379754103
"1968","Hakkari",-2.59946226552412,-1.23402179580568
"1969","Hakodate",-1.31688104531163,2.91955611819249
"1970","Halacho",2.85195190907397,-1.25204026482223
"1971","Haldia",2.57635161236927,-1.31971093666197
"1972","Halifax",-1.82203734620462,4.38064279149395
"1973","Halmstad",-2.08643449117031,2.34306512768457
"1974","Hamadan",-3.0316274374417,-2.46830447566086
"1975","Hamah",-0.855699038529584,-2.63281750767641
"1976","Hamamatsu",0.634285509504639,2.31951807905705
"1977","Hamburg",-1.84353302961253,2.01541086757506
"1978","Hamhung",-1.99428449974303,0.335732281933039
"1979","Hami",-4.07996947769661,-2.50888448952133
"1980","Hamilton2",-2.63865161258499,1.81203200663488
"1981","Hamilton3",0.491581571603354,3.19758082395796
"1982","Hamilton4",-0.830120478305382,0.741618684669337
"1983","Hammerfest",-3.00988976284262,3.74418598272089
"1984","Hampton",-0.22780966144816,2.1423179823979
"1985","Hancheng",-2.00261416037885,-1.36345839263537
"1986","Hancock",-3.24417795652641,2.80951501790715
"1987","Handan",-1.71136091472748,-1.46767461279936
"1988","Hanggin Houqi",-4.18541234161397,-2.42289718284085
"1989","Hangu",-1.77618671779331,-0.742325811338766
"1990","Hangzhou",-0.206213540596752,0.578828381268671
"1991","Hania",0.291004365987133,-0.138829860495601
"1992","Hannover",-1.97470134934908,1.78438115934709
"1993","Hanoi",2.75105063596967,0.345317246026412
"1994","Hanzhong",-1.01324054496256,-0.681161838651049
"1995","Haora",2.39340968024528,-1.47056893340505
"1996","Happy Valley",-4.32228709496888,3.30519905442197
"1997","Hapur",1.20012676788327,-3.19156409012262
"1998","Harar",0.776252442651516,-1.05620235403749
"1999","Harare",0.2630687221304,-1.77314083067474
"2000","Harbin",-4.50933004839991,-0.217831404618525
"2001","Hardin",-3.27207025883441,-1.3433032788671
"2002","Hargeysa",0.797075030452517,-2.45171903725166
"2003","Harlingen",1.06421197711764,-1.14843555529678
"2004","Harper",5.07107696282757,2.61669662220423
"2005","Harrisburg",-1.5250667991897,1.84910972676359
"2006","Harrisonburg",-1.52531082372613,1.59876272036467
"2007","Harstad",-2.83710449879799,3.07225045189621
"2008","Hartford",-1.90694094689289,2.80404783775352
"2009","Hassi Messaoud",-0.827758694346031,-3.99857249543311
"2010","Hastings",-0.114598105554846,2.3522445345008
"2011","Hat Yai",5.05317454038225,1.06575588909333
"2012","Hatay",0.00583150877069328,-1.24233648216698
"2013","Hathras",1.17979382220077,-3.55591401967414
"2014","Hattiesburg",0.50271422958036,1.89727210533132
"2015","Haugesund",-0.582875285662134,4.74636366525854
"2016","Havana",2.9431293639611,1.04558657859203
"2017","Havre",-3.73150396667237,-0.848068908586375
"2018","Hays",-2.35019270704007,-1.23271847065686
"2019","Hearst",-4.73883320765852,2.21981199942806
"2020","Hebi",-1.62323561488136,-1.41231754208892
"2021","Hechi",1.68311696338513,0.45413568510855
"2022","Hefei",-0.750534522327427,0.0366974783951486
"2023","Hegang",-4.69464939558638,0.20154490962304
"2024","Heidelberg",-1.7350260350985,1.69848774012003
"2025","Heihe",-5.46817427754537,0.152664092278269
"2026","Helena",-3.50812335874285,-0.718045014445242
"2027","Helong",-4.10586511162855,-0.0800664802420923
"2028","Helsingborg",-2.2316952620412,2.15440218759182
"2029","Helsinki",-3.11692053894225,2.23128943294478
"2030","Hengshui",-1.89606763671591,-1.58867799717399
"2031","Hengyang",0.32014319580693,0.831236003081825
"2032","Herat",-1.7260198890165,-3.30162216312593
"2033","Hereford",-1.98882396578531,-1.73593714222566
"2034","Hermanus",0.0712062033659749,0.490746912804131
"2035","Hermosillo",0.731409986852461,-3.72845790368304
"2036","Hervey Bay",1.92119449906095,0.841931893065531
"2037","Hetauda",2.21409901897793,-0.460739084355962
"2038","Heyuan",2.18205576510879,0.581378166481817
"2039","Heze",-1.50591745099134,-1.11710602270437
"2040","Hickory",-0.822525838823805,2.30160917680314
"2041","Hidalgo del Parral",-0.763555158479732,-2.79455727972191
"2042","Hilo",5.53832022143287,6.59991050947024
"2043","Hims",-0.949533968446515,-2.46218813901845
"2044","Hindupur",1.75715885389965,-2.8822567158994
"2045","Hinthada",4.07815001862671,-1.15674872161651
"2046","Hinton",-3.87042226445106,0.89797732612155
"2047","Hios",-0.217471726225638,-0.613323296290304
"2048","Hirosaki",-1.0961872157024,2.69308391614613
"2049","Hiroshima",0.415752347527678,1.35415679618649
"2050","Hisar",0.31152131089377,-3.81872691892276
"2051","Ho",3.36821131466392,-0.246201467119201
"2052","Ho Chi Minh City",3.69538771008113,-1.12424655673284
"2053","Hoa Binh",2.40461740167662,-0.187235972215596
"2054","Hobart",-0.941736369504279,1.81816048445834
"2055","Hobbs",-1.73096132476941,-2.0540078676175
"2056","Hof",-2.46375392218296,1.89498668119695
"2057","Hohhot",-4.02937504900364,-1.35118269387143
"2058","Hokitika",2.61448674106956,8.6561884828109
"2059","Holguin",2.63179624320041,-0.0989819615057861
"2060","Homer",-2.58002304526744,2.81020630498046
"2061","Homestead",2.82226616392008,1.00233182561388
"2062","Homyel",-3.01389500668462,1.31421434170002
"2063","Hon Quan",4.23529527785327,-0.611995815967044
"2064","Honda",4.55893047563383,1.4320756781818
"2065","Hong Gai",3.26298905146805,1.05391385137013
"2066","Hong Kong",2.20048066105836,0.562904333748815
"2067","Honiara",5.56942024738318,3.95645358711583
"2068","Honolulu",1.93106149429603,0.585927022400209
"2069","Hoonah",-0.360251725754434,5.66385420304994
"2070","Hooper Bay",-3.99055905495599,3.24963462788874
"2071","Hopedale",-4.41582230776947,4.02357295629652
"2072","Hopkinsville",-0.960305596068096,1.84348969827224
"2073","Horlivka",-2.82998118362874,0.668188247772964
"2074","Horqueta",2.21216860813978,0.344561628200023
"2075","Horsham",-1.17329524662861,-0.261239539481512
"2076","Hosaina",1.23041742590872,0.327696217650158
"2077","Hoshiarpur",1.28482643725701,-2.52413664134809
"2078","Hoskins",7.88249540489623,5.44213513025607
"2079","Hospet",1.96328950865025,-3.16557989531136
"2080","Hot Springs",0.0169874285867123,1.52473092925618
"2081","Hotan",-3.26233576805671,-2.40396770959777
"2082","Houlton",-3.68617710496215,3.01864262609604
"2083","Houma1",1.87932623524605,2.75473024774941
"2084","Houma2",-2.23706936322162,-1.38059121971771
"2085","Houston",0.765368672095242,1.09688238100659
"2086","Hrodna",-2.86039572220629,1.38268578324514
"2087","Hsinchu",2.20264023859091,1.89087074690198
"2088","Hua Hin",3.23289551330229,-1.2542464391244
"2089","Huacho",1.20211845666203,-2.00321491014927
"2090","Huaibei",-0.989176421787312,-0.431307261726435
"2091","Huainan",-1.01426782674529,-0.407086713060851
"2092","Huaiyin",-0.670057010589073,0.141435504774211
"2093","Huajuapan de Leon",0.478535307966602,-2.02525896848942
"2094","Hualien",3.18961421281244,2.88935777058044
"2095","Huamachuco",-0.589498840177049,0.259668274973784
"2096","Huambo",0.928998656907999,-1.13160185132488
"2097","Huancavelica",-1.68928826149684,0.530474466572799
"2098","Huancayo",-1.07048636130151,0.24934558825021
"2099","Huangshi",-0.015315818743834,0.37302594586987
"2100","Huangyan",0.837818330041743,1.49029411873154
"2101","Huanren",-3.05246322712779,0.180832771293448
"2102","Huanta",-0.601346311915111,-0.175945348714702
"2103","Huanuco",0.327446550051094,-0.237222297063606
"2104","Huaraz",-0.867263876052815,-0.231384887763794
"2105","Huarmey",1.68949178503306,-2.2236985448056
"2106","Huasco",-0.0349896852198418,-2.07417864579727
"2107","Huatabampo",1.10950338615677,-2.48667731265233
"2108","Huaura",1.25442203737068,-2.15220723930461
"2109","Hubli",1.93113624087672,-2.23779736299625
"2110","Hudson Bay",-4.94930975132253,0.909059139591239
"2111","Hue",5.44721236505474,1.65485783424002
"2112","Huehuetenango",1.10231856556166,0.416211517519427
"2113","Huelva",-0.0058668798485884,-1.34112760047279
"2114","Hughenden",1.07280815328677,-2.74526436175662
"2115","Huinan",-3.77364158381998,0.139874073277898
"2116","Huize",-1.29398358377252,-0.315008895001431
"2117","Huizhou",2.24464414846511,0.551865344696731
"2118","Hulan Ergi",-4.67932446425397,-0.541390478490691
"2119","Hulin",-4.54904208647385,0.264477879187342
"2120","Hun",-0.519781608780713,-3.74311359523658
"2121","Hunanghua",-1.80533404288603,-1.17744415772323
"2122","Hungnam",-1.88939467289231,0.464363848220463
"2123","Huntington",-0.99337079475208,1.24636434075869
"2124","Huntsville1",0.557046975329641,0.648701318040766
"2125","Huntsville2",-0.348556629041649,2.06112795686583
"2126","Hurghada",0.40919964089732,-4.33676530252993
"2127","Hutchinson",-2.06933665740088,-0.765270798965445
"2128","Huzhou",-0.294848353907576,0.488812694235831
"2129","Hwange",0.648525178257719,-3.02093931699919
"2130","Hyderabad1",0.6444489208696,-4.61913746906588
"2131","Hyderabad2",1.92858861420182,-3.13435324917765
"2132","Hyeson",-4.11871106068968,0.364504032565342
"2133","I-n-Amenas",-0.960485173985393,-3.97128204727077
"2134","I-n-Salah",-0.362739742609881,-5.13580966787962
"2135","Iasi",-2.39401071804433,0.246846312759598
"2136","Ibadan",3.06555233278973,-0.939678096100257
"2137","Ibague",3.32225063879907,2.00275424007808
"2138","Ibarra",0.514434616705263,0.926617386379108
"2139","Ibb",0.230990605568441,-1.89717289076116
"2140","Ica",1.14347322359152,-3.18366330883404
"2141","Icel",-0.083073054901796,-1.77551186321322
"2142","Ico",3.29213411609026,-3.02180851613499
"2143","Idah",3.71109901449067,-1.09094901758023
"2144","Idaho Falls",-3.04842712721465,-1.07675812331153
"2145","Idlib",-0.736943026889409,-1.83768901720794
"2146","Ifakara",3.12780079841989,-1.01110925176155
"2147","Ife",3.13759687990883,-0.66301369428779
"2148","Igarka",-6.75412573969583,2.57432114382623
"2149","Iguala",1.97932735075462,-3.02955473826736
"2150","Iguape",3.29692095705058,3.08851990837574
"2151","Iguatu",3.16878928978248,-2.80928792009091
"2152","Ihosy",1.32911994933017,-1.23775819005607
"2153","Ijebu Ode",3.84531022436925,-0.284353523522541
"2154","Ijui",1.99453682321252,3.44513237978153
"2155","Ikare",2.9047429027281,-1.03786927241358
"2156","Ikela",4.31755717205317,3.61738760804022
"2157","Iksan",-0.370759300403109,1.03877796124161
"2158","Ilam",-1.90389681936303,-2.98279971383193
"2159","Ilebo",3.26843175154588,0.533552513456606
"2160","Ilheus",3.79446573403405,3.37334290953981
"2161","Iligan",4.34374969442132,1.23843081262759
"2162","Illapel",-0.742270425745265,-2.32874146262895
"2163","Illichivsk",-2.23236273492123,0.442381817187753
"2164","Illizi",-0.609909421708299,-4.27662405614376
"2165","Ilo",0.933279765791622,-2.56007489720156
"2166","Iloilo",4.70858724136363,0.986438732779308
"2167","Ilorin",2.84415254328154,-1.36751863733189
"2168","Imbituba",2.45895918302401,2.97509554540148
"2169","Imperatriz",4.004313554908,-0.895918823699412
"2170","Imphal",2.51356571520527,0.963745971315052
"2171","Incheon",-0.532713855490576,1.04131151172901
"2172","Independence",-1.75693318555108,0.3395779656007
"2173","Indianapolis",-1.88016200457368,1.40649011473397
"2174","Indore",1.97588456055747,-3.37410929804574
"2175","Indramayu",5.84323489911742,1.66623682127018
"2176","Ingeniero Guillermo N. Juarez",1.21621179380071,-1.78314882410341
"2177","Ingham",3.94373203427487,0.881554769485463
"2178","Ingolstadt",-2.01733719492473,1.44158531925156
"2179","Inhambane",2.11966894036741,-0.128478500366308
"2180","Inhumas",2.61051012092699,-0.930954721109998
"2181","Innisfail",6.44421535380826,5.35908920587996
"2182","Innsbruck",-2.18311424285507,1.23790146802021
"2183","Inongo",4.0015390796271,1.41468880058509
"2184","Inowroclaw",-2.48464417770528,0.982900081495968
"2185","Inta",-5.67712044630117,2.49214541300499
"2186","International Falls",-4.26526063102617,0.85823424470115
"2187","Invercargill",-0.548271244006633,3.84650134310291
"2188","Inverell",-0.442256909942761,0.0702058720548222
"2189","Inverness",-1.66279909965601,2.81563209550349
"2190","Ioanina",-0.872066716358755,-0.11916469136272
"2191","Iowa City",-2.51636418888369,0.599414118543892
"2192","Ipatinga",2.6350545159171,-0.921029136738779
"2193","Ipiales",0.197142881000083,2.54066868027074
"2194","Ipoh",5.27356424080113,3.60921690079705
"2195","Ipora",2.74916036600736,-1.1480064097078
"2196","Ipswich",-1.80770018679707,2.1858930110639
"2197","Ipu",3.92976212835935,-2.02981339059429
"2198","Iquique",0.577685764228612,-2.87166402829729
"2199","Iquitos",5.56133574451271,5.64146194816834
"2200","Iracoubo",5.3706702065285,2.21622233584785
"2201","Iraklio",0.220080212926619,-0.233714781567962
"2202","Irati",1.41026763864442,2.60992130698641
"2203","Irbid",-0.919970324620618,-2.44358968862739
"2204","Irbil",-1.07082178224895,-3.59487298296028
"2205","Irece",1.68358675698884,-2.18243685302864
"2206","Iringa",0.34005490406687,-1.83134135578469
"2207","Irkutsk",-5.05044498637835,0.340592616391412
"2208","Iron Mountain",-3.49958155188615,1.20386998473957
"2209","Ironwood",-3.39756209502581,2.2176375459811
"2210","Irvine",-0.259973122812796,-2.34723516663451
"2211","Isafjordur",-2.44966527066391,4.08380253020359
"2212","Iseyin",2.89329249800948,-1.07865873452146
"2213","Isfahan",-2.51755277502505,-3.31974702314702
"2214","Ishim",-4.86045370472333,0.574227840608884
"2215","Isikul",-4.89156642507319,0.442410859077744
"2216","Isiro",3.4454495456646,1.74048398905699
"2217","Iskandar",-1.95418494959543,-1.67283330075212
"2218","Iskenderun",-0.259864559460213,-1.47673290309149
"2219","Iskitim",-4.93857783820964,0.722662561469379
"2220","Islamabad",0.628795518133926,-1.31480096431255
"2221","Ismailia",-0.369422889960664,-3.31446800646599
"2222","Isna",0.389621666132779,-6.80802061724997
"2223","Isparta",-2.03841263409901,-1.12447274244224
"2224","Istanbul",-0.944004888190327,0.551475234983315
"2225","Ita",1.74283519117875,0.834705638681577
"2226","Itaberaba",2.00602833524373,-1.01511310649167
"2227","Itaberai",2.87994800273139,-1.04725226449437
"2228","Itabuna",3.18825420881911,2.14400827680857
"2229","Itacoatiara",5.23153108479907,2.30168370792153
"2230","Itaituba",5.04588887875504,2.2853160763133
"2231","Itajai",2.52183888152348,2.5463856736716
"2232","Itamaraju",2.62128874122251,0.981483415620045
"2233","Itambe",1.7639548622584,-0.971615189862161
"2234","Itanhaem",3.7196505876601,3.28383632543355
"2235","Itapecuru Mirim",4.74083593405758,-0.135671336140026
"2236","Itapetinga",1.95230573469007,-0.413833174771145
"2237","Itapetininga",1.58360706626812,0.776122840881293
"2238","Itapeva",1.5219721883654,1.20002501019972
"2239","Itapipoca",3.87950311485356,-1.82319846953572
"2240","Itauna",2.17176792841061,-0.364274978969696
"2241","Ithaca",-2.43573061949837,1.50907951249498
"2242","Itigi",1.08735952915469,-2.53792403378646
"2243","Itu",1.76493173679429,0.202239372986895
"2244","Ituiutaba",2.68502957830137,-0.826582412973776
"2245","Itumbiara",2.55552891096103,-1.26819106144335
"2246","Iturama",2.54406126775443,-0.603004245989892
"2247","Ivano-Frankivsk",-2.49842680303256,1.05851083195369
"2248","Ivanovo",-3.63861933430782,1.47766697974932
"2249","Ivdel",-4.87888638534447,1.12583428453285
"2250","Iwaki",-0.305228297653698,1.63615715753871
"2251","Iwo",2.96819400159918,-0.993204410258374
"2252","Izamal",2.66226079088982,-1.03758259226908
"2253","Izaz",-1.31858307270781,-2.19478133783489
"2254","Izhevsk",-4.23076763693871,1.21541440164496
"2255","Izmayil",-2.35857609853104,0.295243949883428
"2256","Izmir",-0.411043091492182,-1.34009871727555
"2257","Jabalpur",2.6762932359286,-3.11602489458245
"2258","Jaboatao",4.24164783502557,1.09273264246392
"2259","Jaboticabal",2.50076503006422,0.11649468703544
"2260","Jacarezinho",2.14809452696796,0.799887342372102
"2261","Jackson1",0.2179757206465,1.55094970024959
"2262","Jackson2",-0.674378726997991,1.8874991432707
"2263","Jacksonville1",1.27085988553876,1.1175712907872
"2264","Jacksonville2",0.875442866973531,2.26633754464665
"2265","Jaen",2.01097225325331,-0.580896207635717
"2266","Jaffna",4.1310740292707,-0.642289775101705
"2267","Jaguaquara",1.50521895977848,0.0914273546255725
"2268","Jaguarao",0.686590873593837,2.09351715738655
"2269","JaÌ©n",-1.16164942843805,-1.97510640067289
"2270","Jaipur",0.788983486797926,-3.84987816314159
"2271","Jakarta",5.78012648450013,3.02437996133474
"2272","Jalal Abad",-1.98702449627483,-1.34248437205895
"2273","Jalalabad",-1.50431568781512,-2.45665577898769
"2274","Jalingo",2.84359691879598,-2.4150918505936
"2275","Jaltipan",4.47871751371784,1.09461544626567
"2276","Jamaame",2.62823611886207,-2.19798242560509
"2277","Jamalpur",3.60579023828724,0.443115423385819
"2278","Jambi",5.31210657503603,3.34027002087469
"2279","Jamestown1",-2.40078696518719,2.15381901333895
"2280","Jamestown2",-4.12476669006598,-0.226148072509352
"2281","Jammu",1.30542285640699,-2.32837119053088
"2282","Jamshedpur",2.26512926054005,-2.32491627152293
"2283","Janauba",2.04291756161215,-2.05383871503174
"2284","Janesville",-2.8296750132636,0.671314576154362
"2285","Januaria",2.44474718143461,-2.11868379244115
"2286","Jaque",5.78350038164259,2.14785690001734
"2287","Jaragua do Sul",2.58428739492323,2.61776685321959
"2288","Jardim",2.39264615287941,0.184318014438281
"2289","Jasper",-4.27805714973981,0.702392297916576
"2290","Jatai",2.3319905380959,-0.777428407560724
"2291","Jau",2.0847031643227,0.00742882542634465
"2292","Jawhar",2.4914863984663,-2.82300468997657
"2293","Jayapura",5.04135486146643,3.50438492851383
"2294","Jeddah",1.75573735298618,-4.02630810032688
"2295","Jefferson City",-1.68305063044088,0.718405813913763
"2296","Jeju",0.484035990083844,2.58910681363403
"2297","Jelgava",-2.80465023123542,1.51987134776002
"2298","Jember",4.32931341017377,0.817120005534373
"2299","Jena",-2.3670759859645,1.10888119793738
"2300","Jeonju",-0.572249888039975,0.91143308135813
"2301","Jequie",1.95503296846002,-0.539336593135812
"2302","Jerusalem",-0.726784233623448,-1.89276040593429
"2303","Jessore",2.32725220581657,-1.19212428710399
"2304","Jhang",0.218912749350675,-4.11536326821563
"2305","Jhansi",1.81011992780016,-3.63231895987518
"2306","Ji-Parana",3.36135367085287,-0.672300191579235
"2307","Jiamusi",-4.69449175741275,-0.06569265357578
"2308","Jian",0.538048191830488,0.458280412250838
"2309","Jiangmen",2.27092838920652,0.640905708701755
"2310","Jiaohe",-3.89512879242797,0.180952836769645
"2311","Jiaojing",0.671788170603393,1.70148210146551
"2312","Jiaozuo",-1.6197099907541,-1.32375528567301
"2313","Jiaxing",-0.276166216225846,0.642013005521174
"2314","Jiayuguan",-4.33636164191833,-1.83635217953279
"2315","Jieshou",-0.875918575666084,-0.315158665621503
"2316","Jiexiu",-2.73626024690098,-1.27496394390806
"2317","Jihlava",-2.61805503854269,1.14326094250142
"2318","Jijiga",0.758702060703496,-1.5893213075098
"2319","Jilin",-3.94747729453726,-0.0194966340090645
"2320","Jima",2.16432689571392,1.20636450137907
"2321","Jinan",-1.61992459248548,-1.05739502872258
"2322","Jinchang",-4.02102045562789,-1.96392550607801
"2323","Jincheng",-2.3969964763399,-0.792007764632323
"2324","Jingdezhen",0.649266601823572,0.841412432066642
"2325","Jingmen",-0.513207438938745,-0.197169885705338
"2326","Jinhua",0.448144216154685,0.517653356028579
"2327","Jining1",-4.57627276527868,-1.012098833934
"2328","Jining2",-1.39076181649686,-0.912900931499795
"2329","Jinja",2.90399341493511,2.10263695624573
"2330","Jinshi",-0.209571543003705,0.24153130726446
"2331","Jinxi",-2.39001014996442,-0.358117043027366
"2332","Jinzhou",-2.67127951098798,-0.679372905118081
"2333","Jipijapa",2.01130691834954,-0.767395336350998
"2334","Jiujiang",0.258238865940299,1.01505247284587
"2335","Jiutai",-4.07198831195227,-0.133545666633332
"2336","Jixi",-4.42545024063656,0.0616295257263942
"2337","Jizan",2.07402057792822,-3.42971999173799
"2338","Jizzax",-1.69385909958335,-2.31653092745745
"2339","Joacaba",1.67003369072998,3.24124449867924
"2340","Joao Pessoa",4.2045340600605,0.846232791915008
"2341","Jodhpur",0.781134145148876,-4.35918241849494
"2342","Johannesburg",-0.91326857235297,-1.33236385176513
"2343","John Day",-3.00130028281363,-0.84527524410672
"2344","Johnson City",-0.947461152941355,1.2286773317421
"2345","Johnstown",-1.9341269431586,2.29849579432087
"2346","Johor Bahru",5.52558252689599,4.68709738656563
"2347","Joinville",3.25303200076032,3.4113312033611
"2348","Joliet",-2.36621286309394,1.06581956902951
"2349","Joliette",-3.22940061127797,2.32314601770137
"2350","Jonesboro",-0.394741862996802,1.30966687399876
"2351","Jonkoping",-2.8101246344772,1.82423684597292
"2352","Joplin",-1.28025860425261,0.534017881586967
"2353","Jorhat",3.49466882124487,0.73903774544647
"2354","Jos",1.80732162461148,-1.32800005682459
"2355","Juan Aldama",-0.555007310469388,-2.64593109183605
"2356","Juan Jose Castelli",1.08887207775063,-0.972007053808668
"2357","Juanjui",3.34291420310936,0.699135372648698
"2358","Juarez",-0.890061767542446,0.875487250336433
"2359","Juazeiro",2.1388231474908,-2.90550205480802
"2360","Juazeiro do Norte",2.9979506238501,-2.51641461752808
"2361","Juba",2.70876962808215,-1.70224682299162
"2362","Juchitan",3.01029210276903,-1.98999284556117
"2363","Juifang",4.57234295087011,5.66399070207915
"2364","Juigalpa",3.20317248514612,-1.14260378140939
"2365","Juina",3.70783024092272,-0.0273974525245425
"2366","Juiz de Fora",2.15616892818332,0.070621079251795
"2367","Juliaca",-1.80225872851389,0.090614231008769
"2368","Jullundur",0.76598279735701,-3.04490688355632
"2369","Jundiai",1.70066105731301,0.650641958453688
"2370","Juneau",-1.48692476555778,4.58918027832537
"2371","Junin1",-0.204416981264492,0.427349198443834
"2372","Junin2",-1.61936756658286,1.37848811677003
"2373","Jutiapa",2.02287560640057,-1.21440679609289
"2374","Juticalpa",2.70780181687945,-0.718617640791361
"2375","Jyvaskyla",-3.63449984976438,1.83557867878324
"2376","Kaabong",1.32110063311056,-1.40632448202082
"2377","Kabale",1.3985169794935,0.269789443824748
"2378","Kabalo",2.40357036749206,-1.52851232272426
"2379","Kabinda",2.90602505616174,-0.108631799255774
"2380","Kabul",-2.71024445856005,-1.96329659725696
"2381","Kabwe",1.10644932611527,-1.9808355519639
"2382","Kachiry",-5.09327576090202,0.0278123204156683
"2383","Kadoma",0.652531184823708,-2.21765022578699
"2384","Kadugli",2.15326176308755,-3.14761995323499
"2385","Kaduna",2.92797114532266,-1.76792875178448
"2386","Kaedi",2.14427050204308,-4.96478917530601
"2387","Kaesong",-0.495396289171132,1.1033102686496
"2388","Kafue",0.643598313175853,-2.52857591417548
"2389","Kaga Bandoro",2.85999913375622,-1.80129038297718
"2390","Kagoshima",2.13069989861395,2.88569160281602
"2391","Kahama",2.10059245572201,-1.31761091054097
"2392","Kahramanmaras",-1.49240843687936,-2.15996821888335
"2393","Kaiapoi",-0.888190394054113,2.07771887150697
"2394","Kaifeng",-1.45627347725226,-1.06330627744902
"2395","Kailu",-3.83765472174788,-1.20703724065715
"2396","Kaka",-1.61451835637788,-3.01672842471841
"2397","Kakamega",2.78176890813803,1.59262803020233
"2398","Kakinada",3.05348919981498,-2.03503033490715
"2399","Kakonko",2.02927345343273,-1.12634107320567
"2400","Kaktovik",-6.93586192849337,2.38406205596014
"2401","Kalachinsk",-5.08179725069786,0.411690053791951
"2402","Kalamata",-0.0957045210786269,-1.193408814494
"2403","Kalamazoo",-2.57435361583814,1.35527456957894
"2404","Kalemie",2.45448550759149,-1.11301599075874
"2405","Kalgoorlie",-0.994563651335834,-1.54593110450026
"2406","Kalima",3.85982030252599,2.07538284972595
"2407","Kaliningrad",-2.20021381080109,2.01563026401326
"2408","Kalispell",-3.16512699498591,0.0841317806776319
"2409","Kalisz",-2.45302525476399,0.96753120531699
"2410","Kalmar",-2.40500387637313,2.03747333037521
"2411","Kaluga",-3.37696230351063,1.52599186838836
"2412","Kalyan",7.07605833525854,-0.297527302273244
"2413","Kambove",1.27807827131437,-1.63014757807106
"2414","Kamenka",-3.74959561233736,1.14001264642443
"2415","Kamenna Obi",-4.99441114801036,0.267967738632274
"2416","Kamensk Shakhtinskiy",-3.00940913154538,0.268070618776142
"2417","Kamensk Uralskiy",-4.32846816524571,0.803357036213518
"2418","Kamina",2.39372998246892,-0.779054429216048
"2419","Kamloops",-3.20910718155459,-0.229470246804309
"2420","Kampala",2.98250446357368,2.1261325658619
"2421","Kampene",2.92041815780108,0.155442426344282
"2422","Kampong Cham",3.42901292018408,-1.39512174363297
"2423","Kampot",4.28344178651746,0.231887852986699
"2424","Kamsar",6.9614447226658,1.07403324628303
"2425","Kamyanets-Podilskyy",-2.49251259698667,0.860330629667289
"2426","Kamyshin",-3.75890493751983,0.206535506218658
"2427","Kanab",-2.27714974958003,-1.8779882453836
"2428","Kananga",2.95266820997078,0.0129038263332676
"2429","Kanash",-3.94109777192631,1.00304382842165
"2430","Kanazawa",1.20313274879441,5.67851746926524
"2431","Kanchipuram",2.88726329179467,-2.05902164452301
"2432","Kandahar",-1.15886801401237,-4.41921797437404
"2433","Kandalaksha",-4.19138141932522,2.10834070327481
"2434","Kandi",2.66977444307417,-3.18174623472545
"2435","Kandy",4.29863584549703,2.01633822815418
"2436","Kanggye",-3.19852633506719,0.207822967421024
"2437","Kaniama",2.54604225862582,-0.899906715515394
"2438","Kankakee",-2.22888461394217,1.00065812383934
"2439","Kankan",3.54984813950942,-1.47492309319523
"2440","Kano",2.23297552039715,-3.27572026236962
"2441","Kanoya",2.31892942488782,2.95913906263843
"2442","Kanpur",1.69539822690414,-2.91283463863739
"2443","Kansas City1",-1.81905529360139,0.195234791457535
"2444","Kansas City2",-1.84345553235786,0.150594487402109
"2445","Kansk",-5.14908979355574,0.447593088833999
"2446","Kanyato",2.0213467178613,-0.62657296622047
"2447","Kanye",-0.65038508897705,-1.97577276553452
"2448","Kaohsiung",3.54457470916436,0.849581402283015
"2449","Kaolack",2.55462879839531,-3.75533049270736
"2450","Kaoma",0.921520910588999,-2.47206851815296
"2451","Kapan",-2.18977970590812,-0.895729200819087
"2452","Kapiri Mposhi",1.37161503249758,-1.60932791501173
"2453","Kapoeta",2.44107476000013,-2.03001023838278
"2454","Kaposvar",-2.07601143449411,0.929792400653821
"2455","Kapuskasing",-4.63493183418959,2.01410238468111
"2456","Kara Balta",-2.68330723791124,-0.913546835443162
"2457","Karabuk",-1.65399155408428,0.268206148227521
"2458","Karachi",1.39814020841817,-3.56551627188072
"2459","Karaj",-2.11372119709297,-2.3942609946446
"2460","Karakol",-4.11047214973403,0.305396466654775
"2461","Karaman",-2.38212622276138,-1.67491042827253
"2462","Karamay",-4.35273930763104,-1.95955520385456
"2463","Karasburg",-0.964879200939615,-3.23231170647734
"2464","Karasuk",-5.12402426823095,0.168208921696606
"2465","Karbala",-0.73278193814199,-4.5332300684783
"2466","Karema",2.50592692515795,-1.72514508075709
"2467","Kargat",-5.1609113468937,0.691062389843109
"2468","Kariba",1.36332449498871,-2.58477691452265
"2469","Karimnagar",2.34815835095523,-3.19173051073953
"2470","Karlovac",-1.50874515612781,2.16392005075179
"2471","Karlsruhe",-1.54373319555217,1.87011221045495
"2472","Karlstad",-2.88107976919841,1.79566233544998
"2473","Karluk",-2.1951395497482,4.7314367680962
"2474","Karnal",0.761197318059929,-3.20682411734524
"2475","Karoi",0.771783454111707,-1.88318925901621
"2476","Karokh",-2.19586342406858,-2.81570521633273
"2477","Karonga",2.21748709020056,-1.93924143474192
"2478","Karpinsk",-4.75503394235237,1.30227419658598
"2479","Karratha",1.62048229775896,-2.7513570068789
"2480","Kars",-3.67813132541981,0.244900118451466
"2481","Kartaly",-4.5174722906465,0.422402511554635
"2482","Karur",2.525982370121,-2.6709215668395
"2483","Kasaji",2.46831406175091,-0.786460987713233
"2484","Kasama",1.50084606493665,-1.74789195012305
"2485","Kasane",0.704451724745019,-2.92793454523066
"2486","Kasangulu",2.80311731675423,-0.737422690654888
"2487","Kashi",-3.7350730826491,-1.74667053531785
"2488","Kashmar",-1.79122614605952,-3.40771128640918
"2489","Kasimov",-3.49140770592111,1.34971342721311
"2490","Kasongo",2.91838340808746,-0.297456915441114
"2491","Kasongo-Lunda",2.91831055380526,-0.631340075241725
"2492","Kaspiysk",-1.92202306617475,0.00222230204143369
"2493","Kassala",2.1117489701856,-4.70670041694025
"2494","Kassel",-2.09944743771778,1.8156357431843
"2495","Kasulu",2.08228236275478,-0.950147988562799
"2496","Kasur",0.344707582877041,-3.72668090755952
"2497","Katanning",-0.849223138878974,-0.664162680429895
"2498","Katerini",-1.23211519472864,-1.03361897314385
"2499","Katherine",2.48516474681933,-2.83754659364674
"2500","Kathmandu",1.63294690180574,1.21523570289051
"2501","Kati",2.62431500554914,-3.40646007765842
"2502","Katima Mulilo",0.820394097356436,-2.87128949673785
"2503","Katoomba",-0.329504652863756,2.6016748823122
"2504","Katowice",-2.2725479376629,1.53492641651409
"2505","Katsina",1.77865607692907,-3.77403603008506
"2506","Kattaqorgon",-2.11603192067049,-2.47656600661786
"2507","Katwe",2.79355651925726,0.614801370367887
"2508","Kaunas",-2.78372674480067,1.57663006864269
"2509","Kavala",-1.25204006357653,-0.388985996609051
"2510","Kavalerovo",-4.29872135405311,0.710610974818908
"2511","Kavieng",6.66432382851931,6.22621606261655
"2512","Kawagoe",-0.279877309599799,0.996869275669705
"2513","Kawambwa",1.37563878488336,-1.56809858429796
"2514","Kawasaki",-0.153430430453674,1.32982750036566
"2515","Kaya",2.27582742200195,-3.88903090911899
"2516","Kayes1",2.89408595118557,-0.667707474760174
"2517","Kayes2",2.70613320144559,-4.37325892160615
"2518","Kayseri",-2.58302076307641,-1.33122695495153
"2519","Kazan",-3.98179757787257,1.16471161277583
"2520","Kearney",-2.78838417621501,-0.838988158492386
"2521","Kecskemet",-2.37493766288017,0.43659999710723
"2522","Kediri",4.92918353750681,0.69355585739388
"2523","Kedougou",3.15303314119562,-3.39804899099164
"2524","Keelung",4.13505470014648,5.62212893866927
"2525","Keetmanshoop",-0.66522888886788,-3.74457807582429
"2526","Keffi",3.28141181884246,-1.42346607354049
"2527","Keflavik",-1.52616531595065,4.58130359954881
"2528","Kelang",5.52694089039131,3.84483074111667
"2529","Kelo",2.50118210558845,-3.14044774427783
"2530","Keluang",5.56839665368361,4.1539504344512
"2531","Kemerovo",-4.72592503230091,1.04433960992724
"2532","Kemi",-3.96787073477843,2.22644840846299
"2533","Kempsey",1.23806739284366,1.71558421713051
"2534","Kenai",-3.31631731631849,1.74303399993409
"2535","Kendari",4.16813669151423,1.17829088702689
"2536","Kendu Bay",2.73643265759715,1.37800876089588
"2537","Kenema",4.48836428827025,0.772052453723266
"2538","Kenge",2.86534041172966,-0.295625061079965
"2539","Kenitra",0.289957506979219,-1.25731728484449
"2540","Kennewick",-2.31315946993775,-1.64145512415348
"2541","Kenora",-4.51645848364257,1.16781896659089
"2542","Kentau",-3.20106080895576,-1.94571079130438
"2543","Kerch",-2.36356957671406,1.176727536658
"2544","Kericho",2.1312525098437,1.8835104303049
"2545","Kerkira",0.25647579714185,-0.0344749801213961
"2546","Kerman",-1.88094195449773,-3.44008109251419
"2547","Kermanshah",-2.12352460285415,-2.96691273012643
"2548","Kerouane",3.53554461173107,-0.547158596105343
"2549","Keshan",-4.95167758924329,-0.131947824380445
"2550","Ketchikan",1.95475604850287,7.87994967952584
"2551","Khabarovsk",-4.92991596142158,0.815095397645631
"2552","Khammam",2.55583991011068,-3.01520835753589
"2553","Khammouan",4.04413217182519,-0.2102557181129
"2554","Khanty Mansiysk",-5.11926500206443,1.61958083474211
"2555","Kharkiv",-3.05407820502566,0.865429083494195
"2556","Khartoum",1.54893418143727,-5.20942542938993
"2557","Khaskovo",-1.8874108741049,0.335080564754612
"2558","Kherson",-2.64559553991929,0.294852106700585
"2559","Khilok",-5.60070512295764,-0.00698409496327904
"2560","Khiwa",-2.70709538521606,-2.75923329553453
"2561","Khmelnytskyy",-2.59576356721987,1.20909360894841
"2562","Kholmsk",-3.25011189172483,2.7876317869186
"2563","Khomeini Shahr",-2.54883982639691,-3.27654530060095
"2564","Khon Kaen",2.7573341539825,-1.46898553816167
"2565","Khoramabad",-1.75058619754235,-3.30715201399651
"2566","Khorugh",-4.3426179426468,-0.885765871489039
"2567","Khromtau",-4.83400005158073,0.408384907557279
"2568","Khujand",-1.78223951890307,-2.22551938173195
"2569","Khujayli",-2.96625262778884,-2.40485836538194
"2570","Khulna",2.44630444796348,-1.06004129410113
"2571","Khvoy",-2.4611261884838,-1.84395046519036
"2572","Kibiti",3.45678769295345,-0.708327649694232
"2573","Kiel",-1.83677185966306,2.2784822043802
"2574","Kielce",-2.52212228360833,1.27746666526783
"2575","Kieta",6.34321655350888,6.97408128196123
"2576","Kiev",-2.74832345120284,1.20976370222269
"2577","Kiffa",2.04806167296265,-5.12250224485146
"2578","Kigali",1.75175479358514,0.0340505860383868
"2579","Kikwit",3.05860471544316,0.0202670639989409
"2580","Kilchu",-2.55714566404206,0.722787947692017
"2581","Kilifi",3.20490158724993,-0.90352766664174
"2582","Kilindoni",4.50889852630178,0.409750605945626
"2583","Kilinochchi",4.21505553853058,-0.548406523234243
"2584","Kilis",-1.54655640994089,-2.16585462355257
"2585","Kilkenny",-1.1436582430059,2.67076411916836
"2586","Killarney",0.281600385537422,4.8312521656977
"2587","Killeen",-0.206035780932273,-0.462079720296484
"2588","Kilosa",2.26271706051693,-1.18653068519761
"2589","Kilowna",-2.87944973220162,0.195563284941763
"2590","Kimberley",-0.988712351853306,-2.18502461632603
"2591","Kimchaek",-2.27317494221337,0.760619318808895
"2592","Kimhyonggwon",-4.31354986363472,0.462611181850382
"2593","Kimmirut",-6.853460045899,3.17479362227088
"2594","Kimpese",2.3578349820023,-1.23756540302371
"2595","Kimry",-3.40673759542538,1.54923729357282
"2596","Kindersley",-4.43005089494474,-0.00394627104669103
"2597","Kindia",4.81602360830336,0.0528166356448759
"2598","Kindu",3.23764076267913,0.653219158689804
"2599","Kineshma",-3.74188689468137,1.44638915075077
"2600","King Salmon",-3.65933346888097,1.98019340188837
"2601","Kingaroy",0.23164341140735,-0.123951751622485
"2602","Kingman",-1.22992682037106,-3.0414816845171
"2603","Kingsport",-0.785994513370831,1.37290082989014
"2604","Kingston South East",-0.279264802717338,0.503229842847703
"2605","Kingston upon Hull",-1.73074040354021,2.49427902997394
"2606","Kingston1",3.46061589516837,0.688704070871114
"2607","Kingston2",-3.25971258709682,2.53101097474553
"2608","Kingston3",-0.688476053745769,2.08769995212358
"2609","Kingstown",4.33078024958701,2.61603668572883
"2610","Kingsville",0.735563167787657,-0.994189908223264
"2611","Kinshasa",3.02751879210162,-0.653955879952278
"2612","Kipushi",1.43240972279396,-1.622368158532
"2613","Kirensk",-5.99729351177298,0.814775070982144
"2614","Kirikkale",-2.25475841338875,-1.36914741894387
"2615","Kirkenes",-4.18762579553121,2.15335106619694
"2616","Kirksville",-2.21363249498518,0.595392870603046
"2617","Kirkuk",-0.864470323567459,-3.93291376119575
"2618","Kirkwall",-1.19143156617017,3.74303491709914
"2619","Kirov1",-3.35275733452479,1.48967675496164
"2620","Kirov2",-4.01101406712825,1.679807355137
"2621","Kirovo-Chepetsk",-4.02517089453622,1.68968488084445
"2622","Kirovohrad",-2.81439402764695,0.605334018139288
"2623","Kirovsk",-4.70573454852218,2.39269856076391
"2624","Kirs",-4.21430832307169,1.66550471710046
"2625","Kirsanov",-3.56721333759469,1.09066380073684
"2626","Kiruna",-4.4061640346978,2.30121072045232
"2627","Kisangani",3.59680608362721,2.16201158940108
"2628","Kiselevsk",-4.81309120450618,0.736268151394952
"2629","Kisii",2.40894873072417,1.80913186956368
"2630","Kislovodsk",-2.9106765710648,0.0895590061967015
"2631","Kismaayo",2.58964804857099,-2.11605473666301
"2632","Kissidougou",3.79362203364497,-0.243534199906065
"2633","Kissimmee",1.64904874212049,0.679430906979075
"2634","Kisumu",2.91449326769487,1.06222962224773
"2635","Kita",2.84195116201023,-3.51663894905298
"2636","Kitakyushu",0.971572565803263,1.95987387439335
"2637","Kitale",1.57387041162609,0.112852122489166
"2638","Kitami",-2.84774955861991,1.87317109734957
"2639","Kitchener",-2.77470862943611,2.14820586446041
"2640","Kitgum",2.37899716172637,-1.27672350783608
"2641","Kitwe",1.61169517731849,-1.76982501178588
"2642","Kizel",-4.46374437844433,2.10974827262148
"2643","Klagenfurt",-1.80354538750831,1.63022891933029
"2644","Klaipeda",-2.34586337963773,2.13463577414277
"2645","Klamath Falls",-2.83523225547956,-1.0767092635652
"2646","Klerksdorp",-0.848813942013007,-1.82963990148617
"2647","Klin",-3.40766722667088,1.46418570858563
"2648","Klintsy",-3.13874314062559,1.33264389515249
"2649","Klyuchi",-5.21258690888345,2.76827016406118
"2650","Knoxville",-0.743868825772136,1.9276862125021
"2651","Knysna",0.209140300979055,0.58089114132494
"2652","Kobe",-0.0843854883997873,0.804300950299977
"2653","Koblenz",-1.86030293610226,1.56470634111938
"2654","Kocaeli",-1.0495611841304,0.124358220070791
"2655","Kochi",1.70025841105332,2.63588894375376
"2656","Kodiak",-0.753560565507819,6.07463484528679
"2657","Koforidua",3.41232119394756,-0.185698223053409
"2658","Kofu",-0.911197323980859,0.535480271356846
"2659","Kogon",-2.16188985299149,-3.11758286457593
"2660","Kohat",-0.50060201724346,-2.64446034249996
"2661","Kohtla-Jarve",-3.15425897687932,1.85515123475338
"2662","Koidu",4.08171514252159,0.196970298068557
"2663","Koko",2.67629306868063,-3.46075993336994
"2664","Kokomo",-1.98551554780698,1.41105864941327
"2665","Kokshetau",-4.90492240034174,0.137904036787018
"2666","Kolar",1.53830136576697,-2.44905906395754
"2667","Kolda",3.18781532555044,-3.38861051879199
"2668","Kolhapur",2.96032879041452,-2.07664140493994
"2669","Koln",-1.61669683468629,2.33514595016992
"2670","Kolomna",-3.42872280487331,1.18142396614678
"2671","Kolpino",-3.3670707273235,1.77670622722235
"2672","Kolwezi",1.28660235227438,-1.22694220899654
"2673","Kom Ombo",0.607941631074514,-7.01993270718075
"2674","Komatipoort",0.939037549694355,-1.58956813774291
"2675","Kompong Chhnang",3.33079392564109,-1.45261799645405
"2676","Komsomolets",-4.60244732761099,0.273226998115826
"2677","Komsomolsk na Amure",-5.53310865420948,0.600293955655565
"2678","Kon Tum",3.12086249617962,-0.315797014632455
"2679","Kondopoga",-3.80549278457033,1.89295298287384
"2680","Kondoz",-1.41214196018821,-3.12811980028724
"2681","Koneurgench",-2.93628090138147,-2.39864294691206
"2682","Kongolo",2.40750226458694,-1.36593079557461
"2683","Konibodom",-1.8904642260244,-2.03398314509523
"2684","Konotop",-3.01486786753322,1.30263203380486
"2685","Kontagora",3.10933328156241,-2.12009656577603
"2686","Kontcha",2.90185955719461,-1.96767843516372
"2687","Konya",-2.4303533434383,-1.55793749330296
"2688","Korhogo",3.05919640445996,-1.52980188490846
"2689","Koriyama",-1.008273631495,1.53948257450412
"2690","Korla",-3.68819048158815,-2.44535476720236
"2691","Korosten",-2.68909632863618,1.24574223919953
"2692","Korsakov",-3.23774023798898,2.81618351112686
"2693","Kos",0.260344419464653,-0.852374799225889
"2694","Kosice",-2.47175396473981,0.800984671349158
"2695","Kosti",2.03607254336988,-4.44519428715945
"2696","Kostroma",-3.64735975837707,1.56576591071447
"2697","Koszalin",-2.16302964040483,1.85602060283627
"2698","Kota",1.79746582615838,-4.00780483217116
"2699","Kota Baharu",6.81277584603984,3.39040096576637
"2700","Kota Kinabalu",5.40228006070113,2.71473301531299
"2701","Kotabumi",5.42287808566985,2.63962293599696
"2702","Kotelnich",-3.90386283588316,1.53813206443994
"2703","Kotlas",-4.1864888114091,1.56317101945221
"2704","Kotlit",-4.70178290610765,2.46338587422116
"2705","Kotovsk",-3.35554717040794,1.02170302857341
"2706","Kotte",5.40863262013283,2.93727632017586
"2707","Kotzebue",-5.43547200955498,1.9695432864481
"2708","Koudougou",2.54230888451744,-3.52479513963898
"2709","Koulamoutou",3.05137336867533,-0.286136625927103
"2710","Koulikoro",2.59102909986261,-3.71174892219894
"2711","Kourou",5.6802144997679,2.07606170247759
"2712","Koutiala",2.41635462418861,-3.40523949501237
"2713","Kovel",-2.63183103817134,1.14783658819049
"2714","Kovrov",-3.57140768651682,1.3902472350972
"2715","Kozhikode",8.24484986469329,2.06425975210746
"2716","Kpalime",3.23917523528798,-0.247731066211086
"2717","Kragujevac",-2.00301103985955,0.496209911290852
"2718","Krakow",-2.25506224403716,1.29495519110092
"2719","Kramatorsk",-2.78801151831995,0.471904690971123
"2720","Krasnoarmeysk",-3.96526321323279,0.492057966470412
"2721","Krasnodar",-1.9469151734517,0.776380661841159
"2722","Krasnogorsk",-3.60884379575071,2.76982778237792
"2723","Krasnokamensk",-6.18520944077055,-0.33980512545214
"2724","Krasnokamsk",-4.21574966650452,1.48729956399714
"2725","Krasnoufimsk",-4.30181879226722,1.11429627096987
"2726","Krasnouralsk",-4.41090614176757,1.20336478682924
"2727","Krasnoyarsk",-4.81753420642827,0.555142613111768
"2728","Kremenchuk",-2.74983046972241,0.827188038122605
"2729","Kribi",5.93269612671365,3.34427896259577
"2730","Krishnanagar",2.04522902645331,-1.77566709472385
"2731","Kristiansand",-1.26440394601012,3.77787003877047
"2732","Kristianstad",-2.64671535863454,2.19956313256053
"2733","Krong Koh Kong",7.49580886655926,2.35493416408302
"2734","Kroonstad",-1.16376760020596,-1.8304141332036
"2735","Kropotkin",-2.15070678564003,0.543688483326381
"2736","Kryvyy Rih",-2.86226964498777,0.458391452085617
"2737","Ksar El Kebir",0.265093880617187,-1.41076071620005
"2738","Kuala Lumpur",5.41712530775064,3.75887383207908
"2739","Kuala Terengganu",7.43265915391972,4.35700192349876
"2740","Kualakapuas",5.68723660595543,2.97757833753508
"2741","Kuantan",7.11161476092424,5.44765024443019
"2742","Kuching",8.999873051091,7.94440974979053
"2743","Kudymkar",-4.32224676124681,1.42878874233213
"2744","Kuga",-3.87344478141617,-2.04444856176352
"2745","Kuito",0.759841973975834,-1.33826197879922
"2746","Kulob",-1.39061899538207,-2.50977257549473
"2747","Kulunda",-4.91897757930838,0.193391253725091
"2748","Kumamoto",2.21926874338541,2.46176220976844
"2749","Kumasi",3.27806282919967,-0.55788224277723
"2750","Kumba",6.11423684353078,2.2516098681492
"2751","Kumbakonam",3.79391696012201,-1.4266488810694
"2752","Kumbo",2.58217161338531,1.18551296701959
"2753","Kumertau",-4.37294726231446,0.822589178956335
"2754","Kumo",2.12718086882718,-3.15998926744686
"2755","Kundian",0.0629756264952021,-3.6535805958186
"2756","Kungur",-4.29714039632711,1.17861304041776
"2757","Kunming",-0.122386178355424,-0.0505898110325409
"2758","Kununurra",2.50771534558886,-3.29106893485748
"2759","Kuopio",-3.7605223856494,1.91159354041768
"2760","Kupang",4.49366932062404,-0.697209890348393
"2761","Kupina",-5.12897679146816,0.269662689715499
"2762","Kupyansk",-2.94504052993567,0.797244229130448
"2763","Kure",0.516019921070494,1.36362000737281
"2764","Kurgan",-4.69990581839051,0.455423059077848
"2765","Kurnool",2.17681812500388,-3.44078742874108
"2766","Kursk",-3.16390825476712,1.39490246261969
"2767","Kurtamysh",-4.71051132040632,0.462221773463522
"2768","Kuruman",-1.10307143961437,-2.279669709246
"2769","Kushiro",-2.14819445003754,2.35767541209349
"2770","Kuta",4.73217232869175,2.07241373534496
"2771","Kutahya",-2.44231978487971,-0.683946065494569
"2772","Kutaisi",-0.296690377797024,2.73309035837054
"2773","Kuujjuaq",-5.9345225781164,2.4677209575476
"2774","Kuujjuarapik",-5.74530485017709,2.9458167167661
"2775","Kuwait",-0.0900116846520561,-4.65361049563174
"2776","Kuybyshevskiy",-1.37768204561219,-2.75391885007597
"2777","Kuznetsk",-3.90082642395755,1.0394960024041
"2778","Kwekwe",0.486516136862492,-2.17735904453235
"2779","Kwinana",0.783944098787093,-0.491835436626777
"2780","Kyakhta",-5.88278361708918,-0.491608061575199
"2781","Kyaukphyu",8.18950186801645,2.3939320647935
"2782","Kyoto",0.0350632702112741,0.998768563984055
"2783","Kyshtym",-4.24070777757265,0.913354337302151
"2784","Kyustendil",-2.12886360003544,0.362512339022939
"2785","Kyzyl",-5.8197411520385,-0.29019161281366
"2786","L'Aquila",-1.80198955962253,0.911606175886346
"2787","La Barca",1.03776060637678,-2.44613982890017
"2788","La Ceiba",4.57546087915104,1.29522714765694
"2789","La Coruna",0.241487550341682,1.87352495188712
"2790","La Crosse",-2.96694597584065,0.45722877274819
"2791","La Cruz1",3.85219515448981,-0.179179014846112
"2792","La Cruz2",2.26557440475475,-1.66278474177389
"2793","La Grande",-2.8534254208864,-0.568823621084177
"2794","La Grange",0.0474059753801075,1.73809122614918
"2795","La Libertad",3.29455907359383,0.469694701814523
"2796","La Ligua",-0.4859397922143,-2.26471692220233
"2797","La Paloma",0.428567763872484,2.73305966726989
"2798","La Paz1",1.31749246195225,-3.00371281758934
"2799","La Paz2",-1.05652642047292,-1.74687834199983
"2800","La Paz3",-2.04082657117876,0.334412245469016
"2801","La Plata",0.0276408380693268,1.53884556225426
"2802","La Rioja",-0.424143505112153,-1.86887832565717
"2803","La Rochelle",-0.941681280560536,1.41029607330843
"2804","La Romana",3.25232849741031,0.438608189228743
"2805","La Ronge",-5.17454362261713,0.949731108487915
"2806","La Sarre",-4.65370577798173,2.04182332421687
"2807","La Scie",-3.07063432705994,3.93124665384079
"2808","La Serena",-0.193874445515452,-2.80574891303034
"2809","La Union",0.176145972632785,2.02416730607423
"2810","La Vega",3.32576229792094,1.49082277671038
"2811","La Victoria",2.16939766779725,-0.233350948504027
"2812","Laayoune",0.220503369216565,-2.29347434390401
"2813","Labe",2.85894040444693,-1.05684968651408
"2814","Labinsk",-2.00888633143751,0.731920106965279
"2815","Labrador City",-5.49703056505992,2.99044272187851
"2816","Labutta",5.42685584797453,0.503917384951597
"2817","Lac La Biche",-4.48015421210439,0.856445659577048
"2818","Ladysmith",-0.231247857528371,-1.25807233754642
"2819","Lae",7.03565698369483,7.50034359665344
"2820","Lafayette1",1.21170083049023,2.51359405065429
"2821","Lafayette2",-1.97787345428442,1.10041274958138
"2822","Lafia",3.27751809107429,-1.63858813862812
"2823","Laghouat",-1.24307397644365,-2.85082640569901
"2824","Lagos",4.00871285049771,-0.146213862883878
"2825","Lagos de Moreno",0.193834357250248,-2.33535971872797
"2826","Laguna",2.1807846152298,2.8943602788954
"2827","Lahad Datu",4.98535351226252,3.76134515280988
"2828","Lahat",5.37115562960958,3.51865108274985
"2829","Lahij",1.70182819547394,-3.34762915393909
"2830","Lahore",0.44937930900617,-3.62663432730896
"2831","Lahti",-3.37414081239509,1.87527116219661
"2832","Laiwu",-1.53170663767256,-0.62729989321708
"2833","Laiyang",-1.48658600602448,-0.282616237356621
"2834","Lajes",0.957380869592726,2.74306132442008
"2835","Lake Charles",1.33504289717905,2.52460330277906
"2836","Lake City",1.25569071640336,1.22914295858728
"2837","Lake Havasu City",-0.601008991303925,-3.89255050528358
"2838","Lake Louise",-4.39918192754206,1.22913159624045
"2839","Lakeville",-3.31135257550126,0.430309420799482
"2840","Lalitpur",1.29910417772522,0.920228663066085
"2841","Lamar",-2.59749764597547,-2.13094527413552
"2842","Lamas",2.91119721653687,1.9172929815647
"2843","Lambarene",4.02419068314356,0.16940956379227
"2844","Lampang",2.22677969437746,-2.02351107199569
"2845","Lamu",3.54316072512216,-1.0704423268689
"2846","Lancaster1",-1.36980086109348,-2.82990504112799
"2847","Lancaster2",-1.82813912059964,1.34646780316569
"2848","Lancaster3",-1.44296622641612,1.75770883635293
"2849","Lander",-3.80892374518243,-1.16420764969193
"2850","Langfang",-2.04201715844249,-1.43418656360992
"2851","Langzhong",-0.223873082302683,-0.272636002051775
"2852","Lankaran",-0.00381416435807275,-0.49187926672324
"2853","Lansdowne House",-5.28578502294722,1.52518429343946
"2854","Lansing",-2.75546073459624,1.13881273188519
"2855","Lanxi",-4.6485223642671,-0.286735132333086
"2856","Lanzhou",-3.38358731556571,-1.63423581267442
"2857","Lao Chi",2.53539914619251,0.367511688657036
"2858","Laoag",5.44447142218605,0.847164900805179
"2859","Lapa",1.21860814911138,2.62447021764403
"2860","Lappeenranta",-3.23216301586519,1.73357351410958
"2861","Larache",0.267999653755768,-1.04967262169344
"2862","Laramie",-3.8910623996906,-0.688064758072021
"2863","Laredo",0.19323231811208,-2.14647580168149
"2864","Larissa",-1.10688348700231,-1.02022055220743
"2865","Larkana",0.470132366909735,-5.28521980561479
"2866","Las Cruces",-1.2145222938269,-3.07784764331608
"2867","Las Heras",-1.36317722025695,-1.81203167071036
"2868","Las Lajas",-2.11719025990538,-1.13456978496888
"2869","Las Lomitas",1.15775138074003,-1.254452915541
"2870","Las Palmas",0.284581269483889,-0.603427934694636
"2871","Las Tablas",4.31371605145719,0.00977066798034246
"2872","Las Tunas",2.64108822665409,-0.589043949991538
"2873","Las Vegas1",-2.57938592226504,-1.30375766719205
"2874","Las Vegas2",-1.40450883932431,-3.36743601560743
"2875","Lascano",0.749258523609858,2.15838829929803
"2876","Latacunga",-0.441203821778797,1.0492857697714
"2877","Latur",1.87647490748092,-3.24946384101699
"2878","Launceston",-0.692692238067761,1.58167325737435
"2879","Laurel",0.482732187967131,1.78765598915385
"2880","Lausanne",-1.46438212035837,3.01194582879867
"2881","Lautoka",4.12919157681637,1.76687133979109
"2882","Lavras",2.21318721056795,0.224789217293472
"2883","Lavrentiya",-5.53306557134009,3.26604311134882
"2884","Lawrence",-1.80585682425592,-0.0717007486590018
"2885","Lawton",-1.29277048091786,-0.909058154456901
"2886","Lazaro Cardenas",3.62309380957756,-1.25062787853375
"2887","Le Havre",-1.24092909103253,2.52698710452688
"2888","Le Mans",-1.42514553683838,1.48424795511632
"2889","Lead",-3.84391956351709,-0.197529933591893
"2890","Lebowakgomo",-0.54788893318226,-1.9958789229933
"2891","Lebu",0.847448683111335,1.84561390600153
"2892","Lecce",-0.241072859805513,0.255488328908808
"2893","Leeds",-1.63202861029455,2.75301146179016
"2894","Leesburg",1.47664601386674,0.742741825040826
"2895","Leeton",-0.929567097072092,-0.635064726879244
"2896","Leeuwarden",-1.70226190234209,2.50521940566417
"2897","Legazpi",6.51451653768394,5.05400787604609
"2898","Legnica",-2.2771615042165,1.06375110698475
"2899","Leicester",-1.72283624957223,1.89443461335285
"2900","Leipzig",-2.23392531307988,1.20081117400717
"2901","Lemosos",0.274410223135559,-1.23003244215617
"2902","Lenger",-2.15986391324298,-1.41242939728295
"2903","Leninogorsk",-4.26891703380177,0.973841582745345
"2904","Leninsk Kuznetsky",-4.72716760508101,1.01536217645395
"2905","Lensk",-6.63550291821272,1.00841649626533
"2906","Leon1",4.71965359329261,-0.953906805875369
"2907","Leon2",0.250262297417491,-2.40599776832668
"2908","Leon3",-1.84161698693303,0.152966027047524
"2909","Leonara",-0.39613515502878,-2.56165070260165
"2910","Leopoldina",2.84898572224021,-0.289918058760672
"2911","Lerwick",-1.08596518271522,4.03004614136103
"2912","Les Cayes",4.37743604306218,2.1069649675874
"2913","Leshan",0.65343530175159,0.345788407380186
"2914","Lesosibirsk",-5.33229309057996,1.0396257547215
"2915","Lesozavodsk",-4.44383681026914,0.470289761422817
"2916","Lethbridge",-3.45261052306431,-0.0465950633077872
"2917","Lethem",4.53011159175667,-0.365045288168766
"2918","Leticia",5.60101424740636,4.97290797070355
"2919","Letpadan",4.1477114234653,-1.16173553507664
"2920","Levin",0.207363461576754,3.26914854172734
"2921","Lewiston1",-2.61751704937195,3.17397720344411
"2922","Lewiston2",-1.93925331519145,-1.13359240541558
"2923","Lexington",-0.90953691888215,1.57229487434686
"2924","Lgov",-3.11470045177906,1.52012454312592
"2925","Lhasa",-3.50473786982219,-0.840918021078566
"2926","Lhokseumawe",4.5738356946821,2.162147761354
"2927","Lianxian",0.84658743205743,0.389249515351485
"2928","Lianyungang",-0.720414680567458,0.110398589876167
"2929","Liaocheng",-1.642613706914,-1.25660659660931
"2930","Liaoyang",-2.9213333821925,-0.238147999414305
"2931","Liaoyuan",-3.77232122144111,-0.0156875558615546
"2932","Libenge",3.28636617057848,0.516870925292146
"2933","Liberec",-2.43928724803694,1.87643478778802
"2934","Liberia",4.18101579638495,-0.283835600047023
"2935","Libertador General San Martin",1.07233515006645,-1.10865351746954
"2936","Libreville",5.40220167589737,1.84442772945328
"2937","Lichinga",1.49958535876578,-0.865405871851818
"2938","Lida",-2.90979745450619,1.6248117855661
"2939","Liege",-1.6576456527313,2.63541920054074
"2940","Liepaga",-2.69182657085708,2.26105781640937
"2941","Lihue",3.61396519787077,4.18417225054737
"2942","Lijiang",-1.0161953722352,-0.426120911607585
"2943","Likasi",1.27231960233552,-1.83062104547269
"2944","Lille",-1.79353653390304,1.99356628779031
"2945","Lillehammer",-2.90492465197377,2.21795408530664
"2946","Lillooet",-3.2481042730445,0.000496106662631939
"2947","Lilongwe",1.25275059172977,-1.82778392778913
"2948","Lima1",-2.28623118236821,1.27873965579233
"2949","Lima2",0.966100817515261,-1.6774798378774
"2950","Limbe",7.74516430852631,3.8143389940935
"2951","Limeira",2.21686600402539,0.421831520033521
"2952","Limerick",-0.873972669448802,3.22447927562795
"2953","Limoges",-1.02693370537607,2.16595332798631
"2954","Linares1",0.0380778284188765,-0.812546499303377
"2955","Linares2",-0.919930398416586,-1.90011605795316
"2956","Linares3",0.954974754012056,-1.98911156263278
"2957","Linchuan",0.886599184266701,0.725986629562098
"2958","Lincoln1",-2.61200458819646,-0.338899594620437
"2959","Lincoln2",-0.31186586244246,0.366416325470503
"2960","Linden",4.59856618950443,2.79382288855766
"2961","Lindi",2.90252917861311,-1.12805880213657
"2962","Linfen",-2.22657632618634,-1.40623484568798
"2963","Linhai",0.864256452097731,1.19526894068536
"2964","Linhares",2.83708038111319,0.575825385738066
"2965","Linjiang",-3.549117325637,0.198318441046119
"2966","Linkoping",-2.79785014731303,1.53677255579808
"2967","Linkou",-4.57081148777466,0.00960314936137512
"2968","Linqing",-1.7874993905822,-1.49275266593716
"2969","Linxi",-4.51824186508558,-0.890900849713666
"2970","Linxia",-3.40420595542472,-1.00635036609301
"2971","Linyi",-1.09577722443302,-0.405553870256782
"2972","Linz",-1.90413915250091,1.68669203647808
"2973","Lipetsk",-3.43712447091853,1.07335186964405
"2974","Lira",2.6097966175853,-0.388772006104667
"2975","Lisala",3.74135627422041,1.92045230162814
"2976","Lisbon",-0.143228127635499,-0.156502395395961
"2977","Lisburn",-1.11079382836811,3.25383048074318
"2978","Lishui",0.330015089454959,0.115809235870932
"2979","Lismore",1.43236339960423,1.65107337302159
"2980","Lithgow",-1.20634644961014,1.72203946355623
"2981","Little Current",-3.62826926999329,2.65688735296368
"2982","Little Rock",-0.0294421775477331,1.21803928316988
"2983","LÌùderitz",-0.0499547506107647,-1.3447588758146
"2984","Liuhe",-3.75768025120696,0.172488040155265
"2985","Liuzhou",1.29572865192996,0.548773573490299
"2986","Liverpool1",-1.87761527354885,3.66466432651191
"2987","Liverpool2",-1.38580450386482,2.80369942783413
"2988","Livingston",5.45221364723135,3.24587893440859
"2989","Livingstone",0.719859186878036,-2.78912007080364
"2990","Livny",-3.36794161129299,0.985171411767331
"2991","Livorno",-0.497023508918237,0.168432541747544
"2992","Ljubljana",-1.39374997929446,2.58525280751054
"2993","Lobamba",0.390947769322534,-0.84884496214802
"2994","Lobatse",-0.486542454086621,-2.04492518244934
"2995","Lobito",1.87091852669217,-2.42120840469452
"2996","Lobos",-0.113466086936412,1.01543495202599
"2997","Lodwar",2.49911735483003,-3.38695719414025
"2998","Lodz",-2.53252175014863,1.17777378967869
"2999","Loei",2.3844045134424,-1.37943094758371
"3000","Logan",-2.84131178026591,-1.13444795417658
"3001","Logrono",-1.22095867235879,-0.0197457880215329
"3002","Loja",0.505788676871138,0.515640135866134
"3003","Lokoja",2.95296036522719,-1.97205140554593
"3004","Lome",3.13677470275954,-1.11076805731591
"3005","Lomza",-2.75567411639333,1.19536960005793
"3006","Loncoche",0.70083201374454,2.295032158557
"3007","London1",-2.99056606407679,2.72581266320258
"3008","London2",-1.74431392559373,1.98069857506538
"3009","Londonderry",-1.08114862234329,3.39278809657044
"3010","Londrina",2.32185829697737,1.5108645994262
"3011","Long Beach",-0.150776388674262,-2.31361761715419
"3012","Long Xuyen",3.46725888910053,-1.24752634136127
"3013","Longjiang",-4.64156686836398,-0.491142553001573
"3014","Longreach",0.569522340392072,-2.69448251022868
"3015","Longview1",0.333976305472711,0.703945034923102
"3016","Longview2",-0.185065460953466,1.07123465179516
"3017","Longxi",-3.36330344524775,-0.80814868293573
"3018","Longyan",0.919961346068834,0.124168003060472
"3019","Lop Buri",3.32608850393656,-1.83284914102771
"3020","Lorca",-0.867694023191253,-1.6278339426305
"3021","Loreto",1.056776514616,-3.16204094162274
"3022","Lorica",4.16855109439926,-0.123830181035282
"3023","Lorient",-0.73997916190095,2.08828878904765
"3024","Los Alamos",-3.18042035967691,-1.1434254782713
"3025","Los Andes",-1.49491167795847,-2.20947871235568
"3026","Los Angeles1",-0.290574866511814,-2.46458298263236
"3027","Los Angeles2",0.130504159332525,0.408261007077569
"3028","Los Blancos",1.20418619666431,-1.90355001232387
"3029","Los Lagos",0.934533453063249,2.2460586083752
"3030","Los Mochis",1.19786607172692,-2.44644515575354
"3031","Los Teques",1.77390977885288,0.0469157242233008
"3032","Lota",1.21956208832639,1.85947774571443
"3033","Louangphrabang",2.3672587693623,-0.759870141716305
"3034","Loubomo",2.59376344043785,-0.449325259254845
"3035","Louga",2.354526826792,-3.96804465327144
"3036","Louisville",-1.0532057100962,1.5670977549846
"3037","Lowell",-2.06195819730145,2.91413695747713
"3038","Luan",-0.616591665499271,0.197633704206311
"3039","Luanda",2.03160922774753,-2.05599050732567
"3040","Luanshya",1.47151949344812,-1.84837401490775
"3041","Luau",1.93652721520036,-1.31712804566706
"3042","Lubango",0.128612980461073,-1.87649009896386
"3043","Lubao",3.02205684314027,-0.286462495504416
"3044","Lubbock",-1.71818619980887,-1.75787882373249
"3045","Lubeck",-2.00012971601092,2.02479583665511
"3046","Lublin",-2.68790244078211,1.09570383214453
"3047","Lubumbashi",1.25696842712184,-1.945125685648
"3048","Lubutu",3.75329353559104,2.95327326513954
"3049","Lucapa",2.7155626107527,-0.405590073337998
"3050","Lucknow",1.76824270064117,-2.63408984794337
"3051","Ludhiana",0.735075734509824,-3.08699977080057
"3052","Luebo",2.75806037541399,-0.253450965517835
"3053","Luena",1.07103009267777,-1.60730777193922
"3054","Lufkin",0.427628407380263,1.0919240736779
"3055","Luga",-3.25788969852683,1.72724114421725
"3056","Lugano",-0.977734589107152,2.12609628209984
"3057","Luganville",4.87136361039074,4.66088927784776
"3058","Luhansk",-2.99789472795226,0.464272407479589
"3059","Lujan",-0.0283837915310924,1.2161531105298
"3060","Lulea",-4.04506995571324,2.20670878999334
"3061","Luleburgaz",-1.41087598988458,-0.397097888324795
"3062","Lumberton",0.128290617154362,1.45901693381073
"3063","Lundazi",1.07596998537862,-2.05347986508257
"3064","Luohe",-1.02926307809143,-0.527182097838187
"3065","Luoyang",-1.73492769174534,-1.01761079906182
"3066","Lupanshui",-0.596771148305084,0.658937488839052
"3067","Lusaka",0.779210755894546,-1.99605580168793
"3068","Lusambo",2.73082262975792,-0.502217666556305
"3069","Lusanga",2.56027133643261,-0.908982761496573
"3070","Luton",-2.04544590009383,2.06868089665454
"3071","Lutselke",-6.55356587601436,1.2454057129076
"3072","Lutsk",-2.65945965945847,1.07686212383721
"3073","Luwuk",4.2147806488603,0.899564029950955
"3074","Luxembourg",-2.01298692880754,2.17712202945669
"3075","Luxor",0.330653519392095,-6.77697996570543
"3076","Luzern",-0.829482650815727,3.09744856926212
"3077","Luzhou",0.159880474314695,0.0345963320761601
"3078","Lvov",-2.49849107157837,1.5164214028548
"3079","Lynchburg",-0.997590242320447,1.83256399006418
"3080","Lyon",-1.45680266480708,1.34671113375946
"3081","Lysychansk",-2.80222731985882,0.690693090857717
"3082","Maanshan",-0.631623726832639,0.105984395286152
"3083","Mabaruma",5.42609348100008,3.49544382701202
"3084","Macae",2.97931138204648,1.22255753096822
"3085","Macapa",5.25450478870709,1.04046721955857
"3086","Macara",2.31957235359665,-2.51008835386474
"3087","Macas",3.42199374269476,3.6429207080387
"3088","Macau",2.42529040730526,0.768114138844568
"3089","Maceio",4.25426770119191,1.12993293760194
"3090","Macenta",4.74442506857388,1.31493201844215
"3091","Machakos",1.11832367685226,-1.35499058842855
"3092","Machala",3.01487951506805,-1.07498045965854
"3093","Macheng",-0.127136791023449,0.224687671218257
"3094","Machilipatnam",2.98287788182895,-2.07062044575123
"3095","Machiques",3.60820167280026,-0.526302331678365
"3096","Macia",1.93704801565484,-0.202157396330905
"3097","Mackay",3.20216404625363,0.949440972508108
"3098","Macon",-0.0811965546662481,1.19363063075371
"3099","Madang",6.53522665267259,4.50047942703142
"3100","Madaoua",1.81117915557809,-4.44211858334453
"3101","Madinat ath Thawrah",-1.31642598856179,-3.31667644547911
"3102","Madison",-3.01122656300537,0.574093705577694
"3103","Madisonville",-0.852587030299038,1.57817550393768
"3104","Madiun",4.82183575093851,0.785476747626664
"3105","Madrid",-1.42341243751483,-1.21061867650293
"3106","Madurai",3.14263548185762,-1.94356350930489
"3107","Mae Sot",3.01817456038198,-1.7493852208422
"3108","Maebashi",-0.626916434377518,0.50405100953901
"3109","Mafetang",-1.23949396515812,-0.957317822788382
"3110","Magadan",-5.45434316847021,2.29618766486569
"3111","Magangue",3.71102626313298,-0.720915384957375
"3112","Magdagachi",-6.01520815173303,0.442091549473753
"3113","Magdalena",3.03359918546408,-0.615123102541686
"3114","Magdeburg",-2.33478178825675,1.10948230409648
"3115","Magelang",5.05979635731461,3.11457169255369
"3116","Magnitogorsk",-4.562984819328,0.444508051976217
"3117","Magway",1.71067201998074,-2.29570109728231
"3118","Mahabad",-2.43004938932181,-2.50701288523164
"3119","Mahajanga",4.48743268364017,-1.21274670832799
"3120","Mahalapye",-0.176089426357645,-2.43418540049607
"3121","Mahilyow",-3.16340095160283,1.51520311579256
"3122","Maiduguri",2.05529882455653,-3.93780299685416
"3123","Maintirano",3.7075379979658,-1.05439639487284
"3124","Maiquetia",2.71671251895615,-0.890579735987498
"3125","Maitland",0.388423695672475,0.866708916126812
"3126","Maizaru",0.614613742002965,3.08862628123473
"3127","Majene",4.59091747291302,1.5349084178179
"3128","Makale",4.38693182569257,2.72924207879803
"3129","Makarov",-3.91104029622763,2.50483547426851
"3130","Makeni",5.76154228775368,0.890244030878874
"3131","Makhachkala",-1.95286964106413,-0.0904282374993648
"3132","Makhambet",-3.84987782277584,-0.897639458564859
"3133","Makinsk",-4.98437436090881,0.398683416961694
"3134","Makiyivka",-2.80880936213143,0.58101612521823
"3135","Makkah",1.28221019498551,-4.36265885595833
"3136","Makokou",3.219340458605,0.517526691480321
"3137","Makoua",3.32373995313616,0.764972681670187
"3138","Makurdi",3.43089688831382,-1.63664628351855
"3139","Malabo",3.69464455449427,3.98661669379987
"3140","Malacca",4.8681763178216,2.61374557235284
"3141","Maladzyechna",-3.1067678758457,1.52986121205187
"3142","Malaga",-0.271552611237231,-1.81009056989054
"3143","Malakal",2.72393689011598,-2.51932784308753
"3144","Malang",4.80853014818437,1.32303318422332
"3145","Malanje",1.76987639728969,-1.07107182208427
"3146","Malargue",-2.67834575016133,-0.273671422408294
"3147","Malatya",-2.11090306502829,-2.0356444391195
"3148","Maldonado",0.287736596407809,2.87906766044266
"3149","Malegaon",1.28633644180372,-3.38861161984655
"3150","Malindi",3.25639183048216,-0.996488111784114
"3151","Mallawi",-0.47589147625261,-4.79984633883723
"3152","Malmo",-2.54099234464558,2.12388043524657
"3153","Mamou",3.55099257451151,-0.699668413434065
"3154","Man",3.28057785234329,-0.222919648628269
"3155","Manacapuru",5.10846129310546,1.94074321135821
"3156","Manado",5.92310152498146,3.39911890166282
"3157","Managua",4.15510396145845,-1.02271799184353
"3158","Manama",0.565651087257577,-3.4812424952619
"3159","Mananjary",4.48591410067949,3.74856568952012
"3160","Manaus",5.09228131587033,2.2058818194731
"3161","Manbij",-1.44605399274508,-2.92353817483759
"3162","Manchester1",-2.57002017215332,2.62710295013161
"3163","Manchester2",-1.15411709600456,3.3758419248673
"3164","Mandalay",1.7376568996654,-2.25652724530944
"3165","Mandalgovi",-5.68785833547597,-1.36033428997685
"3166","Mandali",-0.391464170931139,-4.36792518622549
"3167","Mandera",2.53310495648835,-3.73559921524446
"3168","Mandritsara",3.65025545321877,1.4365506866317
"3169","Mandurah",0.886736509956045,-0.251444069122184
"3170","Mandya",1.87134905527521,-2.50431873435993
"3171","Mangai",3.43692594403157,0.42788831089367
"3172","Mangalore",11.1434091546568,4.11071400415261
"3173","Mango",3.42486804798142,-2.28680554281082
"3174","Mangochi",1.77133157011658,-1.99460808812491
"3175","Manhattan",-2.12273718176948,-0.573604838592756
"3176","Manicore",4.83731760839895,1.82124491991593
"3177","Manila",4.69874976159957,-0.34182479873581
"3178","Manisa",-0.475099047889449,-1.44715486537121
"3179","Manizales",3.52198754072373,4.87660975575175
"3180","Manja",2.03528083531108,-2.42762487105161
"3181","Manjimup",0.31332973043622,0.6383021829559
"3182","Mankato",-3.31499114807756,0.32591569591548
"3183","Mannheim",-1.78087021792723,1.44800063572183
"3184","Manokwari",5.86963222151556,4.3324798679607
"3185","Manono",2.57063503568376,-1.56906953644048
"3186","Manpo",-3.13482570786072,0.175267713733988
"3187","Mansa",1.49984974450348,-1.9429089675609
"3188","Mansehra",0.36294561782963,0.104331354593804
"3189","Mansfield",-2.19510262457795,1.59068141210405
"3190","Manta",1.86387705385518,-1.40889212344402
"3191","Manukau",0.59498145134034,3.3145463561449
"3192","Manyoni",1.27991511573447,-2.75498889121612
"3193","Manzanillo1",3.11861240258863,-1.82081507115016
"3194","Manzanillo2",2.90025425560972,-0.602306138947074
"3195","Manzhouli",-6.01876950845363,-0.536949450224828
"3196","Mao",1.43929960465746,-4.66168068089471
"3197","Maoming",2.30849315967296,0.432764088042726
"3198","Mapai",0.913859477790142,-2.49047647006757
"3199","Maputo",1.7858736089049,-0.708584557538533
"3200","Maqat",-3.64779230987043,-1.25191978683481
"3201","Mar de Ajo",-0.227187599997183,2.3993676886374
"3202","Mar del Plata",-0.341180245074298,2.11658959152742
"3203","Maraba",5.03221613011999,0.463683696425401
"3204","Maracaibo",2.96361625295631,-2.1304281801262
"3205","Maracaju",2.18832601128047,0.23725320051183
"3206","Maradi",1.75720471165974,-4.26505942710288
"3207","Maragheh",-2.69941188746725,-2.16764173351564
"3208","Marbella",0.0150148452292223,-1.38552443996055
"3209","Mardan",0.118988759246362,-2.03643892531626
"3210","Mardin",-1.78814838793142,-2.41173672282087
"3211","Maria Elena",-0.524127754633769,-3.85767078182317
"3212","Maribor",-1.76774824855421,1.32088025683785
"3213","Maridi",2.78772289699435,-0.926154802378491
"3214","Mariental",-0.428515599308619,-3.80917362932753
"3215","Marietta",-0.26482425463942,2.05375707312869
"3216","Mariinsk",-4.76172750228668,0.834380231867577
"3217","Marilia",2.33716131853344,0.583202028437535
"3218","Marinette",-3.00708359188023,1.53715815697125
"3219","Maringa",2.06799044151533,1.25516031128542
"3220","Marion",-2.10262307248922,1.28645727102755
"3221","Mariupol",-2.43362616230768,0.562975225429852
"3222","Markala",2.28027540678035,-4.07252292283969
"3223","Maroantsetra",4.68473194567365,3.69334941590693
"3224","Maroua",2.29262031894404,-3.49294522622454
"3225","Marovoay",4.25110191733306,-1.70736014937335
"3226","Marquette",-3.37134251953418,2.10402200992909
"3227","Marrakesh",-0.653487353842749,-3.09854071038215
"3228","Marrupa",2.1988714613938,-1.50458694866576
"3229","Marsabit",2.91945607407457,-0.697869346038128
"3230","Marsala",-0.113611848543148,-0.428701318832901
"3231","Marseille",-0.845634796180253,-0.222194574796808
"3232","Martapura",5.83466120706512,3.10712333784592
"3233","Mary",-1.68406466855432,-3.51438077141333
"3234","Mary borough",1.67045454122698,0.41324352541198
"3235","Maryborough",-1.08685383904809,0.333394117293182
"3236","Marzuq",-0.628118523143035,-4.87236558584615
"3237","Masaka",2.75651655723531,0.973817486672093
"3238","Masan",-0.287543559673244,0.889822239402289
"3239","Masasi",2.25038192531409,-1.86468535091049
"3240","Mascara",-1.14895728757482,-2.0064751092395
"3241","Maseru",-1.17442590327882,-1.06685242300142
"3242","Mashhad",-2.05621512213975,-2.71925269171355
"3243","Masindi-Port",2.50737317117108,-0.188125676826362
"3244","Masjed Soleyman",-0.325499054301579,-4.35070347920597
"3245","Mason City",-3.19560097503261,0.47484618439666
"3246","Massawa",2.21342643560075,-3.40744095279417
"3247","Masterton",0.0226048118952952,2.85554315288897
"3248","Masvingo",0.349672708043148,-1.62236354902142
"3249","Matadi",2.43358434272109,-1.08341597564553
"3250","Matagalpa",2.37155431070518,-0.721290743285928
"3251","Matagami",-4.82822312786907,1.95452851609935
"3252","Matamoros",1.21297391715907,-0.962708683623191
"3253","Matanzas",2.94164619236295,0.682579245113453
"3254","Matara",5.22936208290124,2.92793823453081
"3255","Mataram",4.23421059507225,0.299643372727857
"3256","Mataro",-0.406608668763541,0.407424775313793
"3257","Matehuala",-0.159426225670618,-1.919255734972
"3258","Mathura",1.06800809028937,-3.79582819891416
"3259","Mato Grosso",2.68299497379568,-0.934715637340461
"3260","Matola",1.70896378732772,-0.838921735289257
"3261","Matruh",-0.00763478177443916,-2.07734329536678
"3262","Matsue",0.894626013904484,3.63723687102931
"3263","Matsumoto",-1.58188407465115,0.906735510527028
"3264","Matsuyama",0.406123298762697,1.19247899649378
"3265","Maturin",3.53028636676309,-0.113269814837809
"3266","Maues",4.31615937271895,1.88264066480553
"3267","Maumere",3.03541103971586,-0.6273699692728
"3268","Maun",0.301126566596274,-3.09728715040092
"3269","Mawlamyine",8.26615232311632,1.30737571620552
"3270","Maxixe",2.1803602636844,-0.0430028464707033
"3271","May Pen",3.46352085119901,0.340416288309697
"3272","Mayaguez",3.57195070302711,1.78463600754986
"3273","Maykop",-1.79567025268882,1.00931283623165
"3274","Mazabuka",0.960584973132436,-2.2122262207251
"3275","Mazar-e Sharif",-1.36240962446609,-3.38745165701732
"3276","Mazatenango",5.14695748608138,0.456180232950586
"3277","Mazatlan",2.6068508623291,-1.47096543666344
"3278","Mazyr",-2.88271028906747,1.37100853493897
"3279","Mbabane",0.372641589864661,0.199818674004198
"3280","Mbaiki",3.15415392658157,0.419098188937824
"3281","Mbala",1.11018003285119,-1.60639189843759
"3282","Mbale",2.36746800333048,0.0081849667637543
"3283","Mbalmayo",3.19329536948958,0.523576142401505
"3284","Mbandaka",3.91011139566329,2.38335562829364
"3285","Mbanza-Congo",2.60496578411609,-0.707738537752444
"3286","Mbanza-Ngungu",2.56387503895509,-0.515352646616635
"3287","Mbarara",1.90464086547842,-0.090321720909575
"3288","Mbe",3.05337160142493,-1.35069503297358
"3289","Mbeya",0.692762480795156,-1.37323511445931
"3290","Mbuji-Mayi",2.81659569644928,-0.455490484271799
"3291","Mbulu",1.00987582126119,-1.48220492891237
"3292","McAlester",-0.765588360581058,0.624909275714648
"3293","McAllen",0.749781489499839,-1.77100129654912
"3294","McCook",-2.68333976661195,-1.33807382332408
"3295","McGrath",-4.81016184009624,1.37720568187484
"3296","Meadow Lake",-4.77314799545758,0.663270722981943
"3297","Medan",5.65963860904805,3.62997505885596
"3298","Medani",1.96101991327633,-4.66494346729549
"3299","Medea",-0.927400303735316,-0.862973624091762
"3300","Medellin",2.60720492246417,2.33859476834732
"3301","Medford",-1.66263917107421,-1.18172105146778
"3302","Medicine Hat",-3.92288114013399,-0.344274197032967
"3303","Medina",0.444873824108349,-5.0286214716592
"3304","Medinipur",2.43061594586324,-1.72268267877152
"3305","Mednogorsk",-4.52821776005381,0.618714406346439
"3306","Meekatharra",-0.151970358452343,-3.03719224253744
"3307","Meerut",1.23157417310939,-3.10015330515734
"3308","Megion",-5.30220147840729,1.58622997214261
"3309","Meiganga",2.57845355921038,-0.880350398649484
"3310","Meizhou",1.145550441942,-0.037438825767339
"3311","Mejillones",0.60932229808021,-3.59519584096029
"3312","Mekambo",3.20680039099998,0.863341463027881
"3313","Mekele",1.00874510016112,-2.22220323635554
"3314","Meknes",-0.464595704578888,-1.93647849490304
"3315","Mekoryuk",-4.1399255604431,2.78295206839849
"3316","Melbourne1",1.98888715590713,0.936750159440598
"3317","Melbourne2",-0.43605855739484,1.40924194253719
"3318","Melilla",-0.204473001155696,-0.974737048828515
"3319","Melitopol",-2.40853926919696,0.156409354606422
"3320","Melo",0.404461944788186,1.87519170810638
"3321","Melton",-0.746392885332645,0.913823846586801
"3322","Melun",-1.7657562966343,1.59381505315199
"3323","Melut",2.645488155479,-2.94537615788022
"3324","Melville",-4.98078562476091,0.785972808784005
"3325","Memphis",-0.300384408156772,1.64652014902561
"3326","Mendi",3.65578480799787,6.47212063909682
"3327","Mendocino",0.396817153584729,0.579905166347732
"3328","Mendoza",-1.48634616140303,-1.67333417542531
"3329","Mengzi",0.201331669437151,-0.353176944489675
"3330","Meningie",-0.54781832585126,-0.0637049877972354
"3331","Menongue",0.707029410844195,-2.21618226072976
"3332","Merauke",3.89580168672092,-0.0349029781830485
"3333","Merced",-0.820281942698264,-2.77144778797068
"3334","Mercedes1",-0.0430625563901113,1.19443066938921
"3335","Mercedes2",-0.592533747046951,-0.485630300095102
"3336","Mercedes3",0.376513794715169,1.33145991264601
"3337","Mercedes4",1.06277327963938,0.827697015961406
"3338","Merida",2.60958563378224,-1.18310210906371
"3339","Meridian",0.240334663294007,1.57733163136456
"3340","Merimbula",0.0869707954118621,1.71589341715606
"3341","Merowe",1.02294224678449,-5.97906017842165
"3342","Merredin",-0.807778974390526,-1.74452921193085
"3343","Meru",2.4516975786248,-0.751329580189934
"3344","Mesa",-0.0687068654138576,-3.8154826399552
"3345","Messina",-0.334612685835282,-0.576042515834962
"3346","Metairie",1.60807848432475,2.58490243316684
"3347","Metz",-2.0517432370577,1.91625988714529
"3348","Mexicali",-0.377636631606203,-4.12676392976935
"3349","Mexico City",-0.0913768657390817,-1.26261688017727
"3350","Meymaneh",-1.89683431537805,-2.61652314034189
"3351","Mezen",-4.65073874087139,2.11112830923372
"3352","Miahuatlan",0.706123006151836,-1.4424934537376
"3353","Miami",2.58695121587701,1.09583362093177
"3354","Miami Beach",2.63001858066966,0.971097853811087
"3355","Miandrivazo",2.74072105114539,-2.35364232307124
"3356","Mianyang",-0.157017916432973,-0.405912936891162
"3357","Miass",-4.29936018645191,1.09166532683198
"3358","Michurinsk",-3.49046309446757,1.18326993634289
"3359","Middelburg1",-1.41709942517836,-1.78886150389586
"3360","Middelburg2",-0.693850336221395,-1.43675969909723
"3361","Middlesbrough",-1.67924030852572,2.35513812969256
"3362","Midland",-1.43367817561163,-2.06221464997276
"3363","Mikhaylovka",-3.56548480779584,0.445754006710284
"3364","Mikumi",2.29882623432121,-1.09536018049281
"3365","Milagro",4.11195135297227,-0.783067178640883
"3366","Milan",-1.22902799414548,1.50686585825423
"3367","Mildura",-1.14152930095357,-1.04997237186271
"3368","Miles City",-3.49189078886635,-1.3677526429371
"3369","Millerovo",-3.14517758416242,0.501544483006094
"3370","Milwaukee",-2.60997785920366,1.32849482885748
"3371","Minas",0.0697166372520067,2.20455054569704
"3372","Minatitlan",4.6029160077917,1.29150753994273
"3373","Mindelo",1.20265127030874,-1.47083233033603
"3374","Mineiros",2.48307395074009,-0.444818113998619
"3375","Mingan",-3.85519949299356,4.12943250225025
"3376","Minna",3.47500508885539,-1.69068351640717
"3377","Minneapolis",-3.31248193254566,0.430995781504714
"3378","Minot",-4.35961107933281,-0.0439854882683163
"3379","Minsk",-3.1054897028976,1.63778989390512
"3380","Minxian",-3.6145587226082,-0.417979652563859
"3381","Miracema",2.2892003313911,-0.843450005718809
"3382","Miri",6.39156026200003,5.21555277355463
"3383","Mirnyy",-7.4049715321385,1.29118671141253
"3384","Mirput Khas",0.593855836815655,-4.74039948080517
"3385","Mirzapur",1.83744915839333,-2.83267098447122
"3386","Mishan",-4.43259646993333,0.0704956348343519
"3387","Miskolc",-2.46208028200076,0.536593670540081
"3388","Misratah",0.0216978731684366,-2.24855009972844
"3389","Missoula",-3.06806646770914,-0.249137647235272
"3390","Mistassini",-4.46802796275762,2.67519209550732
"3391","Mitchell",-3.43144001141854,-0.581926371489553
"3392","Mitilini",-0.301626728297208,-0.793464823368128
"3393","Mitla",0.290174630087771,-1.36988905434221
"3394","Mito",-0.295976371401475,1.46158369345212
"3395","Mityana",2.76795597538923,1.53564087946868
"3396","Mitzik",3.25901125100731,0.515642637495835
"3397","MÌùnster",-1.72056428204313,1.93356221382278
"3398","Miyazaki",2.08421411141537,2.66232423237451
"3399","Mizdah",-1.00761132728685,-3.26924150886015
"3400","Mmabatho",-0.62489897432637,-1.96661791142574
"3401","Mo i Rana",-2.07132797494962,4.08757207041961
"3402","Moab",-3.00115502561064,-1.95391605524613
"3403","Moanda1",2.38311148603242,-0.73171221079788
"3404","Moanda2",3.53596725442429,0.750744902186586
"3405","Moba",2.35119135603615,-0.883699874688666
"3406","Mobile",1.43256132894449,2.3084293158237
"3407","Mobridge",-3.74344581102945,-0.756091548519508
"3408","Mocambique",2.75116617074885,-1.11669199786185
"3409","Modena",-1.53230216783081,0.684565514076053
"3410","Modesto",-0.928421242328387,-2.43221131922883
"3411","Moengo",4.90734482886002,2.33502565200996
"3412","Mogadishu",2.53734006698731,-2.0925603657465
"3413","Mogocha",-6.60955646877128,0.27574230391823
"3414","Mojokerto",5.06236090580439,0.390658057899137
"3415","Mokpo",-0.273133401862641,1.55268402122305
"3416","Molde",-0.551128544917392,4.97669451500828
"3417","Molepolole",-0.492149919152027,-2.34893248315388
"3418","Mollendo",0.886586828799827,-2.2861135335872
"3419","Moloundou",2.9818196518957,0.143576807981114
"3420","Mombasa",3.17376394194216,-0.73859287667437
"3421","Monaco",-0.625450569686738,0.486382680794338
"3422","Monchegorsk",-4.47761711601242,2.09109367442376
"3423","Monclova",-0.142255141780967,-2.84243312486338
"3424","Moncton",-3.00595572528511,3.55745118930884
"3425","Mongbwalu",2.37095978550902,1.32504091649625
"3426","Mongo",2.22973403491957,-3.63006108317577
"3427","Mongomo",3.34161562158341,1.2654064165673
"3428","Mongu",1.16051144739564,-2.55446184751374
"3429","Monroe",0.426823366277649,1.25255538662112
"3430","Monrovia",6.79156864881778,2.87833264339938
"3431","Mont-Laurier",-3.75010192219788,2.21080090037876
"3432","Monte Cristi",2.64155691474919,-0.172541048476964
"3433","Montego Bay",3.48736327741226,1.0727965970838
"3434","Montemorelos",1.08595790463702,-1.72523332536024
"3435","Montepuez",2.09360289577079,-2.04986299504131
"3436","Monterey1",-0.372995639888077,-0.487577131762853
"3437","Monterey2",-0.20574870589411,-0.250520736411791
"3438","Monteria",4.11638021663106,0.0600108960242923
"3439","Montero",2.81903823723915,0.491114024474541
"3440","Monterrey",0.667423431379117,-2.21605309176687
"3441","Montes Claros",2.28900208723661,-1.47585445609714
"3442","Montevideo",0.210673218234088,2.21012599252888
"3443","Montgomery",0.270283535086562,1.42631078566008
"3444","Monticello",-3.10957991601906,-1.37047155730885
"3445","Montpelier1",-3.48199501474019,-0.433979995044814
"3446","Montpelier2",-2.97830183537659,2.0475705878457
"3447","Montpellier",-0.352286989901289,0.472582618451364
"3448","Montreal",-3.05176841749355,2.28434113439002
"3449","Montrose",-3.32528505830818,-1.09224249345582
"3450","Monywa",1.63254359985935,-2.36579415068162
"3451","Moorhead",-4.12889370665406,0.117853317783962
"3452","Moose Jaw",-4.59695625608466,0.0954102484379999
"3453","Mopti",2.03226281793603,-4.34798376383457
"3454","Moquegua",0.0129109662004631,-2.55941091034236
"3455","Moradabad",1.49624667933912,-2.89045160204476
"3456","Moranbah",0.902173754190262,-1.63218116514085
"3457","Moratuwa",5.93092781626149,3.54012034486371
"3458","Morawa",-0.388897412076732,-2.22164439497652
"3459","Moree",-0.1080849809671,-0.841972340584623
"3460","Morelia",0.351577314749888,-1.88392472222154
"3461","Morgantown",-1.72285895961684,1.69755246707729
"3462","Morioka",-1.23353830351272,1.99644151552007
"3463","Morogoro",2.07694504864054,-0.999019997278356
"3464","Moron1",3.05066950220248,0.172394848103452
"3465","Moron2",-5.75735492451613,-0.591849507272446
"3466","Morondava",2.87236256098437,-1.7331790903339
"3467","Moroni",4.48072646567702,2.69767047902827
"3468","Moroto",1.34671257857318,-1.8434636380176
"3469","Morrinhos",2.67315381092125,-0.883200675205744
"3470","Morshansk",-3.39959375386817,1.04437823994098
"3471","Moscow",-3.36103541194042,1.63196185740608
"3472","Moshi",1.96646761505813,-1.18645771350392
"3473","Moss",-2.41134826029547,2.55831968434979
"3474","Mossel Bay",-0.139342152003258,0.127796177589704
"3475","Mossendjo",2.99810568550738,-0.0544631145764404
"3476","Mossoro",3.5013474875092,-2.81550256710049
"3477","Mostaganem",-0.242609176898268,-1.74025064637462
"3478","Mostar",-0.519330194518096,0.991203675173518
"3479","Mosul",-0.933426114924353,-3.76561416810564
"3480","Motul",2.5657051812402,-1.10653105968369
"3481","Motupe",2.18363364833521,-2.8349158803009
"3482","Mouila",3.79640868169742,0.133231147823555
"3483","Moundou",3.15141555382052,-2.31430973106145
"3484","Mount Barker",-0.42693693599062,0.516155119921073
"3485","Mount Gambier",-0.313898199967215,1.01029648696693
"3486","Mount Isa",0.714632045076313,-3.07414251827081
"3487","Moyale",1.85523582217106,-1.80729292623909
"3488","Moyo",2.52489270842896,-0.996582611627222
"3489","Moyobamba",2.51500124231811,1.27630448186082
"3490","Mozdok",-2.38283146266838,-0.298416562053179
"3491","Mozhga",-4.11879671777033,1.34070634390717
"3492","Mpika",1.12128984467397,-1.79975908469184
"3493","Mpwapwa",1.19670163720896,-2.07738435544072
"3494","Mt. Hagen",3.46553893412694,4.67986960850741
"3495","Mt. Shasta",-1.34784539203997,-0.491580395667521
"3496","Mtsensk",-3.43839318867789,1.40592685238974
"3497","Mtwara",3.17657993295173,-0.477142975840162
"3498","Muar",5.02067050832625,3.06019645128349
"3499","Mubende",2.39268916840331,0.776456533856479
"3500","Mubi",2.00072816687798,-2.67839020148223
"3501","Muconda",1.93162834645546,-1.30035501361025
"3502","Mudangiang",-4.45366994244484,-0.146465938672812
"3503","Mudgee",-0.788689107819906,0.304814829478482
"3504","Mudon",8.36627667498093,1.44182534434238
"3505","Mufulira",1.60975425588105,-1.70350015171977
"3506","Mugla",-0.49652724989875,-0.992459853548256
"3507","Muglad",1.97004685430121,-3.75932895515941
"3508","Muisne",3.04362310681604,-0.281565980705959
"3509","Mulhouse",-1.45845247767311,1.85635212603118
"3510","Multan",0.142637347019648,-4.25479259067621
"3511","Mumbai",6.79952443398097,-0.31910352251049
"3512","Mumbwa",0.925637123071707,-2.23258741047714
"3513","Munchon",-1.4240860983721,1.04045129027005
"3514","Muncie",-2.08352432207905,1.48027090342008
"3515","Munich",-1.7965360973519,1.97533033210255
"3516","Murcia",-0.487677511742857,-1.83968507456677
"3517","Murfreesboro",-0.748048059010734,1.8282734577304
"3518","Muriae",2.39338208481866,-0.69565445752069
"3519","Murmansk",-4.05114988762825,2.39538984797166
"3520","Murom",-3.5678405455604,1.20379869133444
"3521","Muroran",-1.39327731959004,2.81087992622885
"3522","Murray Bridge",-0.799287552529197,-0.394516265686707
"3523","Mus",-2.47229727591192,-1.53775859716252
"3524","Musan",-3.97908201688265,0.0838383862616977
"3525","Muscat",1.28385220606436,-3.88791016722358
"3526","Mushie",3.64922315290893,0.504433821303653
"3527","Musina",0.422780109979456,-2.41350708872797
"3528","Muskegon",-2.52330379380682,1.80806857119419
"3529","Muskogee",-0.966804022707872,0.339792973882351
"3530","Musoma",2.38017438441348,-0.457408287287457
"3531","Muswellbrook",-0.365662035085811,0.121055112382869
"3532","Mutare",0.991806063958593,-0.526136933276483
"3533","Muyinga",1.79991551788921,-0.561532719528182
"3534","Muzaffarnagar",1.28750588128415,-3.01245159808661
"3535","Muzaffarpur",1.9402163341591,-1.93548433813441
"3536","Mwanza",2.41712246466276,-0.547866651544289
"3537","Mweka",3.16333242321437,0.679047498106338
"3538","Mwene-Ditu",2.95014748015829,-0.123691921810696
"3539","Mwenga",2.9211377940677,0.769013751532097
"3540","Mwingi",2.06032348067011,-1.99047409618537
"3541","Mwinilunga",1.34634763800567,-1.51517057073775
"3542","My Tho",3.41220938413311,-1.41574224927451
"3543","Myeik",7.04639152603516,1.3653439528232
"3544","Myingyan",1.48741224726834,-2.58343162513037
"3545","Myitkyina",4.05783891743702,0.766988276555937
"3546","Mykolayiv",-2.57289832674497,0.209639467787075
"3547","Mymensingh",4.18058276001561,1.1050667910852
"3548","Myrtle Beach",1.01637115267151,2.08616919139552
"3549","Mysore",1.73423205651743,-2.29859549814816
"3550","Mzuzu",1.0856842527847,-0.526612007293869
"3551","Naberezhnyye Chelny",-4.1184934262951,1.0500559293014
"3552","Nabeul",-0.219530553233642,-1.18749229758669
"3553","Nabire",7.32766498892108,7.57689363729341
"3554","Nablus",-0.454381813074571,-1.85325758163818
"3555","Nacala",2.8256840293038,-1.10432610232581
"3556","Nacaome",3.94903771587644,-2.15597275069142
"3557","Nadym",-6.08395446625726,2.09145532084659
"3558","Naga",5.28195986275217,2.53908942117765
"3559","Nagano",-1.2716356373164,1.28275768107482
"3560","Nagaoka",-0.0572063398575788,3.51350618032953
"3561","Nagasaki",1.92209695630601,3.35985299374453
"3562","Nagele",1.62600896589644,-1.64850313646171
"3563","Nagercoil",3.23121323482273,-0.816930307904393
"3564","Nagoya",0.37506423494952,1.64806051034307
"3565","Nagpur",2.50958700738442,-3.11670745932596
"3566","Naha",3.21484306992401,4.27235598616536
"3567","Nain",-5.05339554495049,4.04667412919399
"3568","Nairobi",1.29144595000691,-0.743740721602237
"3569","Naivasha",0.761694813758237,-0.318015902552807
"3570","Najran",0.0574584759517158,-4.08965668128841
"3571","Nakhodka",-3.05406681271031,1.18411143713196
"3572","Nakhon Phanom",3.99586594670515,-0.241852937379813
"3573","Nakhon Ratchasima",2.74798048288397,-1.5840161045278
"3574","Nakhon Sawan",2.98223302985824,-1.99511838240981
"3575","Nakhon Si Thammarat",5.34722382660741,1.6422249610715
"3576","Nakuru",1.12610978265287,-0.426653844950008
"3577","Naltchik",-2.31089075816407,0.162426270877439
"3578","Nalut",-1.2216081375085,-3.01829937651788
"3579","Nam Dinh",2.78501591729487,0.475888068689225
"3580","Namanga",1.35901432391984,-1.77618532996219
"3581","Namangan",-2.11844985006308,-1.88200381309735
"3582","Namibe",1.05559140199215,-3.09852281151351
"3583","Nampo",-1.33069091740065,0.372204792375369
"3584","Nampula",2.31693774045508,-1.56612027125032
"3585","Namtu",1.30669276567895,-1.1943574489836
"3586","Namur",-1.72699697646678,2.28880961546835
"3587","Nan",2.77449435129278,-1.11780440513131
"3588","Nanaimo",-0.651602598677055,1.65547471232829
"3589","Nancha",-4.82981274629204,0.0582190511685519
"3590","Nanchang",0.752584684134241,0.776682736318885
"3591","Nanchong",-0.0238235396874999,-0.397883731614538
"3592","Nancy",-2.02120320069724,1.91517735728595
"3593","Nanded",2.32798276223773,-3.38590530379536
"3594","Nandi",4.15675251080301,2.04150599415957
"3595","Nandyal",2.2679965394245,-3.33499734438457
"3596","Nangong",-1.85524088280392,-1.62910924447244
"3597","Nanjing",-0.690280810368416,0.121317985393628
"3598","Nanning",1.40447741073635,-0.0735510088898182
"3599","Nanping",0.871459232628164,-0.0385728750511824
"3600","Nantes",-1.0996888521204,1.49330599081716
"3601","Nantong",-0.470442570951692,0.586664535924527
"3602","Nanuque",2.35796187614876,-0.476082083364481
"3603","Nanyang",-1.04559520994011,-0.628066426854161
"3604","Nanyuki",0.747236756723653,-0.455096098312361
"3605","Naples1",2.32307328017048,0.425031424094798
"3606","Naples2",-0.183102851062623,0.0137274708381872
"3607","Nara",1.88013366967061,-4.58222923909979
"3608","Narathiwat",6.23063353880999,2.3559165167377
"3609","Narayanganj",3.25730203453458,0.173178190659496
"3610","Narrabri",-0.0982264658804105,-0.513869653385092
"3611","Narrogin",-0.779352966316689,-0.96510461777294
"3612","Narsarsuaq",-4.41601615098164,3.39440449774902
"3613","Narva",-3.12463894573792,1.84171309810828
"3614","Naryan Mar",-5.32511289301808,2.29850791816116
"3615","Naryn",-4.64769337351983,-0.329957929122231
"3616","Nasca",1.07729506931825,-2.99234226920205
"3617","Nashville",-0.849454854733448,1.6843381996464
"3618","Nasik",1.96060728146662,-2.84705544636478
"3619","Nassau",2.71123854598337,0.59020437248919
"3620","Nata",0.28893485799956,-3.08392149121047
"3621","Natal",3.58814316794639,-0.683584565116611
"3622","Natchez",0.516070275939934,1.77737864540636
"3623","National City",-0.334438985799874,-2.12936888249137
"3624","Natitingou",3.32385448487176,-1.63312724861303
"3625","Nautla",3.13646939069368,1.23711784854895
"3626","Navajoa",1.12539124262335,-2.85156092715815
"3627","Navoi",-2.29146423726704,-2.75585789111961
"3628","Navsari",4.66625888376518,-1.80746927465914
"3629","Nawabganj",2.32312577810534,-1.31765569605103
"3630","Nawabshah",0.610894917360051,-5.11682131031236
"3631","Naxcivan",-2.20116941078397,-1.76911308369783
"3632","Naypyidaw",2.66847158405304,-1.982054968864
"3633","Nazareth",0.0409014321908068,-1.58330307458825
"3634","Nazret",1.07045200999243,-1.31436383397384
"3635","Nazyvayevsk",-4.94130598813847,0.563210398917942
"3636","Nchelenge",1.63680401730731,-1.89864628315958
"3637","Ndalatando",2.11983798412582,-1.27822290668673
"3638","Ndele",2.95409512098926,-1.98173902651774
"3639","Ndende",3.34086351984316,-0.302481606019615
"3640","Ndjamena",1.90808943033416,-4.20209856844038
"3641","Ndola",1.55168835660504,-1.73064403153192
"3642","Necochea",-0.669621599028285,1.5222429079927
"3643","Needles",-0.543704352680735,-4.04305318470193
"3644","Neftekamsk",-4.19264542818267,0.988103891057125
"3645","Nehe",-5.01194813166225,-0.171631706737618
"3646","Neiafu",4.51193263722434,4.45196522759092
"3647","Neiba",2.4181795465161,-1.56171194150824
"3648","Neijiang",0.211982605324154,-0.182237641570546
"3649","Neiva",3.24253785436606,0.0439124366877638
"3650","Nekemte",2.56634477895515,1.04391103753752
"3651","Nelidovo",-3.24216768692632,1.80037861008404
"3652","Nellore",3.02409149715293,-2.04432315949839
"3653","Nelson1",0.282972082059693,3.70012617710918
"3654","Nelson2",-3.00515133646356,0.336273286313331
"3655","Nelspruit",0.34468331671602,-1.10031979480783
"3656","Nenana",-5.10343844082528,0.629619036605187
"3657","Nenjiang",-5.2463763472066,-0.043685546423702
"3658","Nepalganj",2.06834320424058,-2.02646621125547
"3659","Nephi",-3.08443196925468,-1.22537179859385
"3660","Nerchinsk",-6.25523182935284,-0.306943972316654
"3661","Neryungri",-6.51822895062346,1.67089356467304
"3662","Neuquen",-1.51804934833935,-1.52375044962824
"3663","Nevelsk",-3.0351751255625,2.86388272903437
"3664","Nevers",-1.6215396789907,1.89062225760653
"3665","Nevinnomyssk",-2.39042998250295,0.0702006553400531
"3666","Nevyansk",-4.40775446013704,1.00451648935922
"3667","New Albany",-1.19325349865867,1.42278281823189
"3668","New Amsterdam",4.17083014653153,1.17295530686356
"3669","New Bedford",-1.44224458691189,3.3099513226388
"3670","New Braunfels",-0.126042077085581,-0.485523837846292
"3671","New Delhi",1.10341273545605,-3.23486115903529
"3672","New Glasgow",-2.46399448387562,3.58074376773464
"3673","New Haven",-1.88752336870274,2.82731955457498
"3674","New Iberia",1.36277487346695,2.54579784937638
"3675","New Liskeard",-4.38791360167918,1.80153913491454
"3676","New London",-1.55326314049877,3.02052068942229
"3677","New Orleans",1.62049130695792,2.61244185093023
"3678","New Plymouth",2.09478838437401,6.75729158338823
"3679","New York",-1.40410841700039,2.55649980861938
"3680","Newark",-1.23240215235058,2.39402940583675
"3681","Newcastle",-1.08787764588845,2.42621440642666
"3682","Newman",0.63988314424222,-3.57115290976117
"3683","Newport",-1.2465308125639,3.5225384215526
"3684","Neyshabur",-2.25572301406176,-2.60635724963815
"3685","Nezahualcoyotl",-0.0859453043487837,-1.38311463665273
"3686","Ngaoundere",2.44480610807238,-0.872580939873228
"3687","Ngara",1.58816051634747,-0.961260170161309
"3688","Nguigmi",1.3441650198742,-4.97407394295683
"3689","Nguru",1.77448926928273,-4.31986736125572
"3690","Nha Trang",3.7477942734567,-0.582029926649568
"3691","Niagara Falls",-2.46439158992176,2.22615640271622
"3692","Niamey",2.17833179528002,-4.32661496494154
"3693","Nice",-0.484972745281533,0.379898911159482
"3694","Nicosia",-0.143755048336522,-1.20171150925117
"3695","Nicuadala",2.912841776425,-0.523912283711733
"3696","Nieuw Nickerie",4.21523157218495,1.0380166445541
"3697","Niigata",0.0311382642544172,3.76010703688158
"3698","Nikel",-4.13264550570489,2.31752075548049
"3699","Nikolayevsk",-3.69335494341076,0.172491811563841
"3700","Nikolayevsk na Amure",-5.38858666644817,2.01295937330059
"3701","Nikopol",-2.60721120791107,0.37537632136651
"3702","Nimes",-0.56643770195019,0.207790904950939
"3703","Nimule",2.56788867735311,-1.63744568341162
"3704","Ninde",1.32236724668931,1.15486483424278
"3705","Ningan",-4.42911926833554,-0.230298372929304
"3706","Ningbo",0.255541463947458,1.14864545327346
"3707","Ninh Binh",2.94231674803339,0.400196564373872
"3708","Nioro du Sahel",2.0397827660259,-4.52271425049489
"3709","Nipigon",-4.14886828278792,2.38243303844881
"3710","Niquelandia",2.73347274521455,-1.40726546794987
"3711","Nis",-1.87053078681595,0.171761344604992
"3712","Niteroi",2.83425637473775,1.06789182730361
"3713","Niyala",1.47893759316856,-3.87679612292397
"3714","Nizamabad",2.58341554404098,-3.24851052326249
"3715","Nizhenvartovsk",-5.32709385671452,1.51123588864201
"3716","Nizhnekamsk",-4.07875037660319,1.09551680394807
"3717","Nizhneudinsk",-4.94003649290575,0.172015893330922
"3718","Nizhny Novgorod",-3.62837716019225,1.36504391386401
"3719","Nizhny Tagil",-4.36603785638374,1.16805189212872
"3720","Nizhnyaya Tura",-4.43213817644726,1.37021013094971
"3721","Nizhyn",-2.84740506275738,1.24736463164923
"3722","Nizwa",0.600040141060792,-4.46397689549751
"3723","Njombe",0.636905742871459,-0.812050915173866
"3724","Nkawkaw",3.1835632221989,-0.474243896628643
"3725","Nkhata Bay",2.3771467306968,-0.555791651270068
"3726","Nkhotakota",2.65904518779142,-1.14865305119396
"3727","Nkongsamba",4.21446418668187,1.30738087431898
"3728","Nogales",-0.591459330692085,-2.80367862721065
"3729","Noginsk",-3.36662087523116,1.57240994612327
"3730","Nola",2.66343247733748,-0.11951414610929
"3731","Nome",-4.98460400274231,2.7833356647284
"3732","Nong Khai",3.44879645180096,-0.750409911836926
"3733","Nongan",-4.13382219398596,-0.394711448427149
"3734","Nonthaburi",3.51555100629501,-1.45854231751718
"3735","Norfolk1",-0.161561769931049,2.32513376454629
"3736","Norfolk2",-3.00500198194053,-0.445624588171636
"3737","Norilsk",-6.8082322062548,2.9692836296589
"3738","Norman",-1.14279963946826,-0.342549554740242
"3739","Norman Wells",-5.96592208581793,0.978099792310907
"3740","Norrkoping",-2.75201653214869,1.6307798169913
"3741","Norseman",-0.947076155183993,-0.880256536150588
"3742","North Battleford",-4.80651397723764,0.47988474912667
"3743","North Bay",-3.62386404718625,2.22750541482384
"3744","North Platte",-2.96200310445434,-1.24180367760292
"3745","Northam",-0.305897897131525,-1.74163718551873
"3746","Norwich",-1.69951259368562,2.47913546027092
"3747","Nottingham",-1.85928142162275,2.37803090443118
"3748","Nouadhibou",0.72131958598197,-1.94411727957353
"3749","Nouakchott",1.5204196752371,-3.83104303946738
"3750","Noumea",2.47388904425384,1.75221423579413
"3751","Nova Cruz",3.01602476407197,-1.20553869906353
"3752","Nova Friburgo",2.21725986649277,1.51742503216949
"3753","Nova Iguacu",2.57915734878499,0.398611589650509
"3754","Nova Lima",2.26318261853696,-0.246974295488514
"3755","Nova Vicosa",3.2373028147459,1.86539260110576
"3756","Novara",-1.32397023733822,1.11370783996509
"3757","Novi Sad",-2.03344304521736,0.458096378176003
"3758","Novo Airao",5.25019615895343,2.56241618458281
"3759","Novo Hamburgo",1.42810429825632,2.32649850502332
"3760","Novo Horizonte",2.50062225415048,-0.0656104140197599
"3761","Novoaltaysk",-4.70227528463631,0.816693639703892
"3762","Novocherkassk",-3.0138182903581,0.670347985719196
"3763","Novokuybishevsk",-3.99373985493516,0.629745604711019
"3764","Novokuznetsk",-4.49611688828085,0.985708976748034
"3765","Novomoskovsk",-3.52915161850657,1.25239034644989
"3766","Novorossiysk",-1.68904708775369,1.00702679875042
"3767","Novoshakhtinsk",-3.2414607769144,0.778965448627329
"3768","Novosibirsk",-4.95624487710388,0.857915372210093
"3769","Novotroitsk",-4.54648521409258,0.396416104459869
"3770","Novozybkov",-3.04188250505116,1.30776402976567
"3771","Novyy Urengoy",-6.48126561054731,2.13077428081297
"3772","Nowra",0.767797511443076,2.31692657139417
"3773","Nowy Sacz",-2.33656886489303,1.35355510200638
"3774","Nsukka",3.56012435943402,-0.622925246325001
"3775","Nueva Gerona",3.156132142786,0.699290120396353
"3776","Nueva Imperial",-0.195160205429116,0.870415073914155
"3777","Nueva Rosita",-0.105363661312545,-2.2613002055427
"3778","Nueve de Julio",-0.372152216369958,0.624884413637696
"3779","Nuevitas",2.97848979341306,0.195155479239949
"3780","Nuevo Casas Grandes",-0.915726000610896,-2.90744916497574
"3781","Nuevo Laredo",0.263136115827954,-2.05607536436884
"3782","Nukualofa",3.28467433365501,3.49744735679786
"3783","Nukus",-2.97901979548951,-2.37863218305217
"3784","Numan",2.27915034412476,-3.33766887874859
"3785","Nuqui",10.1939659318854,12.0770875570129
"3786","Nurnberg",-2.21159930114797,1.44282659029786
"3787","Nusaybin",-1.31543690843658,-3.13831674957277
"3788","Nyagan",-5.19188139503469,1.69296614433894
"3789","Nyanza",1.94918672251627,-0.176922915265625
"3790","Nyimba",1.25422375823489,-2.6306282697695
"3791","Nyiregyhaza",-2.33674289154518,0.593512229195293
"3792","Nyunzu",2.38479754322321,-1.35229878998059
"3793","Nzega",1.99166296875873,-1.77458065989936
"3794","Nzerekore",3.52500683477752,0.16018090308833
"3795","Nzeto",2.10746631461879,-1.30799712537488
"3796","Oak Ridge",-0.818323138509922,1.94620926857793
"3797","Oakland",-0.535900412605535,-0.904270766274454
"3798","Oamaru",-1.25991971355666,1.98129551553537
"3799","Oatlands",-1.34411698996848,1.48407735842123
"3800","Oaxaca",0.314296629154042,-1.70270220911145
"3801","Ob",-4.95864970124981,0.717249179259702
"3802","Obando",6.56470354478487,4.62760231437478
"3803","Obidos",4.72557098824904,0.809655769646289
"3804","Obihiro",-2.34233813155481,1.87855643253895
"3805","Obninsk",-3.31565623011624,1.65558350077256
"3806","Obo",2.91860561331913,-0.97978972547704
"3807","Obock",1.88320367230629,-3.35434462162019
"3808","Obuasi",3.42702315134117,-0.473467861295469
"3809","Ocala",1.46832060528881,0.89262464017575
"3810","Ocana",2.25738130610349,0.469919997705209
"3811","Oceanside",-0.333893232090958,-2.08744641672947
"3812","Ocumare del Tuy",3.05240829944031,-0.900346661516078
"3813","Odense",-2.363435473771,2.4934936824926
"3814","Odessa1",-1.44068662552714,-2.15849867996985
"3815","Odessa2",-2.20201657347896,0.349509895942921
"3816","Odienne",3.24528953480338,-1.19161737031939
"3817","Ogbomosho",2.71807627381875,-1.22793923744362
"3818","Ogden",-2.61245872766115,-1.20283785154768
"3819","Oita",0.96657189380652,1.65298593185735
"3820","Ojinaga",-0.463487111916965,-2.74631999826447
"3821","Okahandja",-0.213384387900502,-3.25798082311123
"3822","Okara",0.222921575241532,-4.02557578022953
"3823","Okayama",-0.140709406812552,0.36173873824968
"3824","Okha",-4.94842447350841,2.75599109060697
"3825","Oklahoma City",-1.29105250740732,-0.599013609813914
"3826","Oktyabrsk",-5.1038712846303,0.345103385026208
"3827","Oktyabrskiy",-4.18354511266473,0.747117051815257
"3828","Olavarria",-0.742007570518657,0.765961421382545
"3829","Olbia",-0.451941465848311,-0.442809631925397
"3830","Oldenburg",-1.6302447164733,2.16587988235232
"3831","Olgiy",-6.32655687844608,-0.622260087772691
"3832","Olinda",4.65588741278618,1.47661451421525
"3833","Olmaliq",-1.81157551314583,-2.06424665917632
"3834","Olmos",2.15305791266229,-2.82209873195181
"3835","Olomouc",-2.29717492787069,0.999091670067388
"3836","Olongapo",6.80620005852762,0.539046654442298
"3837","Olovyannaya",-5.90900411937549,-0.358209434330946
"3838","Olsztyn",-2.62046448268582,1.46798671868984
"3839","Olympia",-0.295469232463891,1.00687196091958
"3840","Omagh",-0.950751919989712,3.46740276403512
"3841","Omaha",-2.60506819610754,-0.14888396188949
"3842","Omdurman",1.51933231691024,-5.23903086144065
"3843","Ometepec",3.66913230055919,-1.53985462107724
"3844","Omsk",-4.97697047263135,0.567452822783161
"3845","Omutninsk",-4.26566616493147,1.67384462305505
"3846","Ondjiva",0.691770648943365,-3.09048088818189
"3847","Ondo",3.43796110989532,-0.279139991533818
"3848","Ondorhaan",-5.81881691548254,-0.863956499170184
"3849","Onega",-4.10526346229892,2.23375540999884
"3850","Ongjin",-0.893326548864187,0.868837105760361
"3851","Ongole",2.75749907336032,-2.32085335575215
"3852","Ongwediva",0.650100759799004,-3.212609812746
"3853","Onitsha",4.31331741095084,0.0835978264054494
"3854","Ontario",-2.67529699226529,-1.76165464426371
"3855","Oostanay",-4.77145830540765,0.126127563475217
"3856","Opobo",4.76774347239244,1.34397476383975
"3857","Opole",-2.25768133361361,1.15193409068824
"3858","Oradea",-2.15753764436925,0.658541505481565
"3859","Oral",-4.11151727858733,0.00580742304654715
"3860","Oran",-0.338188292255263,-1.54393071780512
"3861","Orange",-1.37742224240847,1.18682752504535
"3862","Orange Walk",3.27775270880117,0.170011568966362
"3863","Orangeburg",0.130457759920187,1.10718462706674
"3864","Orangeville",-3.16360221399715,1.93063088448995
"3865","Oranjemund",-0.242569788880984,-1.87061964528903
"3866","Oranjestad",2.25272028223767,-1.19093068340656
"3867","Ordu",-0.850645545850513,1.55481716658606
"3868","Orebro",-2.78900632594607,1.73651158416288
"3869","Orekhovo-Zuevo",-3.40010019229219,1.41682462042139
"3870","Orel",-3.33004323913932,1.42019349614133
"3871","Orenburg",-4.28881398177074,0.369844437498356
"3872","Orillia",-3.61438954723391,2.40226146936806
"3873","Oriximina",5.13481648440773,1.65401706836139
"3874","Orizaba",1.78969785730368,0.325191485005118
"3875","Orlando",1.58475748646557,0.706961098074641
"3876","Orleans",-1.77407903418015,1.59360862801212
"3877","Orlu",4.37034884923631,0.341665017770817
"3878","Ormac",4.45682421172074,1.97059846719822
"3879","Ornskoldsvik",-3.11557143562655,2.26378991566973
"3880","Orocue",4.82331269288116,0.856067743685221
"3881","Orongen Zizhiqi",-5.45639312578802,0.161913157989122
"3882","Orsha",-3.20768970443582,1.47345605588266
"3883","Orsk",-4.4718494998751,0.311901238126589
"3884","Orumiyeh",-2.64784791959843,-2.13883850243637
"3885","Oruro",-2.12628382409206,-0.786902136962856
"3886","Osaka",-0.0344689966977962,0.838831439852079
"3887","Osakarovka",-4.85467338773341,0.0696553183395713
"3888","Osh",-2.59936137846406,-1.20646782739623
"3889","Oshawa",-2.80746873241942,1.85319728003278
"3890","Oshikango",0.704063569818936,-3.04768474870246
"3891","Oshkosh",-3.21838432523648,0.723116698437133
"3892","Oshogbo",2.91789357395758,-0.897299695408042
"3893","Osijek",-1.99120874434203,0.816967678692468
"3894","Oskemen",-4.75637646597229,0.754988072910389
"3895","Oslo",-2.87665275165298,2.37951248649311
"3896","OsnabrÌùck",-1.77199234275043,2.17913236671061
"3897","Osorio",1.87574733735107,2.67316556603323
"3898","Osorno",0.0575419758384154,2.01310842807182
"3899","Ostersund",-3.54056688727945,1.92359902260129
"3900","Ostrava",-2.09094410173939,1.48625730997683
"3901","Otar",-3.35800565732988,-1.15366682451566
"3902","Otaru",-1.83028140736068,3.29230106000707
"3903","Otjiwarongo",-0.241340304664474,-2.94725879737021
"3904","Otradnyy",-4.08117167995626,0.547028180640786
"3905","Otsu",0.136470771625998,1.63556716197019
"3906","Ottawa",-3.32066790969469,2.17588598232494
"3907","Ottumwa",-2.50136077591313,0.398957349222808
"3908","Oturkpo",3.77356475948495,-0.917201189238291
"3909","Otuzco",-0.464670690237644,-0.179242828121883
"3910","Ouadda",2.61109770887801,-1.86087851925876
"3911","Ouagadougou",2.50768192477823,-3.61963844179874
"3912","Ouahigouya",2.12627861367809,-4.0768473788077
"3913","Ouargla",-0.776816930401773,-4.0110899142682
"3914","Oudtshoorn",-0.730398586187899,-0.972238866609696
"3915","Ouesso",3.35319343469865,1.02508062258691
"3916","Ouezzane",0.132153000389106,-1.34029234462652
"3917","Ouidah",3.2737218006505,-0.960279137661833
"3918","Oujda",-0.895277589593248,-1.95676792656567
"3919","Oulu",-3.84313194951273,1.80754858889109
"3920","Oum Hadjer",2.00405997491146,-4.45544109280935
"3921","Ourense",-0.529866244240619,-0.0284808956699755
"3922","Ourinhos",2.1575293822826,0.516234536233794
"3923","Outjo",0.195042480003182,-3.1142846269883
"3924","Ouyen",-0.955201252362968,-0.890092795617371
"3925","Ovalle",-0.439023245356477,-2.66499325533661
"3926","Oviedo",-0.297196734465962,1.31809991163425
"3927","Owando",3.21889226663564,0.464777072855504
"3928","Owensboro",-0.936731999258833,1.62772994982536
"3929","Owo",3.37996417792819,-0.424114476650949
"3930","Oxford",-1.86125188389088,2.01402275618633
"3931","Oxford House",-5.7801385624421,1.23480857122949
"3932","Oyem",3.41089207206009,1.50077352433664
"3933","Oyo",2.70960611403174,-1.20338598994999
"3934","Oytal",-2.6555373373067,-1.09675106097733
"3935","Ozamis",4.79209813308109,1.51181730475297
"3936","Paarl",0.227243609476467,-0.144688458829691
"3937","Pabna",2.67252069438844,-0.505784939901884
"3938","Pacasmayo",1.43088103379903,-2.75466010799429
"3939","Pachuca",-0.924372945625914,-0.691003907645994
"3940","Padang",7.8857871782857,8.7297285728371
"3941","Padangpanjang",5.67241717230486,7.23540074133898
"3942","Padangsidempuan",4.76241546855405,3.07548897667862
"3943","Padilla",-0.231471364960404,-0.767723110167484
"3944","Paducah",-0.812732896868072,1.56810965207451
"3945","Pagadian",4.39126790505781,1.4572665416511
"3946","Pago Pago",8.48226558884036,10.7776939883908
"3947","Paita",1.16836710468399,-2.91426491734686
"3948","Pakalongan",7.11489326372115,3.65170721023512
"3949","Pakanbaru",5.78006302987639,4.40529036716092
"3950","Pakokku",1.47241345287357,-2.64871960776526
"3951","Pakwach",2.74123419863427,-1.05185744956501
"3952","Pakxe",4.05305539046956,-0.883475811440953
"3953","Pala",2.23140456119643,-3.10252251831236
"3954","Palangkaraya",5.9484428512632,3.72473983880454
"3955","Palapye",-0.0171172173892935,-2.59458078943584
"3956","Palatka",1.43029387816702,1.2481094008553
"3957","Palembang",5.71372454099687,3.1924849722469
"3958","Palermo",-0.197023753071569,-0.381509135359457
"3959","Pali",0.963682298919402,-4.20136005803489
"3960","Pallasovka",-3.8454686677448,-0.00426959036451101
"3961","Palm Coast",1.6203683405511,1.39156695606078
"3962","Palm Springs",-0.562107610607991,-3.75823668921882
"3963","Palma",-0.157428719430076,0.0633914893791993
"3964","Palma Soriano",3.04985476912186,0.267297891456291
"3965","Palmas",2.02202011035632,5.38045007549251
"3966","Palmeira dos Indios",2.88065919324906,-0.496896432041539
"3967","Palmer",-4.06256505443887,1.49645402937829
"3968","Palmerston North",-0.0188010942870559,2.73226085289231
"3969","Palopo",6.11151662587552,4.57490129532555
"3970","Palu",3.66752180130146,1.07663262404807
"3971","Pampa del Infierno",0.96769064152038,-1.03596540468819
"3972","Pamplona1",1.182078318795,2.21398395671132
"3973","Pamplona2",-0.974130242388285,1.09649690280612
"3974","Panama City1",5.0664966119266,1.03192745138049
"3975","Panama City2",1.68192346598364,2.39503130175966
"3976","Panda",1.69247150860784,-0.663336992522715
"3977","Panevezy",-2.91319226714276,1.49026957490552
"3978","Pangkalpinang",6.34760894529709,4.49971905424533
"3979","Panipat",0.714263434838822,-3.52772874736521
"3980","Panshi",-3.83876831690714,0.145704056650041
"3981","Panuco",2.20866255165496,-1.00548629704441
"3982","Panzhihua",0.268429642210615,-1.53150140374357
"3983","Papasquiaro",-0.723707522917574,-2.60355397742391
"3984","Paracatu",2.58905708187852,-0.943954342563147
"3985","Parachinar",-2.18041266699896,-1.10628507476939
"3986","Paracuru",4.2836976964828,-1.24847726194564
"3987","Paragominas",5.00341583767672,0.838892891039604
"3988","Paragould",-0.634334731198003,1.28200843142526
"3989","Paraguari",1.69106444123792,0.822425771909489
"3990","Paraiso",4.09336927702262,0.996155937252878
"3991","Parakou",2.91555084660709,-1.73052518412936
"3992","Paramaribo",4.92458246495897,2.65790919657681
"3993","Parana",0.28406470936367,0.199855837663321
"3994","Paranagua",3.3750159212365,2.97732456379895
"3995","Paranaiba",2.69570173286631,-0.676870727540073
"3996","Parbhani",2.13415979174052,-3.42273498644072
"3997","Pardubice",-2.21688879231803,1.12312816365022
"3998","Parepare",4.7752221736698,0.89928281684214
"3999","Paris",-1.78453246508025,1.58950012306996
"4000","Parkersburg",-1.28266356597778,1.43310736651271
"4001","Parkes",-0.737889875676727,0.0311979282028746
"4002","Parma",-1.12691363449868,0.587163950372554
"4003","Parnaiba",4.70256140042981,-1.31029638612042
"4004","Parnu",-2.92758510622386,1.92448786056357
"4005","Parowan",-3.18725256402715,-1.06475695247588
"4006","Parras",-0.516803916051969,-2.85453325561407
"4007","Parry Sound",-3.31804633911114,3.17406813749096
"4008","Partizansk",-3.45788529035993,1.01119213328472
"4009","Pasadena1",0.998581251053627,1.42311836349384
"4010","Pasadena2",-0.325172581151969,-2.51508547504408
"4011","Pasay City",4.35278720796742,-0.336796622382413
"4012","Paso de los Toros",0.596327360988421,1.73743112883326
"4013","Paso Rio Mayo",-2.4280893790164,0.013259483944214
"4014","Paso Robles",-0.877907888580911,-1.97208907662403
"4015","Passau",-1.77281086120464,1.84801650060912
"4016","Passo Fundo",1.65787383636631,3.72513044406425
"4017","Passos",2.26089742386652,-0.0664480959180449
"4018","Pasto",0.609536786074621,2.40017671889013
"4019","Pasuruan",4.47741482165214,0.0995130189413951
"4020","Paterson",-1.4656822917321,2.28888092452065
"4021","Pathankot",1.42799722884392,-2.16290916124701
"4022","Pathein",5.4190184465534,0.2992455925044
"4023","Pathum Thani",3.66345613682913,-1.34310635144716
"4024","Pati",5.25719170899061,1.2311576657369
"4025","Patiala",0.564407203975734,-3.38650347432353
"4026","Pativilca",1.40798532281134,-2.25424201291762
"4027","Patna",1.78710546441937,-2.37524426091332
"4028","Patos",3.01213931302274,-3.02691724649463
"4029","Patra",-0.595687592961556,-1.51587520436293
"4030","Pavlodar",-5.01991814631405,-0.0300262385044145
"4031","Paysandu",0.478123910339427,1.15809347112509
"4032","Peace River",-4.31461514376221,0.262157289171906
"4033","Pec1",-1.60114568209909,0.953549706162817
"4034","Pec2",-1.97178807399373,0.631945309866196
"4035","Pechora",-5.18754211808027,2.41055526650295
"4036","Pecos",-1.21369381706455,-2.70504704287446
"4037","Pecs",-2.2232124287106,0.745670733360537
"4038","Pedreiras",4.60756126397969,-0.382285914813418
"4039","Pedro Juan Caballero",2.14322893609931,1.54651106088641
"4040","Pedro Luro",-1.05120926188329,-0.301808424855445
"4041","Pelotas",1.15681966586985,2.67882155586592
"4042","Pematangsiantar",5.32341134225736,4.30320836960079
"4043","Pemba",2.93123104034639,-0.911877241006903
"4044","Penapolis",2.46202157734453,-0.131106865250865
"4045","Pendleton",-2.34746523828196,-1.11598694658472
"4046","Penedo",3.50135648511302,-0.0925848567568961
"4047","Penola",-0.529922463967181,0.405016726514473
"4048","Penonome",4.52114839053974,0.767493095318736
"4049","Pensacola",1.49072757115302,2.47551126341626
"4050","Penticton",-3.06877555409403,-0.0563889586082541
"4051","Penza",-3.72596162281467,1.23895106068936
"4052","Penzance",-0.849449581344882,2.98112923187099
"4053","Peoria",-2.36804520596285,0.927141915828978
"4054","Perabumulih",5.76928855159218,3.12718535156859
"4055","Pereira",3.9240721684373,4.09298705291326
"4056","Pergamino",-0.15000450974772,0.368162452312881
"4057","Perito Moreno",-2.66270077465568,0.27609240796254
"4058","Perm",-4.22975131363986,1.61279288713557
"4059","Pernik",-2.15343221020698,0.68570273035561
"4060","Perpignan",-0.617748137196379,0.0648236654101688
"4061","Perth1",-1.74563758007653,2.6169674717312
"4062","Perth2",0.725958471879807,-0.724234494016001
"4063","Perugia",-1.0762669421772,0.227616824245943
"4064","Pervouralsk",-4.36067132737539,1.24501835936544
"4065","Pescara",-0.66505911450177,0.650570228404312
"4066","Peshawar",-0.150282570412901,-2.13925557708922
"4067","Petatlan",3.69840441353891,-1.51899957148551
"4068","Peterborough1",-3.2261014747947,1.91256820066576
"4069","Peterborough2",-1.4563131967711,-0.817441534316017
"4070","Petersburg",-0.513650306701721,1.63850797076701
"4071","Peto",2.74871696327622,-0.684932831412196
"4072","Petoskey",-3.0442502288673,2.21079242504865
"4073","Petrolina",2.15905805989453,-2.88203949399391
"4074","Petropavlovsk",-4.82304532459323,0.525880523599681
"4075","Petropavlovsk Kamchatskiy",-3.27955337068397,3.8159230582394
"4076","Petropolis",1.93351147676833,0.973870052318504
"4077","Petrovsk Zabaykalskiy",-5.58745323034417,-0.239863259288512
"4078","Petrozavodsk",-3.88770111056236,1.77053722986732
"4079","Phan Rang",3.0817147015696,-0.999630190116574
"4080","Phan Thiet",3.28839121253552,-1.02794626062239
"4081","Phayao",2.42570046674122,-1.14653133906086
"4082","Phetchaburi",3.26602933118812,-1.52571911048432
"4083","Philadelphia",-1.19472172861435,2.0116052277971
"4084","Phitsanulok",2.86838788583082,-1.81243824580535
"4085","Phnom Penh",3.21083420893093,-1.52638653851456
"4086","Phoenix",-0.100966799474842,-3.83666680431365
"4087","Phrae",2.63739271772211,-1.60660107098213
"4088","Phuket",4.80687085096329,0.862572148612859
"4089","Phyarpon",5.10427109854129,0.0412598766659217
"4090","Pichilemu",0.00270459348408916,-0.423218356479652
"4091","Picos",3.17707361843627,-2.65284348339376
"4092","Piedras Negras",-0.0969648600780805,-2.04480405231016
"4093","Pierre",-3.42397470367228,-1.05746776985132
"4094","Pietermaritzburg",-0.0133670576318586,-0.77639680128606
"4095","Pijijiapan",4.41035686911753,-1.06884295246545
"4096","Pilar",1.48746171320259,0.373679485521287
"4097","Pilibhit",1.95458216553939,-2.33090160157731
"4098","Pimentel",1.2280055417768,-2.57791169130038
"4099","Pinar del Rio",3.06734121720732,0.548609531739032
"4100","Pindamonhangaba",2.25747257317313,0.51215823681342
"4101","Pine Bluff",0.0490481489958885,1.3312700422119
"4102","Pingdingshan",-1.22829272434535,-0.734540270010277
"4103","Pingdu",-1.63328210464207,-0.399051335665109
"4104","Pingliang",-3.06210479702716,-1.11453882632687
"4105","Pingtung",3.59288035362809,0.898398191958324
"4106","Pingxiang1",1.39500749392263,-0.125105127782779
"4107","Pingxiang2",0.266440169629087,0.645279358225461
"4108","Pingyi",-1.40916185502969,-0.58531491726097
"4109","Pinheiro",4.85133213822425,-0.0742009321611088
"4110","Pinrang",4.50636135342846,1.23189384172537
"4111","Pinsk",-2.76016289073083,1.24121434826002
"4112","Piracicaba",2.11175354181455,0.204657217007455
"4113","PiraiÌ©vs",-0.73047691133142,-0.935718377939377
"4114","Pirapora",2.37937422788362,-1.77990594919562
"4115","Pirassununga",2.49075787008423,0.301353295589932
"4116","Pires do Rio",2.51733163077916,-1.04004688753683
"4117","Pirgos",-0.016333038869947,-1.03984928124162
"4118","Piripiri",4.31714860737401,-1.78379292156546
"4119","Pisa",-0.586246498364289,0.165698363545769
"4120","Pisco",1.17983037805095,-2.933652367152
"4121","Pitesti",-2.20687349839771,0.687645169764573
"4122","Pittsburgh",-1.86527116828911,1.84072797364682
"4123","Pittsfield",-2.39708023030474,2.12850941770823
"4124","Piura",1.66155313425394,-3.09521385191085
"4125","Pizen",-2.50144951156144,0.907208469555483
"4126","Placetas",2.90844685564856,0.369055525045066
"4127","Plast",-4.47105499704419,0.514549611388321
"4128","Plattsburg",-3.10696978764793,1.41699302655592
"4129","Play Ku",3.59591349120481,0.254815960892604
"4130","Pleven",-2.12094774371609,0.273184592350076
"4131","Plock",-2.54217615879132,1.11485627938568
"4132","Ploiesti",-2.24528654651633,0.52356728465565
"4133","Plovdiv",-1.72019321932262,0.461791387773518
"4134","Plumtree",-0.0962047930652638,-1.98597239877971
"4135","Plymouth",-0.370069289058129,3.90444226602305
"4136","Pocatello",-3.10004444080394,-1.27678646802365
"4137","Pochutla",3.28227982655015,-1.71941633119148
"4138","Pocos de Caldas",1.84334683940291,1.09368053687368
"4139","Podgorica",0.166557888000325,1.18841613123908
"4140","Podolsk",-3.3699403943299,1.58055876550418
"4141","Poffader",-1.23429829768705,-2.9874116927517
"4142","Pohang",-0.727968944773855,0.860556336782901
"4143","Pointe-a-Pitre",3.29575222315227,1.33989262698285
"4144","Pointe-Noire",2.75453026542928,-0.347145334401689
"4145","Poitier",-1.35405413771068,1.41375305982288
"4146","Pokrovsk",-7.88417270827511,0.707106914511491
"4147","Pol-e Khomri",-1.42633022357825,-2.71416119197152
"4148","Polatli",-2.44040432952084,-1.1670975859527
"4149","Polatsk",-3.03538229269661,1.7350762044642
"4150","Polevskoy",-4.3601497627786,1.11724216141145
"4151","Polokwane",-0.583371332681092,-1.91900792863105
"4152","Polson",-3.11973209579024,-0.103537907471167
"4153","Poltava",-2.92374508051801,1.05992330307283
"4154","Polyarnyy",-3.82620117866584,2.5902273335895
"4155","Ponca City",-1.52536472104303,-0.543553167871803
"4156","Ponce",3.2311929341402,0.888045481113499
"4157","Pondicherry",3.075753452639,-1.96682208434035
"4158","Ponta Grossa",1.36402397014798,2.3706317488892
"4159","Ponta Pora",2.20651542135895,1.66348845517036
"4160","Ponte Nova",2.34063217144115,-0.608448460276156
"4161","Pontes e Lacerda",2.90292814718218,-0.769018228911537
"4162","Pontiac",-2.73238539126007,1.38298413322563
"4163","Pontianak",6.62718438311657,5.96227049598409
"4164","Popayan",2.60324341005027,2.01390739160656
"4165","Poplar Bluff",-0.806049485617035,1.41418084249518
"4166","Popondetta",6.0448010425125,5.08850576876169
"4167","Porbandar",2.6980173233172,-2.60348210875053
"4168","Pori",-3.18118386648353,2.023063202441
"4169","Porlamar",2.6237732938571,-0.803811275262367
"4170","Poronaysk",-4.24085297868236,2.24042672007489
"4171","Port Alfred",0.699638459939446,0.479122942141241
"4172","Port Arthur",1.39922833711483,2.26182916464447
"4173","Port Augusta",-0.789161389495532,-1.34623870181255
"4174","Port Blair",5.58903782061093,1.6884080040448
"4175","Port Charlotte",2.17000017143218,0.690602652811848
"4176","Port Douglas",4.26795122839562,1.29418290000267
"4177","Port Elizabeth",0.25789240201863,0.114476432171257
"4178","Port Harcourt",4.81075495208317,1.23276996445429
"4179","Port Hardy",0.398938186652717,3.74754451549196
"4180","Port Hedland",1.71811439182098,-2.60851807981361
"4181","Port Hope Simpson",-4.34045237523513,3.54814783920894
"4182","Port Lavaca",1.03526253526667,0.597880737462346
"4183","Port Lincoln",-0.187981467288451,0.491577369411101
"4184","Port Louis",2.85589748436356,2.15304254403032
"4185","Port Macquarie",1.70584707531609,2.60030181892683
"4186","Port Moresby",3.77252354837494,0.811682882630204
"4187","Port Pirie",-0.671319755668814,-1.07418001590092
"4188","Port Shepstone",1.49367016323869,0.419020556751152
"4189","Port Sudan",1.81608756459054,-4.34980478228236
"4190","Port-au-Prince",2.93348089929176,-0.667306416455591
"4191","Port-Gentil",3.78926204855712,0.628958633931166
"4192","Port-of-Spain",4.085602916994,1.2809666724771
"4193","Port-Vila",3.84403548139325,3.11625063607559
"4194","Portachuelo",2.86835458960401,0.609801649871672
"4195","Portel",5.56907199961255,2.14071540289063
"4196","Portimao",0.358160625333881,-0.188705403630903
"4197","Portland1",-1.95207109430613,3.03718465962088
"4198","Portland2",-0.615292549608412,0.526556476526118
"4199","Portland3",-0.245084041128223,1.30117405719818
"4200","Porto",0.34388362171802,1.01499906786331
"4201","Porto Alegre",1.4025816692278,2.32261945722484
"4202","Porto Nacional",3.97601715028474,-1.10480880718825
"4203","Porto Santana",5.17318028191355,1.02065563648877
"4204","Porto Seguro",3.70469740717949,3.10131446198811
"4205","Porto Uniao",1.26905822927496,2.75610057218026
"4206","Porto Velho",4.20631591405319,0.63365352816899
"4207","Porto-Novo",3.71424056884658,-0.523324306089973
"4208","Portoviejo",2.17915842306053,-1.36747942999239
"4209","Portsmouth",-1.20975134116134,2.22303541308365
"4210","Porvoo",-2.87984247466457,2.08585914966803
"4211","Posadas",2.15590879470362,2.89355041894378
"4212","Poso",4.63351988488088,2.01877572152662
"4213","Potchefstroom",-0.879060735413552,-1.77528902495089
"4214","Poti",0.995870686151392,3.17761652945906
"4215","Potiskum",2.15673350332667,-3.65992747601555
"4216","Potosi",-2.9237144403865,-0.695450408878012
"4217","Potsdam",-2.22255826867646,1.33725586651374
"4218","Poughkeepsie",-1.6972671080059,2.18777755674359
"4219","Pouso Alegre",1.92022122732619,0.318215455838825
"4220","Powell",-3.62977292196698,-1.58101584072621
"4221","Powell River",-0.958800960635386,2.15992387652906
"4222","Poza Rica de Hidalgo",2.68534231248564,-0.101061709923227
"4223","Poznan",-2.42242157704424,1.03685294514391
"4224","Prachin Buri",4.04684163835392,-0.777609260253821
"4225","Prague",-2.47817085928057,0.728512674409477
"4226","Praia",1.49552620327609,-1.67118951606025
"4227","Praya",3.91856735027136,0.257182440012533
"4228","Prescott",-1.52539420885604,-1.87936427154194
"4229","Presidencia Roque Saenz Pena",1.03162978964801,-0.741223127830701
"4230","Presidente Prudente",2.29591440535847,0.261792686564588
"4231","Presov",-2.4565077232852,0.885029538773759
"4232","Pretoria",-0.501704806284633,-1.55773708995152
"4233","Price",-3.14956016270464,-1.28983271546279
"4234","Prieska",-1.13504761010153,-2.94283324401786
"4235","Prijedor",-1.65579057477134,1.2616060910848
"4236","Prince Albert",-4.99900060451688,0.647236935288722
"4237","Prince George",-3.93827281499837,1.46263232663583
"4238","Principe da Beira",2.82047712021624,-0.943784300002964
"4239","Pristina",-2.27005237260793,0.826130245910955
"4240","Prizren",-1.80613076238951,0.894467375269947
"4241","Probolinggo",4.49041893691739,0.978337573396291
"4242","Proddatur",2.11909393010947,-3.37805386956976
"4243","Progreso",2.36330486697509,-1.30215001088636
"4244","Progress",-5.54306379280406,0.290795745682853
"4245","Prokopyevsk",-4.80231350946278,0.735608973552035
"4246","Proserpine",3.0612605002893,0.238945030628747
"4247","Providence",-1.57712396374047,2.95533142648164
"4248","Provideniya",-5.19454302720716,4.12963716120683
"4249","Provo",-2.83070291464865,-1.02417251243088
"4250","Przemysl",-2.43805423071733,1.21583992890184
"4251","Pskov",-3.09261837075083,1.66871630283831
"4252","Pucallpa",3.67012903742743,0.912646431922354
"4253","Puebla",-0.00344819467881632,-1.2598953700369
"4254","Pueblo",-2.77630082260205,-2.00212402084003
"4255","Puerto Aisen",0.596508360824936,5.6550318630469
"4256","Puerto Armuelles",5.66417211430013,2.29213636672731
"4257","Puerto Ayacucho",5.4419258886366,1.32164408299568
"4258","Puerto Barrios",4.36069063925226,1.92934409097497
"4259","Puerto Berrio",5.1425847977658,1.88778878275751
"4260","Puerto Cabezas",5.77555430705671,2.6457395177195
"4261","Puerto Carreno",5.49342292130268,0.776994977838529
"4262","Puerto Deseado",-2.02643354934511,0.871222939280917
"4263","Puerto Escondido",3.41135151772384,-2.02977051705302
"4264","Puerto la Cruz",2.98519599868457,-1.92497786563434
"4265","Puerto Lempira",6.47264604189068,3.9324953952686
"4266","Puerto Limon",6.99560414489242,6.53624095551033
"4267","Puerto Lopez",5.50742835759893,1.44553586883841
"4268","Puerto Madryn",-1.50499169551054,-0.603209655846874
"4269","Puerto Maldonado",4.43016875616404,1.85627226127925
"4270","Puerto Montt",0.796295461385548,4.33118204468836
"4271","Puerto Natales",-1.74468640345206,3.53538273079408
"4272","Puerto Princesa",3.87137423211113,0.147048672853126
"4273","Puerto San Julian",-2.3351354385452,0.709444986273042
"4274","Puerto Vallarta",3.511450472354,-1.11306427828198
"4275","Puerto Varas",0.725027419618449,3.79999908623423
"4276","Pugachev",-3.94100779251669,0.425927213621817
"4277","Pukatawagan",-5.53912997069229,1.11096834633466
"4278","Pula",-0.652545901701249,1.25884810717608
"4279","Punata",-0.789048486469547,-0.40375535518784
"4280","Pune",1.74800647374989,-3.01496702414001
"4281","Puno",-1.66779081407699,0.253574695724769
"4282","Punta Alta",-0.929721236301183,-0.104283503581336
"4283","Punta Arenas",-2.51977301982089,2.41463847402668
"4284","Punta del Este",0.231817128371242,2.68093853535406
"4285","Punta Gorda",6.14463324221906,3.47515837396541
"4286","Punta Prieta",-0.17779737179855,-2.92699156184042
"4287","Puntarenas",5.29963639189138,0.646852681432425
"4288","Punto Fijo",2.57349428220651,-1.74286753353507
"4289","Puqi",0.0304001253264152,0.516221333014499
"4290","Puquio",-1.12733797932999,-0.838252044240249
"4291","Puri",3.09260084065348,-1.45622882306374
"4292","Purnia",2.60859882290052,-1.01650126591579
"4293","Pursat",3.47997490274793,-1.19801031781271
"4294","Putian",0.938946340151624,-0.0231748588340739
"4295","Putrajaya",5.35799156997361,3.67001773528462
"4296","Puyang",-1.66209713174638,-1.37066376352338
"4297","Pyatigorsk",-2.62567439880683,-0.0465124826909304
"4298","Pyay",2.72549313034059,-1.9251325939247
"4299","Pyongsan",-0.919354367094657,0.680189297584137
"4300","Pyongyang",-1.45619746540223,0.382923247731796
"4301","Pyu",3.65709778724849,-1.74235739177697
"4302","Qaanaq",-8.04146755525163,3.28103426705706
"4303","Qairouan",-0.354116894968442,-2.2294623673908
"4304","Qal at Bishah",0.380729220736494,-4.56351248492056
"4305","Qaminis",0.0465156387930103,-2.40727494829128
"4306","Qapshaghay",-3.05018190288793,-1.28093867153514
"4307","Qaraghandy",-4.74093319409628,0.233628296733956
"4308","Qaratau",-2.72114670765586,-1.83017848547452
"4309","Qarazhal",-4.41177770376856,-0.595434008763372
"4310","Qarqaraly",-5.09778737777446,0.0639948766696467
"4311","Qarshi",-1.76079426298896,-2.98818212111607
"4312","Qasr-e Shirin",-0.534761067638023,-3.97441249084994
"4313","Qasserine",-1.13451792292191,-1.86761998394065
"4314","Qazaly",-3.7926979947636,-1.68973580901807
"4315","Qazvin",-2.54910217904099,-1.7466173473696
"4316","Qena",-0.202820726947761,-5.18987827598491
"4317","Qingan",-4.75241063130903,0.071990918427139
"4318","Qingdao",-1.42426578682256,-0.194752345509458
"4319","Qinggang",-4.8376762223914,-0.227894962113319
"4320","Qingyuan",1.82648996113439,0.403308352210394
"4321","Qinhuangdao",-1.86169385344608,-0.457032137452031
"4322","Qinzhou",3.06018247547397,1.36981272168331
"4323","Qiqihar",-4.77214070627906,-0.498661428227381
"4324","Qitaihe",-4.5606922856755,0.0599376016218943
"4325","Qom",-1.88427936353498,-3.58003646241336
"4326","Qomsheh",-2.70286775091714,-3.15418555143369
"4327","Qoqon",-2.06435195819981,-1.97003921056594
"4328","Quang Ngai",5.35851858207661,1.43831637565236
"4329","Quang Tri",4.86542057185991,1.25935190760472
"4330","Quanzhou",1.12127147033124,-0.027650142361592
"4331","Quarai",0.805995995817084,1.13864220931896
"4332","Quchan",-2.6239095616314,-2.13621742213653
"4333","Queanbeyan",-1.38130489860906,0.92600995756295
"4334","Quebec",-3.08198487020931,3.04004322389246
"4335","Queenstown1",-0.930466326318921,-1.24409048765615
"4336","Queenstown2",-2.00435702376788,2.24571936243782
"4337","Queenstown3",0.983228195315047,5.10794001089588
"4338","Quelimane",3.01828201986961,-0.28605407495395
"4339","Quellon",0.806644803101312,5.03379010373777
"4340","Queretaro",-0.0846928442499999,-2.13328275670116
"4341","Quesada",5.50054817071948,3.79842230432079
"4342","Quetta",-2.06043446933129,-2.97476732059069
"4343","Quetzaltenango",1.46687342973527,1.90323563560716
"4344","Quezon City",4.51481710220489,-0.408527055717742
"4345","Qui Nhon",4.68296904648831,0.357087249624585
"4346","Quibala",1.03147306437209,-1.26063064419352
"4347","Quibdo",12.5149017946593,16.8685653327427
"4348","Quiemo",-3.40021416289089,-3.20467981710431
"4349","Quillacollo",-0.487614885675289,-0.317958893129853
"4350","Quillota",-0.569244834511801,-2.09163169173324
"4351","Quilon",5.45807280898667,1.10888992908108
"4352","Quime",-0.989828117540793,-0.109165457680939
"4353","Quincy",-2.05235296720434,0.951240199205249
"4354","Quinhagak",-3.97529546855994,2.54992607008182
"4355","Quipungo",0.941028915535489,-2.44257049434157
"4356","Quirihue",-0.334405931974039,-0.0279361124594506
"4357","Quissico",2.30576820484773,0.357469069615957
"4358","Quito",0.531400945321956,1.83932610781171
"4359","Quixada",3.38580145202919,-2.51067894613692
"4360","Qulan",-2.75499150467546,-1.30212443952784
"4361","Qulsary",-3.5337936529193,-1.48700280245886
"4362","Qunghirot",-3.12601485156904,-2.11405091591532
"4363","Qurghonteppa",-1.49888956298458,-2.95973796913689
"4364","Qusmuryn",-4.74062634511472,-0.0218434415696676
"4365","Quzhou",0.831146317733989,0.759477265326247
"4366","Qyzylorda",-3.60002053222137,-1.96379082003702
"4367","Raba",3.6299997635311,-0.376585722367817
"4368","Rabat",0.164268902685913,-1.25171367797853
"4369","Rabaul",5.58003431085896,3.93363699462299
"4370","Rach Gia",3.60840191599765,-1.03408276020976
"4371","Racine",-2.59348955548252,1.61174783699959
"4372","Radom",-2.5592823458084,1.1516721353113
"4373","Rafaela",0.227973318722682,-0.117167382233386
"4374","Rafha",-0.660641188787505,-4.50874899042984
"4375","Ragusa",-0.80339088132164,-0.543255460007508
"4376","Rahimyar Khan",0.198348274425781,-4.72843766244603
"4377","Raichur",2.19900717006046,-3.47796752550893
"4378","Raipur",2.58150016523635,-3.04911898748396
"4379","Rajahmundry",2.98511014744833,-2.26528672197865
"4380","Rajapalaiyam",2.66661289776759,-1.89020431193722
"4381","Rajkot",1.78594451747979,-3.56004032728981
"4382","Rajshahi",2.65988542927117,-0.808054087368915
"4383","Raleigh",-0.302855415748375,1.67081881150256
"4384","Rampur",1.63670727554509,-2.73972139539962
"4385","Rancagua",-0.564392991378955,-1.572244310087
"4386","Ranchi",1.77455553100584,-1.94527747404702
"4387","Rangoon",4.77089835182581,-0.882994946967185
"4388","Rangpur",3.80083966371096,0.449575119282913
"4389","Rankin Inlet",-7.42271444061073,2.63398722576333
"4390","Rapid City",-3.2257793889034,-1.13985803151129
"4391","Ras al Khaymah",1.28039844552536,-3.94824833770084
"4392","Rashid",0.0433680828158247,-1.89505897960047
"4393","Rasht",0.48648226879523,0.328423319772242
"4394","Ratchaburi",3.27579196289542,-1.65029432535053
"4395","Ratlam",1.92832769216259,-3.41217295585668
"4396","Raton",-2.94503185027193,-1.24934829080589
"4397","Raub",5.06104657381327,3.17585601179458
"4398","Raurkela",2.87686332927186,-2.43669912248125
"4399","Ravenna",-1.39573564966445,0.725872021486691
"4400","Ravensthorpe",-0.783017294861654,-0.239481131639297
"4401","Rawalpindi",0.628210298025509,-1.7846595679563
"4402","Rawlins",-4.33174360620481,-0.715134687495609
"4403","Rawson",-1.37856789140757,-0.340370365812277
"4404","Rayevskiy",-4.26095189627586,0.705696089887847
"4405","Rayong",3.70531892206721,-0.590727067157067
"4406","Reading",-1.56449079819341,2.05507529571873
"4407","Recife",4.46133165236331,1.28695958576717
"4408","Reconquista",0.858819402070584,0.0958185602505404
"4409","Red Deer",-3.89223519130474,0.418764786035641
"4410","Red Lake",-4.91908516077262,1.3815490888828
"4411","Redding",-0.0197344625537944,-1.41719568176271
"4412","Regensburg",-2.16704723719353,1.42128531029692
"4413","Reggane",-0.327778581364381,-5.03444964778585
"4414","Reggio di Calabria",-0.0246277175042445,-0.391127159642522
"4415","Regina",-4.68035447634114,0.248744645792749
"4416","Registro",3.02709026309086,2.13352617095985
"4417","Rehoboth",-0.520235139093392,-3.43696877051558
"4418","Reims",-1.85084010990203,1.5395613803968
"4419","Rennes",-1.21325313724438,1.77020573566986
"4420","Reno",-2.90553806907633,-1.80878648014992
"4421","Resistencia",1.35239669842007,0.349433807004543
"4422","Resita",-1.98386249344086,0.855644810012769
"4423","Revelstoke",-2.75874528132211,1.6386179292024
"4424","Reykjavik",-2.04824481421183,4.06749860722836
"4425","Reynosa",0.76542515704746,-1.81154427489985
"4426","Rezekne",-3.14074192377385,1.58846418492447
"4427","Rhinelander",-3.74095231203351,0.89898397953861
"4428","Ribeirao Preto",2.55371355709189,-0.104221982895284
"4429","Riberalta",3.44809037989743,-0.281501281892339
"4430","Richland",-2.30849711738605,-1.69513757464084
"4431","Richmond1",-0.669857727778033,1.65963450971211
"4432","Richmond2",-3.56104059464233,-1.35339322166972
"4433","Richmond3",-2.14709730604003,1.64933709691427
"4434","Richmond4",0.307868856637631,0.769371077324795
"4435","Richmond5",1.22899528551571,-3.08489800094269
"4436","Rida",-0.353090219331394,-2.70654818289496
"4437","Ridder",-4.74468005037101,0.627953784806873
"4438","Riga",-2.80525502608237,1.67169491021696
"4439","Rigolet",-4.03720101391968,3.65601190948083
"4440","Rijeka",-0.577300945096175,2.70837194186805
"4441","Rimouski",-3.66246548649073,3.16308489299161
"4442","Rio Bueno",0.301751946827964,2.11148069726404
"4443","Rio Claro",2.09486784547901,0.034147518097195
"4444","Rio Colorado",-1.29125779571425,-0.561879945241019
"4445","Rio Cuarto",-0.357172723378595,-0.392254056447848
"4446","Rio de Janeiro",2.59206372280698,0.430113571535035
"4447","Rio Gallegos",-2.37490739796486,1.41856643469536
"4448","Rio Grande1",0.891872175382108,2.40787675363527
"4449","Rio Grande2",-2.35271434334539,2.27295806036598
"4450","Rio Largo",4.1304511210905,0.995085033230404
"4451","Rio Negro",1.34272174313046,2.67352817879702
"4452","Rio Tercero",-0.117826861255974,-0.652180400714027
"4453","Rio Verde1",0.510549223377872,-1.99496779916395
"4454","Rio Verde2",2.45891989853512,-0.736714930160393
"4455","Riobamba",-0.385566312488955,1.43477265872
"4456","Riohacha",3.3464690683579,-1.4586568120336
"4457","Rivas",3.92547618877281,-0.638876460420792
"4458","Rivera",0.997212843318098,2.00538381266221
"4459","Riverside",-0.422278384326546,-2.68214531909437
"4460","Riverton",-3.79041197385202,-1.64409232212595
"4461","Riviere-du-Loup",-3.5469408660271,3.02297337990714
"4462","Rivne",-2.65496830959543,1.13617462784873
"4463","Riyadh",0.033549380960965,-4.91683381603032
"4464","Rize",0.3039888849101,2.96375966297357
"4465","Rizhao",-0.92492268709375,-0.0660790188074051
"4466","Roanne",-1.44749568926021,1.46258148007696
"4467","Roanoke",-1.25707331659029,1.48465990574768
"4468","Robertsport",6.27604536955505,2.11075891357773
"4469","Robore",2.01886953977436,-0.923625748049662
"4470","Rocha",0.262391718065438,2.4443032594189
"4471","Rochester1",-2.52974714616319,1.99647984896631
"4472","Rochester2",-3.27048896272838,0.452205698414133
"4473","Rock Hill",-0.412127406399908,1.66123135370747
"4474","Rock Island",-2.49835195036642,0.735083010895486
"4475","Rockford",-2.75110908254642,0.796752318400175
"4476","Rockhampton",1.43215975381575,-0.663315063213587
"4477","Rocky Mount",-0.237493756040646,1.45369683493263
"4478","Rodeo",-2.36680810994967,-1.86501495766707
"4479","Rodos",0.60561952759378,-0.820520164857845
"4480","Roebourne",1.60147893040771,-2.87673371704277
"4481","Rohtak",0.577769676213318,-3.67056147209438
"4482","Rolim de Moura",3.21249198443912,-0.439458772701854
"4483","Roma",-0.026042022584471,-1.33348179543139
"4484","Rome",-0.423935900306331,-0.101256135102585
"4485","Rondonopolis",2.9029061291933,-1.43188579949548
"4486","Rosario do Sul",1.34638080239744,2.48545908750983
"4487","Rosario1",0.0905425633546426,0.334293253993285
"4488","Rosario2",5.15741738125658,0.145625358748957
"4489","Rosario3",2.04648507131278,0.343888264883371
"4490","Roseau",3.59506544425786,1.87562830928015
"4491","Roseburg",-0.771483798388204,-0.258846647221223
"4492","Rosenheim",-1.23071958003754,2.76330513921006
"4493","Roskilde",-2.23059034091281,2.2491437291395
"4494","Roslavl",-3.29850196900497,1.40670109128377
"4495","Rosso",2.09274695390865,-4.35667934608996
"4496","Rostock",-2.12389794212715,1.95462008323027
"4497","Rostov1",-2.97823287710523,0.765146178935851
"4498","Rostov2",-3.51658179614043,1.42605861981588
"4499","Roswell",-1.55193272039768,-2.44880793309934
"4500","Rotorua",0.204458412392878,3.86376704500175
"4501","Rotterdam",-1.58820518222748,2.33936220482178
"4502","Rouen",-1.52951387555001,2.20622292113193
"4503","Roura",6.26038304749803,3.09113599714173
"4504","Rouyn-Noranda",-4.51939583830902,2.17313409043305
"4505","Rovaniemi",-4.17755236778063,1.96558223130125
"4506","Roxas",5.00302772440915,1.88859192299084
"4507","Rubtsovsk",-4.67256170555293,0.22115678273487
"4508","Rudny",-4.75094678984495,0.168202658942467
"4509","Ruhengeri",1.68394186147315,0.837615739710402
"4510","Rumbek",2.61623234202654,-2.27253330540191
"4511","Rundu",0.50745722291118,-2.8245820589657
"4512","Ruse",-2.08558313069093,0.398757746694676
"4513","Russas",3.65195273686891,-2.75414478368501
"4514","Rustavi",-2.13893290517779,-0.798167143805699
"4515","Rustenburg",-0.28961183492378,-1.68909042863359
"4516","Ruteng",4.61230375450658,3.0368859145706
"4517","Ruzayevka",-3.76394396977219,1.16502559280985
"4518","Ryazan",-3.451651782144,1.13126818203151
"4519","Rybinsk",-3.54715059111,1.61041286332239
"4520","Rzeszow",-2.40644099446954,1.16657151079754
"4521","Rzhev",-3.35341168487841,1.59999507094512
"4522","Saarbrucken",-1.9624732253696,2.22232867426866
"4523","Sabanalarga",3.63559490245107,-0.800188649941176
"4524","Sabha",-0.863778682180312,-3.9467784911624
"4525","Sabinas Hidalgo",0.54902714563859,-2.21147147530655
"4526","Sabzewar",-2.08376266741511,-3.27295847697697
"4527","Sacramento",-0.63116277833264,-2.30451731790197
"4528","Sadah",-0.41807398981372,-3.22899196144259
"4529","Sadiqabad",0.204810756893009,-4.80094091201809
"4530","Safford",-0.809773045902201,-3.31911475058675
"4531","Safi",0.13048821364651,-1.64459372428925
"4532","Safonovo",-3.24073404146012,1.66531563993654
"4533","Sagar",2.37641435176045,-2.97428909123828
"4534","Saginaw1",-2.84725940738297,1.05392313570273
"4535","Saginaw2",-2.88726923039441,1.06858957909027
"4536","Sagua la Grande",2.59764476418929,0.130173196219798
"4537","Saharanpur",1.33402896058785,-2.7743186146038
"4538","Sahiwal",0.156696522840536,-4.21772322265456
"4539","Saida1",0.4430754460065,-0.99922210934502
"4540","Saida2",-1.55710136073101,-2.16268227349288
"4541","Saidpur",3.33773051112422,-0.0306290433089351
"4542","Saidu",-0.943843880530551,-0.455937160479313
"4543","Saint GeorgeÛªs",3.62696856989915,1.09027223934608
"4544","Saint John's",3.02008050957401,1.04931171585065
"4545","Saint-Etienne",-1.8700929909907,1.17691879225597
"4546","Saint-Georges1",-3.31552865741709,2.50347292691453
"4547","Saint-Georges2",6.32603278928987,2.78669907545606
"4548","Saint-Laurent-du-Maroni",4.76104928001952,1.96716176210464
"4549","Saint-Louis",2.25644287256821,-3.72729066686649
"4550","Sakata",-0.168164969452204,4.31525251373022
"4551","Sakhon Nakhon",3.25737943588463,-0.843506582526998
"4552","Saki",-2.3634865309274,-0.0219846923404855
"4553","Salalah",1.36343536845197,-3.50761029123995
"4554","Salamanca1",0.479003356591211,-2.43469244225219
"4555","Salamanca2",-0.99946792401761,-2.47394579279965
"4556","Salamanca3",-1.768646805063,-0.85828758764488
"4557","Salatiga",4.75856219573773,2.17764595021295
"4558","Salavat",-4.18755798159348,0.794805299991022
"4559","Salaverry",1.45012248877447,-2.00738672377423
"4560","Saldanha",-0.257484741862377,-0.825240397602841
"4561","Sale",-0.402871960260811,1.16811226023249
"4562","Salekhard",-6.06705753135393,2.45276115578051
"4563","Salem1",-1.7380180015675,3.15399159794675
"4564","Salem2",-0.605330532377173,0.338582227310686
"4565","Salem3",2.54551673657816,-2.41234252705718
"4566","Salerno",-0.356729475187899,-0.0904688573300519
"4567","Salgueiro",2.38931000575889,-2.78779176654358
"4568","Salima",2.09985505501756,-1.93182594484265
"4569","Salina",-2.15126484430496,-0.781891789566022
"4570","Salina Cruz",2.98334020196705,-2.04254847217718
"4571","Salinas1",-0.717525476532421,-1.2738556758294
"4572","Salinas2",1.25335218432588,-1.18538058638964
"4573","Salinopolis",6.66850544097426,1.47229870230611
"4574","Salisbury",-0.496402040969429,1.4854196905519
"4575","Salluit",-7.2250299490203,3.14195266854949
"4576","Salmon",-3.39652405175307,-0.851959813583132
"4577","Salsk",-2.66521472054072,0.0954211578711979
"4578","Salt Lake City",-2.75997325131131,-1.25607264913589
"4579","Salta",-0.135397328554673,-1.30425646329876
"4580","Saltillo",-0.782514559840346,-2.07952927135075
"4581","Salto",0.510557588823141,0.935409132334184
"4582","Salum",-0.391166660094146,-2.80022309065708
"4583","Salvador",4.41434893709328,2.37232482929372
"4584","Salzburg",-1.27037411928016,2.58110076574386
"4585","Samalut",-0.428102973919214,-5.025759283134
"4586","Samandagi",0.118516572709412,-1.0551694999224
"4587","Samara",-4.02499580255274,0.720380479749284
"4588","Samarinda",5.30967146819658,3.9399113149512
"4589","Samarqand",-1.98461283531527,-2.12887560779399
"4590","Sambalpur",3.23812433204925,-2.59949741171174
"4591","Sambava",4.47204769681497,3.50845641915338
"4592","Same",1.31147921468092,-1.73178049420058
"4593","Sampit",5.79558913841399,3.51807984028971
"4594","Samsun",-0.885844816849948,0.550118787474234
"4595","Samut Prakan",3.793654668919,-0.917465774354416
"4596","San",2.39965193339429,-3.86234104916306
"4597","San Angelo",-1.06172957869217,-1.63567284499019
"4598","San Antonio de los Banos",3.18979457970451,1.08633371249568
"4599","San Antonio Oeste",-1.36366531183101,-0.636416738723955
"4600","San Antonio1",-0.0572282087445723,-0.660235692459593
"4601","San Antonio2",-0.288223253707578,-1.00246615093227
"4602","San Bernardino",-0.440220700438642,-2.68450678075948
"4603","San Bernardo",-1.02853590017519,-1.95181632090766
"4604","San Carlos",2.96912882957065,0.845694421409328
"4605","San Carlos de Bariloche",-1.24834629476789,1.61899166092955
"4606","San Carlos del Zulia",4.04712589932083,1.17541405117956
"4607","San Cristobal",2.5390287696319,0.617257225261033
"4608","San Cristobal de Las Casas",0.467820535774881,0.350906089937696
"4609","San Diego",-0.343006165212309,-2.06987657169216
"4610","San Felipe1",0.429777197841764,-3.9758128275191
"4611","San Felipe2",-1.32346926814861,-2.42055807589884
"4612","San Fernando de Apure",4.10783357140409,-1.25711590764511
"4613","San Fernando1",3.96504881519024,1.05746503436391
"4614","San Fernando2",1.18923008911824,-1.3531368776953
"4615","San Fernando3",-0.476925953362659,-1.66238060469297
"4616","San Francisco de Macoris",3.2424584609792,1.4201966472798
"4617","San Francisco1",-0.500669075786368,-0.764049064454382
"4618","San Francisco2",0.151040956634056,-0.39346023777022
"4619","San Gabriel",0.0276835785136334,1.96371841423743
"4620","San Ignacio",2.18601167415206,-0.665599949471465
"4621","San Javier",2.1922251065917,0.109443272953947
"4622","San Jose de Mayo",0.333959834326374,2.04591594207562
"4623","San Jose del Guaviare",5.06895047854272,2.3124088977973
"4624","San Jose1",3.69532554291112,1.91371461981545
"4625","San Jose2",4.08253329793576,-1.36181447682107
"4626","San Jose3",-0.545535825691425,-0.864213642465556
"4627","San Juan Bautista",1.84889690984599,1.47818159179148
"4628","San Juan del Rio",-0.210108508945944,-1.87009609267125
"4629","San Juan del Sur",3.75122243354234,-0.879625646792153
"4630","San Juan1",3.60955778336271,2.65105873501908
"4631","San Juan2",-1.22961758034313,-2.52146891635589
"4632","San Justo",0.387649309456164,-0.0400099199991359
"4633","San Lorenzo1",1.2074847985835,0.534864185959404
"4634","San Lorenzo2",1.80904962462622,0.767756465648661
"4635","San Luis Obispo",-0.403250069004659,-1.56351241422028
"4636","San Luis Potosi",-0.46253013057869,-1.9416050972809
"4637","San Luis1",4.2652213014099,2.20298876101751
"4638","San Luis2",-0.794240993600114,-0.896004286717716
"4639","San Marcos",-0.0521524408904932,-0.359933801893801
"4640","San Marino",-1.03049526240079,1.15831973562325
"4641","San Martin1",-1.37635418454691,-1.7297369519925
"4642","San Martin2",6.46478913069842,3.58784901492792
"4643","San Mateo",-0.442032082121093,-0.530999005508199
"4644","San Miguel",3.99028124944749,-1.88697468583516
"4645","San Miguel de Tucuman",0.993517598546601,-0.503286566209306
"4646","San Nicolas",0.113585889096959,0.583701212952477
"4647","San Pablo",4.21277370275961,0.390877360675934
"4648","San Pedro de las Colonias",-0.14226765523401,-3.27878953383235
"4649","San Pedro de Macoris",3.29337946538898,0.180535551663713
"4650","San Pedro Sula",3.80792484344354,0.973338025920365
"4651","San Pedro1",0.812653134490369,-1.02891780451473
"4652","San Pedro2",2.13091167150851,0.258994345893455
"4653","San Rafael1",-1.43514882306186,-1.14841868692373
"4654","San Rafael2",1.93863916280394,-0.987140458695838
"4655","San Ramon",2.13950883498738,0.379381491849321
"4656","San Ramon de la Nueva Oran",1.20466967962257,-1.28543559596947
"4657","San Salvador",3.33316492188222,-0.671395653484907
"4658","San Salvador de Jujuy",-0.0134786341535789,-0.972377476764004
"4659","San SebastiÌÁn",0.570580237488369,3.28956884791757
"4660","San-Pedro",4.17315056989965,0.406348302512782
"4661","Sanaa",-0.577892552825253,-2.81091840910945
"4662","Sanandaj",-2.39450037613197,-2.56943493009415
"4663","Sancti Spiritus",3.17744723837293,0.0516131632925944
"4664","Sandakan",7.06782827229028,5.00030345493065
"4665","Sandnes",-1.0337206637391,3.97946792509254
"4666","Sanford",1.57646470425826,0.745913803982077
"4667","Sangli",1.56956675746435,-2.82310465623317
"4668","Sangolqui",0.351811181042982,1.26774222102619
"4669","Sanliurfa",-1.459664974261,-2.92124295021492
"4670","Sanming",0.763630470244987,-0.0739047722391089
"4671","Santa Ana",3.20457766661447,-0.675163438113317
"4672","Santa Barbara1",-0.786515082298032,-2.4995096878334
"4673","Santa Barbara2",-0.0277186109982408,-1.70098768961858
"4674","Santa Barbara3",-0.248438855565392,0.309997372964897
"4675","Santa Clara",2.76624541100231,0.195081597273216
"4676","Santa Cruz Cabralia",3.62415612715413,2.90775308031451
"4677","Santa Cruz de Tenerife",0.226426170937089,-0.119434832691211
"4678","Santa Cruz do Sul",1.20949071023071,2.01365052986019
"4679","Santa Cruz1",2.54600348671013,0.547931343551609
"4680","Santa Cruz2",2.47408525855124,-2.35501008856072
"4681","Santa Fe1",-2.85012324370345,-1.0148898775315
"4682","Santa Fe2",0.268339508630325,-0.0170331982784418
"4683","Santa Ines",5.24183433982015,0.591085721455692
"4684","Santa Lucia",0.48577568176974,1.93108345669612
"4685","Santa Maria da Vitoria",2.50060999576636,-2.31744996522684
"4686","Santa Maria1",-0.513503915385581,-1.55089406807969
"4687","Santa Maria2",1.48706836493653,2.66128721253319
"4688","Santa Marta",3.75338982605532,-0.539355256071703
"4689","Santa Rita",2.96432585572398,-2.20304108124664
"4690","Santa Rosa de Copan",2.56006630584728,0.578391702148671
"4691","Santa Rosa1",-0.0760568010193486,-0.720051435884146
"4692","Santa Rosa2",-0.86469758907618,-0.3239274103554
"4693","Santa Rosa3",1.93310304049659,3.12398780909329
"4694","Santa Rosalia",0.686876988622588,-2.96133224489308
"4695","Santa Vitoria do Palmar",0.706030238546703,2.81449194136766
"4696","Santana do Livramento",1.01721291734651,2.01094893225264
"4697","Santander",0.389439646521324,2.04769814634361
"4698","Santarem",5.64063579437964,1.48138155381038
"4699","Santiago de Compostela",0.728504200201463,2.46633519015572
"4700","Santiago de Cuba",2.99700383993687,-0.0796407882592988
"4701","Santiago del Estero",0.433375477166345,-1.71030472732096
"4702","Santiago Ixcuintla",4.06307301392812,-0.642858966685218
"4703","Santiago Tuxtla",3.49098458309147,0.770650204055925
"4704","Santiago1",4.64443559944076,0.530910225977496
"4705","Santiago2",2.72450901372643,0.606354539408315
"4706","Santiago3",-1.13542008346855,-2.03652243318838
"4707","Santo Andre",2.24790748550239,2.15012788037199
"4708","Santo angelo",1.94115892184735,3.16743332614931
"4709","Santo Domingo",3.65472665560025,1.08678934912338
"4710","Santo Tomas",-1.53154564844558,0.394277904809189
"4711","Santos",3.73676818250944,3.36702273258271
"4712","Sanya",2.67875284661267,-0.297848637376289
"4713","Sao Borja",1.8194157369065,2.06337363274733
"4714","Sao Carlos",2.09467639648796,0.409999158560581
"4715","Sao Francisco do Sul",3.41988520635203,3.71547743509177
"4716","Sao Gabriel",1.2907410840285,2.50017861139461
"4717","Sao Joao da Boa Vista",2.13730234940682,0.310820258445951
"4718","Sao Joao del Rei",2.03975229452462,0.0671205987036306
"4719","Sao Jose de Ribamar",5.45567262060752,0.322964794371282
"4720","Sao Jose do Rio Preto",2.34372401005174,-0.576779404539669
"4721","Sao Jose dos Campos",2.13005719535307,0.792489876887503
"4722","Sao Jose dos Pinhais",1.40644266722318,2.66464208306723
"4723","Sao Lourenco do Sul",1.3073863782694,3.17684526114141
"4724","Sao Luis",5.40139500523646,0.323239332402589
"4725","Sao Luiz Gonzaga",2.18433191247188,4.20125646903909
"4726","Sao Mateus",2.92192517453861,0.862418938402367
"4727","Sao Paolo",2.08486801993206,1.87294000475635
"4728","Sao Tome",2.27879725459196,-0.652091605526382
"4729","Sapele",5.13571476518324,1.16382200735798
"4730","Sapporo",-1.60428183825896,2.95094696587791
"4731","Saraburi",3.542759537193,-1.53305463037264
"4732","Sarajevo",-2.07700124336035,1.65958225012209
"4733","Saransk",-3.79727493577315,1.0321000717317
"4734","Sarapul",-4.2114630959468,1.16227324005113
"4735","Sarasota",2.31154779120559,1.25407219369789
"4736","Saratoga Springs",-2.52512991866033,2.11148805025582
"4737","Saratov",-3.79206784134875,0.596302820723866
"4738","Sargodha",0.297124141755437,-3.55397438125515
"4739","Sarh",3.0531940662833,-2.37014538817631
"4740","Sari",-0.167415713303938,-0.60024176488778
"4741","Sarmiento",-2.34431689298753,-0.450422732972657
"4742","Sarnia",-2.66655856324002,1.66308089934884
"4743","Sarqan",-3.39848347819935,-0.320494053163319
"4744","Saryshaghan",-4.34888976826086,-0.881625954474444
"4745","Saseba",1.51494743286194,2.75687794745384
"4746","Saskatoon",-4.89424185927353,0.377788617339427
"4747","Sasovo",-3.59531595405337,1.1157608355763
"4748","Sassandra",4.41662968883129,0.199479794029338
"4749","Sassari",-0.423919541280576,-0.136750260957863
"4750","Satadougou",3.09195436295465,-3.48541947299003
"4751","Saudarkrokur",-3.28537048871516,2.6770951259206
"4752","Sault Ste. Marie",-3.50586056068435,2.37152614142326
"4753","Saurimo",2.17706931190781,-0.783161824745649
"4754","Savannah",0.965464459470384,1.23738779713735
"4755","Savannakhet",3.12663464957705,-1.08638364852582
"4756","Saveh",-1.92911262426749,-3.35848391323364
"4757","Savetskaya Gavan",-4.26442420646491,1.95120867437857
"4758","Savonlinna",-3.72159913998974,1.72502069872335
"4759","Sawahlunto",5.78681070238626,5.0125001885962
"4760","Sayanogorsk",-4.66501876726461,-0.147555762502277
"4761","Saywun",0.603356679646378,-4.71491849850706
"4762","Scarborough",-1.76175570174476,2.89560671196958
"4763","Schefferville",-5.83330333630961,2.96571201640282
"4764","Schenectady",-2.48321639660276,1.88420371486839
"4765","Scottsbluff",-2.8897351436537,-1.64728449873665
"4766","Scottsdale1",-0.0840882027287131,2.66280661888477
"4767","Scottsdale2",-0.307727742692109,-3.5349125517909
"4768","Scranton",-2.36172950184866,1.47288846067119
"4769","Seattle",-0.764310893786763,0.881007637554458
"4770","Sechura",1.25643815456411,-3.11211715897126
"4771","Sefra",-1.68465051189884,-2.97634787141158
"4772","Segezha",-4.03886022006605,1.86971625339268
"4773","Segou",2.35980656038692,-3.95834273443377
"4774","Seguela",2.76315440103436,-0.972688640333421
"4775","Sekondi",4.07434448366914,0.369785888828498
"4776","Selawik",-5.6263929861276,1.26695129432006
"4777","Selfoss",-1.37515501838936,5.35392939693425
"4778","Selibaby",2.49630872097548,-4.6004315672539
"4779","Selkirk",-4.75130530810627,0.673661618038992
"4780","Selma",0.196653208113134,1.32107294185231
"4781","Semarang",5.02562938178651,1.30781760759438
"4782","Sembe",3.02581351565988,0.819987921331258
"4783","Semey",-4.78721091507394,-0.196930778473795
"4784","Semnan",-2.29603754821762,-2.48040077184212
"4785","Sena Madureira",3.46732488120293,0.376419636226681
"4786","Sendai",-0.788350710534912,1.66107783037038
"4787","Senhor do Bonfim",2.13512535595989,-0.950211788075905
"4788","Sennar",2.19100192650686,-4.33054521386311
"4789","Sensuntepeque",3.43508488530236,-0.61956144768631
"4790","Seoul",-0.552897653028212,0.978457114682153
"4791","Serang",5.9581812564323,3.52840961080909
"4792","Serdobsk",-3.70181983476915,1.1093885142541
"4793","Seremban",4.80095870447502,2.86485056735728
"4794","Seres",-1.63630482408194,-0.682489662225386
"4795","Sergiyev Posad",-3.48542141170535,1.653673927874
"4796","Serov",-4.65813603515062,1.06920071466958
"4797","Serowe",-0.0976892456793998,-2.34220512666184
"4798","Serpukhov",-3.3877101236783,1.39619033303701
"4799","Serrinha",2.07549324159932,-0.125048985365523
"4800","Sesheke",0.757619871255565,-2.89611743939034
"4801","Sete Lagoas",2.43679637488814,-0.368522979822693
"4802","Setif",-1.57065298292373,-0.925871746960007
"4803","Settat",-0.636845181396842,-1.80328202325477
"4804","Setubal",-0.092958484374597,-0.557391942280285
"4805","Sevastapol",-1.99904151129132,1.22783551267827
"4806","Severnyy",-5.94928743575942,2.84987305788976
"4807","Severodvinsk",-4.28730292940705,2.20735050778337
"4808","Severomorsk",-3.99375060503867,2.44269255566253
"4809","Severouralsk",-4.86721158190332,1.27921206370523
"4810","Seville",-0.354340965461399,-1.93049690151147
"4811","Seymour",-0.89290824905364,0.289196541875414
"4812","Sfax",-0.0518406916664296,-1.81647128794006
"4813","Shache",-3.4811043196111,-2.24170304252371
"4814","Shadrinsk",-4.59768463265727,0.553205121666202
"4815","Shahjahanpur",1.65410123738785,-2.80639324608237
"4816","Shahrisabz",-1.63029218934329,-2.23826590427011
"4817","Shahrud",-2.66391967137774,-2.18328020593989
"4818","Shakhty",-3.27855895875135,0.713113477115486
"4819","Shalqar",-4.02228074360605,-0.998299374528171
"4820","Shamattawa",-6.17346727795001,1.35910387031084
"4821","Shamva",0.921337697433816,-2.26387568233006
"4822","Shangdu",-4.58854972048316,-1.01734326042094
"4823","Shanghai",-0.386475741958598,0.514895547093689
"4824","Shangqiu",-1.28605995156718,-0.782963870603491
"4825","Shangrao",1.08104597749673,0.906290795833956
"4826","Shangzhi",-4.20978440082314,0.124879947987057
"4827","Shannon",-0.714163976773658,3.39685715372162
"4828","Shantou",2.07938392485228,0.558461002633053
"4829","Shanxian",-1.33302626705781,-0.793277663145881
"4830","Shaoguan",1.02834916868689,0.367294053560399
"4831","Shaowu",0.787014120713997,0.402804475999656
"4832","Shaoxing",-0.0217004394376074,0.637446852155299
"4833","Shaoyang",-0.00889292572698313,0.614053524369542
"4834","Shar",-4.79699855562285,-0.0880384679898221
"4835","Sharbaqty",-5.01439718831695,0.024037771145593
"4836","Sharjah",1.15332600299051,-4.14772468532728
"4837","Sharya",-3.84693822937992,1.51052748563466
"4838","Shashemene",0.842578733292482,0.126209755466826
"4839","Shashi",-0.418653450660179,0.0222991879178274
"4840","Shawinigan",-3.50923471882341,2.34123074333864
"4841","Shawnee",-1.11885011690987,-0.103640536842962
"4842","Shchekino",-3.42021176196195,1.5181978156214
"4843","Shebekino",-3.05980757091755,0.944970498340404
"4844","Sheberghan",-1.37078215527229,-3.34320052624382
"4845","Sheboygan",-2.68790804208284,1.46778275538056
"4846","Sheffield",-1.77731486034275,2.46178061192581
"4847","Sheikhu Pura",0.514014806298592,-3.5669721522444
"4848","Shelburne",-1.70297892916491,4.32421160280533
"4849","Shemonaikha",-4.76559293488169,0.683396642089754
"4850","Shendi",1.51724159923086,-5.41019725418455
"4851","Shenyeng",-3.02475553802328,-0.264081482302403
"4852","Shenzhen",2.42008546021511,0.704106897829519
"4853","Shepparton",-1.01975149158497,-0.117387655149437
"4854","Sherbrooke",-3.0556485389816,2.6955207073644
"4855","Sherlovaya Gora",-6.01372649768693,-0.347205710606947
"4856","Sherman",-0.626351788983354,0.130045046730463
"4857","Shieli",-3.31591113214446,-2.20710856447368
"4858","Shihezi",-4.15780440481256,-0.993053365794251
"4859","Shijianzhuang",-1.88291299484304,-1.63587852814109
"4860","Shilka",-6.10671864951662,-0.357401042464611
"4861","Shillong",6.92384619614685,6.49001604231771
"4862","Shimanovsk",-5.8440574662046,0.495934989262016
"4863","Shimoga",2.71300007568869,-1.83776369334259
"4864","Shimonoseki",1.0762954278817,2.14547555875045
"4865","Shinyanga",1.96666893246166,-1.90489305890628
"4866","Shira",-4.9800830057925,0.445984389425443
"4867","Shiraz",-1.5172945023508,-3.32205661789594
"4868","Shishou",-0.245516029073743,0.352223692427523
"4869","Shiyan",-1.12846185698521,-0.77561871849278
"4870","Shizuishan",-3.83469456581819,-2.44829217016362
"4871","Shizuoka",0.607039465909375,2.1462546151656
"4872","Shkoder",0.0845639217292499,0.891238471057375
"4873","Sholapur",2.15615022485044,-3.44400442678925
"4874","Shonzhy",-3.44682458353747,-0.835052685179074
"4875","Shostka",-3.02607533740109,1.45644456318785
"4876","Shouzhou",-3.65551280549814,-1.1490127050171
"4877","Shreveport",0.4917461444486,0.888836149814166
"4878","Shu",-2.9781425450318,-1.57967609483588
"4879","Shuangcheng",-4.42101078722731,-0.210788657818972
"4880","Shulan",-4.15722491386094,0.035397770665732
"4881","Shumen",-2.27569296059572,0.376748166558002
"4882","Shumerlya",-3.78862395900977,1.2408776193316
"4883","Shuya",-3.66478340372585,1.35085191905707
"4884","Shuyang",-0.82221430071693,-0.16816279963738
"4885","Shwebo",1.6949978710551,-2.15169038315898
"4886","Shymkent",-2.19943888415154,-1.60645784520731
"4887","Si Racha",3.54200379270738,-0.950653164968104
"4888","Sialkote",1.18656999517166,-2.66443575707232
"4889","Siauliai",-2.94809670351985,1.48240226000342
"4890","Sibay",-4.5590229414491,0.480499572170366
"4891","Sibiti",3.15754541107183,0.121764591588166
"4892","Sibiu",-2.40147087512427,0.689616960559349
"4893","Sibolga",6.87102392737109,6.30247847102385
"4894","Sibu",7.03595955236743,6.09854500630529
"4895","Sibut",2.95967628850126,-1.24097154308044
"4896","Sica Sica",-2.528135425805,-0.449199344279614
"4897","Sicuani",-1.85097106753668,0.0838080149185637
"4898","Sidi bel Abbes",-1.01219390381251,-1.90503552968163
"4899","Sidney",-3.00506107413011,-1.47284387153544
"4900","Siedlce",-2.74289992384247,1.0548454759206
"4901","Siem Reap",3.24110457044605,-1.69907978544365
"4902","Siena",-0.973891821274792,0.375737975670961
"4903","Siguiri",2.82656877423476,-2.89055384493935
"4904","Sikar",0.802436542640914,-4.07339767032018
"4905","Sikasso",2.55410116276065,-2.89047455100259
"4906","Sikonge",2.11351448421511,-1.84423351335603
"4907","Silchar",4.9500327605415,1.83160703335279
"4908","Siliguri",5.15496416731235,1.85379500313432
"4909","Simao",1.40258305399306,0.112727669438547
"4910","Simferopol",-2.26031133496288,1.10939942085616
"4911","Sincelejo",3.81403158038352,0.298205776228729
"4912","Singapore",5.62464270674967,4.65086444293437
"4913","Singaraja",4.52583786969759,0.369359918893372
"4914","Singida",1.0667939916437,-2.33755339138834
"4915","Singkawang",6.46082166592647,5.06571162822275
"4916","Singleton",-0.0112228044067096,0.166540197764214
"4917","Sinnamary",5.54646167618694,2.04988291075811
"4918","Sinop",3.98785985968632,-0.0922694374559681
"4919","Sinuiju",-1.46448949561746,0.923811637156189
"4920","Sioux City",-3.05117014512923,-0.255438864975966
"4921","Sioux Falls",-3.48566831362655,-0.111205804528006
"4922","Siping",-3.63571864498421,-0.262841375345206
"4923","Siracusa",-0.0564547448975633,-1.1061554982887
"4924","Sirsa",0.214307126645954,-3.85778225324256
"4925","Sisaket",3.09509681612261,-1.55773425989905
"4926","Sisophon",3.29605455282495,-1.39570052193647
"4927","Sitapur",1.64949066669185,-2.70152350030461
"4928","Sitia",0.0833638591289573,-0.436845656797441
"4929","Sitka",0.921710615624643,6.45193785735966
"4930","Sittwe",8.09491926482429,2.42075544049004
"4931","Sivas",-2.85982904243602,-0.844920247679323
"4932","Siwa",-0.555659330508948,-4.16648920395685
"4933","Sixaola",5.46848572262258,4.3282268352849
"4934","Skagway",-3.38523232357754,1.81582668088072
"4935","Skelleftea",-3.78198147965642,2.00970576061921
"4936","Skien",-2.36294888806181,2.69476883086544
"4937","Skikda",0.0221620839255226,-1.36434192417458
"4938","Skopje",-1.90299824775933,-0.133288525560821
"4939","Skovorodino",-6.30266549909827,0.354824583776132
"4940","Slantsy",-3.15299543368889,1.66982917048809
"4941","Slavgorod",-5.0152491840383,0.165590701023845
"4942","Slavonski Brod",-1.80911371167686,0.912734960601607
"4943","Slidell",1.59581053258595,2.37814775435003
"4944","Sligo",-0.667409151301073,3.75892269703951
"4945","Sliven",-1.86893035154972,-0.0189279176525304
"4946","Slobodskoy",-4.1057859474804,1.61257938721703
"4947","Slupsk",-2.18759808091214,1.89527296834042
"4948","Slyudyanka",-4.50136168250423,0.757315566131311
"4949","Smara",-0.314188959778532,-3.69899126629234
"4950","Smithers",-3.7997216972908,1.23961960754458
"4951","Smithton",0.160538011644687,2.62604880661396
"4952","Smolensk",-3.12905739486916,1.86869923616406
"4953","Sobral",3.8537340641408,-2.2575750908715
"4954","Soc Trang",3.85684199756343,-0.588816043458952
"4955","Sochi",0.122579624721297,3.56247595873455
"4956","Socorro1",-1.92337044506532,-2.63141035114771
"4957","Socorro2",2.6001100942824,1.3384724738974
"4958","Sodankyla",-4.36634405765641,1.99097883461184
"4959","Sodo",1.67123430782177,0.276714152335423
"4960","Sofia",-2.08328640047464,0.84711099069908
"4961","Sogamoso",0.459684331307106,0.922288544670498
"4962","Sohag",-0.257995825116604,-6.3375881597565
"4963","Sohano",5.61721227291299,4.26883630257813
"4964","Sokcho",-0.621064965097712,1.7042748965964
"4965","Soke",-0.0684645150463332,-1.64051832133626
"4966","Sokode",3.15780727650152,-1.31684344518446
"4967","Sokol",-3.85673318179339,1.70377564610036
"4968","Sokolo",2.00968914297375,-4.43161204964177
"4969","Sokoto",2.35111651015391,-3.94888310573865
"4970","Sol-lletsk",-4.31151279971323,0.123812895974743
"4971","Soledad",3.58074564333614,-1.15066373413896
"4972","Solikamsk",-4.27514590412545,1.86279257300148
"4973","Solnechnogorsk",-3.43132592628921,1.56460492219828
"4974","Solwezi",1.36138837741217,-1.60478396414395
"4975","Son Tay",2.6784017933095,0.276762629227567
"4976","Sonbong",-2.87943228193338,0.445381007952683
"4977","Songea",1.49990270018414,-1.36519629682054
"4978","Songkhla",5.78225143918099,1.62375945571419
"4979","Songo",2.31946400285308,-0.882495576386595
"4980","Sonipat",0.753572044159902,-3.57474286620173
"4981","Sonson",3.10694501447266,4.93268807261346
"4982","Sonsonate",3.68867957354272,-0.981131408036828
"4983","Sopur",-2.06205574573082,0.0656716668802747
"4984","Sorocaba",1.71489720498168,0.562151470647753
"4985","Sorong",6.12043950593792,5.20202380835239
"4986","Soroti",2.59133503644373,-0.246574784678783
"4987","Sosnogorsk",-4.8909475709692,1.72097494200003
"4988","Sotik",2.11477293948219,1.77604551699084
"4989","Soubre",3.33173412332487,0.229801393287109
"4990","Souk Ahras",-1.27338727878025,-1.532652116816
"4991","Sousse",-0.187291334001934,-1.82433549606666
"4992","South Bend",-2.24464739325075,1.49775046786311
"4993","Southampton",-1.24388138609049,2.1606613146225
"4994","Southaven",-0.300611618179491,1.61969516353642
"4995","Southend",-1.75619919508364,1.9725412738879
"4996","Southern Cross",-0.773254144805665,-1.73616553087843
"4997","Sovetsk1",-2.42112790616348,1.81045897538375
"4998","Sovetsk2",-3.98147379232367,1.38092694751171
"4999","Soyo",2.24300928892509,-1.01563312227711
"5000","Spanish Town",3.65802996658837,0.569549272920561
"5001","Spartanburg",-0.514208765343646,2.26133636398546
"5002","Sparti",-0.464335247949871,-1.12628855187613
"5003","Spassk Dalniy",-4.25563677666355,0.523166293922682
"5004","Spencer",-3.37364732575164,0.0475309992117936
"5005","Split",-0.641326337695588,0.630538980860792
"5006","Spokane",-2.61354757775862,-0.312524994501756
"5007","Spring Hill",1.84117259605745,1.01305761416052
"5008","Springbok",-1.2841853700169,-2.00084865103189
"5009","Springfield1",-1.4651225339438,0.884053065438281
"5010","Springfield2",-2.12349035715919,0.870898803615974
"5011","Springfield3",-1.83143203288407,1.50480990860385
"5012","Springfield4",-1.75901709827767,2.51117130012739
"5013","Springfield5",-0.655533043423186,0.104794507059229
"5014","Springs",-0.875713934189316,-1.3044958451057
"5015","Srinagar",-2.16960168180147,0.100056649529455
"5016","St. Anthony",-3.30598255929878,4.05929418414248
"5017","St. Augustine",1.57822822371596,1.4307273876208
"5018","St. Charles1",-1.83401661902591,1.02935571474665
"5019","St. Charles2",-1.01446291689687,1.70726273335006
"5020","St. Cloud",-3.69382519768477,0.401388759241484
"5021","St. George",-1.83292722758078,-2.64458866194124
"5022","St. John",-2.30803158739891,3.81782578770246
"5023","St. JohnÛªs",-2.06428354983464,4.72397018707171
"5024","St. Joseph",-2.11690287072062,0.110311142903332
"5025","St. Louis",-1.77326355975171,1.00075781282035
"5026","St. Paul",-3.28461505673138,0.467722178667716
"5027","St. Petersburg1",2.15642625144925,1.22508538384923
"5028","St. Petersburg2",-3.37441220556389,1.74648044028519
"5029","St.-Benoit",6.40783793862231,6.23573271234048
"5030","St.-Brieuc",-1.04426148899578,2.33758868289623
"5031","St.-Denis",4.65340789479641,3.63396672812741
"5032","St.-Jerome",-3.45009322028132,2.41980228278383
"5033","Stamford",-1.56553775829439,2.64167457170073
"5034","Standerton",-0.947549381591117,-1.44392806525087
"5035","Stanley",-1.97128910041648,3.43215195231592
"5036","Stara Zagora",-1.73521328550732,0.00924626007173328
"5037","Staraya Russa",-3.25618156598089,1.46354322877002
"5038","Starsy Oskol",-3.23388861717785,1.00210502193565
"5039","State College",-2.13354814742916,1.85340964783246
"5040","Stavanger",-0.996401916091428,4.0670344540152
"5041","Stavropol",-2.76854667364744,0.622747789620079
"5042","Stawell",-1.01725934872245,0.272561532126089
"5043","Steinbach",-4.5766094135079,0.724051163787727
"5044","Steinkjer",-2.19017970043161,3.31994319589343
"5045","Stepanakert",-2.41908634555076,-0.559399190819787
"5046","Stephenville",-2.88615477630657,3.71645012223485
"5047","Sterlitamak",-4.09400098719494,0.924666324263692
"5048","Stettler",-4.13392602314835,0.45547614031393
"5049","Stillwater",-1.33829014658982,-0.623851373255404
"5050","Stockholm",-2.77532739879859,1.91768166552399
"5051","Stoke",-1.69617163511221,2.85599445109227
"5052","Stony Rapids",-6.1428414278172,1.26405570200398
"5053","Stralsund",-2.17315020642203,2.13281595214604
"5054","Strasbourg",-1.62137820244045,1.47100370301656
"5055","Streaky Bay",-0.38183256080612,-0.712504468198162
"5056","Strezhevoy",-5.34148153594679,1.32738348701406
"5057","Stuttgart",-1.92965693636645,1.60095675855556
"5058","Subotica",-2.25495834578123,0.459158985512035
"5059","Suceava",-2.58155646810336,0.590276478397283
"5060","Sucre",-0.739135910661889,-0.60708557059555
"5061","Sudbury",-3.83955875015143,2.0203661201577
"5062","Suhar",1.27722723754303,-4.75295628637909
"5063","Suihua",-4.7213783139966,-0.055119195589457
"5064","Suileng",-4.93083346719696,-0.0149655378321072
"5065","Sukabumi",6.42495681291718,5.44603995985827
"5066","Sukhothai",2.71726435456605,-2.00302842952487
"5067","Sukhumi",0.200243699215055,3.65293759206842
"5068","Sukkur",0.125034397689783,-5.06782111139116
"5069","Sullana",1.76508837289345,-3.09096690026407
"5070","Sumbawanga",0.514020781173831,-1.58649757192987
"5071","Sumbe",2.18151449889213,-1.73631916681412
"5072","Sumenep",4.21413795330422,0.273828990553305
"5073","Sumqayt",-1.59504792542474,-0.777253846245102
"5074","Sumter",0.111477059672682,1.22746478144584
"5075","Sumy",-3.08193763256688,1.15118101217766
"5076","Sunbury",-0.90997275309037,1.01759311569541
"5077","Sunchales",0.20585907380672,-0.276497064219393
"5078","Sunchon",-1.54258422721354,0.544671237296294
"5079","Sunderland",-1.59825944778468,2.53102819967953
"5080","Sundsvall",-3.23814383143483,2.05534503474146
"5081","Sungai Petani",5.75924728248838,2.89498755609304
"5082","Sungaipenuh",3.80391986638822,3.28245454262304
"5083","Sunshine Coast",2.1236932720903,1.6258465924582
"5084","Suntar",-7.12545051276412,0.914192546756529
"5085","Superior",-3.69302789902278,0.681991606462706
"5086","Sur",1.38468122828028,-3.62754071297509
"5087","Surabaya",4.69817307764227,0.731986484394641
"5088","Surakarta",4.79389600433632,0.897763828269262
"5089","Surat",3.67453019695034,-2.62951543473645
"5090","Surat Thani",4.10881070854221,-0.000253269310047557
"5091","Surgut",-5.29195948269443,1.69155240388159
"5092","Surigao",7.9311308264278,5.42623237694526
"5093","Surin",3.00335325158097,-1.62618094167924
"5094","Surt",0.00860543235011208,-2.22550146219137
"5095","Suva",5.55607297739753,5.981079381644
"5096","Suwalki",-2.89134768360841,1.35933380875433
"5097","Suwon",-0.605519434643793,0.879037726769391
"5098","Suzhou",-0.424391123536764,0.352411713150971
"5099","Svendborg",-2.37656627161242,2.64422275933529
"5100","Svetogorsk",-3.5066793914018,1.89877825383953
"5101","Svobodnyy",-5.69034794443222,0.356161069368296
"5102","Swakopmund",0.389830465501566,-2.65909252935939
"5103","Swan Hill",-1.13177306090255,-0.856182631957127
"5104","Swansea",-0.508024159247126,3.72538258106191
"5105","Swellendam",-0.317171421373492,-0.0367360683026311
"5106","Swift Current",-4.489522115778,0.0327017630559865
"5107","Sydney1",0.584392628260106,1.59117769283986
"5108","Sydney2",-1.84002557842287,4.57859318541806
"5109","Syktyvkar",-4.4572570539,1.60634581657363
"5110","Sylhet",7.13115819685122,3.80611059503269
"5111","Syracuse",-2.53384217529285,2.18296149276325
"5112","Syzran",-3.87577587525797,0.784740061019459
"5113","Szczecin",-2.38774819113251,1.33286551609819
"5114","Szeged",-2.20984324149551,0.344391183138
"5115","Szekesfehervar",-2.28233688240727,0.580234156768309
"5116","Szolnok",-2.31308519224706,0.364530875837525
"5117","Szombathely",-2.10565231822699,0.656499730379966
"5118","Tabora",2.03901415703734,-1.8147229191872
"5119","Tabriz",-2.80830035178655,-1.94797121710424
"5120","Tabuk",-0.917203325870237,-4.26683838303027
"5121","Tacheng",-4.41201220319284,-0.453611189331
"5122","Tacloban",5.96692941552975,4.47575244235666
"5123","Tacna",0.732001384685608,-2.48900262411473
"5124","Tacoma",-0.709419158126868,0.806948586147997
"5125","Tacuarembo",0.603374833439547,1.75856269440511
"5126","Tadmur",-1.41012080355672,-3.44205691493548
"5127","Taedong",-2.42302303903899,0.317634730510821
"5128","Taganrog",-2.60910117785323,0.524161794043755
"5129","Tagum",4.88155151674293,2.79720707457909
"5130","Tahoua",1.64924529405755,-4.54919136906175
"5131","Taian",-1.40146272538435,-0.707477563941079
"5132","Taichung",2.59221844206147,0.765880463290465
"5133","Tailai",-4.58140217783149,-0.724801488818346
"5134","Tainan",3.46375380378885,0.868009415939955
"5135","Taipei",2.92245152920264,3.9962626360313
"5136","Taiping",6.07840437338818,4.45675313278125
"5137","Taitung",3.31847513293143,1.83084470418255
"5138","Taiyuan",-2.78969618777593,-1.28920250229236
"5139","Taizhou",-0.586149093961795,0.321367623985254
"5140","Taizz",0.67198836198034,-2.22368447693888
"5141","Tak",2.50862156739325,-2.09399790492234
"5142","Takamatsu",0.0540020891926322,0.628134002804265
"5143","Takaoka",0.649115226737217,5.04493454486078
"5144","Takapuna",0.622643556366641,3.41955906907344
"5145","Takeo",3.34883776313924,-1.34569836339711
"5146","Talara",1.16840998673461,-2.44563211018542
"5147","Talas",-3.18860919493105,-0.840443827666042
"5148","Talca",-0.226466705666785,-1.18750492302259
"5149","Talcahuano",0.416701417684603,1.00062422955692
"5150","Taldyqorghan",-3.45897059821851,-0.797468745389804
"5151","Tall Afar",-1.28569462443636,-3.58150986663211
"5152","Tallahassee",1.27526439731043,1.89461280133632
"5153","Tallinn",-2.94245442448379,2.06627580657369
"5154","Taloyoak",-8.67787215983696,2.79769253694382
"5155","Taltal",0.437546035723254,-3.2564105948239
"5156","Tamale",3.47498083244015,-1.67605973632389
"5157","Tamanrasset",-0.984108946265019,-3.58094079566581
"5158","Tamazunchale",2.81333989673867,0.0914321627856961
"5159","Tambacounda",2.78243360260186,-3.87683337534105
"5160","Tambov",-3.51583486576689,1.08397007029415
"5161","Tame",6.39378110545882,2.66739422212968
"5162","Tampa",1.99390623709838,1.0265618076605
"5163","Tampere",-3.48684861113743,1.76900568236268
"5164","Tampico",2.46525992332279,-0.600176690364869
"5165","Tamuin",2.29157683859604,-1.02439720583703
"5166","Tamworth",-0.315617738121247,0.120454796660324
"5167","Tan An",3.44653371638505,-1.42573006653362
"5168","Tan Tan",0.0668069309327066,-2.49484476830078
"5169","Tandil",-0.759927646171839,1.04353076178297
"5170","Tanga",3.26926679180555,-0.036437773019942
"5171","Tangail",2.90521014058424,-0.145396562020353
"5172","Tangier",0.273138373020776,-1.0088765432249
"5173","Tangshan",-1.86632203600037,-0.709512315145589
"5174","Tanjungkarang-Telubketung",4.84135954011684,1.73549725689364
"5175","Tanjungpandan",7.27172315935164,6.18284239604005
"5176","Tanjungpinang",6.21431774732955,5.50292245363328
"5177","Tanta",-0.5798590281763,-3.23697861508151
"5178","Taonan",-4.1677292705714,-0.917071511897058
"5179","Tapachula",5.3309602252854,0.455670047970409
"5180","Tara",-4.95158882409403,0.891026728934914
"5181","Tarabuco",-1.23549475652942,0.0381251264819095
"5182","Tarakan",7.20711860628807,7.10162793573767
"5183","Taranto",-0.587296193865706,-0.0964109588558073
"5184","Tarapoto",2.99854777158784,0.486922432781541
"5185","Taraz",-2.73163888296481,-1.48344298296799
"5186","Tarbes",-0.790775261148361,1.52160331819155
"5187","Taree",1.2576044139356,1.71518868244199
"5188","Tarija",-0.746770133373219,-1.4943037438408
"5189","Tarlac",4.77805929778674,-0.510605488537941
"5190","Tarma",-1.23340291442785,0.455484124776019
"5191","Tarnow",-2.28271839773278,1.17765343404881
"5192","Tarragona",-0.484801144498753,-0.487552623555796
"5193","Tarsus",-0.096211415528582,-1.79566335693316
"5194","Tartagal",1.49309514922493,-0.909867719594677
"5195","Tartu",-3.19874463060527,1.52504897409096
"5196","Tartus",0.541987062274094,-1.43208909300254
"5197","Tarutung",4.47421705751895,4.74667465028537
"5198","Tash Komur",-2.10682855505282,-1.56587211011478
"5199","Tashkent",-1.98515178958001,-2.16122013545505
"5200","Tashtagol",-4.269889871127,1.61320948557044
"5201","Tasikmalaya",4.72249805541863,2.83846849682368
"5202","Tatarsk",-5.02257459929501,0.568828741112412
"5203","Tatui",1.87968976070233,0.729855124096432
"5204","Tatvan",-2.77660783104087,-1.25041830406116
"5205","Taubate",2.25263716600002,0.564375722797517
"5206","Taungoo",3.55968353217021,-1.78328463506163
"5207","Taupo",-0.296072737423297,3.27378896252489
"5208","Tauranga",1.09568881225858,4.415017912186
"5209","Tavda",-4.68765327522279,0.957105516230704
"5210","Tawau",4.8458071185578,3.08304814892819
"5211","Tayshet",-5.06288885748209,0.78866025107974
"5212","Tayynsha",-4.80421053891955,0.215707160583754
"5213","Taza",-0.58691605783346,-2.41381638326352
"5214","Tbilisi",-2.24466926428427,-0.49794816760644
"5215","Tebessa",-1.52785067375253,-1.49459410166733
"5216","Tebingtinggi",5.62293952637046,3.60273694396386
"5217","Tecoman",2.77761208302177,-2.32660772500562
"5218","Tecuala",3.64099229212749,-0.816998498829966
"5219","Tefe",5.1221883995309,3.60347209350338
"5220","Tegal",6.14868352022562,2.84607142833437
"5221","Tegucigalpa",1.87807979365953,-1.13288680764291
"5222","Tehran",-2.14529960507682,-2.26506603862929
"5223","Tehuacan",0.167097548788781,-1.58462742795442
"5224","Tehuantepec",2.78674799880634,-2.24701429874923
"5225","Tejen",-1.76743533867272,-3.31210369491634
"5226","Tekax",2.8113355376717,-0.728378394181282
"5227","Tekirdag",-1.3291385570226,-0.617518319367579
"5228","Tel Aviv-Yafo",0.435703225705046,-1.91189264004183
"5229","Telemaco Borba",1.69122431139159,2.02012825557758
"5230","Teller",-5.31075992116041,2.47931690706332
"5231","Teluk Intan",5.76903311811718,3.77199466982116
"5232","Tema",3.09857820897546,-0.845749060019108
"5233","Temirtau",-4.73958622301777,0.0802677962306034
"5234","Temple",0.152473349530762,-0.412189810270009
"5235","Temuco",-0.00012894381762632,1.24143448294419
"5236","Tena",5.65769870209894,6.30030817067081
"5237","Tengchong",0.548249731098185,0.621481914383354
"5238","Tenkodogo",2.73545092654048,-3.30956529118811
"5239","Tennant Creek",0.942628916759678,-3.09732646127015
"5240","Tenosique",4.01845948008963,0.733162560934121
"5241","Teofilo Otoni",2.06544906876971,-0.917823543529775
"5242","Tepic",2.26525330774817,-0.81798167467735
"5243","Teresina",4.37967947883246,-1.31272126263573
"5244","Termiz",-1.38512383326356,-3.51983430565037
"5245","Ternate",5.31832059021747,3.99114821417528
"5246","Ternopil",-2.61591522718411,1.19964705824706
"5247","Terrace",-1.73744738585827,2.45221186728467
"5248","Terre Haute",-1.79199779960062,1.55153890591472
"5249","Tessenei",2.1060893976923,-4.53054967847371
"5250","Tete",1.91506143437595,-2.95015955799933
"5251","Tetovo",-1.91889013800428,0.214681280473297
"5252","Texarkana",0.18828461331264,0.908891673840676
"5253","Texas City",1.14761860092664,1.47083669651298
"5254","Teziutlan",1.6738770402348,2.51305971630306
"5255","Tezpur",3.21782267691204,0.525096769013789
"5256","Thai Nguyen",2.53427817328431,0.28577366286784
"5257","Thanh Hoa",2.97787129992171,0.208901507790776
"5258","Thanjavur",3.26096370896983,-1.75760470113391
"5259","The Hague",-1.56783404437086,2.36569654609549
"5260","The Pas",-5.25322291998534,0.930869638544272
"5261","Theodore",0.705544890433518,-1.09951256513069
"5262","Thermopolis",-3.68808231190771,-1.65116291932154
"5263","Thessalon",-3.49973492501409,2.17684145530969
"5264","Thessaloniki",-1.48227301002391,-0.894443748850951
"5265","Thies",2.438826587991,-2.62428849604608
"5266","Thika",1.59123353528949,-1.05769614887385
"5267","Thimphu",-1.94817081787839,-0.311758708523341
"5268","Thohoyandou",1.21778540190585,-1.1913239507868
"5269","Thompson",-5.75692579198989,1.33336859498867
"5270","Thongwa",6.19372565543812,0.124727476291998
"5271","Thorshavn",-0.629726902395152,5.14888918941322
"5272","Three Springs",-0.306079363196706,-2.04805175104161
"5273","Thunder Bay",-4.05603311714947,1.96926653679374
"5274","Thung Song",4.33237658831849,1.00436711940272
"5275","Tianjin",-1.78082920949121,-1.09475996873858
"5276","Tianmen",-0.5032940519385,-0.047282146583786
"5277","Tianshui",-2.74322163537966,-0.950508103231849
"5278","Tiarat",-1.9086415017258,-1.81754317730042
"5279","Tibati",2.96552655847678,-0.76229679454363
"5280","Ticul",2.78366737987533,-0.965215597530172
"5281","Tidjikdja",1.07531026924046,-4.82832170955607
"5282","Tidore",5.17036798190143,3.76651143635384
"5283","Tieli",-4.71020926295371,0.227624668160659
"5284","Tieling",-3.27482391502159,-0.262763795890514
"5285","Tijuana",-0.350224642945654,-2.05373910684748
"5286","Tikhoretsk",-2.2688249871572,0.622679760906335
"5287","Tikhvin",-3.4118654291618,1.85412212716746
"5288","Tikrit",-0.793883904109784,-4.30505963523005
"5289","Tillaberi",2.05144174403156,-4.69466067414612
"5290","Tillamook",1.48341323499721,3.02652346645317
"5291","Timaru",-1.11780065360378,1.84750900461572
"5292","Timashevsk",-1.91284281625112,0.384577437440671
"5293","Timbauba",3.22853816571955,-0.211432679346204
"5294","Timbedra",1.69363121266337,-4.87790448173354
"5295","Timbuktu",1.39329561543005,-5.15244797290056
"5296","Timika",7.58690683630067,7.5613974728758
"5297","Timimoun",-0.788837195452585,-4.49281037850336
"5298","Timiryazevskiy",-4.88500294718315,1.19576457632506
"5299","Timisoara",-2.0190200665521,0.439315195487096
"5300","Timmins",-4.26211012557224,2.39169988915734
"5301","Timon",4.5027759876656,-1.20174062712621
"5302","Tindouf",-0.0910290346757109,-4.92370965321993
"5303","Tingo Maria",4.85576256258093,3.60290019969131
"5304","Tinogasta",-0.999492331056592,-2.36086065061902
"5305","Tirana",-0.596364921889254,0.217158295803283
"5306","Tiraspol",-2.42698529536604,0.308805029226942
"5307","Tirgu Mures",-2.47084123844835,0.380945731408392
"5308","Tiruchchirappalli",3.23449773504835,-1.89046257216733
"5309","Tirunelveli",3.13217158510552,-1.52715268695015
"5310","Tirupati",2.67493923271186,-2.36111206830865
"5311","Tiruppur",2.3161726170236,-2.42317945630991
"5312","Tiruvannamalai",2.71916606979338,-2.24031527481859
"5313","Titusville",1.97039314080725,1.24797428796538
"5314","Tizimin",2.9614344547634,-0.0291280218878557
"5315","Tiznit",-0.23748515216903,-2.68617443210866
"5316","Tlaxcala",-0.233684141103814,-1.17811826478531
"5317","Tlaxiaco",0.15033102765731,-1.22923766476807
"5318","Tlimcen",-1.11352222136322,-1.69504779514066
"5319","Toamasina",5.71276561037062,5.38405932735651
"5320","Tobol",-4.68234693233784,0.204106848439055
"5321","Tobolsk",-4.84014217781566,1.11123542510303
"5322","Tocache",3.74662048737613,1.81366866218356
"5323","Tocantinopolis",4.13711564560747,-0.745569970756022
"5324","Toconao",-2.27684062991029,-2.56445364558823
"5325","Togiak",-3.59301862433106,2.92619009325822
"5326","Toguchin",-4.95849434145693,0.847971306341597
"5327","Tokar",1.64702215448639,-3.94099866441877
"5328","Tokmak",-2.90591393508363,-0.87267371777843
"5329","Toktogul",-2.4350191757897,-0.659983440492584
"5330","Tokushima",0.611546083546849,1.21653491131429
"5331","Tokyo",-0.202549890107145,1.27417712884098
"5332","Tolanaro",3.43421694274736,2.99304979721043
"5333","Toledo1",-2.42403756085774,1.25401351479286
"5334","Toledo2",-1.48905128688083,-1.64519966265606
"5335","Toliara",1.76885890986044,-2.06871575118161
"5336","Tolu",4.16160438575862,0.00537316969379505
"5337","Toluca",-0.119792085265354,-0.850970115856788
"5338","Tolyatti",-3.94423013952161,0.854913129609081
"5339","Tom Price",0.382681398999536,-3.23354632729481
"5340","Tomah",-3.15126714587555,0.428409792853054
"5341","Tomakomai",-1.63913300415545,2.50923965241236
"5342","Tombstone",-0.857639314193974,-2.78351319376443
"5343","Tomsk",-4.84823533479255,1.36923138015777
"5344","Tonantins",5.50934244652018,5.13724830871381
"5345","Tongchuan",-2.56455743719345,-0.956324351073283
"5346","Tonghua",-3.5310001219005,0.189770838011572
"5347","Tongliao",-3.87862295276343,-1.03995537136939
"5348","Tongling",-0.192265944415972,0.48795634663642
"5349","Tongren",-0.288517586819447,-0.0957764829309006
"5350","Tonk",1.55063277104577,-4.13332021037285
"5351","Tonopah",-3.41191181622192,-1.47037681719016
"5352","Toowoomba",0.140536827760615,0.464583172746834
"5353","Topeka",-2.03375605226976,-0.266574182058991
"5354","Topki",-4.86522509175072,1.19572467265281
"5355","Torbat-e Jam",-2.00595300477997,-3.16291260952626
"5356","Toronto",-2.77003925168128,1.74321562188582
"5357","Tororo",2.72054281204614,1.05691257380931
"5358","Torreon",-0.0363001737291991,-3.48209114144031
"5359","Torzhok",-3.42888682695079,1.53361121565525
"5360","Totness",4.24023076679049,1.35356765722002
"5361","Tottori",0.736241378564276,3.37037104470739
"5362","Touggourt",-0.829237069227528,-3.75702799039068
"5363","Toulon",-0.612185636077022,-0.0586706941575734
"5364","Toulouse",-1.0115518143307,0.637732647562733
"5365","Tournavista",3.7874852209208,1.49399022272616
"5366","Tours",-1.50933700258183,1.42134005452493
"5367","Townsville",2.6684403487085,-0.930224018885938
"5368","Toyama",0.497806585309601,4.59211345137738
"5369","Tozeur",-0.443684176255223,-3.64873792460827
"5370","Trablous",0.129713527406506,-1.60874761623313
"5371","Trabzon",-0.24248511132096,2.08632420600298
"5372","Tralee",-0.0693555474603634,4.39976841454299
"5373","Trancas",0.79293483463642,-0.480015815821055
"5374","Trang",4.6800235715559,0.565014328364587
"5375","Tranqueras",0.673014895380153,1.6311350052931
"5376","Traralgon",-0.292853204302678,1.48414799839321
"5377","Traverse City",-2.90639775126603,1.90474986773846
"5378","Treinta y Tres",0.561195446719123,2.37029864911574
"5379","Trelew",-1.44710540758539,-0.546182652692906
"5380","Trento",-1.75463638122059,0.73291603211678
"5381","Trenton",-1.16991545669004,2.01984444016622
"5382","Trepassey",-1.95129043975258,5.15710678595092
"5383","Tres Arroyos",-0.830309015994891,0.949789827062938
"5384","Tres Lagoas",2.6126344480728,-0.490213670038351
"5385","Treviso",-1.27763174480086,1.45340752216687
"5386","Trieste",-0.973104555400349,2.67508513287286
"5387","Trindade",2.7196701814005,-0.892815057225686
"5388","Trinidad1",-2.95168368973176,-1.31481770187623
"5389","Trinidad2",3.63222980608123,0.542450546522531
"5390","Tripoli1",-0.0237288330737638,-1.94770289690974
"5391","Tripoli2",-1.37957429711586,-0.858707581060692
"5392","Trivandrum",5.37554495234656,0.951797880408667
"5393","Trnava",-2.31469076627121,0.704890452191733
"5394","Trois Rivieres",-3.35760886215863,2.15783624534795
"5395","Troitsk",-4.49891394474985,0.347198854279894
"5396","Trollhattan",-2.58985479961088,2.40473190046155
"5397","Tromso",-2.53582813391708,3.95371564759559
"5398","Trondheim",-2.31575464566147,3.00410057800973
"5399","Trout River",-2.95082496615807,3.81037028226735
"5400","Troyes",-1.93239306324269,1.51347569857112
"5401","Trujillo1",2.1821275748318,-0.116436313067056
"5402","Trujillo2",5.63831334755326,1.79777309318586
"5403","Trujillo3",1.46698719355408,-2.09103608703787
"5404","Truth or Consequences",-1.48950170511209,-2.80310956393393
"5405","Tsavo",1.88614106412722,-2.45534174449087
"5406","Tsetserleg",-5.90392156423998,-0.424466242586415
"5407","Tshabong",-0.539310423594345,-3.11419494594115
"5408","Tshela",2.8136981048777,-0.454817563937407
"5409","Tshikapa",2.61935214067117,-0.831890164675772
"5410","Tskhinvali",-2.26430450353537,0.874396624462141
"5411","Tsu",0.448949128617534,1.3432428443185
"5412","Tsumeb",0.138927297610414,-2.85109442625631
"5413","Tsuruoka",-0.377052445572519,3.45869039582097
"5414","Tuapse",-0.34638388142624,2.70329818273307
"5415","Tuban",4.52384535086229,0.155252127824608
"5416","Tubarao",2.0877513820001,2.31220644434618
"5417","Tubruq",-0.256921844019057,-2.05692556126488
"5418","Tucano",2.00159605719277,-1.339502098633
"5419","Tucson",-0.275250802672092,-3.29252777882464
"5420","Tucumcari",-1.91134260476095,-2.09300314146339
"5421","Tucupita",3.50120564433581,0.306032780914503
"5422","Tucurui",6.39192018988578,2.05315814880527
"5423","Tukuyu",2.36486383685242,-0.279862818347426
"5424","Tula1",-3.43478618725317,1.35934109333605
"5425","Tula2",0.0327151415763066,-1.81198306337257
"5426","Tulare",-0.743609446268004,-3.32862468059688
"5427","Tulcea",-2.32614024310269,0.37989489814439
"5428","Tulsa",-1.04537912984812,-0.0569874057324788
"5429","Tulua",3.28927555918435,1.64314460731813
"5430","Tulun",-5.24304881381016,0.279694681402679
"5431","Tumbes",2.26428235205005,-1.62726592090401
"5432","Tumen",-3.86388938635821,-0.378685026100355
"5433","Tumkur",1.53776002451215,-2.74153529646341
"5434","Tumut",-0.86698216755648,0.537080061460385
"5435","Tunduma",1.51056049982732,-0.87135154207088
"5436","Tunduru",1.95855278652218,-1.90631024723239
"5437","Tungkang",3.60475976898331,0.888923202523634
"5438","Tunis",-0.266074717602698,-1.15176583762605
"5439","Tunja",0.266782001849188,1.44307548078271
"5440","Tununak",-4.20275972835637,2.61847611957521
"5441","Tunuyan",-1.66651071312357,-1.1272996364064
"5442","Tupa",2.32862417882151,0.186160338285125
"5443","Tupelo",-0.18939462856865,2.01473154034563
"5444","Tupiza",-2.35234139196417,-2.04221299102667
"5445","Tuquerres",0.567082352513461,3.05116458028546
"5446","Turbat",0.485525316236542,-4.816126931824
"5447","Turbo",5.20098432800095,2.21922368924238
"5448","Turin",-1.61833470267046,0.461282902137801
"5449","Turkistan",-2.79648799614074,-2.33937006941485
"5450","Turkmenabat",-1.95884737772008,-3.41056009648767
"5451","Turkmenbasy",-1.83052923710179,-1.37583919077849
"5452","Turku",-2.89855459953419,2.32283493030838
"5453","Turnovo",-1.83456333761378,0.356993652964399
"5454","Turpan",-3.43668899464041,-2.95688669056069
"5455","Tuscaloosa",0.117001710618785,1.80499486348272
"5456","Tuticorin",3.14956034811599,-2.16306274132758
"5457","Tuxpam",2.74266908960833,0.0268876793770002
"5458","Tuxpan",4.0477435664597,-0.551928186171251
"5459","Tuxtla Gutierrez",2.10408817011561,-1.64789883346719
"5460","Tuymazy",-4.22109437148139,0.580230146845512
"5461","Tuzla",-1.80823700423486,1.20848777953971
"5462","Tver",-3.3803624637246,1.54894921282629
"5463","Tweed Heads",2.42145562539083,2.59423211958527
"5464","Twin Falls",-2.69567163828758,-1.90587800557216
"5465","Tyler",0.176260114847654,0.438669118678266
"5466","Tynda",-6.17513292563605,0.875283679366826
"5467","Tyumen",-4.64227438747675,0.810655134613117
"5468","Tzaneen",1.23971002533621,-0.842918418429281
"5469","Uba",2.45207481168106,-0.405761995358494
"5470","Ubaitaba",3.14967106668197,2.23604983774382
"5471","Uberaba",2.61424578361168,-0.255820079352924
"5472","Uberlandia",2.26890230664413,-0.719048701989272
"5473","Ubomba",0.617804082537017,-0.435918362311477
"5474","Ubon Ratchathani",3.29743416724563,-1.42046444965633
"5475","Udaipur",0.877751861845934,-3.49389398067233
"5476","Udine",-0.589564886133518,3.51885974441841
"5477","Udon Thani",2.89983496501733,-1.21515637517338
"5478","Ufa",-4.08499326125433,1.40442581148054
"5479","Uglegorsk",-4.04365472612135,2.40871774030689
"5480","Uglich",-3.50131265337892,1.58251042590554
"5481","Uige",2.23286201300693,-0.650349596789141
"5482","Uitenhage",0.0652806533520403,-0.320036395670314
"5483","Ujjain",1.96022032594247,-3.51255670669751
"5484","Ujungpandang",5.90051110991797,1.45779756527762
"5485","Ukhta",-4.85619030560486,1.85315767430106
"5486","Ukiah",-0.125776348263052,-0.545718804178421
"5487","Ulaanbaatar",-6.07971403190143,-0.539999250974302
"5488","Ulaangom",-5.80719922692303,-0.834628847713595
"5489","Ulan Ude",-5.4833433281489,-0.426338665583185
"5490","Ulanhot",-4.42876687803628,-0.698027496885998
"5491","Uliastay",-6.16785530901458,-0.465150794425305
"5492","Ulladulla",0.878319777519828,2.62043851614437
"5493","Ulm",-2.07641568556383,1.70910109062358
"5494","Ulsan",-0.409854327877368,1.04469185406544
"5495","Ulundi",0.336724662083388,-0.866560239600946
"5496","Ulyanovsk",-3.88269775773668,0.842529741395394
"5497","Uman",-2.50335360456901,0.888322598071429
"5498","Umea",-3.3947109191047,2.26045984312095
"5499","Umm al Qaywayn",1.23155842099967,-3.95963426976984
"5500","Umm Ruwaba",1.77630346963163,-4.33882905347497
"5501","Umtata",-0.0280327192381397,-0.197621507328505
"5502","Unalakleet",-5.10572360359383,1.33719085956674
"5503","Unalaska",-1.37592647757294,4.61423713337321
"5504","Uncia",-2.15051293838598,-0.966662808838927
"5505","Upata",2.698406058427,-0.591799662382911
"5506","Upington",-0.878407449432366,-3.19793777916123
"5507","Upper Hutt",0.059725900916617,2.89574763961426
"5508","Uppsala",-2.91346980275613,1.65761164816883
"5509","Uray",-4.93884804885881,1.11325423673221
"5510","Urbana",-2.03247237336311,1.09523458988047
"5511","Urgentch",-2.71772148636837,-2.75283938108696
"5512","Urgut",-2.13564906355517,-1.80387865497613
"5513","Uroteppa",-2.35577297808764,-1.39550286367281
"5514","Uruapan",1.18289432687365,-1.6184928008362
"5515","Urubamba",-0.858043252847066,-0.0425893430328054
"5516","Uruguaiana",1.05962917346891,1.19986032556271
"5517","Urumqi",-4.34439410068451,-0.928305954833332
"5518","Uryupinsk",-3.44947040595905,0.554000314860964
"5519","Urzhar",-4.42108821336877,-0.179456083802283
"5520","Usak",-1.92365209235503,-1.08000822016103
"5521","Usakos",0.123986500799639,-3.72335410272937
"5522","Ushtobe",-3.51124772860419,-1.25551895180364
"5523","Ushuaia",-2.6218452038145,2.77495815275011
"5524","Usolye Sibirskoye",-5.1580948229852,0.0529241752339081
"5525","Uspallata",-2.81952182253792,-1.11329533210034
"5526","Ussuriysk",-3.87564804703426,0.143540392178058
"5527","Ust Kut",-5.85430567909646,1.00698337443794
"5528","Ust-Ulimsk",-5.88818818845952,0.724426349090562
"5529","Uthai Thani",2.97591552475483,-2.02661359806009
"5530","Utica",-2.46727307922344,2.18997187139023
"5531","Utrecht",-1.72450586993419,2.45434506483496
"5532","Utsunomiya",-0.262647505855124,1.2537772556809
"5533","Uttaradit",2.9255884620508,-1.65718234165796
"5534","Uvinza",1.80703037474304,-1.85394521243529
"5535","Uvira",2.82986852915365,-0.95184952003532
"5536","Uyar",-5.04084224039202,0.776707766989824
"5537","Uyuni",-3.11560288277154,-1.86510491898635
"5538","Uzhgorod",-2.17124589596332,1.18138486209829
"5539","Uzhur",-4.94266702831688,0.496969241798794
"5540","Vaasa",-3.54524291414803,2.01310567107199
"5541","Vac",-2.38008086746551,0.562478687742467
"5542","Vacaria",1.216023069164,3.97186679755869
"5543","Vadodara",2.40423540527832,-3.78782705935321
"5544","Vaduz",-1.29415155732843,2.32028944776455
"5545","Val d'Or",-4.35471347606985,2.54871718481645
"5546","Valdez",-1.77496710100528,4.88089143117527
"5547","Valdivia",1.03470254566078,2.80514286404195
"5548","Valdosta",0.770541952567013,1.26956813215118
"5549","Valenca",4.12573958136921,3.35675253911767
"5550","Valencia1",2.88724147467858,-0.829010658787449
"5551","Valencia2",-0.25795266506479,-1.02775439108907
"5552","Valera",2.65353353874982,-0.233536968042098
"5553","Valladolid1",-1.72909705145261,-0.760137662461437
"5554","Valladolid2",2.85137305764861,-0.364335011234294
"5555","Valle de la Pascua",3.24310065155024,-1.85865476064376
"5556","Valledupar",3.66648115803482,-0.624088577473255
"5557","Vallegrande",0.0363423209161316,-0.123738419472704
"5558","Vallejo",-0.517560829287354,-1.21556129949412
"5559","Vallenar",-0.339177446047568,-2.83026824445847
"5560","Valletta",0.0280602718056737,-0.56968189297085
"5561","Valparai",4.16936743473657,0.639997881706051
"5562","Valparaiso1",-0.250663299566815,-2.63253897475661
"5563","Valparaiso2",-0.410461223305914,-1.35493308514314
"5564","Valuyki",-3.09258571948853,0.861597348221423
"5565","Van",-3.15209326518708,-1.23403085531025
"5566","Van Horn",-1.31940195227217,-2.78702278405456
"5567","Vanadzor",-3.33397392975483,0.0137165298341655
"5568","Vancouver1",-0.445518641474228,0.72278612634443
"5569","Vancouver2",0.187667016283577,2.85833800156033
"5570","Vanhynsdorp",-0.477536987508344,-2.37428303900892
"5571","Vanino",-4.41806748504237,1.76475936704278
"5572","Varamin",-1.72486773185463,-3.17346889404339
"5573","Varanasi",1.94237019917447,-2.4212219989796
"5574","Varna",-1.96255119653912,0.378930100142653
"5575","Varzea Grande",2.99825469245831,-1.2203402318593
"5576","Vasteraas",-2.9761623401731,1.40156529084698
"5577","Vatican City",-0.372826377380959,-0.227136926953671
"5578","Vaxjo",-2.50669743911269,1.90237224433887
"5579","Vegreville",-4.58176547682889,0.542946700623463
"5580","Veinticinco de Mayo",-0.407398557562627,0.61911375709388
"5581","Velikiy Ustyug",-4.19490982566011,1.55179869695926
"5582","Velikiye Luki",-3.21073544098051,1.40971574378128
"5583","Vellore",2.38322815844307,-2.38190328800821
"5584","Velsk",-4.03272539425099,1.74444769062839
"5585","Venado Tuerto",-0.265271136159081,0.0256382426999381
"5586","Venice",-1.35909472119571,1.23805404545182
"5587","Ventspils",-2.59225999327939,2.12123422529072
"5588","Vera",0.61351309861487,-0.119438456160893
"5589","Veracruz",3.49541000104679,-0.504254275541951
"5590","Vereeniging",-0.876892751118371,-1.5294394821494
"5591","Vergara",0.730611001676017,2.06326789214273
"5592","Verkhniy Ufaley",-4.3309413030441,1.18969083464627
"5593","Verkhnyaya Salda",-4.414685052617,1.0311858932028
"5594","Vernal",-3.81693243468039,-1.17987527542796
"5595","Vernon",-1.21074588063213,-1.47242631121808
"5596","Vero Beach",2.16118947007535,1.21336173609341
"5597","Verona",-1.40792057702416,0.804582049001033
"5598","Versailles",-1.85770794342951,1.59084307478591
"5599","Viacha",-2.08100626791905,0.0876460653039345
"5600","Viana",4.94399199260535,0.361579245389995
"5601","Vibo Valentia",-0.293740665341702,0.50937428594256
"5602","Viborg",-2.19464986023052,2.39690632626775
"5603","Vicente Guerrero",-0.0984790608521109,-2.25411648436869
"5604","Vichuga",-3.74849979557982,1.45915214230925
"5605","Vichy",-1.45501204767131,1.32372768577443
"5606","Vicksburg",0.253109627051422,1.34665142542607
"5607","Victor Harbor",-0.268846462422457,0.669198574568219
"5608","Victoria Falls",0.942711858371043,-2.59509757368574
"5609","Victoria1",0.636170342996069,0.170997784370055
"5610","Victoria2",-0.807953787357081,0.996701282790824
"5611","Victoria3",0.107460947707775,1.33521926384483
"5612","Victoria5",0.119712059298753,0.364370822715905
"5613","Victoriaville",-3.03235991398723,2.85372014683479
"5614","Victorica",-0.946889999564309,-0.730243294337525
"5615","Viedma",-1.20051384835285,0.129207783122962
"5616","Vienna",-2.24826410622325,0.815952809435308
"5617","Vientiane",3.48393869402723,-0.70429992613426
"5618","Viet Tri",2.76596293931316,0.403920030355072
"5619","Vigo",0.830579814079341,2.12481505714621
"5620","Vijayawada",2.69177808040138,-2.58905490349751
"5621","Vikhorevka",-5.56515137177323,0.442997503404483
"5622","Vila Velha",2.96257088593424,0.889914571187774
"5623","Vilanculos",2.35227732188397,-0.825211443146959
"5624","Vilhena",3.07986239277429,-0.105682286341625
"5625","Villa Ahumada",-0.829902673133833,-3.12624162918289
"5626","Villa Angela",0.894293815356061,-0.704571732998132
"5627","Villa Carlos Paz",-0.469669681269312,-0.727562989870748
"5628","Villa Constitucion",0.115721294097104,0.569031920798216
"5629","Villa Hayes",1.80467318987815,0.468360941642344
"5630","Villa Maria",0.00481251315476644,-0.488108573111676
"5631","Villa Rumipal",-0.498626553052165,-0.870841784950148
"5632","Villa Union",2.6368508691364,-1.45074922084397
"5633","Villahermosa",4.28780372474506,1.23223991038859
"5634","Villanueva",-0.10591606148715,-2.51596661082259
"5635","Villarica",0.843513521586369,2.53216657726632
"5636","Villavicencio",7.01966107761148,4.29252351492727
"5637","Villazon",-2.77182451261891,-1.25073293392112
"5638","Vilnius",-2.92501886625556,1.8061115496246
"5639","Vilyuysk",-7.72032823303081,1.1277029182394
"5640","Vina del Mar",-0.412784857751052,-1.41957362003729
"5641","Vinh",3.7323431142108,0.931894720402448
"5642","Vinnytsya",-2.61332067665101,1.08963116170923
"5643","Virginia Beach",-0.145541231197189,2.36505500720067
"5644","Visakhapatnam",2.80535657554013,-1.75228946541512
"5645","Visalia",-0.6943057004679,-3.25613562670831
"5646","Visby",-2.62870627686749,2.46271978924163
"5647","Viseu",5.4764530397135,0.606440634116298
"5648","Vitoria da Conquista",1.31395435195851,-0.607567853154151
"5649","Vitoria1",2.97578654428324,0.896922051071288
"5650","Vitoria2",-1.08623835861439,1.09434277368383
"5651","Vitsyebsk",-3.13184184050428,1.68740949610221
"5652","Vizianagaram",2.58608743873011,-1.91586015129972
"5653","Vladikavkaz",-2.1362252984764,0.617064855354743
"5654","Vladimir",-3.54452981595701,1.47526861513943
"5655","Vladivostok",-3.3878610830458,0.877501111764785
"5656","Vlore",-0.245274051170936,-0.15171857688939
"5657","Voi",1.74041542658973,-1.97757193477018
"5658","Volgodonsk",-3.04871702780142,0.162443824643757
"5659","Volgograd",-3.82268132213651,0.287578347665809
"5660","Volkhov",-3.43329303558904,1.79193576803026
"5661","Volksrust",-0.977995037023645,-0.876415136657806
"5662","Vologda",-3.84979406506452,1.54649181886942
"5663","Volos",-1.09764176171762,-0.688054338392211
"5664","Volsk",-3.98535767664472,1.3039810007293
"5665","Volta Redonda",2.39299339582048,0.175724013163561
"5666","Volzhskiy",-3.82439511951471,0.295111654481928
"5667","Vorkuta",-5.87271799129722,2.94261884740866
"5668","Voronezh",-3.27647180604502,1.06878460237723
"5669","Votkinsk",-4.19269771769819,1.08695657095423
"5670","Voznesensk",-2.40280588935464,0.131081644000962
"5671","Vratsa",-2.11785802156338,0.444545112427572
"5672","Vryburg",-0.819843511701037,-2.30785429470214
"5673","Vryheid",-0.35591463905124,-0.743292925141981
"5674","Vung Tau",3.6205845642098,-0.919449816940967
"5675","Vyazemskiy",-4.69676741198901,0.795024677731378
"5676","Vyazma",-3.30466503081298,1.6982559832545
"5677","Vyborg",-3.23376513979356,2.02064046025472
"5678","Vyshnniy Volochek",-3.40554090119072,1.63409630387673
"5679","Vyska",-3.57595045134088,1.15478200903363
"5680","Wa",2.98898802838307,-1.97139574941843
"5681","Waco",0.105340570532147,-0.526622077336968
"5682","Wafangdian",-2.21863696077114,-0.0929925041321559
"5683","Wagga Wagga",-0.895637294281536,-0.00300343534263904
"5684","Wagin",-0.827740144644149,-0.95406877273737
"5685","Wahiawa",2.01660982539923,1.01741195693708
"5686","Wailuku",2.27333069815421,0.679594468359087
"5687","Waingapu",3.02817421746549,-1.42734882571442
"5688","Wainwright",-7.12207122199074,2.31757830107028
"5689","Waitakere",0.478665368727934,3.43227233208747
"5690","Wajir",2.22144263028908,-3.15102812987908
"5691","Wakayama",0.147400268386176,0.939566615712047
"5692","Wakema",4.8221771741713,-0.21670713733155
"5693","Waku Kungo",1.06632820180476,-1.45277189820314
"5694","Walbrzych",-2.59012884247779,1.53358314789409
"5695","Walla Walla",-1.98893161464112,-0.844703018675799
"5696","Wallace",-2.71021812070419,0.152402249017612
"5697","Wallaroo",-0.565867545493873,-0.431666072524236
"5698","Walvis Bay",0.326650338327771,-2.45550749924787
"5699","Wamba",3.23735762407288,1.96204986301891
"5700","Wanganui",-0.18218128297074,2.54646917739067
"5701","Wangaratta",-0.876142095023802,0.158518566923015
"5702","Wangqing",-4.19862780668266,-0.275693430522284
"5703","Wanxian",-0.100370617691364,-0.191477786007147
"5704","Warangal",2.57494939551231,-3.04481941071416
"5705","Warri",5.56281347355442,1.74963510823614
"5706","Warrnambool",-0.267223206475047,1.37554003807082
"5707","Warsaw",-2.58999557298373,1.02822544429326
"5708","Warwick",-0.154891783962341,-0.203115710367061
"5709","Washington, D.C.",-1.13880027882501,1.72963946686468
"5710","Watampone",5.43901861049046,3.00545951616047
"5711","Waterbury",-1.9804820640004,3.11756136187972
"5712","Waterford",-0.843324487881996,3.07405289945829
"5713","Waterloo",-2.93579383522325,0.572666440132895
"5714","Watertown",-3.12269899071838,2.68430780528984
"5715","Waterville",-3.15988120643157,2.72095816210381
"5716","Watsa",3.20451551790119,1.56182535405528
"5717","Wau",2.8255958765135,-2.2684070874983
"5718","Waukegan",-2.51420011863839,1.35534534397576
"5719","Waukesha",-2.67933240135954,1.22497056034569
"5720","Wausau",-3.42409313374037,0.758750208840219
"5721","Wawa",-3.67452856742742,2.84311128293142
"5722","Waycross",0.851068293330738,1.21577553827784
"5723","Weifang",-1.68528670439732,-0.70230240428879
"5724","Weihai",-1.41733121786768,0.743055858252448
"5725","Weinan",-1.88131028931189,-1.30038098130688
"5726","Welkom",-1.15220534353062,-1.81422427117466
"5727","Wellington",-0.041535892132101,2.9236869211089
"5728","Wenatchee",-2.54762801437681,-1.04879358131034
"5729","Wenshan",0.255366040354822,-0.0628414216103509
"5730","Wenzhou",0.747967900133596,1.46357366911988
"5731","West Bend",-2.93101895331731,1.02503818699409
"5732","West Palm Beach",2.54197057101019,1.38643735055432
"5733","Westport",1.29079504605344,5.68192730154751
"5734","Wetaskiwin",-4.1546015612817,0.681875053865893
"5735","Wewak",4.78629486058965,3.48430456288026
"5736","Weyburn",-4.50810428111057,0.132261108253457
"5737","Whakatane",0.888506370483272,3.92747904261032
"5738","Whangarei",0.793083871354915,3.42471877332396
"5739","Wheeling",-1.82260587777399,1.4951035591331
"5740","White Sulphur Springs",-1.70374697601961,1.33958550879951
"5741","Whitehorse",-4.81674495320068,0.946383045241107
"5742","Whyalla",-0.6795063237706,-1.02137071487149
"5743","Wiarton",-2.92284997848632,3.11169818135386
"5744","Wichita",-1.84408877161755,-0.608643666012518
"5745","Wichita Falls",-0.999339763954985,-1.06289353096928
"5746","Wiener",-2.14788962474286,0.969259373383239
"5747","Wiesbaden",-1.92333021353739,1.4284094524323
"5748","Wilcannia",-0.686812235372734,-1.7850828979201
"5749","Wilkes Barre",-2.15577871483299,1.37855719040034
"5750","Willcox",-0.970107735778094,-2.87957835149337
"5751","Willemstad",2.71231207592217,-0.838243371407699
"5752","Williams Lake",-3.33395312444518,0.152714926988628
"5753","Williamsport",-1.98971881562676,1.65045097649067
"5754","Williston",-4.24283984596409,-0.567761196133826
"5755","Willmar",-3.6434493190627,0.382813178350822
"5756","Wilmington1",1.13051388482026,2.33576971656193
"5757","Wilmington2",-0.660369127002711,1.9463838838079
"5758","Winchester",-1.72206922297088,1.24833635956468
"5759","Windhoek",-0.719601818169895,-2.98106885634524
"5760","Windsor1",-2.52422621400745,1.45427821092786
"5761","Windsor2",-2.32149391329449,3.33937009716287
"5762","Winneba",3.28394139834076,-0.479069457086831
"5763","Winnemucca",-2.92385269251353,-1.91401134445267
"5764","Winnipeg",-4.70819816819773,0.652886821707919
"5765","Winona",-3.20835519835266,0.252433814176333
"5766","Winston-Salem",-0.537275948633844,1.71896496445705
"5767","Winter Haven",1.67744439755449,0.767140736470744
"5768","Winton",0.783649986525353,-2.88279829328824
"5769","Witu",3.35492198155666,-1.10918764192646
"5770","Wloclawek",-2.53566017596408,0.886984768271148
"5771","Wollongong",0.880696365727143,2.01585930946562
"5772","Wonju",-0.988271635137459,0.724809489572189
"5773","Wonsan",-0.889353828713625,1.71519776200211
"5774","Wonthaggi",-0.0549377160481652,1.95806469147294
"5775","Woodward",-2.10098217013051,-1.39479726825162
"5776","Worcester1",-2.3521848209443,2.81344664198454
"5777","Worcester2",-0.747173661955902,-1.25692981550565
"5778","Wrangell",-0.556527100366771,4.7778654889135
"5779","Wroclaw",-2.31348044318518,0.905776292911229
"5780","Wuchuan",-4.73170695763016,-0.803953935138861
"5781","Wuhan",-0.317876454024013,0.097597122933848
"5782","Wuhu",-0.277510383262639,0.392627984328537
"5783","Wukari",3.38758751829726,-1.78378262556769
"5784","Wum",4.79359745601857,1.68756937143092
"5785","Wuppertal",-1.6364209475909,3.19022352363634
"5786","Wurzburg",-2.21348832018273,1.30611961867437
"5787","Wuwei",-3.92093624196788,-1.81493271671571
"5788","Wuxi",-0.49080183627445,0.241462808020134
"5789","Wuyuan",-4.17806451258514,-2.23633915354925
"5790","Wuzhou",1.25677241828657,0.0579590130423192
"5791","Xai-Xai",2.00945456201025,-0.0610043476186965
"5792","Xalapa",1.66807339938872,1.49498578421482
"5793","Xanthi",-1.40487182519166,-0.388936152874052
"5794","Xapeco",1.8411917536637,4.01694088648128
"5795","Xiamen",1.37121131872156,0.268761028340961
"5796","Xian",-1.82299872265471,-1.19411277321113
"5797","Xiangfan",-1.02185657840408,-0.597387556490926
"5798","Xiangkhoang",1.87229135214579,0.411980472605427
"5799","Xiangtai",-1.77905320360759,-1.61213477868365
"5800","Xiangtan",0.300004298194821,0.774548845241569
"5801","Xiantao",-0.4030068676419,0.117426809834142
"5802","Xiaogan",-0.516286736249776,-0.0978113397562418
"5803","Xichang",-0.540298007977053,-0.642912802747458
"5804","Xigaze",-3.70271065614299,-0.653505138530853
"5805","Xilinhot",-5.10135498909713,-1.05870579725638
"5806","Xinguara",3.80485947358488,-0.574544180463095
"5807","Xingyi",0.169944229366163,0.0437673936230727
"5808","Xining",-4.10787773362268,-1.09216298684483
"5809","Xinqing",-5.088874767712,0.433293635818487
"5810","Xinxiang",-1.59201043872241,-1.38776020942607
"5811","Xinyang",-0.633960102371748,0.0200957570978161
"5812","Xinyi",-0.917556957437534,-0.274969484576723
"5813","Xinyu",0.656414444703595,0.796292746201938
"5814","Xinzhou",-3.09618996309889,-1.34539656528009
"5815","Xique-Xique",2.15385836881902,-2.95675561468845
"5816","Xuanhua",-3.7028887888113,-1.32847569693229
"5817","Xuchang",-1.29412987636623,-0.848822853218232
"5818","Xuzhou",-0.983717614955731,-0.394834571425925
"5819","Yaan",0.978695588781105,1.07742965576565
"5820","Yacuiba",1.12337490796274,-1.15086552587411
"5821","Yakeshi",-5.93712115016859,-0.0177980235410193
"5822","Yakima",-2.60874755819111,-1.10596311570036
"5823","Yakutat",2.29962428590209,10.4015958144103
"5824","Yakutsk",-8.19350187918556,0.839468571954153
"5825","Yala",5.16338255385438,1.15232578499645
"5826","Yalta",-1.72725344964891,1.30557399255802
"5827","Yalutorovsk",-4.67916321678901,0.682207738737181
"5828","Yamagata",-0.75587389868626,2.22184432091229
"5829","Yamba",1.76500324314774,1.85641940108191
"5830","Yambio",2.9607725291479,-0.831871963721575
"5831","Yamoussoukro",2.85938519338561,-0.830173353536761
"5832","Yanbu al Bahr",1.32564573861666,-3.56938057663052
"5833","Yandoon",4.123756987619,-1.15726632719607
"5834","Yangambi",3.66033614302542,2.03093269805593
"5835","Yangjiang",2.87137688501132,1.21259961262225
"5836","Yangquan",-2.7269780418694,-1.02679245213132
"5837","Yangzhou",-0.638530397947489,0.217648233381815
"5838","Yanji",-3.92133564867098,-0.335655340962847
"5839","Yankton",-3.13573359707253,-0.477331180349298
"5840","Yantai",-1.56057078651952,0.073679210621488
"5841","Yaounde",3.18538130024808,0.524168107638751
"5842","Yarmouth",-1.69006156103465,4.53845758867219
"5843","Yaroslave",-3.58496121187675,1.4309483344952
"5844","Yaynangyoung",1.62592140438912,-2.39724762242545
"5845","Yazd",-1.57892843448023,-4.11001077346817
"5846","Ye",7.75019361325782,1.22428794302511
"5847","Yefremov",-3.4434319719088,1.26936628653005
"5848","Yegoryevsk",-3.43485057786477,1.30664384796416
"5849","Yei",2.69382905420624,-0.74949969136933
"5850","Yekaterinburg",-4.31330986353798,1.07039171530426
"5851","Yelets",-3.39391785052413,1.07145194852124
"5852","Yelimane",2.43260203791887,-4.49804729330465
"5853","Yellowknife",-6.24818210408453,1.48050192265807
"5854","Yemanzhelinsk",-4.45564404751335,0.506433949806098
"5855","Yendi",3.37968055111688,-1.78202187460429
"5856","Yeniseysk",-5.32811811366443,1.12103381297001
"5857","Yeosu",0.0200472963029799,1.37676624341474
"5858","Yeppoon",2.33887435000471,0.622427455310978
"5859","Yerevan",-2.60339378296846,-1.01326569179672
"5860","Yevlax",-1.77487611490004,-1.17209042586713
"5861","Yevpatoriya",-2.29018038000011,0.885857841150732
"5862","Yeysk",-2.25780006450242,0.544757510197505
"5863","Yian",-4.95427772769552,-0.234627269156559
"5864","Yibin",0.362396147370391,0.0558493399113052
"5865","Yichang",-0.223578615848383,-0.132779958405273
"5866","Yichun",-5.03235142004758,0.21856195036534
"5867","Yinchuan",-3.76783669129525,-2.26351834470152
"5868","Yingkow",-2.63017408081148,-0.276691449519739
"5869","Yining",-3.68107360686245,-0.857751743061235
"5870","Yirga Alem",1.24568260255586,0.627414640776853
"5871","Yishan",1.27945417123999,0.450280285739405
"5872","Yishui",-1.33265289827639,-0.427082487575334
"5873","Yitulihe",-6.2444726635515,0.270631037790082
"5874","Yiyang",0.080938342797768,0.727548992812232
"5875","Yogyakarta",4.67135336546606,0.847277027901042
"5876","Yokohama",-0.0907135387979895,1.50407448446797
"5877","Yola",2.45393195879661,-3.20998203560772
"5878","Yomou",3.85699929775563,0.412620617760341
"5879","Yongzhou",0.2832234176627,0.732281562998169
"5880","York1",-1.51208453444083,1.81746116960108
"5881","York2",-1.59393389560463,2.12110318758639
"5882","Yorkton",-4.96974090521109,0.807653226211577
"5883","Yoshkar Ola",-3.90266563642515,1.11770475315423
"5884","Young",-1.16133440152796,0.458130130454919
"5885","Youngstown",-2.09649405020994,1.67565056726253
"5886","Ypacarai|Ita",1.81117057824472,0.783726702861618
"5887","Yuanlin",2.92917206390587,0.852541515797925
"5888","Yuba City",-0.605041875863468,-2.45101810166897
"5889","Yuci",-2.83156677832127,-1.24826682332369
"5890","Yueyang",0.0427613756815455,0.532053297272723
"5891","Yulara",-0.302510452832963,-2.76022622169361
"5892","Yulin1",1.75414348607149,0.392689313321446
"5893","Yulin2",-3.42082878978667,-1.63541446160801
"5894","Yuma",-0.3196133572389,-4.1821698282665
"5895","Yunxian",-1.07411343808621,-0.854486930119204
"5896","Yurga",-4.89993674992148,1.07596092877949
"5897","Yuxi",-0.189144364746076,-0.534322462945969
"5898","Yuzhno Sakhalinsk",-3.41108043791305,2.8639155829796
"5899","Zabid",2.27081512046538,-3.15492426900521
"5900","Zabol",-0.652328045340572,-5.0668527653321
"5901","Zacatecas",-0.661174120079248,-2.0505096069628
"5902","Zadar",-0.503128179403098,0.934037430104723
"5903","Zagreb",-1.71763699089372,1.26979688903277
"5904","Zahedan",-1.64816847731493,-3.97019298712484
"5905","Zahle",-0.843011853472972,-1.23224643099393
"5906","Zakho",-1.24437360153017,-3.08611509848662
"5907","Zalantun",-4.74353536804998,-0.23902553764578
"5908","Zambezi",1.31207526498305,-2.19869011938002
"5909","Zamboanga",4.43069544752498,1.08951240609067
"5910","Zamora1",0.654001474647897,-2.43180131550602
"5911","Zamora2",1.98462658576764,0.563595451797829
"5912","Zanesville",-1.82151131045745,1.37556704876358
"5913","Zanjan",-3.10356723786685,-1.63660981810102
"5914","Zanzibar",4.10551370903908,0.965054157740151
"5915","Zaozernyy",-5.02832487646514,0.516399676323008
"5916","Zaozhuang",-1.09295399755014,-0.484099234120617
"5917","Zapala",-2.58702719464111,-0.920204924168089
"5918","Zaporizhzhya",-2.63326882640967,0.395533589999336
"5919","Zarafshon",-2.97709509125735,-2.59742727726289
"5920","Zaragoza",-1.19589920936239,-1.22382674791628
"5921","Zarate",0.208524316973979,1.25601308422209
"5922","Zaraza",3.56766095368898,-1.84408299521077
"5923","Zaria",2.04403780800758,-2.68995785020297
"5924","Zarzis",-0.105685340229077,-2.18423096173912
"5925","Zaysan",-4.55670439175661,-0.539333149223923
"5926","Zelenodolsk",-3.93444002385666,1.03514756713687
"5927","Zelenokumsk",-2.66935556405197,-0.428122558334225
"5928","Zenica",-2.10359406615058,1.10532785654424
"5929","Zhaltyr",-4.87905010300201,0.170448669042647
"5930","Zhangjiakou",-3.79852360289481,-1.22027729647315
"5931","Zhangye",-3.8294647763415,-1.92357059533515
"5932","Zhangzhou",1.52833831824951,0.187913312105555
"5933","Zhanibek",-3.78061015674297,-0.238888978274098
"5934","Zhanjiang",2.33612772540667,0.412396091186439
"5935","Zhanyi",-0.575297231747493,-0.0243367436041168
"5936","Zhaodong",-4.66617079838501,-0.417168608004524
"5937","Zhaoqing",1.76175200440733,0.251211349168969
"5938","Zhaotang",-1.66413152967532,-0.325848641985903
"5939","Zharkent",-3.13464946078447,-1.38752846675656
"5940","Zheleznogorsk",-3.26077285799318,1.50999985798441
"5941","Zheleznogorsk Ilimskiy",-5.82771566363065,0.904232419817418
"5942","Zhengzhou",-1.39961924104829,-0.977871201414528
"5943","Zhenjiang",-0.620255146940789,0.250659322569363
"5944","Zhetiqara",-4.6575800643705,0.0231088330853951
"5945","Zhijiang",-0.0954173594119817,0.314014850298631
"5946","Zhob",-1.73006182450704,-2.62326128144964
"5947","Zholymbet",-4.80645157694957,0.199055397392171
"5948","Zhosaly",-3.82440378309208,-1.67179864123979
"5949","Zhoukou",-1.0721519089328,-0.590190878827217
"5950","Zhuanghe",-2.02129591769438,0.17974785250144
"5951","Zhucheng",-1.47062210192306,-0.395962159155017
"5952","Zhuzhou",0.287258601213011,0.719258277096657
"5953","Zhytomyr",-2.75629753409456,1.17675759308526
"5954","Zibo",-1.80036608328605,-0.9476100554839
"5955","Zicheng",-0.209967961664041,0.0282338347910095
"5956","Zielona Gora",-2.25383350862049,1.37883861757805
"5957","Zigong",0.341067802499212,0.0168961411491558
"5958","Ziguinchor",3.99026398814454,-1.93785022303776
"5959","Zilina",-2.35792368301012,1.59490166328242
"5960","Zima",-5.52498071396485,0.144445388013822
"5961","Zinder",1.42421941160559,-4.44835392702754
"5962","ZÌùrich",-1.29024542355451,2.55810708819117
"5963","Zixing",0.547482611968379,0.80964359068212
"5964","Zlatoust",-4.36988475522962,1.4504965287145
"5965","Zlin",-2.33605227702258,0.911235554933607
"5966","Zmeinogorsk",-4.51223970902662,1.04283264438277
"5967","Zomba",1.68240148442835,-1.1838661118889
"5968","Zongo",3.23703931353382,-0.254090385048613
"5969","Zonguldak",-0.612535840316468,2.16261010983603
"5970","Zouar",0.113166050380416,-5.42070344278365
"5971","Zouirat",0.59990613509119,-5.01562450252371
"5972","Zrenjanin",-2.05832824876355,0.462083808470425
"5973","Zumpango",-0.317986981159093,-1.25170923658963
"5974","Zunyi",-0.56448595815634,0.114389220758654
"5975","Zuozhou",-2.13482102634905,-1.57787510010253
"5976","Zuwarah",-0.148734440690101,-2.59729700169982
"5977","Zvishavane",0.295548271185443,-2.04555181293676
"5978","Zvolen",-2.48320249334328,1.41066361366923
"5979","Zwedru",3.96038488565927,0.585193422646891
"5980","Zyryanovsk",-4.70444387577806,0.733088804952943
