"","City","Cluster","Baseline_Stability","Stability"
"1","Aalborg","B",1,0.888760637119133
"2","Aarhus","B",1,0.882295480420804
"3","Aba","D",1,0.858956830594894
"4","Abadan","C",1,0.903142248803748
"5","Abaetetuba","D",1,0.837476277801255
"6","Abai","D",1,0.646915648512936
"7","Abakan","A",1,0.942387659865705
"8","Abancay","C",1,0.561266689403382
"9","Abau","D",1,0.857127097893266
"10","Abaza","A",1,0.94248089326214
"11","Abbottabad","C",1,0.748605037783898
"12","Abeche","C",1,0.906433069896055
"13","Abengourou","D",1,0.871024721059911
"14","Abeokuta","D",1,0.865804373176899
"15","Aberdeen1","A",1,0.941965037159433
"16","Aberdeen2","B",1,0.727839823672902
"17","Aberdeen3","B",1,0.892459039651559
"18","Abha","C",1,0.884567533037068
"19","Abidjan","D",1,0.87016134870957
"20","Abilene","C",1,0.847944826411979
"21","Abohar","C",1,0.907983398747796
"22","Abomey","D",1,0.859853182953539
"23","Abong Mbang","D",1,0.907721310502041
"24","Abra Pampa","A",1,0.588307071343793
"25","Abu Dhabi","C",1,0.904226354614172
"26","Abu Kamal","C",1,0.904292207534288
"27","Abuja","D",1,0.841769421216025
"28","Acapulco","D",1,0.851377395584166
"29","Acarau","D",1,0.898072635265101
"30","Acarigua","D",1,0.902555548337338
"31","Acatlan","C",1,0.904793618541224
"32","Accra","D",1,0.870413087793403
"33","Achinsk","A",1,0.941582107876917
"34","Acu","C",1,0.849780151925093
"35","Ad Dakhla","C",1,0.910723557122981
"36","Ad Damman","C",1,0.904288603222729
"37","Ad Diwaniyah","C",1,0.909668063504451
"38","Ad Nabk","C",1,0.852175256252298
"39","Adana","C",1,0.889194912084875
"40","Adapazari","B",1,0.880208631547512
"41","Addis Ababa","C",1,0.798599324899265
"42","Adelaide","B",1,0.872521549774165
"43","Aden","C",1,0.905992051760296
"44","Adi Ugri","C",1,0.906983383668974
"45","Adigrat","C",1,0.881630326537288
"46","Adiyaman","C",1,0.846484572573331
"47","Ado Ekiti","D",1,0.857588611210686
"48","Adrar","C",1,0.904176806749023
"49","Afyon","B",1,0.538830071387376
"50","Agadez","C",1,0.908966299524469
"51","Agadir","C",1,0.906131056265343
"52","Agartala","D",1,0.903335694416655
"53","Agboville","D",1,0.91694826133157
"54","Agen","B",1,0.892440451416308
"55","Agordat","C",1,0.912701754896465
"56","Agra","C",1,0.900443414192692
"57","Agri","A",1,0.834757716419464
"58","Agrinio","C",1,0.658281845719953
"59","Agua Prieta","C",1,0.902354658966978
"60","Aguascalientes","C",1,0.905046052523287
"61","Ahar","A",1,0.619266748280176
"62","Ahmadabad","C",1,0.910394927036286
"63","Ahmednagar","C",1,0.905358554762626
"64","Ahwaz","C",1,0.900959971219975
"65","Aigua","B",1,0.885073468453161
"66","Aiken","B",1,0.866410676477172
"67","Aiquile","C",1,0.713492791147543
"68","Aix-en-Provence","B",1,0.887752351291001
"69","Aizawl","D",1,0.837600510473217
"70","Ajaccio","B",1,0.876365207643723
"71","Ajdabiya","C",1,0.899848797412269
"72","Ajmer","C",1,0.902544449108749
"73","Aketi","D",1,0.915220881908229
"74","Akhtubinsk","A",1,0.941874520687109
"75","Akita","B",1,0.890602364312864
"76","Akola","C",1,0.909115315848337
"77","Akron","B",1,0.779149319260794
"78","Aksu","A",1,0.885759108660412
"79","Aksum","C",1,0.883403214171063
"80","Akureyi","B",1,0.727818790254745
"81","Al Ahmadi","C",1,0.90528118187179
"82","Al Amarah","C",1,0.90449137212002
"83","Al Ayn","C",1,0.907919392295022
"84","Al Bayda","C",1,0.744065107340837
"85","Al Fallujah","C",1,0.909707174160255
"86","Al Fujayrah","C",1,0.908688654431105
"87","Al Hasakah","C",1,0.894037669594809
"88","Al Hillah","C",1,0.903817132311677
"89","Al Hudaydah","C",1,0.905068098478485
"90","Al Hufuf","C",1,0.903657804067674
"91","Al Jaghbub","C",1,0.902928738917412
"92","Al Jahra","C",1,0.901004368912235
"93","Al Jubayl","C",1,0.906878608375039
"94","Al Karak","C",1,0.882946789955441
"95","Al Khalil","C",1,0.876917571892866
"96","Al Kharj","C",1,0.903240383975476
"97","Al Khums","C",1,0.909328942078327
"98","Al Kut","C",1,0.906312585056124
"99","Al Ladhiqiyah","C",1,0.904141293741257
"100","Al Marj","C",1,0.880279481793909
"101","Al Mubarraz","C",1,0.906578480708191
"102","Al Mukalla","C",1,0.906315002025733
"103","Al Musayyib","C",1,0.910598645366026
"104","Al Qamishli","C",1,0.899944558099756
"105","Al Qunaytirah","C",1,0.800530167802198
"106","Al Quwayiyah","C",1,0.903333382090548
"107","Al Wajh","C",1,0.89998055877392
"108","Al-Qatif","C",1,0.901332133671939
"109","Alagoinhas","D",1,0.903301872974251
"110","Alajuela","D",1,0.854421615655293
"111","Alamogordo","C",1,0.892162054643621
"112","Alapayevsk","A",1,0.944020699977018
"113","Alatyr","A",1,0.942207658460135
"114","Alayat Samail","C",1,0.904980678813532
"115","Albacete","C",1,0.781951974418341
"116","Albany1","B",1,0.840765392923999
"117","Albany2","B",1,0.586742359661988
"118","Albany3","B",1,0.899397939218197
"119","Albany4","B",1,0.864457925926643
"120","Albert Lea","A",1,0.940891844179283
"121","Albuquerque","A",1,0.343550745893128
"122","Albury","B",1,0.889345431029749
"123","Aldama","C",1,0.403753341770213
"124","Aldan","A",1,0.941959685377073
"125","Aleksandrovsk","A",1,0.941306449360423
"126","Alekseyevka","A",1,0.941472876425556
"127","Aleksin","A",1,0.942624708715291
"128","Aleppo","C",1,0.897521974377974
"129","Alexandria1","B",1,0.843116865658585
"130","Alexandria2","B",1,0.903448910640248
"131","Alexandria3","C",1,0.906578226776282
"132","Alexandroupoli","B",1,0.783587249990957
"133","Aleysk","A",1,0.942561663623235
"134","Algeciras","C",1,0.868251477592051
"135","Algha","A",1,0.942316209066091
"136","Algiers","C",1,0.90241038348971
"137","Ali Bayramli","C",1,0.704118735704759
"138","Ali Sabih","C",1,0.901914563547338
"139","Alicante","C",1,0.832661996066942
"140","Alice","C",1,0.906267791093163
"141","Alice Springs","C",1,0.905326342874559
"142","Aligarh","C",1,0.906321511397638
"143","Alipur Duar","D",1,0.840966712590965
"144","Aliwal North","C",1,0.840893077238076
"145","Allahabad","C",1,0.892985654459234
"146","Allanmyo","C",1,0.824826493544556
"147","Allappey","D",1,0.848040067254377
"148","Allende","C",1,0.904455738052942
"149","Allentown","B",1,0.88906700102409
"150","Alliance","A",1,0.942550887510635
"151","Almaty","A",1,0.942616190620206
"152","Almenara","C",1,0.636514866645655
"153","Almeria","C",1,0.893182942678139
"154","Almetyevsk","A",1,0.941691330804933
"155","Almirante","D",1,0.835351209753119
"156","Alor Setar","D",1,0.850860818697819
"157","Alotau","D",1,0.847050065129496
"158","Alpena","A",1,0.940684603194628
"159","Alpine","C",1,0.911654872873826
"160","Alta Gracia","C",1,0.657806119097507
"161","Altagracia de Orituco","D",1,0.85089494926993
"162","Altamira","D",1,0.842846235111423
"163","Altay","A",1,0.941654142335957
"164","Alton","B",1,0.846854290312017
"165","Altoona","B",1,0.858094054118241
"166","Alvorada","D",1,0.896183553660423
"167","Alwar","C",1,0.904558597457327
"168","Alxa Zuoqi","A",1,0.942641459034154
"169","Am Timan","C",1,0.906027815919612
"170","Amahai","D",1,0.862812784691417
"171","Amapa","D",1,0.84451007510874
"172","Amarillo","A",1,0.441164950648084
"173","Amasya","B",1,0.552112418821533
"174","Ambala","C",1,0.910402626537215
"175","Ambanja","D",1,0.90536278078514
"176","Ambato","B",1,0.86851267786804
"177","Ambatondrazaka","D",1,0.898518788692919
"178","Ambon","D",1,0.85560204849957
"179","Americana","D",1,0.90584892833896
"180","Ames","A",1,0.941257001369901
"181","Amherst","B",1,0.890501940547079
"182","Amiens","B",1,0.892260489084232
"183","Amman","C",1,0.890841462552801
"184","Ammochostos","C",1,0.807271847471123
"185","Amol","B",1,0.814434783411907
"186","Amos","A",1,0.940176746788618
"187","Amravati","C",1,0.911764350543567
"188","Amritsar","C",1,0.903780659753424
"189","Amsterdam","B",1,0.898408176456067
"190","Amursk","A",1,0.941421941164274
"191","An Najaf","C",1,0.905246745914669
"192","An Nasiriyah","C",1,0.900542257944117
"193","Anaco","C",1,0.753382110750052
"194","Anapolis","D",1,0.890984439825474
"195","Anatuya","C",1,0.840575891577666
"196","Anbyon","A",1,0.788704738343038
"197","Anchorage","A",1,0.94155532855269
"198","Ancona","B",1,0.888260706249176
"199","Ancud","D",1,0.562512839241555
"200","Anda","A",1,0.943207113525765
"201","Anderson","B",1,0.891283250859277
"202","Andijon","C",1,0.745766803675963
"203","Andkhvoy","C",1,0.893563355117495
"204","Andoany","D",1,0.849486079431671
"205","Andong","A",1,0.902888391718409
"206","Andorra","B",1,0.876265740985663
"207","Andradina","D",1,0.897011213409585
"208","Androka","C",1,0.665329661588764
"209","Angangxi","A",1,0.941587176238206
"210","Angarsk","A",1,0.942042384234078
"211","Angeles","D",1,0.903204410185598
"212","Angers","B",1,0.897364961332966
"213","Angoche","D",1,0.868607295260274
"214","Angol","B",1,0.854384073187857
"215","Angren","A",1,0.157694610700457
"216","Ankang","C",1,0.666712156683924
"217","Ankara","B",1,0.621651520835912
"218","Anlu","B",1,0.779940355360164
"219","Ann Arbor","A",1,0.908191703727826
"220","Annaba","C",1,0.892475729326411
"221","Annapolis","B",1,0.896800592567026
"222","Annecy","B",1,0.891893469659371
"223","Anqing","B",1,0.788599626202302
"224","Ansan","A",1,0.769195560956944
"225","Anshan","A",1,0.941116778066425
"226","Anshun","B",1,0.83347196562455
"227","Antalaha","D",1,0.843736665515667
"228","Antalya","C",1,0.905186022874096
"229","Antananarivo","D",1,0.89086602081821
"230","Antigonish","B",1,0.886694551440491
"231","Antofagasta","C",1,0.903435926599856
"232","Antsirabe","D",1,0.716800916014168
"233","Antsiranana","D",1,0.879124971566956
"234","Antsohihy","D",1,0.897722502628085
"235","Antwerpen","B",1,0.895099809421536
"236","Anuradhapura","D",1,0.905585969055959
"237","Anxi","A",1,0.844680495793342
"238","Anyang","A",1,0.861254444929364
"239","Anzhero Sudzhensk","A",1,0.940735735811292
"240","Aomori","B",1,0.891768518248898
"241","Apalachicola","D",1,0.761519738752682
"242","Apatity","A",1,0.942906009346347
"243","Apatzingan","C",1,0.904560566482892
"244","Apia","D",1,0.857648684656676
"245","Apodi","C",1,0.847389999832185
"246","Apolo","D",1,0.677239258817867
"247","Appleton","A",1,0.942181455830982
"248","Apsheronsk","B",1,0.898779870374746
"249","Apucarana","D",1,0.89830311339175
"250","Aqadyr","A",1,0.94212736311455
"251","Aqsay","A",1,0.943893419529331
"252","Aqtau","B",1,0.70632262001796
"253","Aqtobe","A",1,0.943032643080829
"254","Aquidauana","D",1,0.856754544771595
"255","Ar Ramadi","C",1,0.907485579812182
"256","Ar Raqqah","C",1,0.896827546355218
"257","Ar Rutbah","C",1,0.905520633618515
"258","Aracaju","D",1,0.903655810897125
"259","Aracati","D",1,0.83163729623836
"260","Aracatuba","D",1,0.893551682147911
"261","Aracuai","C",1,0.832406251087359
"262","Arad","B",1,0.574726056072485
"263","Araguaina","D",1,0.899168416646346
"264","Araguari","D",1,0.903989372297935
"265","Arak","C",1,0.778855220945916
"266","Aral","A",1,0.943628065209909
"267","Aranyaprathet","D",1,0.875153921533192
"268","Arapiraca","D",1,0.866128482333015
"269","Arapongas","D",1,0.879279070003318
"270","Arar","C",1,0.906437774827279
"271","Ararangua","D",1,0.805836659205249
"272","Ararat","B",1,0.894964825607324
"273","Arauca","D",1,0.902891447514382
"274","Araxa","D",1,0.908292583716692
"275","Arba Minch","C",1,0.786122159489514
"276","Arcata","B",1,0.832151726063551
"277","Archangel","A",1,0.941962571791468
"278","Arcoverde","C",1,0.877290813157046
"279","Arctic Bay","A",1,0.942603169984348
"280","Ardabil","A",1,0.667588829485237
"281","Ardmore","B",1,0.840980004645275
"282","Arecibo","D",1,0.864282363555473
"283","Arequipa","C",1,0.8112877060298
"284","Arezzo","B",1,0.870596584763106
"285","Argentia","B",1,0.887963041600152
"286","Arica","C",1,0.905328261941858
"287","Arjona","D",1,0.906325027263673
"288","Armavir","A",1,0.857059894824898
"289","Armenia","D",1,0.834058422570592
"290","Armidale","B",1,0.891850985744442
"291","Arqalyq","A",1,0.941741584999825
"292","Arras","B",1,0.897017143803656
"293","Arrecife","C",1,0.576204643938834
"294","Arroyos y Esteros","D",1,0.90399914505062
"295","Arsenyev","A",1,0.941185967927064
"296","Artemisa","D",1,0.903871612566224
"297","Artemovsk","A",1,0.94313596634497
"298","Artemovskiy","A",1,0.943126291630058
"299","Artigas","B",1,0.830854734570234
"300","Arua","D",1,0.908663880673152
"301","Arusha","C",1,0.827174797124298
"302","Arvayheer","A",1,0.941143079057529
"303","Arviat","A",1,0.94168074026787
"304","Arxan","A",1,0.942567656175958
"305","Arys","C",1,0.772368087239286
"306","Arzamas","A",1,0.942975968150111
"307","As Salt","C",1,0.869782024841069
"308","As Samawah","C",1,0.906299221321453
"309","As Sulaymaniyah","C",1,0.891611436814332
"310","As Sulayyil","C",1,0.902286751807947
"311","As Suwayda","C",1,0.863865682715784
"312","Asahikawa","B",1,0.625780747479515
"313","Asbest","A",1,0.941875660110282
"314","Ascension","C",1,0.90981115940204
"315","Asela","C",1,0.490022103511052
"316","Ash Shatrah","C",1,0.903515365464299
"317","Ash Shihr","C",1,0.907811049957459
"318","Asha","A",1,0.943000028353374
"319","Ashburton1","B",1,0.8936581612037
"320","Ashburton2","B",1,0.897337630204574
"321","Asheville","B",1,0.900633925095924
"322","Ashgabat","C",1,0.891700381639561
"323","Asino","A",1,0.943449375600731
"324","Asmara","C",1,0.853735887167642
"325","Asosa","D",1,0.504287648154253
"326","Assab","C",1,0.90767900454934
"327","Assis","D",1,0.909061691436163
"328","Astana","A",1,0.941850989505148
"329","Asti","B",1,0.891703642989036
"330","Astoria","B",1,0.647101578584952
"331","Astrakhan","A",1,0.940179833653198
"332","Asuncion","D",1,0.872347263731876
"333","Aswan","C",1,0.903081998524131
"334","Asyut","C",1,0.908179157514078
"335","At Bashy","A",1,0.942823406276032
"336","At Taif","C",1,0.903105610695201
"337","Atakpame","D",1,0.898074243583579
"338","Atamyrat","C",1,0.892484128896262
"339","Atar","C",1,0.905013313531613
"340","Atasu","A",1,0.941860290983309
"341","Atbara","C",1,0.904563919187588
"342","Atbasar","A",1,0.940596262549299
"343","Athabasca","A",1,0.942429512754141
"344","Athens1","B",1,0.889286927529185
"345","Athens2","B",1,0.678175817082568
"346","Atherton","D",1,0.897382057222603
"347","Ati","C",1,0.903457046432892
"348","Atikokan","A",1,0.940769297633181
"349","Atkarsk","A",1,0.941786489298841
"350","Atlanta","B",1,0.894314894482662
"351","Atlantic City","B",1,0.898477268031165
"352","Atlixco","C",1,0.886662070085057
"353","Atoyac","C",1,0.666840715564258
"354","Atyrau","A",1,0.941333415907909
"355","Auburn","B",1,0.876428332097287
"356","Auckland","B",1,0.884815852746255
"357","Augsburg","B",1,0.890088297724157
"358","Augusta1","B",1,0.870759931626116
"359","Augusta2","B",1,0.782027009325593
"360","Aurangabad1","C",1,0.884849443689266
"361","Aurangabad2","C",1,0.907353221198203
"362","Aurora1","A",1,0.945120182600391
"363","Aurora2","A",1,0.941560076124502
"364","Austin","B",1,0.520229012170365
"365","Autlan","C",1,0.830058934985554
"366","Auxerre","B",1,0.889321738590125
"367","Avare","D",1,0.905483185156445
"368","Aweil","C",1,0.845412525852916
"369","Awka","D",1,0.901925124798042
"370","Ayacucho","B",1,0.598392268494355
"371","Ayakoz","A",1,0.942252574472284
"372","Ayapel","D",1,0.8566462058648
"373","Ayaviri","B",1,0.562676599851383
"374","Aydin","C",1,0.890699795700053
"375","Ayorou","C",1,0.903248387809788
"376","Ayounel el Atrous","C",1,0.904137338575843
"377","Ayr1","B",1,0.89662439043852
"378","Ayr2","D",1,0.897145186786312
"379","Ayutthaya","D",1,0.873687285780528
"380","Az Aubayr","C",1,0.907171393225621
"381","Az Zahran","C",1,0.904969470277265
"382","Az Zarqa","C",1,0.891461331763636
"383","Az Zawiyah","C",1,0.902394643804451
"384","Azare","C",1,0.902566730653197
"385","Azogues","B",1,0.813462159875503
"386","Azul","B",1,0.891099262098946
"387","Babahoyo","D",1,0.905646537118291
"388","Babanusa","C",1,0.902651000774607
"389","Babati","C",1,0.88776092975859
"390","Babruysk","A",1,0.944330630051321
"391","Bac Giang","D",1,0.911766311554484
"392","Bac Lieu","D",1,0.914272413879892
"393","Bacabal","D",1,0.899815904501267
"394","Bacau","A",1,0.941949399849472
"395","Bacolod","D",1,0.847355301837375
"396","Badajoz","C",1,0.85941206512854
"397","Baddeck","B",1,0.889141111352551
"398","Badulla","D",1,0.848279874132876
"399","Bafang","D",1,0.8984212905323
"400","Bafata","D",1,0.886236663419876
"401","Bafia","D",1,0.90600402112721
"402","Bafoussam","D",1,0.909184341960228
"403","Bafra","B",1,0.891481155840947
"404","Bagamoyo","D",1,0.904454121082507
"405","Bage","B",1,0.793002442491328
"406","Baghdad","C",1,0.903782366624562
"407","Baghlan","C",1,0.902262873652403
"408","Bago","D",1,0.902004810435546
"409","Baguio City","D",1,0.893443925813045
"410","Bahawalpur","C",1,0.900532257066123
"411","Bahia Blanca","B",1,0.880470370908541
"412","Bahir Dar","C",1,0.506630532049332
"413","Bahraich","C",1,0.825175499552783
"414","Baia Mare","B",1,0.883137412872971
"415","Baicheng","A",1,0.939513340937784
"416","Baie-Comeau","A",1,0.94126630551242
"417","Baiquan","A",1,0.940868875520332
"418","Bairnsdale","B",1,0.894434274644842
"419","Bakal","A",1,0.942479305209459
"420","Baker Lake","A",1,0.94230651937654
"421","Bakersfield","C",1,0.900596015798788
"422","Baku","B",1,0.864825164927942
"423","Balakhna","A",1,0.941750209533254
"424","Balakovo","A",1,0.9420787885431
"425","Balancan","D",1,0.905531073368999
"426","Balashov","A",1,0.941846822019732
"427","Balboa","D",1,0.903580110174892
"428","Balcarce","B",1,0.894334696743838
"429","Baleshwar","D",1,0.872291620619358
"430","Balikesir","C",1,0.711960040951786
"431","Balikpapan","D",1,0.84554582685631
"432","Balkanabat","C",1,0.879148405777343
"433","Balkh","C",1,0.894033835224099
"434","Ballarat","B",1,0.895852925095112
"435","Ballina","D",1,0.85588560370481
"436","Balqash","A",1,0.942463701518744
"437","Balsas","D",1,0.811152547987368
"438","Baltasar Brum","B",1,0.82537623727394
"439","Balti","A",1,0.942457650860585
"440","Baltimore","B",1,0.894427147748247
"441","Balykchy","A",1,0.940699904133252
"442","Balyqshy","A",1,0.943097978482148
"443","Bama","C",1,0.907795127713254
"444","Bamako","C",1,0.893967595396299
"445","Bambari","D",1,0.890220383111845
"446","Bamenda","D",1,0.845319056429389
"447","Bamian","A",1,0.942686429593439
"448","Banamba","C",1,0.903122980219204
"449","Banda Aceh","D",1,0.84725768269735
"450","Bandar Lampung","D",1,0.840910352192371
"451","Bandar Seri Begawan","D",1,0.847024245774981
"452","Bandar-e Bushehr","C",1,0.911263757514202
"453","Bandar-e-Abbas","C",1,0.910688706005866
"454","Bandjarmasin","D",1,0.851039678097128
"455","Bandundu","D",1,0.912669491974578
"456","Bandung","D",1,0.846248093729182
"457","Banes","D",1,0.897169500287046
"458","Banff","A",1,0.941157420595894
"459","Banfora","D",1,0.605334923428214
"460","Bangalore","C",1,0.876180293288504
"461","Bangassou","D",1,0.907573317824269
"462","Banghazi","C",1,0.901662369171244
"463","Bangkok","D",1,0.889203327989864
"464","Bangor","B",1,0.889537217395399
"465","Banguela","C",1,0.880787451621438
"466","Bangui","D",1,0.904717192166093
"467","Bani Walid","C",1,0.903190419946901
"468","Banja Luka","B",1,0.888822092333524
"469","Banjul","D",1,0.631126893140137
"470","Bannu","C",1,0.903240435331923
"471","Bansang","C",1,0.901767248440053
"472","Banska Bystrica","B",1,0.607560268788426
"473","Banyuwangi","D",1,0.881300582471408
"474","Baoding","A",1,0.844852736203277
"475","Baoji","A",1,0.884020211043648
"476","Baoshan","B",1,0.499004684688573
"477","Baotou","A",1,0.941104232537104
"478","Baqubah","C",1,0.902965334345757
"479","Bar Harbor","B",1,0.887213443349522
"480","Barabinsk","A",1,0.94208317662518
"481","Barahona","D",1,0.885960593334314
"482","Baramula","B",1,0.819404676813498
"483","Baranavichy","A",1,0.932930616863959
"484","Barbacena","D",1,0.912314030239462
"485","Barcaldine","C",1,0.906612482258931
"486","Barcelona1","B",1,0.891279634367956
"487","Barcelona2","C",1,0.58756035668098
"488","Barcelos","D",1,0.840662619859737
"489","Barddhaman","C",1,0.835032393590857
"490","Bareilly","C",1,0.885633374594991
"491","Bari","B",1,0.881905675387959
"492","Barinas","D",1,0.903738702259309
"493","Barisal","D",1,0.905741740296901
"494","Barlett","B",1,0.892863252161638
"495","Barletta","B",1,0.871788021084036
"496","Barnaul","A",1,0.942156145053176
"497","Barquisimeto","C",1,0.505786065524723
"498","Barra do Bugres","D",1,0.872283517251538
"499","Barra do Garcas","D",1,0.751388938749367
"500","Barra Mansa","D",1,0.907696105511519
"501","Barrancabermeja","D",1,0.83392944714303
"502","Barranquilla","D",1,0.874420983987576
"503","Barras","D",1,0.903570159265332
"504","Barreiras","C",1,0.834005823879211
"505","Barreiros","D",1,0.843343305893937
"506","Barretos","D",1,0.911087247268041
"507","Barrie","A",1,0.915260915409383
"508","Barrow","A",1,0.941389675166009
"509","Bartica","D",1,0.841829292006056
"510","Bartlesville","B",1,0.660658835708447
"511","Barysaw","A",1,0.941303360475797
"512","Basankusu","D",1,0.841558981964959
"513","Basel","B",1,0.900946843634078
"514","Basoko","D",1,0.862155276985881
"515","Basra","C",1,0.905914764345358
"516","Basse-terre","D",1,0.873013659448391
"517","Basseterre","D",1,0.909672038192838
"518","Bastia","B",1,0.882789470634975
"519","Bata","D",1,0.845406943652666
"520","Batangas","D",1,0.898978410596081
"521","Batatais","D",1,0.90176251669431
"522","Bataysk","B",1,0.693814509006536
"523","Batemans Bay","B",1,0.886482699503261
"524","Bath","B",1,0.889341579421863
"525","Bathurst1","B",1,0.873017615471219
"526","Bathurst2","B",1,0.878196396835454
"527","Bati","C",1,0.846942454901381
"528","Batman","C",1,0.872088481955882
"529","Batna","C",1,0.726945291353018
"530","Baton Rouge","B",1,0.767854221502639
"531","Batouri","D",1,0.901612530085048
"532","Battambang","D",1,0.881941907923673
"533","Batticaloa","D",1,0.847520331193992
"534","Battle Creek","A",1,0.942823501247114
"535","Batu Pahat","D",1,0.864195465239056
"536","Batumi","B",1,0.720148090252718
"537","Baturite","D",1,0.886162260813742
"538","Baubau","D",1,0.907627599484075
"539","Bauchi","C",1,0.869533074351255
"540","Bauru","D",1,0.90506872345498
"541","Bavaro","D",1,0.907816678757816
"542","Bawku","C",1,0.872245591522536
"543","Bay City","B",1,0.791532909267502
"544","Bayamo","D",1,0.894066582422496
"545","Bayan Obo","A",1,0.94164261331018
"546","Baydhabo","C",1,0.893112334020956
"547","Bayghanin","A",1,0.94254871169016
"548","Baytown","B",1,0.814475198849791
"549","Beaufort","B",1,0.739773490709156
"550","Beaufort West","C",1,0.870844599036159
"551","Beaumont","B",1,0.745205538986882
"552","Beaver Falls","B",1,0.850147272371379
"553","Bechar","C",1,0.902241580378153
"554","Beckley","B",1,0.893929420519387
"555","Beer Sheva","C",1,0.907834351245049
"556","Beeville","C",1,0.630440008587264
"557","Behbehan","C",1,0.903429006966344
"558","Beian","A",1,0.941913468619014
"559","Beihai","D",1,0.910547817686018
"560","Beijing","A",1,0.884673866779711
"561","Beipiao","A",1,0.941850818800365
"562","Beira","D",1,0.908362660009537
"563","Beirut","C",1,0.711889476846826
"564","Beitbridge","C",1,0.907633699499692
"565","Beja","C",1,0.862132114325494
"566","Bejaia","C",1,0.758166161635655
"567","Bekasi","D",1,0.843334963009446
"568","Bekiy","C",1,0.831606120309784
"569","Belabo","D",1,0.895104956560613
"570","Belaya Kalitva","A",1,0.941640069574864
"571","Belebey","A",1,0.942499647875909
"572","Beledweyne","C",1,0.903889368022896
"573","Belem","D",1,0.840415477939843
"574","Belen","C",1,0.89636964444547
"575","Belfast","B",1,0.896326847122119
"576","Belgaum","D",1,0.760983446890803
"577","Belgorod","A",1,0.938570648597589
"578","Belgrade","B",1,0.892567682483004
"579","Belize City","D",1,0.87824538626348
"580","Bell Ville","B",1,0.64137362904292
"581","Bella Union","B",1,0.822538518147398
"582","Bella Vista","D",1,0.903726709140337
"583","Bellary","C",1,0.903869264880239
"584","Belleville1","B",1,0.87202574177077
"585","Belleville2","B",1,0.887123049396325
"586","Bellingham","B",1,0.890256693484479
"587","Bello","D",1,0.861221586424648
"588","Belmopan","D",1,0.900464222772542
"589","Belo Horizonte","D",1,0.904209801575167
"590","Belogorsk","A",1,0.940939759151338
"591","Bemidji","A",1,0.943211055394819
"592","Ben Gardane","C",1,0.906550511593995
"593","Bend","A",1,0.542887063968099
"594","Bendigo","B",1,0.87626573334625
"595","Benevento","B",1,0.86636864970617
"596","Bengbu","A",1,0.73387853466702
"597","Bengkulu","D",1,0.848021767897009
"598","Beni","D",1,0.903151766849442
"599","Beni Mazar","C",1,0.906097499515945
"600","Beni Ounif","C",1,0.906974573844549
"601","Beni Suef","C",1,0.90597096120383
"602","Benin City","D",1,0.875164253375876
"603","Benoni","C",1,0.861702843259451
"604","Bento Goncalves","B",1,0.746124076510049
"605","Benton Harbor","B",1,0.719253095836227
"606","Benxi","A",1,0.939933704797264
"607","Berber","C",1,0.90735264865543
"608","Berbera","C",1,0.906715766765926
"609","Berberati","D",1,0.905893360976751
"610","Berdyansk","B",1,0.897954464938466
"611","Berekum","D",1,0.860564656849966
"612","Berezniki","A",1,0.943350651384349
"613","Bergamo","B",1,0.895152051836866
"614","Bergen","B",1,0.848388961982751
"615","Berkeley","C",1,0.596934769704846
"616","Berlin","B",1,0.889388634434616
"617","Bermejo","C",1,0.823985582133985
"618","Bern","B",1,0.893221540715401
"619","Berri","C",1,0.688532661707613
"620","Bertoua","D",1,0.911062641935539
"621","Besalampy","D",1,0.896974528239858
"622","Besancon","B",1,0.89269881650209
"623","Betanzos","A",1,0.320192806073215
"624","Bethal","C",1,0.779394195384063
"625","Bethanie","C",1,0.899397104567625
"626","Bethel","A",1,0.942560451978759
"627","Bethlehem","C",1,0.718472651698272
"628","Bezhetsk","A",1,0.943692433794884
"629","Beziers","B",1,0.8717122658256
"630","Bhagalpur","C",1,0.837851200835977
"631","Bharatpur","C",1,0.908061132948726
"632","Bhatpara","C",1,0.454997010126644
"633","Bhavnagar","C",1,0.905911321743399
"634","Bhilwara","C",1,0.90447230267055
"635","Bhisho","B",1,0.626420250553925
"636","Bhiwandi","D",1,0.859626934870665
"637","Bhiwani","C",1,0.911435892024757
"638","Bhopal","C",1,0.898289313373924
"639","Bhubaneshwar","D",1,0.776237368839353
"640","Bhusawal","C",1,0.904457875451853
"641","Biak","D",1,0.840040199791885
"642","Bialystok","A",1,0.942775161959011
"643","Biarritz","B",1,0.883421526627635
"644","Bicheno","B",1,0.893678046699894
"645","Bida","C",1,0.740232347120667
"646","Bidar","C",1,0.905591060156662
"647","Biel","B",1,0.893437170970339
"648","Bielefeld","B",1,0.890327127311167
"649","Bien Hoa","D",1,0.894664219823108
"650","Big Spring","C",1,0.844296703666
"651","Biggar","A",1,0.941240046048574
"652","Biharamulo","C",1,0.697606054304266
"653","Bijapur","C",1,0.901951112597783
"654","Bijar","A",1,0.688706422951421
"655","Bikaner","C",1,0.906245896580647
"656","Bikin","A",1,0.943906700926095
"657","Bila Tserkva","A",1,0.941412330402059
"658","Bilaspur","C",1,0.866820074724918
"659","Bilbao","B",1,0.886848848053286
"660","Billings","A",1,0.941643113354317
"661","Biloela","C",1,0.880574109787435
"662","Biloxi","B",1,0.587405118806722
"663","Biltine","C",1,0.908113135483223
"664","Binghamton","A",1,0.650198911332183
"665","Binjai","D",1,0.843750110438942
"666","Bintulu","D",1,0.85367924604829
"667","Birak","C",1,0.912310155481682
"668","Birao","C",1,0.90219028262755
"669","Biratnagar","D",1,0.909878800652599
"670","Birganj","C",1,0.525821354876656
"671","Birjand","C",1,0.897438608994856
"672","Birmingham1","B",1,0.895150186000374
"673","Birmingham2","B",1,0.894686136216758
"674","Birni Nkonni","C",1,0.905735350897288
"675","Birnin Kebbi","C",1,0.901435153156355
"676","Birobidzhan","A",1,0.941562272839622
"677","Birsk","A",1,0.941506489098134
"678","Biryusinsk","A",1,0.942852844138516
"679","Bishkek","A",1,0.857339921575466
"680","Bishop","C",1,0.762421880593166
"681","Biskra","C",1,0.903751028441234
"682","Bismarck","A",1,0.941279030392507
"683","Bissau","D",1,0.902714665801238
"684","Bitam","D",1,0.903282065908757
"685","Bitola","B",1,0.894056639817766
"686","Biu","C",1,0.892536812172955
"687","Biysk","A",1,0.940902087500521
"688","Bizerte","C",1,0.677835276006798
"689","Blackpool","B",1,0.893671348163547
"690","Blacksburg","B",1,0.901770130459417
"691","Blagodarnyy","A",1,0.942773907814703
"692","Blagoveshchensk","A",1,0.942256095547997
"693","Blantyre","C",1,0.72450121669543
"694","Blenheim","B",1,0.891945809553104
"695","Blitar","D",1,0.834576166920237
"696","Bloemfontein","C",1,0.851201534178999
"697","Bloemhof","C",1,0.905496778021046
"698","Bloomington1","B",1,0.888372192489011
"699","Bloomington2","A",1,0.914103724233899
"700","Bluefields","D",1,0.848931855771022
"701","Blumenau","D",1,0.855813493778861
"702","Bo","D",1,0.846732507937468
"703","Boa Vista","D",1,0.895574172122145
"704","Boaco","D",1,0.882570835620395
"705","Bobo Dioulasso","C",1,0.853731206666393
"706","Bocaiuva","C",1,0.694639238283754
"707","Bocas del Toro","D",1,0.847415192782323
"708","Bodo","B",1,0.888243364547316
"709","Boende","D",1,0.85134535073854
"710","Bogor","D",1,0.847716051131403
"711","Bogoroditsk","A",1,0.94252365632702
"712","Bogota","B",1,0.813862357903793
"713","Bogotol","A",1,0.943963673064686
"714","Bogue","C",1,0.905033521301587
"715","Boise","A",1,0.208156045417137
"716","Bojnurd","C",1,0.781839479691517
"717","Boke","D",1,0.853711279876978
"718","Bol","C",1,0.910077408074345
"719","Bolama","D",1,0.898757288811448
"720","Bolgatanga","C",1,0.571406145429692
"721","Boli","A",1,0.942751071461756
"722","Bollnas","A",1,0.941315036801029
"723","Bolobo","D",1,0.911060470665202
"724","Bologna","B",1,0.879736313729144
"725","Bologoye","A",1,0.942700459491324
"726","Bolu","B",1,0.873191874839372
"727","Bolzano","B",1,0.766564293673599
"728","Boma","D",1,0.829787128148065
"729","Bondo","D",1,0.908343695348088
"730","Bondoukou","C",1,0.668734457252348
"731","Bongandanga","D",1,0.831253625420296
"732","Bongaree","D",1,0.88977110128159
"733","Bongor","C",1,0.90336897074614
"734","Bonn","B",1,0.894876131611541
"735","Boorama","C",1,0.905009780005079
"736","Boosaaso","C",1,0.908785349067171
"737","Boras","B",1,0.889912574738799
"738","Bordeaux","B",1,0.894867975784245
"739","Bordertown","B",1,0.856665056584484
"740","Borisoglebsk","A",1,0.941381429371192
"741","Borlange","A",1,0.94216340663303
"742","Borovichi","A",1,0.942074707482954
"743","Borzya","A",1,0.944868572695867
"744","Bose","C",1,0.548814068947817
"745","Bosobolo","D",1,0.917379380116631
"746","Bossangoa","D",1,0.793526688417909
"747","Bossembele","D",1,0.910773627291191
"748","Boston","B",1,0.903111726385377
"749","Botosani","A",1,0.94270105210807
"750","Botucatu","D",1,0.89735143474138
"751","Bouake","D",1,0.751920473383505
"752","Bouar","D",1,0.900004729618112
"753","Bougouni","C",1,0.845376697864441
"754","Bouira","C",1,0.783252319479421
"755","Boulder","A",1,0.943146961040155
"756","Boulder City","C",1,0.889535166761977
"757","Bourges","B",1,0.891910121602297
"758","Bournemouth","B",1,0.892600572102681
"759","Boutilimit","C",1,0.906609957636931
"760","Bowling Green1","B",1,0.892410219700145
"761","Bowling Green2","A",1,0.831604105030289
"762","Bozeman","A",1,0.941072415922304
"763","Bozoum","D",1,0.797866636098989
"764","Bradford","B",1,0.897623768201884
"765","Braga","B",1,0.86367041673529
"766","Braganca","D",1,0.845771854029658
"767","Braganca Paulista","D",1,0.909069789647346
"768","Brahmapur","C",1,0.506249639831199
"769","Brainerd","A",1,0.940895743236842
"770","Brandfort","C",1,0.85233155914231
"771","Brandon","A",1,0.940558168721551
"772","Brasilia","D",1,0.735950184201932
"773","Brasov","A",1,0.941066844919829
"774","Bratislava","B",1,0.620850895215903
"775","Bratsk","A",1,0.940128930432438
"776","Braunschweig","B",1,0.883785627805652
"777","Brazzaville","D",1,0.90489749624062
"778","Bredasdorp","B",1,0.875149875704639
"779","Bremen","B",1,0.888197505760699
"780","Bremerhaven","B",1,0.888921222821579
"781","Bremerton","B",1,0.897539662343908
"782","Brest1","B",1,0.89623508288713
"783","Brest2","A",1,0.925952626122007
"784","Breves","D",1,0.843895713766015
"785","Bria","D",1,0.803885952286186
"786","Bridgeport","B",1,0.894887839595534
"787","Bridgetown","D",1,0.905960017319002
"788","Brighton","B",1,0.891037347307561
"789","Brikama","D",1,0.857473192764581
"790","Brindisi","B",1,0.889130151959384
"791","Brisbane","B",1,0.644819963394921
"792","Bristol1","B",1,0.893095392922104
"793","Bristol2","B",1,0.896624276523742
"794","Brits","C",1,0.901237048021492
"795","Brive","B",1,0.904847212532356
"796","Brno","A",1,0.89231590255934
"797","Brochet","A",1,0.94362581937699
"798","Brockville","A",1,0.916172419396953
"799","Broken Hill","C",1,0.720375863356278
"800","Brookings","A",1,0.945835035221229
"801","Brooks","A",1,0.943805656692865
"802","Broome","C",1,0.843625629192736
"803","Brovary","A",1,0.942678632153072
"804","Brownsville","C",1,0.832843258414481
"805","Brownsweg","D",1,0.855426688415163
"806","Brownwood","C",1,0.849387345895875
"807","Brugge","B",1,0.89673432942774
"808","Brumado","C",1,0.851258226825384
"809","Brunswick","B",1,0.673009821115998
"810","Brusque","D",1,0.821830695437797
"811","Brussels","B",1,0.893954439184833
"812","Bryan","B",1,0.7848293027981
"813","Bryansk","A",1,0.941137308801722
"814","Bua Yai","D",1,0.836711409042311
"815","Bucaramanga","D",1,0.88632612703001
"816","Buchanan","D",1,0.864274887597829
"817","Buchans","B",1,0.818893827081586
"818","Bucharest","A",1,0.660642865825077
"819","Budapest","A",1,0.510907639400451
"820","Budaun","C",1,0.910992868781035
"821","Buenaventura","D",1,0.841599065320334
"822","Buenos Aires","B",1,0.879475584705393
"823","Buffalo","B",1,0.8628243580797
"824","Bugt","A",1,0.942142859890781
"825","Bugulma","A",1,0.940785932433161
"826","Buguruslan","A",1,0.940566655164366
"827","Buizhou","A",1,0.914325050233597
"828","Bujumbura","D",1,0.528661334081844
"829","Bukachacha","A",1,0.943187466031068
"830","Bukama","C",1,0.843451190765568
"831","Bukavu","D",1,0.903372517006484
"832","Bukittinggi","D",1,0.833002749192797
"833","Bukoba","D",1,0.863786860244335
"834","Bulaevo","A",1,0.943442117818613
"835","Bulandshahr","C",1,0.902130911524062
"836","Bulawayo","C",1,0.905921249304515
"837","Bulungu","D",1,0.900148897059213
"838","Bumba","D",1,0.874180472257702
"839","Bunbury","B",1,0.602056323157594
"840","Bundaberg","D",1,0.812846841584894
"841","Bungoma","D",1,0.898350400405236
"842","Bunia","D",1,0.778361508606033
"843","Buon Me Thuot","D",1,0.906322464988199
"844","Bur Safaga","C",1,0.912310523046828
"845","Bur Said","C",1,0.905030193238471
"846","Buraydah","C",1,0.902141194567177
"847","Burco","C",1,0.904579848151683
"848","Burgas","B",1,0.88817292684728
"849","Burgos","B",1,0.899899429729953
"850","Burhanpur","C",1,0.910365251842112
"851","Buriram","D",1,0.668725008858541
"852","Burley","A",1,0.628636440033932
"853","Burlington1","A",1,0.941260650509247
"854","Burlington2","A",1,0.923407162525432
"855","Burnie","B",1,0.894202594357432
"856","Burns Lake","A",1,0.924645980209328
"857","Bursa","B",1,0.877414991013294
"858","Bururi","D",1,0.439587495235272
"859","Busan","B",1,0.858526329477214
"860","Businga","D",1,0.900795549542095
"861","Busselton","B",1,0.710737166671749
"862","Buta","D",1,0.896965082067437
"863","Butare","D",1,0.648666618783515
"864","Butembo","D",1,0.777031575780776
"865","Butte","A",1,0.942130640304963
"866","Butterworth","D",1,0.837186418170428
"867","Butuan","D",1,0.838826368267775
"868","Buurhakaba","C",1,0.909933056943412
"869","Buxoro","C",1,0.876825830289459
"870","Buy","A",1,0.944120681988868
"871","Buyant-Uhaa","A",1,0.942530086015712
"872","Buynaksk","A",1,0.94139179191647
"873","Buzau","A",1,0.934811979950596
"874","Buzmeyin","C",1,0.879974692320957
"875","Buzuluk","A",1,0.944044502627818
"876","Bydgoszcz","A",1,0.828085681483546
"877","Byron Bay","D",1,0.871515127617851
"878","Bytom","B",1,0.863889394237968
"879","Byumba","D",1,0.687178185459883
"880","Ca Mau","D",1,0.907827462164562
"881","Caazapa","D",1,0.843779735871017
"882","Caballococha","D",1,0.853572356365158
"883","Cabanatuan","D",1,0.902444191567994
"884","Cabimas","D",1,0.783575272722866
"885","Cabinda","D",1,0.849280863063958
"886","Cabo de Santo Agostinho","D",1,0.844260250765259
"887","Cabo Frio","D",1,0.902368434209927
"888","Cabo San Lucas","C",1,0.817962628593785
"889","Caboolture","D",1,0.837121585899517
"890","Caborca","C",1,0.906025391553919
"891","Cacador","B",1,0.7909538147274
"892","Cachoeira do Sul","B",1,0.715656976311208
"893","Cachoeiro de Itapemirim","D",1,0.907207961258473
"894","Cacolo","D",1,0.600713731952368
"895","Cadillac","A",1,0.941821345865178
"896","Cadiz1","D",1,0.83841806216459
"897","Cadiz2","D",1,0.847258156739008
"898","Caen","B",1,0.894354738322599
"899","Cafayate","C",1,0.696882929694698
"900","Cagayan de Oro","D",1,0.874113863022422
"901","Cagliari","B",1,0.725359177574219
"902","Cahul","A",1,0.876277688241357
"903","Caibarien","D",1,0.90445247874987
"904","Caico","C",1,0.838987290866578
"905","Cairns","D",1,0.887745074834479
"906","Cairo","C",1,0.905267649530164
"907","Cajabamba","C",1,0.48616660364095
"908","Cajamarca","C",1,0.425697621558559
"909","Calabar","D",1,0.84111679945583
"910","Calabozo","D",1,0.827062512347391
"911","Calais1","B",1,0.901520921809381
"912","Calais2","B",1,0.89557173536297
"913","Calama","C",1,0.900666456462761
"914","Calarasi","A",1,0.758675393341756
"915","Calbayog","D",1,0.828665833260253
"916","Calbuco","B",1,0.780102606119789
"917","Calcutta","C",1,0.420485658358546
"918","Caldera","C",1,0.902514675866364
"919","Caldwell","C",1,0.54220232581066
"920","Calgary","A",1,0.942649879205887
"921","Cali","D",1,0.90053943893585
"922","Callao","C",1,0.890844377614742
"923","Caloundra","D",1,0.898697889285946
"924","Calucinga","C",1,0.81755141343698
"925","Calulo","C",1,0.820931294444623
"926","Cam Pha","D",1,0.908493876155163
"927","Cam Ranh","D",1,0.898320392983605
"928","Camabatela","D",1,0.763964533456227
"929","Camacupa","C",1,0.852281749543273
"930","Camaguey","D",1,0.905634232823897
"931","Camana","C",1,0.906356540666254
"932","Camaqua","B",1,0.776964730353244
"933","Cameta","D",1,0.85226314927967
"934","Camiri","C",1,0.829527748557435
"935","Camocim","D",1,0.885615812718309
"936","Campana","B",1,0.863604124374939
"937","Campbell River","B",1,0.890515541187569
"938","Campeche","D",1,0.885589539151396
"939","Campina Grande","D",1,0.638311092129299
"940","Campinas","D",1,0.909315892181857
"941","Campo Belo","D",1,0.862158656135061
"942","Campo Grande","D",1,0.906958362105068
"943","Campo Maior","D",1,0.888199455129748
"944","Campo Murao","D",1,0.853614902483625
"945","Campoalegre","D",1,0.905775006804277
"946","Campos","D",1,0.848212291682885
"947","Camrose","A",1,0.94175113239697
"948","Can Tho","D",1,0.8791224838247
"949","Canakkale","B",1,0.584782887227211
"950","Cananea","C",1,0.893736875666598
"951","Canas","D",1,0.901927237392845
"952","Canatlan","C",1,0.903658598963295
"953","Canberra","B",1,0.900325122055016
"954","Cancun","D",1,0.912879173577055
"955","Canela","B",1,0.766676978256124
"956","Cangamba","C",1,0.905453526812639
"957","Cangzhou","A",1,0.885952459529682
"958","Caninde","C",1,0.660028584359419
"959","Canoas","B",1,0.788404531597723
"960","Canoinhas","B",1,0.553723971202453
"961","Canton","B",1,0.771698391191917
"962","Cap-Haitien","D",1,0.909534724558097
"963","Capanema","D",1,0.848036668749164
"964","Cape Coast","D",1,0.909297366469678
"965","Cape Coral","D",1,0.91353267097785
"966","Cape Dorset","A",1,0.94373089597741
"967","Cape Girardeau","B",1,0.896545838643107
"968","Cape Town","B",1,0.845922565248693
"969","Caracarai","D",1,0.837410747090275
"970","Caracas","D",1,0.779894528956831
"971","Carahue","B",1,0.895805200237847
"972","Caratinga","D",1,0.627889758645654
"973","Carazinho","B",1,0.546838869972475
"974","Carbondale","B",1,0.893473839282584
"975","Cardiff","B",1,0.889586913160089
"976","Carhue","B",1,0.890692669480244
"977","Carlisle","B",1,0.900207316788354
"978","Carlsbad","C",1,0.889112266631564
"979","Carmelo","B",1,0.86296853412819
"980","Carnot","D",1,0.876603297748227
"981","Carora","C",1,0.766655480660332
"982","Carpina","D",1,0.914016825288218
"983","Carson City","C",1,0.636878082933019
"984","Cartagena1","D",1,0.886827011868535
"985","Cartagena2","C",1,0.758744961120817
"986","Cartago1","D",1,0.84104125712307
"987","Cartago2","D",1,0.844992227609308
"988","Cartwright","B",1,0.55338312305157
"989","Caruaru","C",1,0.757791499879579
"990","Carupano","D",1,0.880923862682786
"991","Casa Grande","C",1,0.903750101243228
"992","Casablanca","C",1,0.748915619465252
"993","Cascavel","D",1,0.561380987758996
"994","Caserta","B",1,0.857309721282836
"995","Casper","A",1,0.942927567439478
"996","Castanhal","D",1,0.853206236527755
"997","Castello","B",1,0.557617119552042
"998","Castries","D",1,0.846407742633709
"999","Castro1","B",1,0.813557191330302
"1000","Castro2","B",1,0.718015297612596
"1001","Catalao","D",1,0.893669423170682
"1002","Catamarca","C",1,0.903695273053882
"1003","Catanduva","D",1,0.907850642606532
"1004","Catania","C",1,0.717018610456151
"1005","Catanzaro","B",1,0.797664276493047
"1006","Cauquenes","C",1,0.59030962855081
"1007","Caxias","D",1,0.904938815472065
"1008","Caxias do Sul","B",1,0.762676510262945
"1009","Caxito","C",1,0.836769627064332
"1010","Cayambe","B",1,0.750018591732434
"1011","Cayenne","D",1,0.842636172917106
"1012","Cebu","D",1,0.88618041023645
"1013","Cedar City","A",1,0.654785114991696
"1014","Cedar Rapids","A",1,0.942709695082749
"1015","Ceduna","B",1,0.633152724766958
"1016","Celaya","C",1,0.909113110987471
"1017","Celeken","B",1,0.569985589116657
"1018","Central Coast","B",1,0.824848364005145
"1019","Centralia","B",1,0.898091400172577
"1020","Ceres","D",1,0.872708713436541
"1021","Cerrillos","C",1,0.813046902233584
"1022","Cerro de Pasco","B",1,0.705983005879736
"1023","Ceske Budejovice","A",1,0.637375763512139
"1024","Chabahar","C",1,0.903785452955372
"1025","Chacabuco","B",1,0.888874232216139
"1026","Chachapoyas","B",1,0.699121799758931
"1027","Chadron","A",1,0.944068256861044
"1028","Chaiyaphum","D",1,0.75047150567367
"1029","Chake Chake","D",1,0.892100147650693
"1030","Chalkida","B",1,0.617382715149191
"1031","Challapata","A",1,0.423381865632543
"1032","Chamical","C",1,0.90381070862805
"1033","Champoton","D",1,0.894451691120312
"1034","Chancay","C",1,0.885810178516516
"1035","Chandigarh","C",1,0.902538813523884
"1036","Chandrapur","C",1,0.856073363268161
"1037","Changchun","A",1,0.943915927682547
"1038","Changde","B",1,0.848922846715169
"1039","Changhua","D",1,0.900151121182525
"1040","Changling","A",1,0.943187420441967
"1041","Changping","A",1,0.897196303961283
"1042","Changsha","B",1,0.858603986974065
"1043","Changting","B",1,0.71908931197061
"1044","Changyon","A",1,0.941169622114675
"1045","Changzhi","A",1,0.942014328338223
"1046","Changzhou","B",1,0.874247767624941
"1047","Channel-Port aux Basques","B",1,0.885072734531937
"1048","Chanthaburi","D",1,0.888259771092623
"1049","Chaoyang","A",1,0.941362424811396
"1050","Chaozhou","D",1,0.914925142586169
"1051","Chapadinha","D",1,0.899520615055695
"1052","Chapaev","A",1,0.943354702086412
"1053","Chapayevsk","A",1,0.941149850644992
"1054","Chapleau","A",1,0.941571343997003
"1055","Charata","C",1,0.838233566361779
"1056","Charikar","C",1,0.727104668000165
"1057","Charleroi","B",1,0.892550090022762
"1058","Charleston1","B",1,0.757600433797394
"1059","Charleston2","B",1,0.893958956566269
"1060","Charleville","C",1,0.909296012314072
"1061","Charlotte","B",1,0.894209084486355
"1062","Charlottesville","B",1,0.895368623657078
"1063","Charlottetown","B",1,0.902798541450929
"1064","Charters Towers","C",1,0.830229369474785
"1065","Chascomus","B",1,0.891574818160607
"1066","Chattanooga","B",1,0.895604795207554
"1067","Chau Doc","D",1,0.877253127279521
"1068","Chauk","C",1,0.902278537248527
"1069","Cheboksary","A",1,0.941704201523742
"1070","Chegdomyn","A",1,0.939663601541548
"1071","Chelyabinsk","A",1,0.942279787965487
"1072","Chemnitz","B",1,0.893867202410947
"1073","Chengde","A",1,0.941523573994407
"1074","Chengdu","B",1,0.441794798634887
"1075","Chennai","C",1,0.57893202146798
"1076","Chenzhou","B",1,0.833554106163448
"1077","Cheongju","A",1,0.803405166796446
"1078","Chepes","C",1,0.910486237434198
"1079","Cherbourg","B",1,0.895617368047375
"1080","Cheremkhovo","A",1,0.941446229575366
"1081","Cherepanovo","A",1,0.944626159772456
"1082","Cherepovets","A",1,0.94210180567833
"1083","Cherkasy","A",1,0.942550180888275
"1084","Cherkessk","A",1,0.935403414199072
"1085","Cherlak","A",1,0.942982446310102
"1086","Chernihiv","A",1,0.942276686816188
"1087","Chernivtsi","A",1,0.940272774745789
"1088","Chernogorsk","A",1,0.942171087353638
"1089","Chernyakhovsk","A",1,0.570093778382271
"1090","Chester","B",1,0.891230614203148
"1091","Chesterfield Inlet","A",1,0.94253304156831
"1092","Chetumal","D",1,0.906431890817926
"1093","Chevery","B",1,0.774200753276282
"1094","Cheyenne","A",1,0.941838821724325
"1095","Chiai","D",1,0.896116433303288
"1096","Chiang Mai","C",1,0.826675729768443
"1097","Chiang Rai","D",1,0.88755707640106
"1098","Chibemba","C",1,0.906001332486673
"1099","Chibia","C",1,0.908872888292391
"1100","Chicago","A",1,0.942608786480195
"1101","Chiclayo","C",1,0.898768983604985
"1102","Chico","C",1,0.89404903743233
"1103","Chicoutimi","A",1,0.94290947641437
"1104","Chifeng","A",1,0.941958554360571
"1105","Chignik","B",1,0.602541130992584
"1106","Chihuahua","C",1,0.913212246700628
"1107","Chilca","C",1,0.877339071634759
"1108","Childress","C",1,0.840131831388836
"1109","Chilecito","C",1,0.898844820694008
"1110","Chililabombwe","C",1,0.859724703081607
"1111","Chillan","B",1,0.572557379600341
"1112","Chilpancingo","C",1,0.868328418637889
"1113","Chimbote","C",1,0.877782654904348
"1114","Chimboy","A",1,0.575694487660181
"1115","Chimoio","D",1,0.855137629200723
"1116","Chinandega","D",1,0.895403121204959
"1117","Chincha Alta","C",1,0.896436666704515
"1118","Chingola","C",1,0.836516933183138
"1119","Chinhoyi","C",1,0.900846286952876
"1120","Chiniot","C",1,0.90338964951825
"1121","Chinsali","C",1,0.841563084016843
"1122","Chipata","C",1,0.884088491849441
"1123","Chiquinquira","D",1,0.55110124373075
"1124","Chirala","C",1,0.770786384756769
"1125","Chiramba","C",1,0.899295983489932
"1126","Chirchiq","C",1,0.741099041056812
"1127","Chiredzi","C",1,0.904064464740955
"1128","Chisinau","A",1,0.933793812118437
"1129","Chistopol","A",1,0.941728703111538
"1130","Chita","A",1,0.942570617207252
"1131","Chitipa","C",1,0.826998312687695
"1132","Chitre","D",1,0.912171854364631
"1133","Chittagong","D",1,0.869995805852631
"1134","Chitungwiza","C",1,0.90658159778032
"1135","Chivilcoy","B",1,0.885601703707805
"1136","Chlef","C",1,0.891179076129347
"1137","Cholpon Ata","A",1,0.94146256001217
"1138","Choluteca","D",1,0.879607941027576
"1139","Choma","C",1,0.913375760830815
"1140","Chon Buri","D",1,0.88744620283895
"1141","Chonchi","B",1,0.788414842738894
"1142","Chone","D",1,0.886840856071525
"1143","Chongjin","A",1,0.942100160016005
"1144","Chongju","A",1,0.901720011520149
"1145","Chongqing","B",1,0.494095143078005
"1146","Chos Malal","C",1,0.482262197662041
"1147","Chosan","A",1,0.942092220022715
"1148","Chosica","C",1,0.886423818565159
"1149","Chota","B",1,0.544955366391495
"1150","Choybalsan","A",1,0.944078436512152
"1151","Christchurch","B",1,0.8936036459335
"1152","Christiansted","D",1,0.905286656084164
"1153","Chukai","D",1,0.840567825347304
"1154","Chulucanas","C",1,0.883404870360287
"1155","Chumbicha","C",1,0.903670220471638
"1156","Chumphon","D",1,0.860758254650974
"1157","Chuncheon","A",1,0.942043820984723
"1158","Chungli","D",1,0.810163891406496
"1159","Chuquicamata","C",1,0.904756191706042
"1160","Chur","B",1,0.886711041350321
"1161","Chusovoy","A",1,0.941316956560431
"1162","Chuxiong","C",1,0.76034007176846
"1163","Ciego de Avila","D",1,0.900057520863944
"1164","Cienaga","D",1,0.892779759843429
"1165","Cienfuegos","D",1,0.904847903344716
"1166","Cilacap","D",1,0.843085371139936
"1167","Cincinnati","B",1,0.896680134083057
"1168","Cirebon","D",1,0.835996482885147
"1169","Ciudad Bolivar","D",1,0.591815856959038
"1170","Ciudad Camargo","C",1,0.898668984648944
"1171","Ciudad Constitucion","C",1,0.9050747858077
"1172","Ciudad Cortes","D",1,0.837848272699697
"1173","Ciudad del Carmen","D",1,0.885014432111668
"1174","Ciudad del Este","D",1,0.856293017726548
"1175","Ciudad Guayana","D",1,0.841469749048446
"1176","Ciudad Guzman","C",1,0.905050556654692
"1177","Ciudad Hidalgo","C",1,0.90526844343207
"1178","Ciudad JuÌÁrez","C",1,0.906530619510741
"1179","Ciudad Madero","D",1,0.878209121113052
"1180","Ciudad Mante","C",1,0.646125750111226
"1181","Ciudad Obregon","C",1,0.907291633968878
"1182","Ciudad Valles","C",1,0.410444794119351
"1183","Ciudad Victoria","C",1,0.905067689545963
"1184","Civitavecchia","B",1,0.851692552450952
"1185","Clare","B",1,0.844636226046339
"1186","Clarksburg","B",1,0.895459444225683
"1187","Clarksville","B",1,0.898195156363508
"1188","Cleburne","B",1,0.766294190421147
"1189","Clermont-Ferrand","B",1,0.894532444896756
"1190","Cleveland","B",1,0.785622182833474
"1191","Cliza","C",1,0.456737170347278
"1192","Cloncurry","C",1,0.904008117689218
"1193","Clovis","C",1,0.829285079027024
"1194","Cluj-Napoca","A",1,0.934129324350245
"1195","Coalcoman","C",1,0.846980706827298
"1196","Coari","D",1,0.839157195840435
"1197","Coatzacoalcos","D",1,0.861574646272342
"1198","Cobalt","A",1,0.94217623752603
"1199","Coban","D",1,0.824369486175814
"1200","Cobija","D",1,0.901945322729463
"1201","Cobram","B",1,0.863733429337768
"1202","Coburg","B",1,0.888388989656326
"1203","Cochabamba","B",1,0.601973153649213
"1204","Cochin","D",1,0.839421860316893
"1205","Cochrane","A",1,0.9437830900931
"1206","Cody","A",1,0.941995512246455
"1207","Coffeyville","B",1,0.828440403342673
"1208","Coffs Harbour","D",1,0.871308940036434
"1209","Coihaique","B",1,0.898598222960442
"1210","Coimbatore","C",1,0.865468667611981
"1211","Coimbra","B",1,0.87426544153373
"1212","Colac","B",1,0.8926459624548
"1213","Colesberg","C",1,0.853078012947218
"1214","Colima","C",1,0.849767226400521
"1215","Colinas","D",1,0.79998538269211
"1216","Collipulli","B",1,0.893224412970908
"1217","Colombo","D",1,0.838694957138673
"1218","Colon1","D",1,0.853225949341466
"1219","Colon2","D",1,0.905075270881648
"1220","Colorado Springs","A",1,0.934672405761925
"1221","Columbia1","B",1,0.892021574167281
"1222","Columbia2","B",1,0.904578809957141
"1223","Columbia3","B",1,0.866399810735872
"1224","Columbus1","B",1,0.871418451066218
"1225","Columbus2","B",1,0.824058059303663
"1226","Comallo","B",1,0.770400387013348
"1227","Comandante Fontana","C",1,0.837365738969303
"1228","Comayagua","C",1,0.727245156999722
"1229","Combarbala","C",1,0.892202190522977
"1230","Comilla","D",1,0.901454901766106
"1231","Como","B",1,0.891819469331026
"1232","Comodoro Rivadavia","B",1,0.89474226027544
"1233","Comondante Luis Piedrabuena","B",1,0.796486495352599
"1234","Compostela","D",1,0.866157528636994
"1235","Conakry","D",1,0.844309693389919
"1236","Concepcion del Uruguay","B",1,0.845855446961192
"1237","Concepcion1","B",1,0.830101461603998
"1238","Concepcion2","D",1,0.904610825415143
"1239","Concord","B",1,0.829345188296572
"1240","Concordia1","B",1,0.825836246321126
"1241","Concordia2","B",1,0.690577987965751
"1242","Conselheiro Lafaiete","D",1,0.910795310971581
"1243","Constanta","B",1,0.860332676860579
"1244","Constantine","C",1,0.805086690456369
"1245","Constitucion","B",1,0.593146356139228
"1246","Contamana","D",1,0.908335605141347
"1247","Conway","B",1,0.888030074606636
"1248","Cooma","B",1,0.898115287334478
"1249","Coos Bay","B",1,0.851470167387145
"1250","Copenhagen","B",1,0.889977395059051
"1251","Copiapo","C",1,0.906474657310267
"1252","Coquimbo","C",1,0.902538791390082
"1253","Coracora","C",1,0.480948375166757
"1254","Coral Gables","D",1,0.905931573725744
"1255","Coral Springs","D",1,0.902939749263944
"1256","Cordoba1","C",1,0.694955368007729
"1257","Cordoba2","C",1,0.895463221382945
"1258","Cordoba3","D",1,0.906759528836397
"1259","Cordova","B",1,0.786493653738588
"1260","Cork","B",1,0.897398196403294
"1261","Corner Brook","B",1,0.879715026750493
"1262","Cornwall","A",1,0.942490781481577
"1263","Coro","C",1,0.500595802622445
"1264","Coronel","B",1,0.788479899857723
"1265","Coronel Bogado","D",1,0.588805529187245
"1266","Coronel Oviedo","D",1,0.881858844904498
"1267","Coronel Suarez","B",1,0.893495034788035
"1268","Corpus Christi","C",1,0.526520322615131
"1269","Corrientes","D",1,0.703045599450085
"1270","Corum","A",1,0.406122131500961
"1271","Corumba","D",1,0.903792028196441
"1272","Corvallis","B",1,0.882418806546796
"1273","Cotabato","D",1,0.840121159094227
"1274","Cotonou","D",1,0.889873206558135
"1275","Cottbus","B",1,0.885446840830743
"1276","Council Bluffs","A",1,0.942780249033668
"1277","Courtenay","B",1,0.894305508488176
"1278","Coventry","B",1,0.899920503142733
"1279","Covilha","B",1,0.728894735771993
"1280","Covington","B",1,0.888219646481889
"1281","Cowell","B",1,0.859008405867752
"1282","Cowra","B",1,0.881382578605333
"1283","Craig","A",1,0.942565673839576
"1284","Craiova","B",1,0.899222171532112
"1285","Cranbourne","B",1,0.887339236158519
"1286","Cranbrook","A",1,0.942006030630615
"1287","Crateus","C",1,0.75307120956742
"1288","Crato","C",1,0.793019146721764
"1289","Crescent City","D",1,0.531248847362206
"1290","Crestview","B",1,0.633049076235256
"1291","Criciuma","D",1,0.82746870933994
"1292","Cristalina","D",1,0.90734150788922
"1293","Crookston","A",1,0.94484215722658
"1294","Crotone","B",1,0.622802375662851
"1295","Cruzeiro do Sul","D",1,0.845502821222921
"1296","Cuamba","C",1,0.851955812003953
"1297","Cuauhtemoc","C",1,0.866215517433359
"1298","Cubal","C",1,0.822249210536136
"1299","Cucuta","D",1,0.908939195775802
"1300","Cuddalore","D",1,0.843274066481503
"1301","Cuenca","B",1,0.735360955423984
"1302","Cuencame","C",1,0.907947188526174
"1303","Cuernavaca","C",1,0.875351766353937
"1304","Cuevo","C",1,0.834388043549516
"1305","Cuiaba","D",1,0.872409052260596
"1306","Culiacan","C",1,0.786166662400851
"1307","Cumana","D",1,0.821553202609532
"1308","Cumberland","B",1,0.881610627690627
"1309","Curanilahue","B",1,0.820556600696199
"1310","Curepipe","D",1,0.885287432897147
"1311","Curico","C",1,0.857813468487474
"1312","Curitiba","B",1,0.740072052075357
"1313","Curvelo","D",1,0.790199927522719
"1314","Cusco","B",1,0.574394455970213
"1315","Cutral Co","C",1,0.659293177634788
"1316","Cuttack","D",1,0.841035555546284
"1317","Cyangugu","D",1,0.892643281683123
"1318","Da Lat","D",1,0.903144889499634
"1319","Da Nang","D",1,0.84290346714588
"1320","Daan","A",1,0.942510811090253
"1321","Dabou","D",1,0.893592432992166
"1322","Daegu","A",1,0.838000736312546
"1323","Daejeon","A",1,0.704961607949547
"1324","Dagupan","D",1,0.90436155906787
"1325","Dakar","C",1,0.75964011911237
"1326","Dalandzadgad","A",1,0.944349911391796
"1327","Dalby","C",1,0.766057728915365
"1328","Dalhart","A",1,0.410621207625675
"1329","Dali1","A",1,0.864192859338603
"1330","Dali2","C",1,0.45746736493639
"1331","Dalian","A",1,0.943213271251584
"1332","Dallas","B",1,0.774260883017869
"1333","Dalnegorsk","A",1,0.942149499222829
"1334","Dalnerechensk","A",1,0.941904078474924
"1335","Daloa","D",1,0.905857034847174
"1336","Dalton","B",1,0.891564596732145
"1337","DamanhÌÈr","C",1,0.906675455306376
"1338","Damascus","C",1,0.895943031256694
"1339","Dandong","A",1,0.941731436503981
"1340","Dangriga","D",1,0.842612671754346
"1341","Danjiangkou","A",1,0.354914933886678
"1342","Danville","B",1,0.892813447909986
"1343","Daqing","A",1,0.941417954483126
"1344","Dar es Salaam","D",1,0.878895499409136
"1345","Darnah","C",1,0.897896139589433
"1346","Darregueira","B",1,0.897169776741754
"1347","Darwin","D",1,0.892563727150304
"1348","Dasoguz","C",1,0.664188952938654
"1349","Datong","A",1,0.941096146377988
"1350","Daugavpils","A",1,0.942214287177638
"1351","Dauphin","A",1,0.94050322600565
"1352","Davangere","C",1,0.904692568281453
"1353","Davao","D",1,0.860076952807854
"1354","Davenport","A",1,0.941600674251483
"1355","David","D",1,0.857407626851643
"1356","Dawei","D",1,0.848512412664716
"1357","Dawmat al Jandal","C",1,0.900133598020448
"1358","Dawson Creek","A",1,0.940162006619483
"1359","Dayr az Azwr","C",1,0.905606256168743
"1360","Dayton","B",1,0.877311043393078
"1361","Daytona Beach","D",1,0.82011772788433
"1362","De Aar","C",1,0.863452596308428
"1363","Debre Birhan","C",1,0.762069623775277
"1364","Debre Markos","D",1,0.827085682731473
"1365","Debrecen","A",1,0.525070638463722
"1366","Decatur","A",1,0.6887127515689
"1367","Deer Lake","B",1,0.658016647950909
"1368","Dehibat","C",1,0.903415420936353
"1369","Dehra Dun","D",1,0.741296610002853
"1370","Del Rio","C",1,0.909066636344404
"1371","Delano","C",1,0.903287469259671
"1372","Delhi","C",1,0.904654675955222
"1373","Delicias","C",1,0.900216608867717
"1374","Demba","D",1,0.907587376966623
"1375","Dembi Dolo","D",1,0.905405379861442
"1376","Deming","C",1,0.906434471583533
"1377","Dengzhou","A",1,0.530487993981712
"1378","Deniliquin","B",1,0.790074786623762
"1379","Denizli","C",1,0.839267458574633
"1380","Denow","C",1,0.89083208609213
"1381","Denpasar","D",1,0.843013235199944
"1382","Denton","B",1,0.799936311725795
"1383","Denver","A",1,0.940731016348676
"1384","Dera Ghazi Khan","C",1,0.905353284962424
"1385","Dera Ismail Khan","C",1,0.914581617955183
"1386","Derbent","B",1,0.888342401441176
"1387","Derzhavinsk","A",1,0.942983316621974
"1388","Des Moines","A",1,0.942479500660638
"1389","Desaguadero","B",1,0.557526290569989
"1390","Dese","C",1,0.767648808452387
"1391","Detroit","A",1,0.916522638391142
"1392","Devils Lake","A",1,0.94305050155489
"1393","Devonport","B",1,0.891899110810327
"1394","Deyang","C",1,0.587250548416643
"1395","Dezful","C",1,0.900060218286081
"1396","Dezhou","A",1,0.859793311063125
"1397","Dhaka","D",1,0.903237799714215
"1398","Dhamar","C",1,0.905327063063729
"1399","Dhanbad","C",1,0.839582169158088
"1400","Dhule","C",1,0.904707520035144
"1401","Diamantina","D",1,0.814841462898359
"1402","Dibaya","D",1,0.903517912053885
"1403","Dibrugarh","D",1,0.839802562079457
"1404","Dickinson","A",1,0.941093790842608
"1405","Dieppe","B",1,0.895788487015374
"1406","Diffa","C",1,0.903826132705228
"1407","Digby","B",1,0.888663540407926
"1408","Dijon","B",1,0.891459359277105
"1409","Dila","B",1,0.549852583564881
"1410","Dili","D",1,0.84882669424283
"1411","Dillingham","A",1,0.942354739941937
"1412","Dillon","A",1,0.942889094903424
"1413","Dilolo","C",1,0.85249692376925
"1414","Dimbokro","D",1,0.863839329039476
"1415","Dimitrovgrad","A",1,0.942916500890069
"1416","Dindigul","C",1,0.849073685842657
"1417","Dingzhou","A",1,0.859253380837546
"1418","Diourbel","C",1,0.905037640482282
"1419","Dire Dawa","C",1,0.895580348671359
"1420","Dirj","C",1,0.90178156090369
"1421","DÌùsseldorf","B",1,0.892546451258868
"1422","Divinopolis","D",1,0.900660970031563
"1423","Diyarbakir","C",1,0.841747022323694
"1424","Djambala","D",1,0.898415820701506
"1425","Djanet","C",1,0.907750282642338
"1426","Djelfa","C",1,0.816853090514828
"1427","Djenne","C",1,0.902928893089973
"1428","Djibouti","C",1,0.906889922399526
"1429","Djougou","D",1,0.6663609886234
"1430","Dnipropetrovsk","A",1,0.940859438219914
"1431","Doba","C",1,0.531480732233627
"1432","Dobrich","B",1,0.798419528517161
"1433","Dodge City","A",1,0.885568002586119
"1434","Dodoma","C",1,0.909425351331538
"1435","Doha","C",1,0.901371197489418
"1436","Dolbeau","A",1,0.941147518984694
"1437","Dolinsk","A",1,0.926127342346658
"1438","Dolo Bay","C",1,0.908035226193768
"1439","Dolores","B",1,0.892400824008718
"1440","Dombarovskiy","A",1,0.941540390364098
"1441","Dondo1","D",1,0.907159738718436
"1442","Dondo2","C",1,0.77785121707851
"1443","Donegal","B",1,0.894748553393743
"1444","Donetsk","A",1,0.91684336660983
"1445","Dong Hoi","D",1,0.873058254003265
"1446","Dongola","C",1,0.909552323486294
"1447","Dortmund","B",1,0.903001472798033
"1448","Dosso","C",1,0.907860380557662
"1449","Dothan","B",1,0.82600080903741
"1450","Douala","D",1,0.855677888722122
"1451","Douglas1","B",1,0.833485806443466
"1452","Douglas2","A",1,0.940931037449177
"1453","Douglas3","B",1,0.904940191379127
"1454","Douglas4","C",1,0.904563409009007
"1455","Dourados","D",1,0.907881775156479
"1456","Dover1","B",1,0.890580509536899
"1457","Dover2","B",1,0.889498885874821
"1458","Drammen","B",1,0.889242712814788
"1459","Dresden","B",1,0.899870736827865
"1460","Drobeta-Turnu Severin","B",1,0.849518996967354
"1461","Drogheda","B",1,0.895321177454138
"1462","Drohobych","A",1,0.916017184663468
"1463","Drummondville","A",1,0.922659707452391
"1464","Dryden","A",1,0.940926379155008
"1465","Dubayy","C",1,0.905381005591133
"1466","Dubbo","B",1,0.820807594669096
"1467","Dublin1","B",1,0.86820410109003
"1468","Dublin2","B",1,0.895734050298009
"1469","Dubrovnik","B",1,0.871949438075791
"1470","Dubuque","A",1,0.9416497379329
"1471","Dudinka","A",1,0.941487540004631
"1472","Duisburg","B",1,0.896020420876098
"1473","Duitama","B",1,0.663330548082497
"1474","Duluth","A",1,0.943293218453412
"1475","Duma","C",1,0.893918436072287
"1476","Dumas","A",1,0.441075014262486
"1477","Dumfries","B",1,0.898538794764598
"1478","Dumyat","C",1,0.906315054895496
"1479","Dund-Us","A",1,0.942061766105004
"1480","Dundalk","B",1,0.892699219252998
"1481","Dundee","B",1,0.895914112314385
"1482","Dundo","D",1,0.901357076550739
"1483","Dunedin","B",1,0.89279619275337
"1484","Dunhua","A",1,0.941422363780483
"1485","Dunhuang","A",1,0.846895302652675
"1486","Duque de Caxias","D",1,0.916360230550321
"1487","Durango1","C",1,0.90388742109864
"1488","Durango2","A",1,0.82293239054507
"1489","Durazno","B",1,0.863069472748647
"1490","Durban","B",1,0.306217907360537
"1491","Durham","B",1,0.893962559142395
"1492","Durres","B",1,0.859659591104992
"1493","Dushanbe","C",1,0.825788841868851
"1494","Dyatkovo","A",1,0.942341168257604
"1495","Dzaoudzi","D",1,0.903698891434143
"1496","Dzerzhinsk","A",1,0.941213333461218
"1497","Dzhankoy","B",1,0.796891774646947
"1498","Dzuunharaa","A",1,0.942139535763685
"1499","Eagle","A",1,0.941032526918443
"1500","Eagle Pass","C",1,0.903699590456975
"1501","East London","B",1,0.842250563147118
"1502","Eastmain","A",1,0.941465532223678
"1503","Eau Claire","A",1,0.942756629618122
"1504","Ebolowa","D",1,0.899962810586642
"1505","Echuca","B",1,0.841046871269175
"1506","Ed Damazin","C",1,0.897431520582061
"1507","Ed Dueim","C",1,0.904533797214203
"1508","EdDamer","C",1,0.909551928395102
"1509","Edea","D",1,0.835948194217812
"1510","Edinburg","C",1,0.909197236065614
"1511","Edinburgh","B",1,0.899460399525513
"1512","Edirne","B",1,0.861669280903595
"1513","Edmonton","A",1,0.94246259153804
"1514","Edmundston","A",1,0.943543065157433
"1515","Egilsstadir","B",1,0.885888397958598
"1516","Eindhoven","B",1,0.894869085119303
"1517","Eirunepe","D",1,0.897740152400767
"1518","Ekibastuz","A",1,0.942438402530415
"1519","El Alamein","C",1,0.9053277560015
"1520","El Arish","C",1,0.904538471609769
"1521","El Banco","D",1,0.89992874099833
"1522","El Bayadh","C",1,0.838545226251407
"1523","El Calafate","B",1,0.80382820095366
"1524","El Carmen de Bolivar","D",1,0.8841578120297
"1525","El Centro","C",1,0.902743050093325
"1526","El Daba","C",1,0.906761975941674
"1527","El Dorado1","B",1,0.85972380515256
"1528","El Dorado2","D",1,0.906143587630399
"1529","El Faiyum","C",1,0.904582511960987
"1530","El Fasher","C",1,0.905429997003425
"1531","El Fuerte","C",1,0.907071453546645
"1532","El Giza","C",1,0.904329546111187
"1533","El Golea","C",1,0.906618825117648
"1534","El Jadida","C",1,0.788208642330548
"1535","El Kef","C",1,0.754209569246846
"1536","El Maiten","B",1,0.890916445103666
"1537","El Manaqil","C",1,0.90544851864298
"1538","El Mansura","C",1,0.911104283650656
"1539","El Manteco","D",1,0.90555372623569
"1540","El Minya","C",1,0.905990519038263
"1541","El Obeid","C",1,0.904397704729996
"1542","El Oued","C",1,0.904768436566759
"1543","El Paso","C",1,0.907235743197869
"1544","El Suweis","C",1,0.903258710035573
"1545","El Tigre","C",1,0.638761221116541
"1546","El Tur","C",1,0.904702125867217
"1547","Elazig","C",1,0.767461481308768
"1548","Elbasan","B",1,0.880358476139453
"1549","Elblag","B",1,0.863136786807231
"1550","Eldama Ravine","D",1,0.518949963220089
"1551","Eldorado","C",1,0.789264526127267
"1552","Eldoret","B",1,0.513360975858706
"1553","Elgin","A",1,0.941770107427396
"1554","Elista","A",1,0.942732700247163
"1555","Elk","A",1,0.943146135486917
"1556","Elkhart","A",1,0.836394312098164
"1557","Elko","A",1,0.611714431788629
"1558","Elmira","A",1,0.900733695749078
"1559","Ely1","A",1,0.884454722475208
"1560","Ely2","A",1,0.941842148722353
"1561","Embi","A",1,0.941820409164212
"1562","Embu","D",1,0.849752268645533
"1563","Emden","B",1,0.898056961740614
"1564","Emerald","C",1,0.909706451526542
"1565","Emmonak","A",1,0.941286997954609
"1566","Emporia","A",1,0.918534209898472
"1567","En Nuhud","C",1,0.906137125374238
"1568","Encarnacion","B",1,0.411600167845429
"1569","Ende","D",1,0.909478368403707
"1570","Engels","A",1,0.943312319562264
"1571","Enid","A",1,0.699523468792647
"1572","Ensenada","C",1,0.903786564617831
"1573","Entebbe","D",1,0.838784796534041
"1574","Enterprise","B",1,0.878173190649062
"1575","Enugu","D",1,0.905475470931289
"1576","Er Rachidia","C",1,0.903503251252601
"1577","Erechim","B",1,0.691966806370844
"1578","Eregli","C",1,0.749914942363941
"1579","Erenhot","A",1,0.943720707262779
"1580","Erfurt","B",1,0.711317919319988
"1581","Ergun Zuoqi","A",1,0.943500953281863
"1582","Erie","B",1,0.857395373216855
"1583","Ertis","A",1,0.942525186159344
"1584","Erymentau","A",1,0.942153992192647
"1585","Erzincan","A",1,0.644956262794449
"1586","Erzurum","A",1,0.845010133860812
"1587","Esbjerg","B",1,0.893790081203929
"1588","Escanaba","A",1,0.943344505804822
"1589","Escuinapa","D",1,0.901646648287984
"1590","Escuintla","D",1,0.896631636270438
"1591","Eseka","D",1,0.899604144635607
"1592","Esik","A",1,0.942913203229185
"1593","Esil","A",1,0.941254196086468
"1594","Eskisehir","B",1,0.599874642810222
"1595","Esmeraldas","D",1,0.878581149420819
"1596","Esperance","B",1,0.872210234594177
"1597","Esperanza","C",1,0.905142408746462
"1598","Espungabera","D",1,0.639913542616786
"1599","Esquel","B",1,0.897384080852755
"1600","Essen","B",1,0.892126713976242
"1601","Estancia","D",1,0.897433542677589
"1602","Esteli","C",1,0.582775337667123
"1603","Etawah","C",1,0.908007769200676
"1604","Eugene","B",1,0.864168075432615
"1605","Eumseong","A",1,0.892720681215108
"1606","Eureka","B",1,0.834987797697464
"1607","Evanston","A",1,0.914433276149774
"1608","Evansville","B",1,0.894123387652409
"1609","Everett","B",1,0.895063551112383
"1610","Ewo","D",1,0.905229104116889
"1611","Exeter","B",1,0.89557802421256
"1612","Exmouth","C",1,0.907416281786769
"1613","Eyl","C",1,0.900675275260333
"1614","Eyumojok","D",1,0.846674636673824
"1615","Fada","C",1,0.905141228290732
"1616","Fairbanks","A",1,0.941798555083907
"1617","Faisalabad","C",1,0.903641257607523
"1618","Faizabad","C",1,0.866713620530542
"1619","Falfurrias","C",1,0.90797083990464
"1620","Farafangana","D",1,0.849351657000912
"1621","Farah","C",1,0.909979287854022
"1622","Faranah","D",1,0.886987361535349
"1623","Fargo","A",1,0.941328504867992
"1624","Fargona","C",1,0.660647062365915
"1625","Faribault","A",1,0.941795171865033
"1626","Farmington","C",1,0.713777109793434
"1627","Faro","C",1,0.653738493741475
"1628","Fasa","C",1,0.903413096590811
"1629","Fatehpur","C",1,0.903061673792974
"1630","Fayetteville1","B",1,0.871828928288303
"1631","Fayetteville2","B",1,0.902467862697859
"1632","Feira de Santana","D",1,0.903783834380282
"1633","Felipe Carrillo Puerto","D",1,0.911076111629223
"1634","Fengcheng","B",1,0.685336653256879
"1635","Fengjie","B",1,0.645109167552086
"1636","Fengshan","D",1,0.907327967453568
"1637","Fengzhen","A",1,0.942809950897994
"1638","Ferkessedougou","D",1,0.64941097741029
"1639","Fernandopolis","D",1,0.893067821250861
"1640","Ferrara","B",1,0.896801504394405
"1641","Ferrenafe","C",1,0.893843561363287
"1642","Feyzabad","A",1,0.227538452995865
"1643","Fez","C",1,0.90622568342139
"1644","Fianarantsoa","D",1,0.852788389518062
"1645","Filadelfia","C",1,0.829604392325565
"1646","Finnsnes","B",1,0.895795967407885
"1647","Firozabad","C",1,0.905482046057388
"1648","Flagstaff","A",1,0.550046731370744
"1649","Flensburg","B",1,0.888197749167466
"1650","Flin Flon","A",1,0.941515851655559
"1651","Flint","A",1,0.941269581825831
"1652","Florence1","B",1,0.885933787764924
"1653","Florence2","B",1,0.89137883656516
"1654","Florence3","B",1,0.890500384823725
"1655","Florencia","D",1,0.872626795283669
"1656","Flores","D",1,0.905738766097767
"1657","Floriano","D",1,0.767459300035045
"1658","Florianopolis","D",1,0.877126460383111
"1659","Focsani","A",1,0.93463490053503
"1660","Foggia","B",1,0.860857890333769
"1661","Fond du Lac","A",1,0.943150339089363
"1662","Fonte Boa","D",1,0.840270869836676
"1663","Forbes","B",1,0.83514150478744
"1664","Formiga","D",1,0.83682542323185
"1665","Formosa1","D",1,0.843520129509169
"1666","Formosa2","D",1,0.899736519864079
"1667","Fort Chipewyan","A",1,0.941581061854436
"1668","Fort Collins","A",1,0.924658017752538
"1669","Fort Good Hope","A",1,0.941328411011424
"1670","Fort Lauderdale","D",1,0.906372711733943
"1671","Fort McMurray","A",1,0.941172073043747
"1672","Fort Pierce","D",1,0.909298183998171
"1673","Fort Resolution","A",1,0.941384922978091
"1674","Fort Severn","A",1,0.941376873130776
"1675","Fort Shevchenko","A",1,0.875539858383737
"1676","Fort Simpson","A",1,0.943019909022684
"1677","Fort Smith1","B",1,0.894033979182989
"1678","Fort Smith2","A",1,0.94195218528694
"1679","Fort St. John","A",1,0.944035629133698
"1680","Fort Stockton","C",1,0.895137673990613
"1681","Fort Wayne","A",1,0.729296840378566
"1682","Fort Yukon","A",1,0.943408463638736
"1683","Fort-de-France","D",1,0.835132380190621
"1684","Fortaleza","D",1,0.892930037206371
"1685","Foshan","D",1,0.906081495967173
"1686","Foumban","D",1,0.904704898287
"1687","Foz do Iguacu","D",1,0.801339485370943
"1688","Franca","D",1,0.90815618213356
"1689","Franceville","D",1,0.908558522672832
"1690","Francistown","C",1,0.913183708373755
"1691","Frankfort","B",1,0.892675455353351
"1692","Frankfurt","B",1,0.893599520355324
"1693","Fredericksburg","B",1,0.893637454578685
"1694","Fredericton","B",1,0.859908523212354
"1695","Frederikshavn","B",1,0.889921404539788
"1696","Freeport1","B",1,0.691021155616832
"1697","Freeport2","D",1,0.909327582370919
"1698","Freetown","D",1,0.836106361132137
"1699","Freiburg","B",1,0.89132278462303
"1700","Fresnillo","C",1,0.902558711033018
"1701","Fresno","C",1,0.899459274903271
"1702","Fria","D",1,0.84884245815177
"1703","Frias","C",1,0.903145548094124
"1704","Frolovo","A",1,0.943475009716712
"1705","Frontera","D",1,0.907173838480372
"1706","Frutal","D",1,0.888864950296076
"1707","Ft. Dodge","A",1,0.942782706857942
"1708","Ft. Myers","D",1,0.906415678645154
"1709","Ft. Worth","B",1,0.749777819981652
"1710","Fuan","B",1,0.673772682241227
"1711","Fujin","A",1,0.940599166172818
"1712","Fukui","B",1,0.771827716928893
"1713","Fukuoka","B",1,0.412101027078477
"1714","Fukushima","B",1,0.89027065277006
"1715","Fulin","C",1,0.552769042696207
"1716","Funchal","D",1,0.729784961758968
"1717","Funtua","C",1,0.876583426984019
"1718","Furth","B",1,0.889743850474521
"1719","Fushun","A",1,0.941706302282686
"1720","Fuxin","A",1,0.943654363715746
"1721","Fuyang","A",1,0.572615407592692
"1722","Fuyu","A",1,0.941824260968229
"1723","Fuzhou","B",1,0.578885158851208
"1724","Gaalkacyo","C",1,0.907655510147846
"1725","Gabes","C",1,0.901687333997343
"1726","Gaborone","C",1,0.901651978471545
"1727","Gadsden","B",1,0.893233189194539
"1728","Gafsa","C",1,0.90642241601928
"1729","Gagnoa","D",1,0.904845019964245
"1730","Gainesville","D",1,0.68558031617672
"1731","Galati","A",1,0.934793427188649
"1732","Galesburg","A",1,0.943691330084776
"1733","Galle","D",1,0.842552891464255
"1734","Gallup","A",1,0.301247485088195
"1735","Galveston","B",1,0.76038940906499
"1736","Galway","B",1,0.889496674381943
"1737","Gamba","D",1,0.913030797578884
"1738","Ganca","A",1,0.858417000859865
"1739","Gandajika","D",1,0.904601438162976
"1740","Gander","B",1,0.88495484117523
"1741","Gandhinagar","C",1,0.905237860296079
"1742","Gangneung","B",1,0.880267915267315
"1743","Gangtok","D",1,0.905654614776999
"1744","Gannan","A",1,0.941806360214697
"1745","Ganzhou","B",1,0.777744133049374
"1746","Gao","C",1,0.908301129523899
"1747","Garanhuns","D",1,0.886567699338337
"1748","Garca","D",1,0.899518630019091
"1749","Garden City","A",1,0.825100516540657
"1750","Gardiz","A",1,0.760471577802169
"1751","Garissa","C",1,0.896851127781822
"1752","Garoowe","C",1,0.905882888595483
"1753","Garoua","C",1,0.896288077112255
"1754","Gary","A",1,0.834415203073708
"1755","Garzon","D",1,0.900345537313295
"1756","Gashua","C",1,0.905914890755218
"1757","Gaspe","B",1,0.539281452290887
"1758","Gatchina","A",1,0.942489648235585
"1759","Gavle","A",1,0.904958963081612
"1760","Gawler","B",1,0.867424785792226
"1761","Gay","A",1,0.941512553363953
"1762","Gaya1","C",1,0.907302044248705
"1763","Gaya2","C",1,0.894630544791993
"1764","Gaza","C",1,0.905765572285927
"1765","Gaziantep","C",1,0.82923981286833
"1766","Gbadolite","D",1,0.906847050353086
"1767","Gbarnga","D",1,0.871512991778238
"1768","Gdansk","B",1,0.722491297956129
"1769","Gdynia","B",1,0.752865430744473
"1770","Gedaref","C",1,0.90431868122078
"1771","Geelong","B",1,0.894158172153177
"1772","Geita","C",1,0.736803866738703
"1773","Gejiu","B",1,0.67684469098738
"1774","Gelendzhik","B",1,0.896891401723309
"1775","Gemena","D",1,0.899884021995739
"1776","Geneina","C",1,0.907504125219583
"1777","General Conesa","B",1,0.736589595644513
"1778","General Guemes","C",1,0.833311268303787
"1779","General Pico","B",1,0.892591050756547
"1780","General Roca","C",1,0.672722226416941
"1781","General Santos","D",1,0.902214317461764
"1782","Geneva","B",1,0.897680489782228
"1783","Genoa","B",1,0.890485847965565
"1784","Gent","B",1,0.90466548176554
"1785","George","B",1,0.872694917563871
"1786","George Town2","D",1,0.857727042454678
"1787","Georgetown1","D",1,0.842235993653547
"1788","Georgetown2","C",1,0.858972438204415
"1789","Georgievsk","A",1,0.941816371362943
"1790","Gera","B",1,0.855439052353982
"1791","Geraldton1","C",1,0.90205429773992
"1792","Geraldton2","A",1,0.942294229695021
"1793","Ghadamis","C",1,0.902919773305675
"1794","Ghanzi","C",1,0.906679123800807
"1795","Ghardaia","C",1,0.905822472868117
"1796","Gharyan","C",1,0.890368062168899
"1797","Ghat","C",1,0.90999225087824
"1798","Ghaziabad","C",1,0.907638484951493
"1799","Ghazni","A",1,0.604368103121998
"1800","Gibraltar","C",1,0.882830391681017
"1801","Giessen","B",1,0.902287901964038
"1802","Gifu","B",1,0.780792144681875
"1803","Gijon","B",1,0.885203661013049
"1804","Gila Bend","C",1,0.909904418868047
"1805","Gilgit","A",1,0.941880977752485
"1806","Gillette","A",1,0.942086892730921
"1807","Gimbi","D",1,0.909583493738564
"1808","Gimli","A",1,0.941677286300505
"1809","Gingin","C",1,0.902692062376695
"1810","Gingoog","D",1,0.857500410395513
"1811","Girardot","D",1,0.91748961249361
"1812","Gisborne","B",1,0.861420209852806
"1813","Gitarama","D",1,0.778016848675218
"1814","Gitega","D",1,0.505440013432314
"1815","Giyon","D",1,0.413040817434539
"1816","Gjovik","A",1,0.941121771327284
"1817","Gladstone","D",1,0.874379336381812
"1818","Glasgow1","A",1,0.943854188001637
"1819","Glasgow2","B",1,0.898791404315178
"1820","Glazov","A",1,0.942455191188898
"1821","Glendale","C",1,0.907983096573647
"1822","Glendive","A",1,0.943000688043974
"1823","Glenwood Springs","A",1,0.819782920785048
"1824","Gliwice","B",1,0.891425932072403
"1825","Goba","B",1,0.631378821993288
"1826","Gogrial","C",1,0.806147584959478
"1827","Goiana","D",1,0.896906978130819
"1828","Goianesia","D",1,0.873849727999203
"1829","Goiania","D",1,0.892185072137519
"1830","Gold Coast","D",1,0.90181721082639
"1831","Goldsboro","B",1,0.865777650018741
"1832","Golela","C",1,0.906769568411096
"1833","Golmud","A",1,0.930964916993308
"1834","Golyshmanovo","A",1,0.942272496059326
"1835","Goma","D",1,0.750159922239104
"1836","Gombe","C",1,0.907707377917603
"1837","Gomez Palacio","C",1,0.909131574162609
"1838","Gonaives","D",1,0.904956727359825
"1839","Gonbad-e Kavus","C",1,0.89989361213271
"1840","Gonder","C",1,0.795679463359592
"1841","Goodland","A",1,0.907139404225166
"1842","Goondiwindi","C",1,0.863020167064949
"1843","Gorakhpur","C",1,0.808540058190276
"1844","Gorgan","C",1,0.890700039846731
"1845","Gorno Altaysk","A",1,0.940769827211844
"1846","Gornyak","A",1,0.94126931192232
"1847","Goroka","D",1,0.854816187532562
"1848","Gorontalo","D",1,0.879760981461228
"1849","Gorzow Wielkopolski","B",1,0.880341553130197
"1850","Goteborg","B",1,0.894199275205642
"1851","Gottingen","B",1,0.888737460055849
"1852","Goulburn","B",1,0.896992862293372
"1853","Goulimine","C",1,0.909953808008656
"1854","Goundam","C",1,0.907466645036084
"1855","Goure","C",1,0.903771882306114
"1856","Governador Valadares","D",1,0.712734294041609
"1857","Goya","B",1,0.797581971883292
"1858","Goycay","A",1,0.456170271179792
"1859","Graaff Reinet","C",1,0.879040239750422
"1860","Grafton","B",1,0.824640972884214
"1861","Grahamstown","B",1,0.86722493741259
"1862","Granada1","D",1,0.842007886199687
"1863","Granada2","C",1,0.821975549822277
"1864","Grand Bassam","D",1,0.853534835236309
"1865","Grand Canyon","A",1,0.634107814252509
"1866","Grand Forks","A",1,0.941666970968455
"1867","Grand Island","A",1,0.941211403878415
"1868","Grand Junction","A",1,0.905353858811521
"1869","Grand Prairie1","B",1,0.756608536220834
"1870","Grand Prairie2","A",1,0.94221880901795
"1871","Grand Rapids","A",1,0.861172123515654
"1872","Granja","D",1,0.82204505111752
"1873","Grants Pass","B",1,0.508342024496558
"1874","Graz","A",1,0.573681526841245
"1875","Great Falls","A",1,0.942985369312309
"1876","Greeley","A",1,0.892464727692871
"1877","Green Bay","A",1,0.942164039177278
"1878","Green River","A",1,0.94270493230653
"1879","Greeneville","B",1,0.865552032616253
"1880","Greenock","B",1,0.894178791659892
"1881","Greensboro","B",1,0.892807488054284
"1882","Greenville1","B",1,0.878960258180329
"1883","Greenville2","B",1,0.891782420570203
"1884","Greenville3","D",1,0.853990135308032
"1885","Grenoble","B",1,0.897837837637847
"1886","Griffith","B",1,0.76888327047896
"1887","Groningen","B",1,0.891987984513908
"1888","Grootfontein","C",1,0.902014926148109
"1889","Groznyy","A",1,0.901886793328448
"1890","Grudziadz","A",1,0.842694725968873
"1891","Gryazi","A",1,0.942908153919141
"1892","Guadalajara1","C",1,0.900381121910089
"1893","Guadalajara2","C",1,0.613843274711218
"1894","Guaira","D",1,0.885087579039016
"1895","Guajara-Miram","D",1,0.90314586414866
"1896","Gualeguay","B",1,0.849904898163609
"1897","Gualeguaychu","B",1,0.866024496819062
"1898","Guamuchil","C",1,0.840790551193975
"1899","Guanajuato","C",1,0.906912446786524
"1900","Guanambi","C",1,0.843484985545474
"1901","Guanare","D",1,0.906649108867805
"1902","Guangshui","B",1,0.718086325343984
"1903","Guangyuan","C",1,0.616268764682881
"1904","Guangzhou","D",1,0.908397790764645
"1905","Guanhaes","D",1,0.892221765129139
"1906","Guantanamo","D",1,0.895182694604043
"1907","Guaranda","B",1,0.69741649941909
"1908","Guarapuava","B",1,0.737996967335474
"1909","Guaratingueta","D",1,0.908334861876052
"1910","Guasave","C",1,0.902744132758282
"1911","Guasdualito","D",1,0.907748338080048
"1912","Guatemala","D",1,0.580649067789361
"1913","Guaxupe","D",1,0.910145848460842
"1914","Guayaquil","D",1,0.903736358291329
"1915","Guaynas","C",1,0.904907674466946
"1916","Gubakha","A",1,0.941800322522325
"1917","Gubkin","A",1,0.942495927523008
"1918","Guide","A",1,0.94133275616352
"1919","Guider","C",1,0.908906297583977
"1920","Guiglo","D",1,0.904931535844154
"1921","Guilin","D",1,0.829537010443598
"1922","Guines","D",1,0.910224522679334
"1923","Guiyang","B",1,0.889531793983458
"1924","Gujranwala","C",1,0.908339216395707
"1925","Gujrat","C",1,0.905435991470636
"1926","Gulbarga","C",1,0.909527219523855
"1927","Gulfport","B",1,0.59040224933283
"1928","Guliston","C",1,0.873234004935636
"1929","Gulu","D",1,0.909019733576831
"1930","Gunnedah","B",1,0.786533784550672
"1931","Gunnison","A",1,0.942800504285099
"1932","Gunsan","B",1,0.861383269060885
"1933","Guntur","C",1,0.824299903058246
"1934","Gurgaon","C",1,0.904884276642182
"1935","Gurupi","D",1,0.880387370764686
"1936","Guryevsk","A",1,0.942167476454673
"1937","Gusau","C",1,0.887232475193214
"1938","Gusinoozyorsk","A",1,0.942041635701579
"1939","Guwahati","D",1,0.900157461011773
"1940","Guymon","A",1,0.461744358710844
"1941","Gwadar","C",1,0.907872300772528
"1942","Gwalior","C",1,0.907147297218441
"1943","Gwanda","C",1,0.912689219833007
"1944","Gwangju","B",1,0.856439658003372
"1945","Gweru","C",1,0.905128377391363
"1946","Gyeongju","B",1,0.846244283165123
"1947","Gympie","D",1,0.847183588127147
"1948","Gyor","B",1,0.795866312823016
"1949","Gyumri","A",1,0.940943599009207
"1950","Gyzlarbat","C",1,0.852992339778538
"1951","Ha Giang","D",1,0.901289852835164
"1952","Ha Tinh","D",1,0.842279924397544
"1953","Haarlem","B",1,0.893468404771398
"1954","Hachinohe","B",1,0.889859730999075
"1955","Hachioji","B",1,0.876160278718863
"1956","Hadiboh","C",1,0.817420125824545
"1957","Haeju","A",1,0.885317819990382
"1958","Hafar al Batin","C",1,0.910259956753961
"1959","Hagere Hiywet","C",1,0.532692354895411
"1960","Hagerstown","B",1,0.883800995751865
"1961","Haifa","C",1,0.883247368811402
"1962","Haikou","D",1,0.90091679271467
"1963","Hail","C",1,0.909203657860573
"1964","Hailar","A",1,0.944766597213328
"1965","Hailun","A",1,0.940962241906841
"1966","Haiphong","D",1,0.904871927072666
"1967","Hajjah","C",1,0.906846495968653
"1968","Hakkari","A",1,0.585704419170367
"1969","Hakodate","B",1,0.886725561077236
"1970","Halacho","D",1,0.845801378061274
"1971","Haldia","D",1,0.826561777306178
"1972","Halifax","B",1,0.888495613660103
"1973","Halmstad","B",1,0.88719016566767
"1974","Hamadan","C",1,0.727199884410441
"1975","Hamah","C",1,0.90294426343108
"1976","Hamamatsu","B",1,0.773269123254172
"1977","Hamburg","B",1,0.887024502843581
"1978","Hamhung","A",1,0.942672096764771
"1979","Hami","A",1,0.838804670503538
"1980","Hamilton2","A",1,0.741588070852811
"1981","Hamilton3","B",1,0.881754681394717
"1982","Hamilton4","B",1,0.892171339010007
"1983","Hammerfest","B",1,0.887896907923821
"1984","Hampton","B",1,0.897920368846733
"1985","Hancheng","A",1,0.878822050704517
"1986","Hancock","A",1,0.751762119196328
"1987","Handan","A",1,0.847772552121932
"1988","Hanggin Houqi","A",1,0.86843467552862
"1989","Hangu","A",1,0.941459509652813
"1990","Hangzhou","B",1,0.865336960259294
"1991","Hania","B",1,0.702669196669165
"1992","Hannover","B",1,0.890371656722392
"1993","Hanoi","D",1,0.906208530320891
"1994","Hanzhong","A",1,0.444437030819443
"1995","Haora","D",1,0.636419087458093
"1996","Happy Valley","A",1,0.941721197540174
"1997","Hapur","C",1,0.90488600703702
"1998","Harar","C",1,0.847765915067102
"1999","Harare","C",1,0.90784067595383
"2000","Harbin","A",1,0.942582684604196
"2001","Hardin","A",1,0.942304196304539
"2002","Hargeysa","C",1,0.905685965689306
"2003","Harlingen","C",1,0.867995215003282
"2004","Harper","D",1,0.849605310098226
"2005","Harrisburg","B",1,0.887898486890298
"2006","Harrisonburg","B",1,0.887779525015024
"2007","Harstad","B",1,0.889209117492118
"2008","Hartford","B",1,0.892168819206481
"2009","Hassi Messaoud","C",1,0.909399780280823
"2010","Hastings","B",1,0.899811430136471
"2011","Hat Yai","D",1,0.846947855219258
"2012","Hatay","C",1,0.882991014657778
"2013","Hathras","C",1,0.907300151462389
"2014","Hattiesburg","B",1,0.865945312069681
"2015","Haugesund","B",1,0.894663264287799
"2016","Havana","D",1,0.896806847396918
"2017","Havre","A",1,0.942190585591893
"2018","Hays","A",1,0.905198722023608
"2019","Hearst","A",1,0.943770185209605
"2020","Hebi","A",1,0.836119901176721
"2021","Hechi","D",1,0.883430837690853
"2022","Hefei","B",1,0.853639712899027
"2023","Hegang","A",1,0.943087294275748
"2024","Heidelberg","B",1,0.892906059468811
"2025","Heihe","A",1,0.941018923301885
"2026","Helena","A",1,0.942589156542625
"2027","Helong","A",1,0.94286526597058
"2028","Helsingborg","B",1,0.888356763282697
"2029","Helsinki","A",1,0.906422479061786
"2030","Hengshui","A",1,0.873866978687167
"2031","Hengyang","B",1,0.836878723695037
"2032","Herat","C",1,0.90161306567222
"2033","Hereford","C",1,0.778081962467073
"2034","Hermanus","B",1,0.878735511546894
"2035","Hermosillo","C",1,0.905322614397116
"2036","Hervey Bay","D",1,0.915468378341086
"2037","Hetauda","D",1,0.864342605659574
"2038","Heyuan","D",1,0.906037654139417
"2039","Heze","A",1,0.895783273104003
"2040","Hickory","B",1,0.893884865401298
"2041","Hidalgo del Parral","C",1,0.903436713374214
"2042","Hilo","D",1,0.847623176402441
"2043","Hims","C",1,0.890570597927997
"2044","Hindupur","C",1,0.901947953955166
"2045","Hinthada","D",1,0.897094342214579
"2046","Hinton","A",1,0.943118597190005
"2047","Hios","B",1,0.57258653550167
"2048","Hirosaki","B",1,0.886435488637192
"2049","Hiroshima","B",1,0.78274301833118
"2050","Hisar","C",1,0.905287667591386
"2051","Ho","D",1,0.908274409228833
"2052","Ho Chi Minh City","D",1,0.889478971432566
"2053","Hoa Binh","D",1,0.91000890051004
"2054","Hobart","B",1,0.89370409714512
"2055","Hobbs","C",1,0.862330893796302
"2056","Hof","B",1,0.890318511912025
"2057","Hohhot","A",1,0.942085014490323
"2058","Hokitika","B",1,0.550864776467461
"2059","Holguin","D",1,0.89769060950902
"2060","Homer","B",1,0.876066436361345
"2061","Homestead","D",1,0.9051204643698
"2062","Homyel","A",1,0.94440450464332
"2063","Hon Quan","D",1,0.898818548152514
"2064","Honda","D",1,0.840097408805523
"2065","Hong Gai","D",1,0.906831343968152
"2066","Hong Kong","D",1,0.910246827668271
"2067","Honiara","D",1,0.84165643837011
"2068","Honolulu","D",1,0.721070907971379
"2069","Hoonah","B",1,0.8474939804406
"2070","Hooper Bay","A",1,0.940704822632382
"2071","Hopedale","A",1,0.931344130706635
"2072","Hopkinsville","B",1,0.905584802242183
"2073","Horlivka","A",1,0.942790444550129
"2074","Horqueta","D",1,0.904925198883178
"2075","Horsham","B",1,0.860373287786985
"2076","Hosaina","D",1,0.305652169334104
"2077","Hoshiarpur","C",1,0.908915982415884
"2078","Hoskins","D",1,0.843099154383005
"2079","Hospet","C",1,0.902744431437314
"2080","Hot Springs","B",1,0.867420982207419
"2081","Hotan","A",1,0.809323775063124
"2082","Houlton","A",1,0.602340986817376
"2083","Houma1","D",1,0.614834916164677
"2084","Houma2","A",1,0.915088207966717
"2085","Houston","B",1,0.823077397456749
"2086","Hrodna","A",1,0.941264258175848
"2087","Hsinchu","D",1,0.905035695534582
"2088","Hua Hin","D",1,0.856834780540127
"2089","Huacho","C",1,0.883028247660758
"2090","Huaibei","A",1,0.84689192983713
"2091","Huainan","A",1,0.879567983392202
"2092","Huaiyin","A",1,0.558580361103128
"2093","Huajuapan de Leon","C",1,0.907502912317598
"2094","Hualien","D",1,0.860815928841057
"2095","Huamachuco","B",1,0.638008561483618
"2096","Huambo","C",1,0.844934598836877
"2097","Huancavelica","B",1,0.610175093333945
"2098","Huancayo","B",1,0.662815329963734
"2099","Huangshi","B",1,0.820823999661781
"2100","Huangyan","B",1,0.676183723903028
"2101","Huanren","A",1,0.94158359186289
"2102","Huanta","B",1,0.603910883958995
"2103","Huanuco","B",1,0.510738481232071
"2104","Huaraz","B",1,0.599514285811856
"2105","Huarmey","C",1,0.875554253743694
"2106","Huasco","C",1,0.905811069027432
"2107","Huatabampo","C",1,0.902728052443014
"2108","Huaura","C",1,0.894142050457043
"2109","Hubli","C",1,0.855941566792962
"2110","Hudson Bay","A",1,0.941760611380592
"2111","Hue","D",1,0.841704531051643
"2112","Huehuetenango","D",1,0.384263942957723
"2113","Huelva","C",1,0.892211139100585
"2114","Hughenden","C",1,0.906585510470083
"2115","Huinan","A",1,0.942243694195675
"2116","Huize","B",1,0.517917901787562
"2117","Huizhou","D",1,0.903072644824487
"2118","Hulan Ergi","A",1,0.944462480427277
"2119","Hulin","A",1,0.943400423290034
"2120","Hun","C",1,0.90316309626827
"2121","Hunanghua","A",1,0.907693768707538
"2122","Hungnam","A",1,0.94454425570224
"2123","Huntington","B",1,0.89554945263247
"2124","Huntsville1","B",1,0.821942886774527
"2125","Huntsville2","B",1,0.89188637691819
"2126","Hurghada","C",1,0.903348200519498
"2127","Hutchinson","A",1,0.943394629368881
"2128","Huzhou","B",1,0.867549901118968
"2129","Hwange","C",1,0.907737068961089
"2130","Hyderabad1","C",1,0.909672601715965
"2131","Hyderabad2","C",1,0.905886552201447
"2132","Hyeson","A",1,0.941658356943845
"2133","I-n-Amenas","C",1,0.906438392120295
"2134","I-n-Salah","C",1,0.901635365075873
"2135","Iasi","A",1,0.943059335865992
"2136","Ibadan","D",1,0.866417394341536
"2137","Ibague","D",1,0.866760762659232
"2138","Ibarra","B",1,0.712415282468437
"2139","Ibb","C",1,0.905933295347417
"2140","Ica","C",1,0.907079335498554
"2141","Icel","C",1,0.892566810420324
"2142","Ico","C",1,0.850833136690176
"2143","Idah","D",1,0.883110396814602
"2144","Idaho Falls","A",1,0.807801706312695
"2145","Idlib","C",1,0.864780062111399
"2146","Ifakara","D",1,0.901385038122021
"2147","Ife","D",1,0.886428746047834
"2148","Igarka","A",1,0.942567542905183
"2149","Iguala","C",1,0.902650580430557
"2150","Iguape","D",1,0.850720764662481
"2151","Iguatu","C",1,0.84467083885426
"2152","Ihosy","C",1,0.812819377120407
"2153","Ijebu Ode","D",1,0.911622702121746
"2154","Ijui","B",1,0.610777961861658
"2155","Ikare","D",1,0.847365638502591
"2156","Ikela","D",1,0.837351574059015
"2157","Iksan","B",1,0.768930025777065
"2158","Ilam","C",1,0.850094375071499
"2159","Ilebo","D",1,0.901979528084249
"2160","Ilheus","D",1,0.850596935645526
"2161","Iligan","D",1,0.862946669248381
"2162","Illapel","C",1,0.907530615928779
"2163","Illichivsk","B",1,0.779855761157651
"2164","Illizi","C",1,0.910395332674079
"2165","Ilo","C",1,0.903138659834946
"2166","Iloilo","D",1,0.896764846979816
"2167","Ilorin","D",1,0.710638172140564
"2168","Imbituba","D",1,0.830595959676563
"2169","Imperatriz","D",1,0.887331557153769
"2170","Imphal","D",1,0.905121568795423
"2171","Incheon","A",1,0.812679313152854
"2172","Independence","A",1,0.849464835512412
"2173","Indianapolis","B",1,0.76988697626644
"2174","Indore","C",1,0.908721536637417
"2175","Indramayu","D",1,0.847925881269378
"2176","Ingeniero Guillermo N. Juarez","C",1,0.890869301289167
"2177","Ingham","D",1,0.908390867516744
"2178","Ingolstadt","B",1,0.890624324590513
"2179","Inhambane","D",1,0.849423553349247
"2180","Inhumas","D",1,0.878526750099132
"2181","Innisfail","D",1,0.854674077373415
"2182","Innsbruck","B",1,0.658619032260551
"2183","Inongo","D",1,0.875755979945709
"2184","Inowroclaw","A",1,0.815348648856283
"2185","Inta","A",1,0.941768889400549
"2186","International Falls","A",1,0.941956859698319
"2187","Invercargill","B",1,0.891732717214778
"2188","Inverell","B",1,0.8764135891077
"2189","Inverness","B",1,0.897193156845758
"2190","Ioanina","B",1,0.880035458280421
"2191","Iowa City","A",1,0.941718350164027
"2192","Ipatinga","D",1,0.883359192785392
"2193","Ipiales","B",1,0.86782789270538
"2194","Ipoh","D",1,0.842826111999956
"2195","Ipora","D",1,0.871427971171834
"2196","Ipswich","B",1,0.900747641310904
"2197","Ipu","D",1,0.781968868681066
"2198","Iquique","C",1,0.909664961766191
"2199","Iquitos","D",1,0.839436326783361
"2200","Iracoubo","D",1,0.844914070719166
"2201","Iraklio","B",1,0.707930367135174
"2202","Irati","B",1,0.758708705963254
"2203","Irbid","C",1,0.898935433190996
"2204","Irbil","C",1,0.901593381476693
"2205","Irece","C",1,0.87557304245197
"2206","Iringa","C",1,0.896882881099135
"2207","Irkutsk","A",1,0.942506480895205
"2208","Iron Mountain","A",1,0.943470589342139
"2209","Ironwood","A",1,0.94187762545572
"2210","Irvine","C",1,0.900599104131523
"2211","Isafjordur","B",1,0.888040167727427
"2212","Iseyin","D",1,0.85193370226775
"2213","Isfahan","C",1,0.845864435806044
"2214","Ishim","A",1,0.942287057577607
"2215","Isikul","A",1,0.942356265483819
"2216","Isiro","D",1,0.86123432520503
"2217","Iskandar","C",1,0.752630900054881
"2218","Iskenderun","C",1,0.887723923236848
"2219","Iskitim","A",1,0.941737370596377
"2220","Islamabad","C",1,0.888759959641338
"2221","Ismailia","C",1,0.902462831713339
"2222","Isna","C",1,0.903676783076862
"2223","Isparta","B",1,0.477336804479979
"2224","Istanbul","B",1,0.900508734480216
"2225","Ita","D",1,0.85342079958337
"2226","Itaberaba","C",1,0.651551353003735
"2227","Itaberai","D",1,0.895836482864944
"2228","Itabuna","D",1,0.863450485841521
"2229","Itacoatiara","D",1,0.839605563369835
"2230","Itaituba","D",1,0.85609820702881
"2231","Itajai","D",1,0.865123301984098
"2232","Itamaraju","D",1,0.907730835140718
"2233","Itambe","C",1,0.763455708495904
"2234","Itanhaem","D",1,0.857013043069921
"2235","Itapecuru Mirim","D",1,0.896276867933151
"2236","Itapetinga","D",1,0.650070588591672
"2237","Itapetininga","D",1,0.889657166625955
"2238","Itapeva","D",1,0.736202894638784
"2239","Itapipoca","D",1,0.821792505332313
"2240","Itauna","D",1,0.899523565231608
"2241","Ithaca","A",1,0.859124440395572
"2242","Itigi","C",1,0.904935339054379
"2243","Itu","D",1,0.906882867678708
"2244","Ituiutaba","D",1,0.895485382176
"2245","Itumbiara","D",1,0.76582142856619
"2246","Iturama","D",1,0.89153421381607
"2247","Ivano-Frankivsk","A",1,0.942854907045229
"2248","Ivanovo","A",1,0.942042307324274
"2249","Ivdel","A",1,0.940210488465176
"2250","Iwaki","B",1,0.892956603473904
"2251","Iwo","D",1,0.862900038841613
"2252","Izamal","D",1,0.850616402515544
"2253","Izaz","C",1,0.859476352171083
"2254","Izhevsk","A",1,0.942974914956884
"2255","Izmayil","A",1,0.622306578272816
"2256","Izmir","C",1,0.853775779808533
"2257","Jabalpur","C",1,0.863265881517504
"2258","Jaboatao","D",1,0.895835235639019
"2259","Jaboticabal","D",1,0.905967972628583
"2260","Jacarezinho","D",1,0.915322543507215
"2261","Jackson1","B",1,0.868096911221309
"2262","Jackson2","B",1,0.893914471595289
"2263","Jacksonville1","B",1,0.524587954013813
"2264","Jacksonville2","B",1,0.796331144345254
"2265","Jaen","C",1,0.612791096168555
"2266","Jaffna","D",1,0.898621114886872
"2267","Jaguaquara","D",1,0.416067860521045
"2268","Jaguarao","B",1,0.873315260649457
"2269","JaÌ©n","C",1,0.863576164041983
"2270","Jaipur","C",1,0.90576639464546
"2271","Jakarta","D",1,0.853456648882287
"2272","Jalal Abad","C",1,0.607864961617288
"2273","Jalalabad","C",1,0.901569973279708
"2274","Jalingo","C",1,0.849794267192563
"2275","Jaltipan","D",1,0.880828957810957
"2276","Jamaame","C",1,0.815974214146868
"2277","Jamalpur","D",1,0.912042378260099
"2278","Jambi","D",1,0.839558312242596
"2279","Jamestown1","B",1,0.658155593601635
"2280","Jamestown2","A",1,0.942032936772121
"2281","Jammu","C",1,0.897559769773388
"2282","Jamshedpur","C",1,0.824092989119359
"2283","Janauba","C",1,0.826883582802913
"2284","Janesville","A",1,0.94274578203154
"2285","Januaria","C",1,0.83916837807372
"2286","Jaque","D",1,0.85947622410389
"2287","Jaragua do Sul","D",1,0.851384796588882
"2288","Jardim","D",1,0.902720979585611
"2289","Jasper","A",1,0.940301043950617
"2290","Jatai","D",1,0.868394109559263
"2291","Jau","D",1,0.904334485131894
"2292","Jawhar","C",1,0.882395033499694
"2293","Jayapura","D",1,0.852249762575553
"2294","Jeddah","C",1,0.904528431976079
"2295","Jefferson City","B",1,0.81047277480719
"2296","Jeju","B",1,0.761796288348158
"2297","Jelgava","A",1,0.91419762775336
"2298","Jember","D",1,0.906157917701011
"2299","Jena","B",1,0.770758327716462
"2300","Jeonju","B",1,0.746020171003518
"2301","Jequie","D",1,0.477178971478573
"2302","Jerusalem","C",1,0.87848124802945
"2303","Jessore","D",1,0.813718141079755
"2304","Jhang","C",1,0.909298655501674
"2305","Jhansi","C",1,0.902100665706404
"2306","Ji-Parana","D",1,0.890997098988872
"2307","Jiamusi","A",1,0.94109000483846
"2308","Jian","B",1,0.791284388011386
"2309","Jiangmen","D",1,0.906026447037399
"2310","Jiaohe","A",1,0.943404952247595
"2311","Jiaojing","B",1,0.741661826693705
"2312","Jiaozuo","A",1,0.847440795739081
"2313","Jiaxing","B",1,0.873842027874227
"2314","Jiayuguan","A",1,0.942373459910937
"2315","Jieshou","A",1,0.699907020159432
"2316","Jiexiu","A",1,0.943422671820562
"2317","Jihlava","A",1,0.889526078468019
"2318","Jijiga","C",1,0.888457790496708
"2319","Jilin","A",1,0.94247350072483
"2320","Jima","D",1,0.916254413978916
"2321","Jinan","A",1,0.903696677646028
"2322","Jinchang","A",1,0.933183751401473
"2323","Jincheng","A",1,0.942574940156306
"2324","Jingdezhen","B",1,0.732045094642124
"2325","Jingmen","B",1,0.80033791076318
"2326","Jinhua","B",1,0.782200560835474
"2327","Jining1","A",1,0.943570896007801
"2328","Jining2","A",1,0.9054341512512
"2329","Jinja","D",1,0.884227309567333
"2330","Jinshi","B",1,0.860465331134712
"2331","Jinxi","A",1,0.942988877389916
"2332","Jinzhou","A",1,0.941866098334607
"2333","Jipijapa","D",1,0.695402148552096
"2334","Jiujiang","B",1,0.816850596852185
"2335","Jiutai","A",1,0.942952804832776
"2336","Jixi","A",1,0.941627917760994
"2337","Jizan","C",1,0.89885394874731
"2338","Jizzax","C",1,0.837986639113183
"2339","Joacaba","B",1,0.722772005574777
"2340","Joao Pessoa","D",1,0.891171551648027
"2341","Jodhpur","C",1,0.904121787779843
"2342","Johannesburg","C",1,0.843453660326415
"2343","John Day","A",1,0.492431373018717
"2344","Johnson City","B",1,0.893500880097812
"2345","Johnstown","B",1,0.886194957982029
"2346","Johor Bahru","D",1,0.847177186545104
"2347","Joinville","D",1,0.848600413003052
"2348","Joliet","A",1,0.940724551009411
"2349","Joliette","A",1,0.941335788569837
"2350","Jonesboro","B",1,0.895688434354299
"2351","Jonkoping","B",1,0.517041366592535
"2352","Joplin","B",1,0.893827906659249
"2353","Jorhat","D",1,0.907662830524042
"2354","Jos","C",1,0.795957093468879
"2355","Juan Aldama","C",1,0.903561096994417
"2356","Juan Jose Castelli","C",1,0.814457748644771
"2357","Juanjui","D",1,0.906329488943054
"2358","Juarez","B",1,0.895180820624546
"2359","Juazeiro","C",1,0.899711664953247
"2360","Juazeiro do Norte","C",1,0.827807646724997
"2361","Juba","C",1,0.721715643464486
"2362","Juchitan","C",1,0.498802747622061
"2363","Juifang","D",1,0.846044221730947
"2364","Juigalpa","D",1,0.869472393381655
"2365","Juina","D",1,0.900824860244114
"2366","Juiz de Fora","D",1,0.901617584673131
"2367","Juliaca","B",1,0.552902032379961
"2368","Jullundur","C",1,0.903762341995867
"2369","Jundiai","D",1,0.91651474393465
"2370","Juneau","B",1,0.885731334860906
"2371","Junin1","B",1,0.876399023489451
"2372","Junin2","B",1,0.633212013028456
"2373","Jutiapa","C",1,0.618709319255141
"2374","Juticalpa","D",1,0.870731910200024
"2375","Jyvaskyla","A",1,0.942508009527104
"2376","Kaabong","C",1,0.886898456513376
"2377","Kabale","D",1,0.388740734740803
"2378","Kabalo","C",1,0.742371279793139
"2379","Kabinda","D",1,0.909081408983894
"2380","Kabul","C",1,0.700173083671774
"2381","Kabwe","C",1,0.863062683202433
"2382","Kachiry","A",1,0.941857324384889
"2383","Kadoma","C",1,0.904339027179145
"2384","Kadugli","C",1,0.906037668564244
"2385","Kaduna","C",1,0.512085633721272
"2386","Kaedi","C",1,0.907495000155215
"2387","Kaesong","A",1,0.805395926326425
"2388","Kafue","C",1,0.903336803657135
"2389","Kaga Bandoro","C",1,0.645240586414625
"2390","Kagoshima","D",1,0.829449457316782
"2391","Kahama","C",1,0.728936991452197
"2392","Kahramanmaras","C",1,0.843579106788052
"2393","Kaiapoi","B",1,0.89566363327508
"2394","Kaifeng","A",1,0.887402760489112
"2395","Kailu","A",1,0.942384515533613
"2396","Kaka","C",1,0.890154658053132
"2397","Kakamega","D",1,0.888226796983921
"2398","Kakinada","C",1,0.34587319567595
"2399","Kakonko","C",1,0.683900652701856
"2400","Kaktovik","A",1,0.944305966589433
"2401","Kalachinsk","A",1,0.942112859887223
"2402","Kalamata","C",1,0.829964047693857
"2403","Kalamazoo","A",1,0.914175599071092
"2404","Kalemie","D",1,0.61077832300247
"2405","Kalgoorlie","C",1,0.842586135781623
"2406","Kalima","D",1,0.839660914966062
"2407","Kaliningrad","B",1,0.892809895238421
"2408","Kalispell","A",1,0.94294293445145
"2409","Kalisz","A",1,0.7782338974997
"2410","Kalmar","B",1,0.889498291270885
"2411","Kaluga","A",1,0.94333037584214
"2412","Kalyan","D",1,0.85940224325734
"2413","Kambove","C",1,0.848982902098683
"2414","Kamenka","A",1,0.945467759228021
"2415","Kamenna Obi","A",1,0.942072367873142
"2416","Kamensk Shakhtinskiy","A",1,0.942813282951254
"2417","Kamensk Uralskiy","A",1,0.942051344568626
"2418","Kamina","D",1,0.76055835918006
"2419","Kamloops","A",1,0.940426361320974
"2420","Kampala","D",1,0.872368742454106
"2421","Kampene","D",1,0.898760023700941
"2422","Kampong Cham","D",1,0.877189720912463
"2423","Kampot","D",1,0.906530583224151
"2424","Kamsar","D",1,0.843324283080853
"2425","Kamyanets-Podilskyy","A",1,0.942169184570278
"2426","Kamyshin","A",1,0.942665995740412
"2427","Kanab","C",1,0.732398907464303
"2428","Kananga","D",1,0.898322313195284
"2429","Kanash","A",1,0.942301744692633
"2430","Kanazawa","B",1,0.766877205833913
"2431","Kanchipuram","C",1,0.735258317349627
"2432","Kandahar","C",1,0.901882389797006
"2433","Kandalaksha","A",1,0.941419590072262
"2434","Kandi","C",1,0.882464431771032
"2435","Kandy","D",1,0.858540696074918
"2436","Kanggye","A",1,0.940164712796064
"2437","Kaniama","D",1,0.768564145614083
"2438","Kankakee","A",1,0.941346320166449
"2439","Kankan","D",1,0.840608620054353
"2440","Kano","C",1,0.909845995561056
"2441","Kanoya","D",1,0.84002934644209
"2442","Kanpur","C",1,0.899265741806863
"2443","Kansas City1","A",1,0.915686061611087
"2444","Kansas City2","A",1,0.904851712597907
"2445","Kansk","A",1,0.944912224980395
"2446","Kanyato","D",1,0.550211607239985
"2447","Kanye","C",1,0.906733842459976
"2448","Kaohsiung","D",1,0.904618257382022
"2449","Kaolack","C",1,0.904430995461749
"2450","Kaoma","C",1,0.901034848877823
"2451","Kapan","A",1,0.410986290491297
"2452","Kapiri Mposhi","C",1,0.82126056498913
"2453","Kapoeta","C",1,0.872267484630293
"2454","Kaposvar","B",1,0.871487950506578
"2455","Kapuskasing","A",1,0.942220400858698
"2456","Kara Balta","A",1,0.802185053512594
"2457","Karabuk","B",1,0.893566147097403
"2458","Karachi","C",1,0.902905846629307
"2459","Karaj","C",1,0.827213248665667
"2460","Karakol","A",1,0.943015063724736
"2461","Karaman","C",1,0.642621426707004
"2462","Karamay","A",1,0.943494629216752
"2463","Karasburg","C",1,0.9112721554404
"2464","Karasuk","A",1,0.94399160143659
"2465","Karbala","C",1,0.904071835030193
"2466","Karema","C",1,0.731274606565938
"2467","Kargat","A",1,0.942901953086957
"2468","Kariba","C",1,0.901744119392779
"2469","Karimnagar","C",1,0.904714049080679
"2470","Karlovac","B",1,0.900281342541231
"2471","Karlsruhe","B",1,0.891213202694807
"2472","Karlstad","A",1,0.740767729639262
"2473","Karluk","B",1,0.891939180632803
"2474","Karnal","C",1,0.907177181445423
"2475","Karoi","C",1,0.893437738004994
"2476","Karokh","C",1,0.851153063945306
"2477","Karonga","C",1,0.830735894789069
"2478","Karpinsk","A",1,0.942227760446411
"2479","Karratha","C",1,0.906277993432277
"2480","Kars","A",1,0.940580059654055
"2481","Kartaly","A",1,0.941146168568209
"2482","Karur","C",1,0.869558272622579
"2483","Kasaji","D",1,0.795851949745706
"2484","Kasama","C",1,0.82947644639854
"2485","Kasane","C",1,0.90869973777593
"2486","Kasangulu","D",1,0.885061265726197
"2487","Kashi","A",1,0.94094623366378
"2488","Kashmar","C",1,0.891038089963234
"2489","Kasimov","A",1,0.942639410377007
"2490","Kasongo","D",1,0.910369883912463
"2491","Kasongo-Lunda","D",1,0.889588790196368
"2492","Kaspiysk","B",1,0.896109326007662
"2493","Kassala","C",1,0.912029394081755
"2494","Kassel","B",1,0.888714043629724
"2495","Kasulu","C",1,0.573274699416905
"2496","Kasur","C",1,0.904828493469112
"2497","Katanning","B",1,0.568236122745485
"2498","Katerini","B",1,0.625134263312456
"2499","Katherine","C",1,0.848048304605398
"2500","Kathmandu","D",1,0.880584496403831
"2501","Kati","C",1,0.88622233671228
"2502","Katima Mulilo","C",1,0.904848339883007
"2503","Katoomba","B",1,0.895678246193163
"2504","Katowice","B",1,0.77917372588364
"2505","Katsina","C",1,0.911067556465855
"2506","Kattaqorgon","C",1,0.827112127662407
"2507","Katwe","D",1,0.904818117563866
"2508","Kaunas","A",1,0.908475798769912
"2509","Kavala","B",1,0.872643353636456
"2510","Kavalerovo","A",1,0.941278442794193
"2511","Kavieng","D",1,0.850048121805494
"2512","Kawagoe","B",1,0.881989691020018
"2513","Kawambwa","C",1,0.837704715896112
"2514","Kawasaki","B",1,0.888885374756734
"2515","Kaya","C",1,0.907126693996501
"2516","Kayes1","D",1,0.893957394373837
"2517","Kayes2","C",1,0.90169343421176
"2518","Kayseri","A",1,0.49236613393035
"2519","Kazan","A",1,0.942079061656612
"2520","Kearney","A",1,0.941316278631307
"2521","Kecskemet","A",1,0.73056107438126
"2522","Kediri","D",1,0.830625296522102
"2523","Kedougou","C",1,0.863935181753407
"2524","Keelung","D",1,0.848703233141944
"2525","Keetmanshoop","C",1,0.907993833972641
"2526","Keffi","D",1,0.793657926559547
"2527","Keflavik","B",1,0.88750004021497
"2528","Kelang","D",1,0.870119700355578
"2529","Kelo","C",1,0.896424583296539
"2530","Keluang","D",1,0.847306861297984
"2531","Kemerovo","A",1,0.942186646336994
"2532","Kemi","A",1,0.940904424946917
"2533","Kempsey","B",1,0.794927952103237
"2534","Kenai","A",1,0.940591515609475
"2535","Kendari","D",1,0.878399960203817
"2536","Kendu Bay","D",1,0.894869043504679
"2537","Kenema","D",1,0.841776363241529
"2538","Kenge","D",1,0.895013830015313
"2539","Kenitra","C",1,0.896812714117998
"2540","Kennewick","C",1,0.604742483499277
"2541","Kenora","A",1,0.942564296276965
"2542","Kentau","A",1,0.763742557182969
"2543","Kerch","B",1,0.891545246401766
"2544","Kericho","D",1,0.761632901974397
"2545","Kerkira","B",1,0.826580751641374
"2546","Kerman","C",1,0.896208213082009
"2547","Kermanshah","C",1,0.847904330156609
"2548","Kerouane","D",1,0.904953547933864
"2549","Keshan","A",1,0.942105737731896
"2550","Ketchikan","B",1,0.455632883434357
"2551","Khabarovsk","A",1,0.942127597994149
"2552","Khammam","C",1,0.879128738348716
"2553","Khammouan","D",1,0.907235593110598
"2554","Khanty Mansiysk","A",1,0.940555354379903
"2555","Kharkiv","A",1,0.940911303600828
"2556","Khartoum","C",1,0.905766180880243
"2557","Khaskovo","B",1,0.891067412353254
"2558","Kherson","A",1,0.926954329289844
"2559","Khilok","A",1,0.941531598757837
"2560","Khiwa","C",1,0.717020573226489
"2561","Khmelnytskyy","A",1,0.942484089141682
"2562","Kholmsk","A",1,0.925574793316778
"2563","Khomeini Shahr","C",1,0.851182592015015
"2564","Khon Kaen","D",1,0.836719742482798
"2565","Khoramabad","C",1,0.886282838962787
"2566","Khorugh","A",1,0.94155296429257
"2567","Khromtau","A",1,0.942552056413537
"2568","Khujand","C",1,0.854670189738864
"2569","Khujayli","A",1,0.316469765904629
"2570","Khulna","D",1,0.872380904842833
"2571","Khvoy","C",1,0.726166889129607
"2572","Kibiti","D",1,0.892580377109499
"2573","Kiel","B",1,0.884865837405055
"2574","Kielce","A",1,0.823607083331507
"2575","Kieta","D",1,0.837506295139248
"2576","Kiev","A",1,0.942086101276151
"2577","Kiffa","C",1,0.901273825105433
"2578","Kigali","D",1,0.690785065210058
"2579","Kikwit","D",1,0.901852850470622
"2580","Kilchu","A",1,0.941270752385143
"2581","Kilifi","D",1,0.874251594769672
"2582","Kilindoni","D",1,0.899714525730148
"2583","Kilinochchi","D",1,0.895749474623787
"2584","Kilis","C",1,0.852812450656784
"2585","Kilkenny","B",1,0.89842366456497
"2586","Killarney","B",1,0.870279566287028
"2587","Killeen","B",1,0.589902903484819
"2588","Kilosa","D",1,0.588693292485135
"2589","Kilowna","A",1,0.699334003925819
"2590","Kimberley","C",1,0.900128950839419
"2591","Kimchaek","A",1,0.94371938071805
"2592","Kimhyonggwon","A",1,0.942317002226234
"2593","Kimmirut","A",1,0.943186434015097
"2594","Kimpese","D",1,0.632234783152738
"2595","Kimry","A",1,0.94276156042395
"2596","Kindersley","A",1,0.941928866920772
"2597","Kindia","D",1,0.854094306467043
"2598","Kindu","D",1,0.906647466767925
"2599","Kineshma","A",1,0.944535686609125
"2600","King Salmon","A",1,0.943985440012309
"2601","Kingaroy","B",1,0.783676583866782
"2602","Kingman","C",1,0.903070713640255
"2603","Kingsport","B",1,0.892619133983867
"2604","Kingston South East","B",1,0.888611608796583
"2605","Kingston upon Hull","B",1,0.891437295966797
"2606","Kingston1","D",1,0.903068216392827
"2607","Kingston2","B",1,0.556959379175845
"2608","Kingston3","B",1,0.895942686542163
"2609","Kingstown","D",1,0.852541266121472
"2610","Kingsville","C",1,0.899835782561545
"2611","Kinshasa","D",1,0.890089240419806
"2612","Kipushi","C",1,0.8283683362012
"2613","Kirensk","A",1,0.94015103589884
"2614","Kirikkale","C",1,0.552057705418594
"2615","Kirkenes","A",1,0.942327643088537
"2616","Kirksville","A",1,0.941406276758157
"2617","Kirkuk","C",1,0.910488282738708
"2618","Kirkwall","B",1,0.895009751627002
"2619","Kirov1","A",1,0.942404763096903
"2620","Kirov2","A",1,0.942339622491289
"2621","Kirovo-Chepetsk","A",1,0.942291814850133
"2622","Kirovohrad","A",1,0.941878435055714
"2623","Kirovsk","A",1,0.941878819842573
"2624","Kirs","A",1,0.943632033125211
"2625","Kirsanov","A",1,0.942012342004738
"2626","Kiruna","A",1,0.941492907814643
"2627","Kisangani","D",1,0.85955317205986
"2628","Kiselevsk","A",1,0.941337849954362
"2629","Kisii","D",1,0.78290405745902
"2630","Kislovodsk","A",1,0.941948519004292
"2631","Kismaayo","C",1,0.790544199445807
"2632","Kissidougou","D",1,0.902952309412251
"2633","Kissimmee","D",1,0.851780768080956
"2634","Kisumu","D",1,0.904410565987341
"2635","Kita","C",1,0.889540347211563
"2636","Kitakyushu","B",1,0.563931527595846
"2637","Kitale","D",1,0.587645119298025
"2638","Kitami","A",1,0.941534430981344
"2639","Kitchener","A",1,0.816784097796629
"2640","Kitgum","C",1,0.755639113947912
"2641","Kitwe","C",1,0.829013522464459
"2642","Kizel","A",1,0.943743412876875
"2643","Klagenfurt","B",1,0.892537701256338
"2644","Klaipeda","B",1,0.892097036776766
"2645","Klamath Falls","A",1,0.532661054503424
"2646","Klerksdorp","C",1,0.872205054057357
"2647","Klin","A",1,0.939752961576031
"2648","Klintsy","A",1,0.943592328692823
"2649","Klyuchi","A",1,0.943841229661506
"2650","Knoxville","B",1,0.892307013885193
"2651","Knysna","B",1,0.880400468039715
"2652","Kobe","B",1,0.85771927718261
"2653","Koblenz","B",1,0.891512770757567
"2654","Kocaeli","B",1,0.87244838054256
"2655","Kochi","D",1,0.849790490722465
"2656","Kodiak","B",1,0.888160934372245
"2657","Koforidua","D",1,0.909546442096798
"2658","Kofu","B",1,0.881463134050724
"2659","Kogon","C",1,0.879267429926155
"2660","Kohat","C",1,0.904905103992894
"2661","Kohtla-Jarve","A",1,0.942910861965515
"2662","Koidu","D",1,0.913629957910382
"2663","Koko","C",1,0.90316022075913
"2664","Kokomo","B",1,0.539516609842032
"2665","Kokshetau","A",1,0.942096680964229
"2666","Kolar","C",1,0.901915930455753
"2667","Kolda","C",1,0.849270607738769
"2668","Kolhapur","C",1,0.380843879814864
"2669","Koln","B",1,0.896466429962484
"2670","Kolomna","A",1,0.942985946143744
"2671","Kolpino","A",1,0.942512708141538
"2672","Kolwezi","C",1,0.820806154751256
"2673","Kom Ombo","C",1,0.907225090151305
"2674","Komatipoort","C",1,0.896174724639528
"2675","Kompong Chhnang","D",1,0.858016111303886
"2676","Komsomolets","A",1,0.941656027609405
"2677","Komsomolsk na Amure","A",1,0.942922596399201
"2678","Kon Tum","D",1,0.904787689854018
"2679","Kondopoga","A",1,0.942484028099625
"2680","Kondoz","C",1,0.892072211980875
"2681","Koneurgench","A",1,0.274594326516543
"2682","Kongolo","C",1,0.689274649952206
"2683","Konibodom","C",1,0.827759864731677
"2684","Konotop","A",1,0.941449362931259
"2685","Kontagora","C",1,0.662051114299513
"2686","Kontcha","C",1,0.727032173236355
"2687","Konya","C",1,0.616511629757393
"2688","Korhogo","D",1,0.734958232492031
"2689","Koriyama","B",1,0.887564180518163
"2690","Korla","A",1,0.818633661455178
"2691","Korosten","A",1,0.941832146739074
"2692","Korsakov","A",1,0.924690204076369
"2693","Kos","C",1,0.704615859483741
"2694","Kosice","A",1,0.92517172542516
"2695","Kosti","C",1,0.901230658122724
"2696","Kostroma","A",1,0.942396917348831
"2697","Koszalin","B",1,0.886347046998684
"2698","Kota","C",1,0.90987360251193
"2699","Kota Baharu","D",1,0.851735994773968
"2700","Kota Kinabalu","D",1,0.847852207584339
"2701","Kotabumi","D",1,0.841704020714812
"2702","Kotelnich","A",1,0.943923405156897
"2703","Kotlas","A",1,0.940922971641805
"2704","Kotlit","A",1,0.943202018773993
"2705","Kotovsk","A",1,0.943270088841
"2706","Kotte","D",1,0.84812957729588
"2707","Kotzebue","A",1,0.942009472079203
"2708","Koudougou","C",1,0.906599656418187
"2709","Koulamoutou","D",1,0.89405265238541
"2710","Koulikoro","C",1,0.904359722213844
"2711","Kourou","D",1,0.851380022009306
"2712","Koutiala","C",1,0.901894147466956
"2713","Kovel","A",1,0.941564731357832
"2714","Kovrov","A",1,0.942175673053014
"2715","Kozhikode","D",1,0.853402935333576
"2716","Kpalime","D",1,0.906536122239037
"2717","Kragujevac","B",1,0.860453866350636
"2718","Krakow","A",1,0.572297873038287
"2719","Kramatorsk","A",1,0.94118056308143
"2720","Krasnoarmeysk","A",1,0.943363944028813
"2721","Krasnodar","B",1,0.894293484627078
"2722","Krasnogorsk","A",1,0.94356753397084
"2723","Krasnokamensk","A",1,0.940227924551848
"2724","Krasnokamsk","A",1,0.94195780700086
"2725","Krasnoufimsk","A",1,0.939695468133935
"2726","Krasnouralsk","A",1,0.942491278003897
"2727","Krasnoyarsk","A",1,0.942659776928697
"2728","Kremenchuk","A",1,0.942658351236803
"2729","Kribi","D",1,0.830220871368991
"2730","Krishnanagar","C",1,0.820503383114972
"2731","Kristiansand","B",1,0.895469446120714
"2732","Kristianstad","B",1,0.894230560430687
"2733","Krong Koh Kong","D",1,0.837617401975261
"2734","Kroonstad","C",1,0.850300169373733
"2735","Kropotkin","B",1,0.773342446056622
"2736","Kryvyy Rih","A",1,0.942363899212909
"2737","Ksar El Kebir","C",1,0.907110065545923
"2738","Kuala Lumpur","D",1,0.849333972829232
"2739","Kuala Terengganu","D",1,0.844233644987318
"2740","Kualakapuas","D",1,0.833625022940037
"2741","Kuantan","D",1,0.842292192240907
"2742","Kuching","D",1,0.843151443012721
"2743","Kudymkar","A",1,0.942097497646098
"2744","Kuga","A",1,0.923335373800803
"2745","Kuito","C",1,0.856208209910246
"2746","Kulob","C",1,0.897968432125306
"2747","Kulunda","A",1,0.942080088185089
"2748","Kumamoto","D",1,0.836385767567682
"2749","Kumasi","D",1,0.911031291542434
"2750","Kumba","D",1,0.833311824798448
"2751","Kumbakonam","D",1,0.865053554268102
"2752","Kumbo","D",1,0.899824053343202
"2753","Kumertau","A",1,0.94223326854083
"2754","Kumo","C",1,0.906443662450528
"2755","Kundian","C",1,0.906287953183557
"2756","Kungur","A",1,0.94148430890211
"2757","Kunming","B",1,0.566303150651084
"2758","Kununurra","C",1,0.902546160965383
"2759","Kuopio","A",1,0.942834936375957
"2760","Kupang","D",1,0.89582407132837
"2761","Kupina","A",1,0.943256758354449
"2762","Kupyansk","A",1,0.942694591514339
"2763","Kure","B",1,0.777566253042336
"2764","Kurgan","A",1,0.942573895958205
"2765","Kurnool","C",1,0.909845465593746
"2766","Kursk","A",1,0.944223254562101
"2767","Kurtamysh","A",1,0.942207916899497
"2768","Kuruman","C",1,0.89862847662466
"2769","Kushiro","B",1,0.644278275145711
"2770","Kuta","D",1,0.846735161121984
"2771","Kutahya","B",1,0.814826797558271
"2772","Kutaisi","B",1,0.90317453758816
"2773","Kuujjuaq","A",1,0.94194305364867
"2774","Kuujjuarapik","A",1,0.944063371595323
"2775","Kuwait","C",1,0.908384147295053
"2776","Kuybyshevskiy","C",1,0.894875723769669
"2777","Kuznetsk","A",1,0.942484380383893
"2778","Kwekwe","C",1,0.905524545636034
"2779","Kwinana","C",1,0.607368525545793
"2780","Kyakhta","A",1,0.940087455598898
"2781","Kyaukphyu","D",1,0.829510136962176
"2782","Kyoto","B",1,0.866729083051624
"2783","Kyshtym","A",1,0.942568736866489
"2784","Kyustendil","B",1,0.895077739903193
"2785","Kyzyl","A",1,0.942313470356407
"2786","L'Aquila","B",1,0.898269039483773
"2787","La Barca","C",1,0.90081560615534
"2788","La Ceiba","D",1,0.843256606745005
"2789","La Coruna","B",1,0.901536130784806
"2790","La Crosse","A",1,0.942244705014131
"2791","La Cruz1","D",1,0.895420138636942
"2792","La Cruz2","C",1,0.580778494039495
"2793","La Grande","B",1,0.683874612191785
"2794","La Grange","B",1,0.893338393339229
"2795","La Libertad","D",1,0.904697910240156
"2796","La Ligua","C",1,0.909948179151893
"2797","La Paloma","B",1,0.883995101077688
"2798","La Paz1","C",1,0.907574719177783
"2799","La Paz2","C",1,0.893854518310912
"2800","La Paz3","B",1,0.54461149844292
"2801","La Plata","B",1,0.882384303391769
"2802","La Rioja","C",1,0.901864294947832
"2803","La Rochelle","B",1,0.895157580255049
"2804","La Romana","D",1,0.905297794992645
"2805","La Ronge","A",1,0.94081601325993
"2806","La Sarre","A",1,0.942347817143254
"2807","La Scie","B",1,0.886238832120911
"2808","La Serena","C",1,0.907347613964624
"2809","La Union","B",1,0.887199286447643
"2810","La Vega","D",1,0.873737856379279
"2811","La Victoria","D",1,0.897174309609372
"2812","Laayoune","C",1,0.908825134926577
"2813","Labe","D",1,0.793934232138605
"2814","Labinsk","B",1,0.849122150352141
"2815","Labrador City","A",1,0.941592382780872
"2816","Labutta","D",1,0.888391744887233
"2817","Lac La Biche","A",1,0.941428445367917
"2818","Ladysmith","C",1,0.897267839680256
"2819","Lae","D",1,0.853761699294614
"2820","Lafayette1","B",1,0.76952642854191
"2821","Lafayette2","A",1,0.74819272725635
"2822","Lafia","D",1,0.811373946470864
"2823","Laghouat","C",1,0.894305355765864
"2824","Lagos","D",1,0.900998639525758
"2825","Lagos de Moreno","C",1,0.901365884876132
"2826","Laguna","D",1,0.809796496686991
"2827","Lahad Datu","D",1,0.848297015082372
"2828","Lahat","D",1,0.839564918308577
"2829","Lahij","C",1,0.908290440638801
"2830","Lahore","C",1,0.902722134200596
"2831","Lahti","A",1,0.943808805448079
"2832","Laiwu","A",1,0.942388696153062
"2833","Laiyang","A",1,0.94088338885982
"2834","Lajes","B",1,0.781849628024828
"2835","Lake Charles","B",1,0.747456949889804
"2836","Lake City","B",1,0.482814205623659
"2837","Lake Havasu City","C",1,0.902786563649036
"2838","Lake Louise","A",1,0.940534995309094
"2839","Lakeville","A",1,0.943198544670749
"2840","Lalitpur","D",1,0.874806827004857
"2841","Lamar","A",1,0.813501580709543
"2842","Lamas","D",1,0.871690770972302
"2843","Lambarene","D",1,0.899861387652184
"2844","Lampang","C",1,0.838914250959449
"2845","Lamu","D",1,0.861407367191784
"2846","Lancaster1","C",1,0.890529845023006
"2847","Lancaster2","B",1,0.866674316246692
"2848","Lancaster3","B",1,0.889857363829576
"2849","Lander","A",1,0.941098584701835
"2850","Langfang","A",1,0.859651974303948
"2851","Langzhong","B",1,0.560958220096385
"2852","Lankaran","B",1,0.616159087877617
"2853","Lansdowne House","A",1,0.943259327026085
"2854","Lansing","A",1,0.940844108053313
"2855","Lanxi","A",1,0.943017313798544
"2856","Lanzhou","A",1,0.934414559102899
"2857","Lao Chi","D",1,0.909977689309113
"2858","Laoag","D",1,0.878373518068916
"2859","Lapa","B",1,0.794995582031998
"2860","Lappeenranta","A",1,0.941822234142388
"2861","Larache","C",1,0.778694130232447
"2862","Laramie","A",1,0.941924643527777
"2863","Laredo","C",1,0.909713085496782
"2864","Larissa","B",1,0.58407469123953
"2865","Larkana","C",1,0.906481758487457
"2866","Las Cruces","C",1,0.903375146336411
"2867","Las Heras","C",1,0.86405404483429
"2868","Las Lajas","B",1,0.556160235351297
"2869","Las Lomitas","C",1,0.828918085394048
"2870","Las Palmas","B",1,0.487648876771353
"2871","Las Tablas","D",1,0.905234925693296
"2872","Las Tunas","D",1,0.881541439174099
"2873","Las Vegas1","A",1,0.906637187687448
"2874","Las Vegas2","C",1,0.89398471775689
"2875","Lascano","B",1,0.863078611348801
"2876","Latacunga","B",1,0.806752252802478
"2877","Latur","C",1,0.909237340207032
"2878","Launceston","B",1,0.898667657750335
"2879","Laurel","B",1,0.879954098608094
"2880","Lausanne","B",1,0.895913303350497
"2881","Lautoka","D",1,0.899671561169782
"2882","Lavras","D",1,0.907210560500613
"2883","Lavrentiya","A",1,0.942177856206892
"2884","Lawrence","A",1,0.916944121861238
"2885","Lawton","C",1,0.484213073494974
"2886","Lazaro Cardenas","D",1,0.881601439881896
"2887","Le Havre","B",1,0.893400113825636
"2888","Le Mans","B",1,0.898605587867697
"2889","Lead","A",1,0.94136666371981
"2890","Lebowakgomo","C",1,0.906359920238885
"2891","Lebu","B",1,0.820867229036916
"2892","Lecce","B",1,0.889915733798732
"2893","Leeds","B",1,0.896726729733774
"2894","Leesburg","D",1,0.809531490355011
"2895","Leeton","B",1,0.771668457006672
"2896","Leeuwarden","B",1,0.895072947334157
"2897","Legazpi","D",1,0.857534107697382
"2898","Legnica","A",1,0.587575076957505
"2899","Leicester","B",1,0.898206421686749
"2900","Leipzig","B",1,0.891069757624948
"2901","Lemosos","C",1,0.875422665387292
"2902","Lenger","C",1,0.605481006140982
"2903","Leninogorsk","A",1,0.941337740643485
"2904","Leninsk Kuznetsky","A",1,0.944746990309156
"2905","Lensk","A",1,0.944759982294115
"2906","Leon1","D",1,0.901834108621299
"2907","Leon2","C",1,0.906688104860692
"2908","Leon3","B",1,0.893723318642864
"2909","Leonara","C",1,0.905235135323944
"2910","Leopoldina","D",1,0.902071519815563
"2911","Lerwick","B",1,0.89961931378412
"2912","Les Cayes","D",1,0.844251849607517
"2913","Leshan","D",1,0.687922678122655
"2914","Lesosibirsk","A",1,0.941100503684704
"2915","Lesozavodsk","A",1,0.942705197938623
"2916","Lethbridge","A",1,0.941321225452086
"2917","Lethem","D",1,0.900535229162818
"2918","Leticia","D",1,0.848993849519337
"2919","Letpadan","D",1,0.899509672795079
"2920","Levin","B",1,0.893635191345122
"2921","Lewiston1","B",1,0.878700960741653
"2922","Lewiston2","B",1,0.540329447963787
"2923","Lexington","B",1,0.890681921415102
"2924","Lgov","A",1,0.942545595316079
"2925","Lhasa","A",1,0.941223308778095
"2926","Lhokseumawe","D",1,0.844874651446894
"2927","Lianxian","B",1,0.693916697806933
"2928","Lianyungang","A",1,0.738081622492968
"2929","Liaocheng","A",1,0.857798267149956
"2930","Liaoyang","A",1,0.941833339575489
"2931","Liaoyuan","A",1,0.942322016151853
"2932","Libenge","D",1,0.898440025931531
"2933","Liberec","B",1,0.865430759941899
"2934","Liberia","D",1,0.901031729885219
"2935","Libertador General San Martin","C",1,0.851993043957501
"2936","Libreville","D",1,0.858585817217096
"2937","Lichinga","C",1,0.622389326537821
"2938","Lida","A",1,0.930986988275551
"2939","Liege","B",1,0.896257901260771
"2940","Liepaga","B",1,0.89136770202841
"2941","Lihue","D",1,0.844542264167523
"2942","Lijiang","A",1,0.350528622447432
"2943","Likasi","C",1,0.864445078293332
"2944","Lille","B",1,0.899478273351622
"2945","Lillehammer","A",1,0.730983550027371
"2946","Lillooet","A",1,0.65834920169226
"2947","Lilongwe","C",1,0.866556080362424
"2948","Lima1","A",1,0.633975745053801
"2949","Lima2","C",1,0.891269260693578
"2950","Limbe","D",1,0.845338447482469
"2951","Limeira","D",1,0.899997443982807
"2952","Limerick","B",1,0.900011566507723
"2953","Limoges","B",1,0.894343137445623
"2954","Linares1","C",1,0.710902626752387
"2955","Linares2","C",1,0.881030517008494
"2956","Linares3","C",1,0.907302306026549
"2957","Linchuan","B",1,0.542734954762045
"2958","Lincoln1","A",1,0.941754949221367
"2959","Lincoln2","B",1,0.889760019661162
"2960","Linden","D",1,0.844422042519765
"2961","Lindi","D",1,0.852778747672796
"2962","Linfen","A",1,0.896846393496879
"2963","Linhai","B",1,0.485956860066761
"2964","Linhares","D",1,0.908900508347317
"2965","Linjiang","A",1,0.942767368737633
"2966","Linkoping","A",1,0.781071642144984
"2967","Linkou","A",1,0.942556868949652
"2968","Linqing","A",1,0.850342304923642
"2969","Linxi","A",1,0.94151074256702
"2970","Linxia","A",1,0.942180899131774
"2971","Linyi","A",1,0.914382723848387
"2972","Linz","B",1,0.888698840542989
"2973","Lipetsk","A",1,0.941002466171024
"2974","Lira","D",1,0.90801112674811
"2975","Lisala","D",1,0.840662469869804
"2976","Lisbon","B",1,0.803928246059643
"2977","Lisburn","B",1,0.896107015797542
"2978","Lishui","B",1,0.76593512723774
"2979","Lismore","B",1,0.604994816145596
"2980","Lithgow","B",1,0.895187123616819
"2981","Little Current","A",1,0.875236500445537
"2982","Little Rock","B",1,0.863395782239743
"2983","LÌùderitz","C",1,0.851151283253229
"2984","Liuhe","A",1,0.944564979786225
"2985","Liuzhou","D",1,0.810138709200189
"2986","Liverpool1","B",1,0.895392023903239
"2987","Liverpool2","B",1,0.891876946427426
"2988","Livingston","D",1,0.852091193976145
"2989","Livingstone","C",1,0.905074877828301
"2990","Livny","A",1,0.942126053444059
"2991","Livorno","B",1,0.873830769011549
"2992","Ljubljana","B",1,0.89113081987447
"2993","Lobamba","C",1,0.831631732245031
"2994","Lobatse","C",1,0.902116471525344
"2995","Lobito","C",1,0.875726126482242
"2996","Lobos","B",1,0.878950832024641
"2997","Lodwar","C",1,0.906506201527256
"2998","Lodz","A",1,0.880621069981844
"2999","Loei","D",1,0.717602806020933
"3000","Logan","A",1,0.698513028930392
"3001","Logrono","B",1,0.878616513221228
"3002","Loja","B",1,0.71387556810669
"3003","Lokoja","C",1,0.693334165030489
"3004","Lome","D",1,0.839357063488221
"3005","Lomza","A",1,0.932255329133753
"3006","Loncoche","B",1,0.842490777801261
"3007","London1","B",1,0.866100705141377
"3008","London2","B",1,0.895220709869551
"3009","Londonderry","B",1,0.894751165061884
"3010","Londrina","D",1,0.899906801464946
"3011","Long Beach","C",1,0.904898265963553
"3012","Long Xuyen","D",1,0.883780145841294
"3013","Longjiang","A",1,0.942217665450853
"3014","Longreach","C",1,0.907705638756317
"3015","Longview1","B",1,0.856505671438759
"3016","Longview2","B",1,0.89152412554543
"3017","Longxi","A",1,0.942724799511727
"3018","Longyan","B",1,0.38906280743587
"3019","Lop Buri","D",1,0.850518182523549
"3020","Lorca","C",1,0.88165641611471
"3021","Loreto","C",1,0.903465082516976
"3022","Lorica","D",1,0.906337332807896
"3023","Lorient","B",1,0.892368775271056
"3024","Los Alamos","A",1,0.942722058676994
"3025","Los Andes","C",1,0.855641068318929
"3026","Los Angeles1","C",1,0.904129847878596
"3027","Los Angeles2","B",1,0.855058585202491
"3028","Los Blancos","C",1,0.893479611585869
"3029","Los Lagos","B",1,0.812567482595748
"3030","Los Mochis","C",1,0.900257928056514
"3031","Los Teques","D",1,0.717132498507875
"3032","Lota","B",1,0.678735402652892
"3033","Louangphrabang","D",1,0.881761631864043
"3034","Loubomo","D",1,0.891526174991577
"3035","Louga","C",1,0.907275726501508
"3036","Louisville","B",1,0.8963508439838
"3037","Lowell","B",1,0.889740673835573
"3038","Luan","B",1,0.854295953448728
"3039","Luanda","C",1,0.81478677042119
"3040","Luanshya","C",1,0.845939384824061
"3041","Luau","C",1,0.742839742764586
"3042","Lubango","C",1,0.903975788096154
"3043","Lubao","D",1,0.8985540976239
"3044","Lubbock","C",1,0.857196085178571
"3045","Lubeck","B",1,0.894280581929025
"3046","Lublin","A",1,0.932708342960914
"3047","Lubumbashi","C",1,0.888067471414215
"3048","Lubutu","D",1,0.857156194604903
"3049","Lucapa","D",1,0.888984259034998
"3050","Lucknow","C",1,0.870619284298432
"3051","Ludhiana","C",1,0.902159344792083
"3052","Luebo","D",1,0.894632950931985
"3053","Luena","C",1,0.870744666946318
"3054","Lufkin","B",1,0.855008133662662
"3055","Luga","A",1,0.940653162854528
"3056","Lugano","B",1,0.905567899952364
"3057","Luganville","D",1,0.850129212887439
"3058","Luhansk","A",1,0.943557974838528
"3059","Lujan","B",1,0.88220180724109
"3060","Lulea","A",1,0.941610532298891
"3061","Luleburgaz","B",1,0.86237203200749
"3062","Lumberton","B",1,0.874368709416442
"3063","Lundazi","C",1,0.882415349829839
"3064","Luohe","A",1,0.798007399759758
"3065","Luoyang","A",1,0.915113353339368
"3066","Lupanshui","B",1,0.774651033786108
"3067","Lusaka","C",1,0.88421756530379
"3068","Lusambo","D",1,0.875596535136553
"3069","Lusanga","D",1,0.868548246739994
"3070","Luton","B",1,0.892006297365342
"3071","Lutselke","A",1,0.944456940864045
"3072","Lutsk","A",1,0.940959621378142
"3073","Luwuk","D",1,0.917967515643907
"3074","Luxembourg","B",1,0.892510538862861
"3075","Luxor","C",1,0.905353442781644
"3076","Luzern","B",1,0.891363893914725
"3077","Luzhou","B",1,0.745608631124806
"3078","Lvov","A",1,0.861581178908766
"3079","Lynchburg","B",1,0.897364418001333
"3080","Lyon","B",1,0.895358463953299
"3081","Lysychansk","A",1,0.941454332837515
"3082","Maanshan","B",1,0.873998951845379
"3083","Mabaruma","D",1,0.856543175538726
"3084","Macae","D",1,0.90261333373664
"3085","Macapa","D",1,0.84317824526857
"3086","Macara","C",1,0.864185255564661
"3087","Macas","D",1,0.838846678970017
"3088","Macau","D",1,0.902607335191383
"3089","Maceio","D",1,0.845473465286809
"3090","Macenta","D",1,0.841247419118857
"3091","Machakos","C",1,0.856016514033755
"3092","Machala","D",1,0.848827397945385
"3093","Macheng","B",1,0.844078335980444
"3094","Machilipatnam","C",1,0.404695483017668
"3095","Machiques","D",1,0.907215490930103
"3096","Macia","D",1,0.875876720810415
"3097","Mackay","D",1,0.90160837569418
"3098","Macon","B",1,0.886401247775823
"3099","Madang","D",1,0.84062795854235
"3100","Madaoua","C",1,0.90473771047341
"3101","Madinat ath Thawrah","C",1,0.890567886847258
"3102","Madison","A",1,0.942612539507852
"3103","Madisonville","B",1,0.89364437833404
"3104","Madiun","D",1,0.845258685870764
"3105","Madrid","C",1,0.616672540768786
"3106","Madurai","C",1,0.489636242388176
"3107","Mae Sot","D",1,0.754732766905064
"3108","Maebashi","B",1,0.875413847313679
"3109","Mafetang","C",1,0.649997458008316
"3110","Magadan","A",1,0.940835824433437
"3111","Magangue","D",1,0.891872861956587
"3112","Magdagachi","A",1,0.94243287166597
"3113","Magdalena","D",1,0.90337083883137
"3114","Magdeburg","B",1,0.886419444042678
"3115","Magelang","D",1,0.846420276407198
"3116","Magnitogorsk","A",1,0.942198651489928
"3117","Magway","C",1,0.881612363937141
"3118","Mahabad","C",1,0.799920664596908
"3119","Mahajanga","D",1,0.897536119398527
"3120","Mahalapye","C",1,0.900999640175152
"3121","Mahilyow","A",1,0.941468039897934
"3122","Maiduguri","C",1,0.902844165005614
"3123","Maintirano","D",1,0.892800495811217
"3124","Maiquetia","D",1,0.794710811578439
"3125","Maitland","B",1,0.838962509903685
"3126","Maizaru","B",1,0.800552393866133
"3127","Majene","D",1,0.842499709491474
"3128","Makale","D",1,0.839621446606423
"3129","Makarov","A",1,0.942335554815973
"3130","Makeni","D",1,0.857834274003078
"3131","Makhachkala","B",1,0.822941953391704
"3132","Makhambet","A",1,0.941605188235158
"3133","Makinsk","A",1,0.942487207731172
"3134","Makiyivka","A",1,0.918880273877718
"3135","Makkah","C",1,0.900688016635747
"3136","Makokou","D",1,0.900378373085111
"3137","Makoua","D",1,0.906792643992477
"3138","Makurdi","D",1,0.800143403599792
"3139","Malabo","D",1,0.843513702393355
"3140","Malacca","D",1,0.837401084405276
"3141","Maladzyechna","A",1,0.941923888362075
"3142","Malaga","C",1,0.889881929126352
"3143","Malakal","C",1,0.861758805042712
"3144","Malang","D",1,0.847296802818962
"3145","Malanje","C",1,0.757524048113461
"3146","Malargue","B",1,0.740343741731044
"3147","Malatya","C",1,0.78512974417881
"3148","Maldonado","B",1,0.88836367355341
"3149","Malegaon","C",1,0.905136668733327
"3150","Malindi","D",1,0.851300328463439
"3151","Mallawi","C",1,0.904032538710233
"3152","Malmo","B",1,0.885547644587717
"3153","Mamou","D",1,0.906292951012584
"3154","Man","D",1,0.903517808881985
"3155","Manacapuru","D",1,0.83452815167869
"3156","Manado","D",1,0.843156469904182
"3157","Managua","D",1,0.893955553188644
"3158","Manama","C",1,0.903290289706291
"3159","Mananjary","D",1,0.836812253489062
"3160","Manaus","D",1,0.854539214946746
"3161","Manbij","C",1,0.899561174383054
"3162","Manchester1","B",1,0.873909640857732
"3163","Manchester2","B",1,0.894208661254798
"3164","Mandalay","C",1,0.874314833194199
"3165","Mandalgovi","A",1,0.941146654919825
"3166","Mandali","C",1,0.897867460831063
"3167","Mandera","C",1,0.90420001557828
"3168","Mandritsara","D",1,0.895740763616206
"3169","Mandurah","B",1,0.410767501158954
"3170","Mandya","C",1,0.897022706886877
"3171","Mangai","D",1,0.898091993854965
"3172","Mangalore","D",1,0.844073097174233
"3173","Mango","C",1,0.559367395706845
"3174","Mangochi","C",1,0.849351694691191
"3175","Manhattan","A",1,0.942395796287379
"3176","Manicore","D",1,0.860552602661271
"3177","Manila","D",1,0.900470308112423
"3178","Manisa","C",1,0.864579706618274
"3179","Manizales","D",1,0.842373277053722
"3180","Manja","C",1,0.842571896090402
"3181","Manjimup","B",1,0.855165399874898
"3182","Mankato","A",1,0.942190292992788
"3183","Mannheim","B",1,0.892858308959952
"3184","Manokwari","D",1,0.841598240544573
"3185","Manono","C",1,0.666179812484445
"3186","Manpo","A",1,0.941704151398307
"3187","Mansa","C",1,0.856136308531446
"3188","Mansehra","B",1,0.627465903417036
"3189","Mansfield","B",1,0.683885447231036
"3190","Manta","C",1,0.701330060170206
"3191","Manukau","B",1,0.889166258790929
"3192","Manyoni","C",1,0.903418988113575
"3193","Manzanillo1","D",1,0.752709573068219
"3194","Manzanillo2","D",1,0.894334343737662
"3195","Manzhouli","A",1,0.942861713749239
"3196","Mao","C",1,0.905310385370938
"3197","Maoming","D",1,0.908617605151573
"3198","Mapai","C",1,0.905197775632961
"3199","Maputo","D",1,0.592306873234865
"3200","Maqat","A",1,0.92269831837692
"3201","Mar de Ajo","B",1,0.890708225105029
"3202","Mar del Plata","B",1,0.897731470395835
"3203","Maraba","D",1,0.857307927010344
"3204","Maracaibo","C",1,0.659415728966982
"3205","Maracaju","D",1,0.912157880864833
"3206","Maradi","C",1,0.905855892832959
"3207","Maragheh","C",1,0.730808743565728
"3208","Marbella","C",1,0.896852784776765
"3209","Mardan","C",1,0.90856601734779
"3210","Mardin","C",1,0.845698239130843
"3211","Maria Elena","C",1,0.903141734579189
"3212","Maribor","B",1,0.888475820893721
"3213","Maridi","D",1,0.821877995547303
"3214","Mariental","C",1,0.907797208660882
"3215","Marietta","B",1,0.892082140777983
"3216","Mariinsk","A",1,0.94197487148673
"3217","Marilia","D",1,0.906170252962269
"3218","Marinette","A",1,0.942128192297768
"3219","Maringa","D",1,0.902420156848638
"3220","Marion","A",1,0.653581550906264
"3221","Mariupol","B",1,0.729552988774488
"3222","Markala","C",1,0.903762332451458
"3223","Maroantsetra","D",1,0.850329286284471
"3224","Maroua","C",1,0.904363896453997
"3225","Marovoay","D",1,0.898803139381054
"3226","Marquette","A",1,0.941688785751825
"3227","Marrakesh","C",1,0.901163961220539
"3228","Marrupa","C",1,0.631504876697225
"3229","Marsabit","D",1,0.900561640715275
"3230","Marsala","B",1,0.698437494960339
"3231","Marseille","B",1,0.87665345063481
"3232","Martapura","D",1,0.837336614243206
"3233","Mary","C",1,0.897016719429109
"3234","Mary borough","D",1,0.888412524581111
"3235","Maryborough","B",1,0.878493683574616
"3236","Marzuq","C",1,0.900363768092262
"3237","Masaka","D",1,0.902487377361247
"3238","Masan","B",1,0.844015620919672
"3239","Masasi","C",1,0.793521424115397
"3240","Mascara","C",1,0.855343218601116
"3241","Maseru","C",1,0.713114225254776
"3242","Mashhad","C",1,0.843357894550551
"3243","Masindi-Port","D",1,0.915656751857934
"3244","Masjed Soleyman","C",1,0.903480763902447
"3245","Mason City","A",1,0.944595858646854
"3246","Massawa","C",1,0.904248758322114
"3247","Masterton","B",1,0.895226827829891
"3248","Masvingo","C",1,0.902541822565234
"3249","Matadi","D",1,0.797089059984007
"3250","Matagalpa","D",1,0.842068878619136
"3251","Matagami","A",1,0.942259772459883
"3252","Matamoros","C",1,0.829679282133785
"3253","Matanzas","D",1,0.908200272464018
"3254","Matara","D",1,0.851867618969117
"3255","Mataram","D",1,0.906158421598314
"3256","Mataro","B",1,0.885474751147516
"3257","Matehuala","C",1,0.902856065964999
"3258","Mathura","C",1,0.902803942475495
"3259","Mato Grosso","D",1,0.874124087811901
"3260","Matola","C",1,0.53479117029119
"3261","Matruh","C",1,0.902417112600422
"3262","Matsue","B",1,0.75685261065845
"3263","Matsumoto","B",1,0.823782842502191
"3264","Matsuyama","B",1,0.793099098400496
"3265","Maturin","D",1,0.901635621237139
"3266","Maues","D",1,0.856472816182959
"3267","Maumere","D",1,0.843765182029535
"3268","Maun","C",1,0.906268695017491
"3269","Mawlamyine","D",1,0.847537119837488
"3270","Maxixe","D",1,0.877369670981455
"3271","May Pen","D",1,0.909801532507742
"3272","Mayaguez","D",1,0.906377944251028
"3273","Maykop","B",1,0.890617111094728
"3274","Mazabuka","C",1,0.90324466210075
"3275","Mazar-e Sharif","C",1,0.898425043331733
"3276","Mazatenango","D",1,0.879281815124652
"3277","Mazatlan","D",1,0.770631496141862
"3278","Mazyr","A",1,0.941283852932289
"3279","Mbabane","B",1,0.599485936202332
"3280","Mbaiki","D",1,0.901184846223847
"3281","Mbala","C",1,0.86898368171313
"3282","Mbale","D",1,0.910195552368123
"3283","Mbalmayo","D",1,0.902517360756034
"3284","Mbandaka","D",1,0.842172578685614
"3285","Mbanza-Congo","D",1,0.893566093046568
"3286","Mbanza-Ngungu","D",1,0.907468681909381
"3287","Mbarara","D",1,0.632689320795662
"3288","Mbe","D",1,0.796119628630282
"3289","Mbeya","C",1,0.873773531862049
"3290","Mbuji-Mayi","D",1,0.90441371439844
"3291","Mbulu","C",1,0.875700137373449
"3292","McAlester","B",1,0.896739857800668
"3293","McAllen","C",1,0.902239897461964
"3294","McCook","A",1,0.942330346293263
"3295","McGrath","A",1,0.940813111467409
"3296","Meadow Lake","A",1,0.942171778529738
"3297","Medan","D",1,0.847684943868638
"3298","Medani","C",1,0.906704653315605
"3299","Medea","B",1,0.48204320902405
"3300","Medellin","D",1,0.89576582159732
"3301","Medford","C",1,0.560922232983902
"3302","Medicine Hat","A",1,0.943019200114338
"3303","Medina","C",1,0.907178443709134
"3304","Medinipur","C",1,0.489543603481565
"3305","Mednogorsk","A",1,0.944061493039227
"3306","Meekatharra","C",1,0.910099175170047
"3307","Meerut","C",1,0.905352932624905
"3308","Megion","A",1,0.943373971526755
"3309","Meiganga","D",1,0.800905379281141
"3310","Meizhou","D",1,0.595140145977782
"3311","Mejillones","C",1,0.90178474417946
"3312","Mekambo","D",1,0.903315005677542
"3313","Mekele","C",1,0.882877354648835
"3314","Meknes","C",1,0.892718671215854
"3315","Mekoryuk","A",1,0.941355991387495
"3316","Melbourne1","D",1,0.888295381552274
"3317","Melbourne2","B",1,0.896997759820063
"3318","Melilla","C",1,0.632497559022867
"3319","Melitopol","A",1,0.585545620487818
"3320","Melo","B",1,0.884148874539711
"3321","Melton","B",1,0.892772348904868
"3322","Melun","B",1,0.890821528642353
"3323","Melut","C",1,0.901914410599117
"3324","Melville","A",1,0.942902921709456
"3325","Memphis","B",1,0.893624557808622
"3326","Mendi","D",1,0.849093427901188
"3327","Mendocino","B",1,0.824602650286627
"3328","Mendoza","C",1,0.844954553566355
"3329","Mengzi","C",1,0.551190873870534
"3330","Meningie","B",1,0.873948728778914
"3331","Menongue","C",1,0.9118007868858
"3332","Merauke","D",1,0.907674343809
"3333","Merced","C",1,0.901822079610849
"3334","Mercedes1","B",1,0.881593417776435
"3335","Mercedes2","B",1,0.625455381335536
"3336","Mercedes3","B",1,0.873150984184989
"3337","Mercedes4","B",1,0.821906447495359
"3338","Merida","D",1,0.749250256030583
"3339","Meridian","B",1,0.868703627934269
"3340","Merimbula","B",1,0.878963171562104
"3341","Merowe","C",1,0.90574004124456
"3342","Merredin","C",1,0.880332003627884
"3343","Meru","D",1,0.851672977028362
"3344","Mesa","C",1,0.90945135135188
"3345","Messina","B",1,0.738452782041364
"3346","Metairie","B",1,0.54937639808081
"3347","Metz","B",1,0.896332725870576
"3348","Mexicali","C",1,0.901136083635799
"3349","Mexico City","C",1,0.86084643679529
"3350","Meymaneh","C",1,0.847531374416137
"3351","Mezen","A",1,0.94221873389551
"3352","Miahuatlan","C",1,0.881609638778012
"3353","Miami","D",1,0.904090258110936
"3354","Miami Beach","D",1,0.909392168381159
"3355","Miandrivazo","C",1,0.807362020455213
"3356","Mianyang","C",1,0.525672919977488
"3357","Miass","A",1,0.940365182491452
"3358","Michurinsk","A",1,0.944791298501783
"3359","Middelburg1","C",1,0.865580159825642
"3360","Middelburg2","C",1,0.845178540742923
"3361","Middlesbrough","B",1,0.902761717510693
"3362","Midland","C",1,0.881090868402581
"3363","Mikhaylovka","A",1,0.9385938181808
"3364","Mikumi","D",1,0.681848406485548
"3365","Milagro","D",1,0.906798203417917
"3366","Milan","B",1,0.891839725779812
"3367","Mildura","B",1,0.598917560681703
"3368","Miles City","A",1,0.939528874385146
"3369","Millerovo","A",1,0.943590807329471
"3370","Milwaukee","A",1,0.943419603202764
"3371","Minas","B",1,0.893135337930924
"3372","Minatitlan","D",1,0.842218496940311
"3373","Mindelo","C",1,0.79734197264041
"3374","Mineiros","D",1,0.904502351221196
"3375","Mingan","A",1,0.656367889609916
"3376","Minna","D",1,0.823692810228082
"3377","Minneapolis","A",1,0.941149914698583
"3378","Minot","A",1,0.940357456823869
"3379","Minsk","A",1,0.942270151195372
"3380","Minxian","A",1,0.939517303576572
"3381","Miracema","D",1,0.82131303688369
"3382","Miri","D",1,0.834952709647174
"3383","Mirnyy","A",1,0.942345416462805
"3384","Mirput Khas","C",1,0.899476322752673
"3385","Mirzapur","C",1,0.879140040205612
"3386","Mishan","A",1,0.940691166629414
"3387","Miskolc","A",1,0.907706019872634
"3388","Misratah","C",1,0.904332881198841
"3389","Missoula","A",1,0.892688266471507
"3390","Mistassini","A",1,0.939267579267072
"3391","Mitchell","A",1,0.942593427439925
"3392","Mitilini","C",1,0.592974155135229
"3393","Mitla","C",1,0.889361072076915
"3394","Mito","B",1,0.891294035585188
"3395","Mityana","D",1,0.904934728398207
"3396","Mitzik","D",1,0.899354155871137
"3397","MÌùnster","B",1,0.896052097802584
"3398","Miyazaki","D",1,0.851245697148686
"3399","Mizdah","C",1,0.904858015778888
"3400","Mmabatho","C",1,0.905993856650735
"3401","Mo i Rana","B",1,0.89276631273433
"3402","Moab","A",1,0.736423022216075
"3403","Moanda1","D",1,0.851063602834991
"3404","Moanda2","D",1,0.912266651238308
"3405","Moba","D",1,0.691995704334764
"3406","Mobile","B",1,0.578305072348143
"3407","Mobridge","A",1,0.942033615654614
"3408","Mocambique","D",1,0.836453256383257
"3409","Modena","B",1,0.896936099062606
"3410","Modesto","C",1,0.888910047952832
"3411","Moengo","D",1,0.839543142054458
"3412","Mogadishu","C",1,0.774018375872018
"3413","Mogocha","A",1,0.942115383876407
"3414","Mojokerto","D",1,0.832109981810783
"3415","Mokpo","B",1,0.868234397462847
"3416","Molde","B",1,0.895522953030519
"3417","Molepolole","C",1,0.903697036731363
"3418","Mollendo","C",1,0.909549880275445
"3419","Moloundou","D",1,0.902786645440561
"3420","Mombasa","D",1,0.869535161647754
"3421","Monaco","B",1,0.888701823926552
"3422","Monchegorsk","A",1,0.940948271292077
"3423","Monclova","C",1,0.906213330435494
"3424","Moncton","B",1,0.888371014285607
"3425","Mongbwalu","D",1,0.868202554164707
"3426","Mongo","C",1,0.901516848799338
"3427","Mongomo","D",1,0.89998533884147
"3428","Mongu","C",1,0.899715125950459
"3429","Monroe","B",1,0.856865863018724
"3430","Monrovia","D",1,0.843780824772736
"3431","Mont-Laurier","A",1,0.941876871169101
"3432","Monte Cristi","D",1,0.860581120858729
"3433","Montego Bay","D",1,0.909309030216045
"3434","Montemorelos","C",1,0.908795984601228
"3435","Montepuez","C",1,0.81933972447417
"3436","Monterey1","B",1,0.591887053952855
"3437","Monterey2","B",1,0.630398504556011
"3438","Monteria","D",1,0.904656787650363
"3439","Montero","D",1,0.905627309945731
"3440","Monterrey","C",1,0.904456814749704
"3441","Montes Claros","C",1,0.650745161187154
"3442","Montevideo","B",1,0.878864883273821
"3443","Montgomery","B",1,0.869639136632017
"3444","Monticello","A",1,0.810983253072562
"3445","Montpelier1","A",1,0.838738023161328
"3446","Montpelier2","A",1,0.923643104478349
"3447","Montpellier","B",1,0.896221891055478
"3448","Montreal","A",1,0.916354774339086
"3449","Montrose","A",1,0.941752773220778
"3450","Monywa","C",1,0.894055429483316
"3451","Moorhead","A",1,0.941471783917644
"3452","Moose Jaw","A",1,0.941503628212722
"3453","Mopti","C",1,0.906188974940917
"3454","Moquegua","C",1,0.910420514312749
"3455","Moradabad","C",1,0.903937210244559
"3456","Moranbah","C",1,0.904493658155767
"3457","Moratuwa","D",1,0.854233040103621
"3458","Morawa","C",1,0.896168822072818
"3459","Moree","C",1,0.814575884143754
"3460","Morelia","C",1,0.900347848050493
"3461","Morgantown","B",1,0.885743044789508
"3462","Morioka","B",1,0.900269100000421
"3463","Morogoro","C",1,0.544941583011182
"3464","Moron1","D",1,0.905754537655352
"3465","Moron2","A",1,0.941949013168215
"3466","Morondava","D",1,0.714210607703309
"3467","Moroni","D",1,0.848598419036187
"3468","Moroto","C",1,0.907809263107519
"3469","Morrinhos","D",1,0.885731896274155
"3470","Morshansk","A",1,0.941081876912892
"3471","Moscow","A",1,0.942600309210093
"3472","Moshi","C",1,0.783099210454119
"3473","Moss","B",1,0.890683520533519
"3474","Mossel Bay","B",1,0.872248700753646
"3475","Mossendjo","D",1,0.907570313057299
"3476","Mossoro","C",1,0.761135266871752
"3477","Mostaganem","C",1,0.89599771017954
"3478","Mostar","B",1,0.889848600842745
"3479","Mosul","C",1,0.901487618284521
"3480","Motul","D",1,0.767395926761459
"3481","Motupe","C",1,0.885209050116248
"3482","Mouila","D",1,0.913176880716683
"3483","Moundou","C",1,0.762932439131215
"3484","Mount Barker","B",1,0.894295867187002
"3485","Mount Gambier","B",1,0.888876162891205
"3486","Mount Isa","C",1,0.906104633968373
"3487","Moyale","C",1,0.860583889689805
"3488","Moyo","D",1,0.687585064024254
"3489","Moyobamba","D",1,0.90915037053372
"3490","Mozdok","A",1,0.907219632740942
"3491","Mozhga","A",1,0.942119578659949
"3492","Mpika","C",1,0.853128937291724
"3493","Mpwapwa","C",1,0.884382235925999
"3494","Mt. Hagen","D",1,0.838898873968839
"3495","Mt. Shasta","B",1,0.602069544073871
"3496","Mtsensk","A",1,0.943418762947226
"3497","Mtwara","D",1,0.881695513617219
"3498","Muar","D",1,0.846503170238097
"3499","Mubende","D",1,0.870871809780009
"3500","Mubi","C",1,0.881836606803074
"3501","Muconda","C",1,0.746169689805345
"3502","Mudangiang","A",1,0.942102360535534
"3503","Mudgee","B",1,0.877371588980891
"3504","Mudon","D",1,0.841989928483505
"3505","Mufulira","C",1,0.824232419257592
"3506","Mugla","C",1,0.701594189711977
"3507","Muglad","C",1,0.910580806606253
"3508","Muisne","D",1,0.884226472982984
"3509","Mulhouse","B",1,0.891930715503353
"3510","Multan","C",1,0.905245175763208
"3511","Mumbai","D",1,0.862961408025437
"3512","Mumbwa","C",1,0.910996934034877
"3513","Munchon","A",1,0.943503381261098
"3514","Muncie","B",1,0.692098431841458
"3515","Munich","B",1,0.898433562439622
"3516","Murcia","C",1,0.890484543788742
"3517","Murfreesboro","B",1,0.890571285293302
"3518","Muriae","D",1,0.895925452487378
"3519","Murmansk","A",1,0.941258699973729
"3520","Murom","A",1,0.944064173720332
"3521","Muroran","B",1,0.895839340571895
"3522","Murray Bridge","B",1,0.850799503011418
"3523","Mus","A",1,0.203420690881481
"3524","Musan","A",1,0.942418899479926
"3525","Muscat","C",1,0.901929794209463
"3526","Mushie","D",1,0.902648973505588
"3527","Musina","C",1,0.90663417493137
"3528","Muskegon","A",1,0.651966312705988
"3529","Muskogee","B",1,0.896961604894978
"3530","Musoma","D",1,0.805037666104517
"3531","Muswellbrook","B",1,0.872663824951465
"3532","Mutare","C",1,0.725168982996947
"3533","Muyinga","D",1,0.510622724621142
"3534","Muzaffarnagar","C",1,0.910910704756921
"3535","Muzaffarpur","C",1,0.83706976982799
"3536","Mwanza","D",1,0.804077555833818
"3537","Mweka","D",1,0.904818701556146
"3538","Mwene-Ditu","D",1,0.902563186829487
"3539","Mwenga","D",1,0.901615605422876
"3540","Mwingi","C",1,0.815628539254078
"3541","Mwinilunga","C",1,0.822267417119623
"3542","My Tho","D",1,0.867269566763742
"3543","Myeik","D",1,0.855895476655447
"3544","Myingyan","C",1,0.906008035946092
"3545","Myitkyina","D",1,0.898940587226146
"3546","Mykolayiv","A",1,0.885430259797129
"3547","Mymensingh","D",1,0.889982049903299
"3548","Myrtle Beach","B",1,0.768353310318202
"3549","Mysore","C",1,0.8903244985449
"3550","Mzuzu","C",1,0.675564896599236
"3551","Naberezhnyye Chelny","A",1,0.943761519616788
"3552","Nabeul","C",1,0.778615403069242
"3553","Nabire","D",1,0.853438854153978
"3554","Nablus","C",1,0.895567160785928
"3555","Nacala","D",1,0.826287374929183
"3556","Nacaome","D",1,0.824573305424265
"3557","Nadym","A",1,0.944149696919132
"3558","Naga","D",1,0.852959237715624
"3559","Nagano","B",1,0.893895495326256
"3560","Nagaoka","B",1,0.891311848283738
"3561","Nagasaki","D",1,0.806666696098489
"3562","Nagele","C",1,0.841644244117862
"3563","Nagercoil","D",1,0.854931397208659
"3564","Nagoya","B",1,0.803255010455826
"3565","Nagpur","C",1,0.898068071390341
"3566","Naha","D",1,0.859414317847987
"3567","Nain","A",1,0.940879771884472
"3568","Nairobi","C",1,0.807831661551951
"3569","Naivasha","C",1,0.561730843131839
"3570","Najran","C",1,0.906672829908528
"3571","Nakhodka","A",1,0.945055233507367
"3572","Nakhon Phanom","D",1,0.917068928647314
"3573","Nakhon Ratchasima","D",1,0.737969104188647
"3574","Nakhon Sawan","C",1,0.446192933093915
"3575","Nakhon Si Thammarat","D",1,0.839789259410875
"3576","Nakuru","C",1,0.721880063231692
"3577","Naltchik","A",1,0.934774079935967
"3578","Nalut","C",1,0.893527020049066
"3579","Nam Dinh","D",1,0.900449580292388
"3580","Namanga","C",1,0.851914929780394
"3581","Namangan","C",1,0.753310171369786
"3582","Namibe","C",1,0.906029469050153
"3583","Nampo","A",1,0.94385711318974
"3584","Nampula","C",1,0.730810889695149
"3585","Namtu","C",1,0.837177913288035
"3586","Namur","B",1,0.900549355957902
"3587","Nan","D",1,0.902117086107026
"3588","Nanaimo","B",1,0.897163517408644
"3589","Nancha","A",1,0.942866974668603
"3590","Nanchang","B",1,0.673271678534141
"3591","Nanchong","C",1,0.475402761301369
"3592","Nancy","B",1,0.902570797976803
"3593","Nanded","C",1,0.902777535107828
"3594","Nandi","D",1,0.855785321316814
"3595","Nandyal","C",1,0.905362564311633
"3596","Nangong","A",1,0.845290996326203
"3597","Nanjing","B",1,0.874234271416758
"3598","Nanning","D",1,0.814053440977236
"3599","Nanping","B",1,0.36384470110918
"3600","Nantes","B",1,0.891014130690802
"3601","Nantong","B",1,0.873146461139986
"3602","Nanuque","D",1,0.850631150655917
"3603","Nanyang","A",1,0.759941651583111
"3604","Nanyuki","C",1,0.591190831400798
"3605","Naples1","D",1,0.906831230274064
"3606","Naples2","B",1,0.859040658979549
"3607","Nara","C",1,0.900677690780569
"3608","Narathiwat","D",1,0.84873193095211
"3609","Narayanganj","D",1,0.909774385525014
"3610","Narrabri","B",1,0.631815598249883
"3611","Narrogin","C",1,0.619409564971256
"3612","Narsarsuaq","A",1,0.929574649028703
"3613","Narva","A",1,0.941051105410862
"3614","Naryan Mar","A",1,0.942216205925296
"3615","Naryn","A",1,0.940677305821031
"3616","Nasca","C",1,0.904835885876501
"3617","Nashville","B",1,0.898750646677505
"3618","Nasik","C",1,0.887337035263226
"3619","Nassau","D",1,0.90696947323264
"3620","Nata","C",1,0.901707149179524
"3621","Natal","D",1,0.896946503345255
"3622","Natchez","B",1,0.871735215855742
"3623","National City","C",1,0.903981974163567
"3624","Natitingou","D",1,0.78136737330322
"3625","Nautla","D",1,0.907954105053771
"3626","Navajoa","C",1,0.905527737509129
"3627","Navoi","C",1,0.840443867458254
"3628","Navsari","D",1,0.888632982207393
"3629","Nawabganj","D",1,0.773902391589643
"3630","Nawabshah","C",1,0.904355822744108
"3631","Naxcivan","C",1,0.739221195538996
"3632","Naypyidaw","C",1,0.576306977934
"3633","Nazareth","C",1,0.905372473800218
"3634","Nazret","C",1,0.846714843604093
"3635","Nazyvayevsk","A",1,0.940385166424605
"3636","Nchelenge","C",1,0.84910665424273
"3637","Ndalatando","C",1,0.602149072851374
"3638","Ndele","C",1,0.655324991506174
"3639","Ndende","D",1,0.909828081608954
"3640","Ndjamena","C",1,0.908687209292756
"3641","Ndola","C",1,0.826230512718743
"3642","Necochea","B",1,0.901831744099883
"3643","Needles","C",1,0.902459839968363
"3644","Neftekamsk","A",1,0.942829138017357
"3645","Nehe","A",1,0.942270830755331
"3646","Neiafu","D",1,0.840126095785902
"3647","Neiba","C",1,0.679966667971973
"3648","Neijiang","B",1,0.433893581631863
"3649","Neiva","D",1,0.899608619175788
"3650","Nekemte","D",1,0.899011493943335
"3651","Nelidovo","A",1,0.941767093060551
"3652","Nellore","C",1,0.516430920098413
"3653","Nelson1","B",1,0.890029968580391
"3654","Nelson2","B",1,0.792727856955217
"3655","Nelspruit","C",1,0.891291360809951
"3656","Nenana","A",1,0.941951254196615
"3657","Nenjiang","A",1,0.942968341841198
"3658","Nepalganj","C",1,0.78864371019992
"3659","Nephi","A",1,0.682703032418692
"3660","Nerchinsk","A",1,0.942883555614856
"3661","Neryungri","A",1,0.943155639615785
"3662","Neuquen","C",1,0.801615374565383
"3663","Nevelsk","A",1,0.896410303151718
"3664","Nevers","B",1,0.891499004309137
"3665","Nevinnomyssk","A",1,0.933373329564589
"3666","Nevyansk","A",1,0.945593425827595
"3667","New Albany","B",1,0.890097715155466
"3668","New Amsterdam","D",1,0.887640524500304
"3669","New Bedford","B",1,0.895369150683307
"3670","New Braunfels","B",1,0.580131072477365
"3671","New Delhi","C",1,0.906663716262756
"3672","New Glasgow","B",1,0.892521812250904
"3673","New Haven","B",1,0.890852020481137
"3674","New Iberia","B",1,0.667020167289315
"3675","New Liskeard","A",1,0.942517535985469
"3676","New London","B",1,0.894975229740699
"3677","New Orleans","B",1,0.568815576322154
"3678","New Plymouth","B",1,0.666174288894539
"3679","New York","B",1,0.893200692113193
"3680","Newark","B",1,0.888444871367335
"3681","Newcastle","B",1,0.896163053451193
"3682","Newman","C",1,0.909569917533659
"3683","Newport","B",1,0.893597828911348
"3684","Neyshabur","C",1,0.852183788041489
"3685","Nezahualcoyotl","C",1,0.857776391710649
"3686","Ngaoundere","D",1,0.743254279476745
"3687","Ngara","C",1,0.765889066380351
"3688","Nguigmi","C",1,0.905158105654286
"3689","Nguru","C",1,0.906786810830495
"3690","Nha Trang","D",1,0.891909641258982
"3691","Niagara Falls","B",1,0.658309585845454
"3692","Niamey","C",1,0.903307797308251
"3693","Nice","B",1,0.887819956844116
"3694","Nicosia","C",1,0.75800879971584
"3695","Nicuadala","D",1,0.8961214452362
"3696","Nieuw Nickerie","D",1,0.896697733342168
"3697","Niigata","B",1,0.867835665736293
"3698","Nikel","A",1,0.940742791404411
"3699","Nikolayevsk","A",1,0.941772887560987
"3700","Nikolayevsk na Amure","A",1,0.941550719046764
"3701","Nikopol","A",1,0.748401004078225
"3702","Nimes","B",1,0.878086651601692
"3703","Nimule","C",1,0.759436478105101
"3704","Ninde","D",1,0.659990421750136
"3705","Ningan","A",1,0.941855774688485
"3706","Ningbo","B",1,0.821621529047336
"3707","Ninh Binh","D",1,0.90084876556385
"3708","Nioro du Sahel","C",1,0.910230597353216
"3709","Nipigon","A",1,0.944020325927448
"3710","Niquelandia","D",1,0.797441967724336
"3711","Nis","B",1,0.897125507785342
"3712","Niteroi","D",1,0.900097735613109
"3713","Niyala","C",1,0.907943743902289
"3714","Nizamabad","C",1,0.89179209990188
"3715","Nizhenvartovsk","A",1,0.94437750020814
"3716","Nizhnekamsk","A",1,0.941844414800662
"3717","Nizhneudinsk","A",1,0.94357202520339
"3718","Nizhny Novgorod","A",1,0.940609245347603
"3719","Nizhny Tagil","A",1,0.941451169760418
"3720","Nizhnyaya Tura","A",1,0.944232908499364
"3721","Nizhyn","A",1,0.943177101155594
"3722","Nizwa","C",1,0.904441102556006
"3723","Njombe","C",1,0.76807288584855
"3724","Nkawkaw","D",1,0.905296357167309
"3725","Nkhata Bay","D",1,0.867136650936863
"3726","Nkhotakota","D",1,0.814648752571221
"3727","Nkongsamba","D",1,0.849416572376175
"3728","Nogales","C",1,0.900725198041622
"3729","Noginsk","A",1,0.942245994807496
"3730","Nola","D",1,0.908459852246702
"3731","Nome","A",1,0.94354654528781
"3732","Nong Khai","D",1,0.909217999375193
"3733","Nongan","A",1,0.942273741167175
"3734","Nonthaburi","D",1,0.868262776737793
"3735","Norfolk1","B",1,0.896304954533475
"3736","Norfolk2","A",1,0.941796402914015
"3737","Norilsk","A",1,0.942849352188739
"3738","Norman","B",1,0.840590095292978
"3739","Norman Wells","A",1,0.942169305405595
"3740","Norrkoping","A",1,0.692977135882722
"3741","Norseman","B",1,0.618404716791236
"3742","North Battleford","A",1,0.94134412272897
"3743","North Bay","A",1,0.941353607965673
"3744","North Platte","A",1,0.945657908215455
"3745","Northam","C",1,0.90514869215132
"3746","Norwich","B",1,0.895780111671216
"3747","Nottingham","B",1,0.892261106949815
"3748","Nouadhibou","C",1,0.907763286880074
"3749","Nouakchott","C",1,0.905690338042435
"3750","Noumea","D",1,0.91607773891334
"3751","Nova Cruz","D",1,0.820598744282216
"3752","Nova Friburgo","D",1,0.908686510825737
"3753","Nova Iguacu","D",1,0.902705222262712
"3754","Nova Lima","D",1,0.894119554639538
"3755","Nova Vicosa","D",1,0.868184655795017
"3756","Novara","B",1,0.901846697796335
"3757","Novi Sad","B",1,0.785572626985455
"3758","Novo Airao","D",1,0.842330606511974
"3759","Novo Hamburgo","B",1,0.796855069237396
"3760","Novo Horizonte","D",1,0.910205286080533
"3761","Novoaltaysk","A",1,0.942121880711122
"3762","Novocherkassk","B",1,0.703915267810008
"3763","Novokuybishevsk","A",1,0.942303677658743
"3764","Novokuznetsk","A",1,0.941716152386335
"3765","Novomoskovsk","A",1,0.94346098489533
"3766","Novorossiysk","B",1,0.891633074516189
"3767","Novoshakhtinsk","A",1,0.429660550691363
"3768","Novosibirsk","A",1,0.941074385876567
"3769","Novotroitsk","A",1,0.942086938116099
"3770","Novozybkov","A",1,0.942531020344296
"3771","Novyy Urengoy","A",1,0.941981848762198
"3772","Nowra","B",1,0.857725335926787
"3773","Nowy Sacz","A",1,0.853691686875858
"3774","Nsukka","D",1,0.902760423601317
"3775","Nueva Gerona","D",1,0.902309522750298
"3776","Nueva Imperial","B",1,0.894032205551152
"3777","Nueva Rosita","C",1,0.908256773993586
"3778","Nueve de Julio","B",1,0.886695101677818
"3779","Nuevitas","D",1,0.9042519097504
"3780","Nuevo Casas Grandes","C",1,0.908193074395786
"3781","Nuevo Laredo","C",1,0.902026103423435
"3782","Nukualofa","D",1,0.841463762537359
"3783","Nukus","A",1,0.323319461831821
"3784","Numan","C",1,0.906480389909895
"3785","Nuqui","D",1,0.844303684588522
"3786","Nurnberg","B",1,0.888848407451298
"3787","Nusaybin","C",1,0.90369040471592
"3788","Nyagan","A",1,0.94248435579914
"3789","Nyanza","D",1,0.707540835577345
"3790","Nyimba","C",1,0.904836889050041
"3791","Nyiregyhaza","A",1,0.62140604197989
"3792","Nyunzu","C",1,0.684481093191999
"3793","Nzega","C",1,0.846034557303813
"3794","Nzerekore","D",1,0.909707361091067
"3795","Nzeto","C",1,0.475369192722471
"3796","Oak Ridge","B",1,0.895358406964124
"3797","Oakland","C",1,0.625336642724732
"3798","Oamaru","B",1,0.892997999931402
"3799","Oatlands","B",1,0.897921980224579
"3800","Oaxaca","C",1,0.906937350104173
"3801","Ob","A",1,0.942400281295412
"3802","Obando","D",1,0.849192516833866
"3803","Obidos","D",1,0.841231468508562
"3804","Obihiro","A",1,0.895242292567666
"3805","Obninsk","A",1,0.943158381936192
"3806","Obo","D",1,0.834584546623647
"3807","Obock","C",1,0.900690721901122
"3808","Obuasi","D",1,0.901781222220386
"3809","Ocala","D",1,0.729689824025506
"3810","Ocana","D",1,0.909790026017501
"3811","Oceanside","C",1,0.909209234768574
"3812","Ocumare del Tuy","D",1,0.865269943316603
"3813","Odense","B",1,0.893684039587901
"3814","Odessa1","C",1,0.892242037155689
"3815","Odessa2","B",1,0.771935339804355
"3816","Odienne","D",1,0.820506697711707
"3817","Ogbomosho","D",1,0.721774336092468
"3818","Ogden","A",1,0.589545791666107
"3819","Oita","B",1,0.478766284469945
"3820","Ojinaga","C",1,0.908636356056598
"3821","Okahandja","C",1,0.906007830747552
"3822","Okara","C",1,0.906440167926835
"3823","Okayama","B",1,0.883120468687793
"3824","Okha","A",1,0.939988675147562
"3825","Oklahoma City","B",1,0.623601982810924
"3826","Oktyabrsk","A",1,0.942651331039684
"3827","Oktyabrskiy","A",1,0.941409180794733
"3828","Olavarria","B",1,0.896762125373568
"3829","Olbia","B",1,0.823102180258454
"3830","Oldenburg","B",1,0.892980577107827
"3831","Olgiy","A",1,0.941651900122987
"3832","Olinda","D",1,0.854160797806552
"3833","Olmaliq","C",1,0.782752022372558
"3834","Olmos","C",1,0.883462165795921
"3835","Olomouc","A",1,0.635638329359177
"3836","Olongapo","D",1,0.864587151991943
"3837","Olovyannaya","A",1,0.941290510740106
"3838","Olsztyn","A",1,0.866210407415981
"3839","Olympia","B",1,0.891972534828437
"3840","Omagh","B",1,0.893372599313399
"3841","Omaha","A",1,0.942506691125888
"3842","Omdurman","C",1,0.905032314446684
"3843","Ometepec","D",1,0.885778759198756
"3844","Omsk","A",1,0.942457349740882
"3845","Omutninsk","A",1,0.942194691189602
"3846","Ondjiva","C",1,0.913851156741102
"3847","Ondo","D",1,0.904832168048277
"3848","Ondorhaan","A",1,0.941219233367643
"3849","Onega","A",1,0.941391974646192
"3850","Ongjin","A",1,0.882435236765916
"3851","Ongole","C",1,0.81509524733302
"3852","Ongwediva","C",1,0.905106521386305
"3853","Onitsha","D",1,0.895580767560342
"3854","Ontario","C",1,0.566360554682839
"3855","Oostanay","A",1,0.941174645056617
"3856","Opobo","D",1,0.832957555662799
"3857","Opole","B",1,0.554393013065624
"3858","Oradea","B",1,0.82505677992489
"3859","Oral","A",1,0.94026967853429
"3860","Oran","C",1,0.888365227900286
"3861","Orange","B",1,0.896178830641129
"3862","Orange Walk","D",1,0.905972733897999
"3863","Orangeburg","B",1,0.853512210540151
"3864","Orangeville","A",1,0.943041839972507
"3865","Oranjemund","C",1,0.900421533525578
"3866","Oranjestad","C",1,0.495916972074549
"3867","Ordu","B",1,0.892060596522746
"3868","Orebro","A",1,0.84719191007385
"3869","Orekhovo-Zuevo","A",1,0.942224604844243
"3870","Orel","A",1,0.943678899731879
"3871","Orenburg","A",1,0.9442559911191
"3872","Orillia","A",1,0.576942387419631
"3873","Oriximina","D",1,0.850518713829235
"3874","Orizaba","D",1,0.905744958370816
"3875","Orlando","D",1,0.825999779646204
"3876","Orleans","B",1,0.893072824747245
"3877","Orlu","D",1,0.887955301387569
"3878","Ormac","D",1,0.840500977844772
"3879","Ornskoldsvik","A",1,0.83877688801449
"3880","Orocue","D",1,0.826516667654754
"3881","Orongen Zizhiqi","A",1,0.942929684636308
"3882","Orsha","A",1,0.943755706138179
"3883","Orsk","A",1,0.942962645709215
"3884","Orumiyeh","C",1,0.760685060953479
"3885","Oruro","A",1,0.338634325569833
"3886","Osaka","B",1,0.862926243831632
"3887","Osakarovka","A",1,0.941885372115718
"3888","Osh","A",1,0.570393605512483
"3889","Oshawa","A",1,0.905872888059842
"3890","Oshikango","C",1,0.901201997982871
"3891","Oshkosh","A",1,0.940468525774116
"3892","Oshogbo","D",1,0.878839749602436
"3893","Osijek","B",1,0.878188482498549
"3894","Oskemen","A",1,0.94091038684238
"3895","Oslo","B",1,0.758397982442007
"3896","OsnabrÌùck","B",1,0.893437744350622
"3897","Osorio","B",1,0.383351860910219
"3898","Osorno","B",1,0.892233082483593
"3899","Ostersund","A",1,0.941583141471098
"3900","Ostrava","B",1,0.887518747098734
"3901","Otar","A",1,0.931775812184861
"3902","Otaru","B",1,0.887424415104512
"3903","Otjiwarongo","C",1,0.905170299681702
"3904","Otradnyy","A",1,0.943305317955384
"3905","Otsu","B",1,0.874314380347042
"3906","Ottawa","A",1,0.94218309159342
"3907","Ottumwa","A",1,0.943619235051749
"3908","Oturkpo","D",1,0.890436861369796
"3909","Otuzco","B",1,0.569097968989771
"3910","Ouadda","C",1,0.789391765036771
"3911","Ouagadougou","C",1,0.90570413816216
"3912","Ouahigouya","C",1,0.906881504114845
"3913","Ouargla","C",1,0.908384972129449
"3914","Oudtshoorn","C",1,0.668103395572919
"3915","Ouesso","D",1,0.901083155416246
"3916","Ouezzane","C",1,0.901184650625183
"3917","Ouidah","D",1,0.87097730623822
"3918","Oujda","C",1,0.889624303504337
"3919","Oulu","A",1,0.941862470730861
"3920","Oum Hadjer","C",1,0.903635808443648
"3921","Ourense","B",1,0.870226420516228
"3922","Ourinhos","D",1,0.906074955116607
"3923","Outjo","C",1,0.912217730461187
"3924","Ouyen","B",1,0.674587762669619
"3925","Ovalle","C",1,0.904946314023121
"3926","Oviedo","B",1,0.891345986742352
"3927","Owando","D",1,0.90614481406171
"3928","Owensboro","B",1,0.894702520809573
"3929","Owo","D",1,0.903830268286287
"3930","Oxford","B",1,0.892089203532294
"3931","Oxford House","A",1,0.941501544609019
"3932","Oyem","D",1,0.89872985721226
"3933","Oyo","D",1,0.734359908665371
"3934","Oytal","A",1,0.804017954388243
"3935","Ozamis","D",1,0.840111105519973
"3936","Paarl","B",1,0.759753822654195
"3937","Pabna","D",1,0.889116034367541
"3938","Pacasmayo","C",1,0.900845360188216
"3939","Pachuca","C",1,0.497607606160908
"3940","Padang","D",1,0.848453857358645
"3941","Padangpanjang","D",1,0.851479977595414
"3942","Padangsidempuan","D",1,0.842886731389588
"3943","Padilla","C",1,0.631546529890255
"3944","Paducah","B",1,0.895801863782969
"3945","Pagadian","D",1,0.849066458002635
"3946","Pago Pago","D",1,0.839505796108156
"3947","Paita","C",1,0.907219452075227
"3948","Pakalongan","D",1,0.849431273243199
"3949","Pakanbaru","D",1,0.846305200035746
"3950","Pakokku","C",1,0.907937448900674
"3951","Pakwach","D",1,0.701112430151758
"3952","Pakxe","D",1,0.899804048711991
"3953","Pala","C",1,0.911350687890429
"3954","Palangkaraya","D",1,0.83315355547685
"3955","Palapye","C",1,0.905712992505927
"3956","Palatka","B",1,0.389823625640726
"3957","Palembang","D",1,0.83435609086645
"3958","Palermo","B",1,0.775343832413192
"3959","Pali","C",1,0.909302819237214
"3960","Pallasovka","A",1,0.942301374360298
"3961","Palm Coast","D",1,0.727569827121685
"3962","Palm Springs","C",1,0.90799003550477
"3963","Palma","B",1,0.866493317555732
"3964","Palma Soriano","D",1,0.913970554233128
"3965","Palmas","B",1,0.570539628622329
"3966","Palmeira dos Indios","D",1,0.895386277142975
"3967","Palmer","A",1,0.943912515565196
"3968","Palmerston North","B",1,0.893776926799174
"3969","Palopo","D",1,0.851574263187278
"3970","Palu","D",1,0.907310120667047
"3971","Pampa del Infierno","C",1,0.837410462854785
"3972","Pamplona1","B",1,0.64142959548196
"3973","Pamplona2","B",1,0.898752020321055
"3974","Panama City1","D",1,0.862103963188162
"3975","Panama City2","D",1,0.584582495963964
"3976","Panda","C",1,0.560706422642419
"3977","Panevezy","A",1,0.932977406038139
"3978","Pangkalpinang","D",1,0.834853664727059
"3979","Panipat","C",1,0.906631512167578
"3980","Panshi","A",1,0.943283834306041
"3981","Panuco","D",1,0.787561036488706
"3982","Panzhihua","C",1,0.880717698167745
"3983","Papasquiaro","C",1,0.906014790345909
"3984","Paracatu","D",1,0.885538049614452
"3985","Parachinar","A",1,0.543196108405334
"3986","Paracuru","D",1,0.905968300176355
"3987","Paragominas","D",1,0.845195991121278
"3988","Paragould","B",1,0.890870167274485
"3989","Paraguari","D",1,0.749523827253468
"3990","Paraiso","D",1,0.889977342435406
"3991","Parakou","C",1,0.56939893336877
"3992","Paramaribo","D",1,0.841880212068916
"3993","Parana","B",1,0.823177257882244
"3994","Paranagua","D",1,0.842651551126428
"3995","Paranaiba","D",1,0.901058181730056
"3996","Parbhani","C",1,0.908079842699834
"3997","Pardubice","B",1,0.889342270253592
"3998","Parepare","D",1,0.887234172664218
"3999","Paris","B",1,0.894728335021245
"4000","Parkersburg","B",1,0.89159158378946
"4001","Parkes","B",1,0.856965043960771
"4002","Parma","B",1,0.889303544364083
"4003","Parnaiba","D",1,0.886074606125834
"4004","Parnu","A",1,0.914385033052055
"4005","Parowan","A",1,0.699827011549752
"4006","Parras","C",1,0.91188843280575
"4007","Parry Sound","B",1,0.846351829171956
"4008","Partizansk","A",1,0.9391595562682
"4009","Pasadena1","B",1,0.800870352357062
"4010","Pasadena2","C",1,0.911502850371309
"4011","Pasay City","D",1,0.91136981255525
"4012","Paso de los Toros","B",1,0.867170296854742
"4013","Paso Rio Mayo","B",1,0.880269368826729
"4014","Paso Robles","C",1,0.869860553260399
"4015","Passau","B",1,0.886447811711842
"4016","Passo Fundo","B",1,0.704086666156631
"4017","Passos","D",1,0.902758376033778
"4018","Pasto","B",1,0.844282896940221
"4019","Pasuruan","D",1,0.910152805663623
"4020","Paterson","B",1,0.888135970934908
"4021","Pathankot","C",1,0.879501064922777
"4022","Pathein","D",1,0.885271444517531
"4023","Pathum Thani","D",1,0.877289016076337
"4024","Pati","D",1,0.845642284175993
"4025","Patiala","C",1,0.901991158689246
"4026","Pativilca","C",1,0.888300661114935
"4027","Patna","C",1,0.858997993644468
"4028","Patos","C",1,0.851640658948643
"4029","Patra","C",1,0.857291652175656
"4030","Pavlodar","A",1,0.940584906492585
"4031","Paysandu","B",1,0.851427723744054
"4032","Peace River","A",1,0.942315735366627
"4033","Pec1","B",1,0.892696729422271
"4034","Pec2","B",1,0.889969192263578
"4035","Pechora","A",1,0.941946185010997
"4036","Pecos","C",1,0.9037440108678
"4037","Pecs","B",1,0.816633117189143
"4038","Pedreiras","D",1,0.902697543458193
"4039","Pedro Juan Caballero","D",1,0.898668913122362
"4040","Pedro Luro","B",1,0.874434987568633
"4041","Pelotas","B",1,0.811930719138919
"4042","Pematangsiantar","D",1,0.844657858215289
"4043","Pemba","D",1,0.843424824496714
"4044","Penapolis","D",1,0.90878865077347
"4045","Pendleton","B",1,0.679485206703749
"4046","Penedo","D",1,0.901311132104747
"4047","Penola","B",1,0.898349195725135
"4048","Penonome","D",1,0.895621678230451
"4049","Pensacola","B",1,0.592335031924258
"4050","Penticton","A",1,0.59281258511456
"4051","Penza","A",1,0.942097517927795
"4052","Penzance","B",1,0.891024906718424
"4053","Peoria","A",1,0.934243186877908
"4054","Perabumulih","D",1,0.836942226218437
"4055","Pereira","D",1,0.845627522832615
"4056","Pergamino","B",1,0.878238599161039
"4057","Perito Moreno","B",1,0.818853155591042
"4058","Perm","A",1,0.943981596040481
"4059","Pernik","B",1,0.894125006082555
"4060","Perpignan","B",1,0.884084120626654
"4061","Perth1","B",1,0.892369584055478
"4062","Perth2","C",1,0.749621758730233
"4063","Perugia","B",1,0.882411502994317
"4064","Pervouralsk","A",1,0.942086554691395
"4065","Pescara","B",1,0.886962537697785
"4066","Peshawar","C",1,0.90506188399252
"4067","Petatlan","D",1,0.879120911645235
"4068","Peterborough1","A",1,0.941121471413095
"4069","Peterborough2","B",1,0.672586992541348
"4070","Petersburg","B",1,0.899546841824385
"4071","Peto","D",1,0.890134751435557
"4072","Petoskey","A",1,0.914777771340996
"4073","Petrolina","C",1,0.901133056307346
"4074","Petropavlovsk","A",1,0.943619254974511
"4075","Petropavlovsk Kamchatskiy","B",1,0.559502088926808
"4076","Petropolis","D",1,0.908404737357503
"4077","Petrovsk Zabaykalskiy","A",1,0.940966274449988
"4078","Petrozavodsk","A",1,0.942659408401443
"4079","Phan Rang","D",1,0.861470851758703
"4080","Phan Thiet","D",1,0.900310907108464
"4081","Phayao","D",1,0.823261576794842
"4082","Phetchaburi","D",1,0.846996429872091
"4083","Philadelphia","B",1,0.889519851309546
"4084","Phitsanulok","C",1,0.379400557497436
"4085","Phnom Penh","D",1,0.847998093338505
"4086","Phoenix","C",1,0.90308598990938
"4087","Phrae","D",1,0.684062521848332
"4088","Phuket","D",1,0.898801125729406
"4089","Phyarpon","D",1,0.894692496214162
"4090","Pichilemu","B",1,0.539414365673469
"4091","Picos","C",1,0.811190176729309
"4092","Piedras Negras","C",1,0.904542006970823
"4093","Pierre","A",1,0.941846058505085
"4094","Pietermaritzburg","C",1,0.722376273604358
"4095","Pijijiapan","D",1,0.905186273511835
"4096","Pilar","D",1,0.773278608899863
"4097","Pilibhit","C",1,0.823018266429003
"4098","Pimentel","C",1,0.90195721381266
"4099","Pinar del Rio","D",1,0.910759185734485
"4100","Pindamonhangaba","D",1,0.907519440037102
"4101","Pine Bluff","B",1,0.86646940641531
"4102","Pingdingshan","A",1,0.870097761665973
"4103","Pingdu","A",1,0.943109690259772
"4104","Pingliang","A",1,0.941691499908452
"4105","Pingtung","D",1,0.906733974467961
"4106","Pingxiang1","D",1,0.797256793147989
"4107","Pingxiang2","B",1,0.839717245509513
"4108","Pingyi","A",1,0.941608299552932
"4109","Pinheiro","D",1,0.892388142704816
"4110","Pinrang","D",1,0.864682923806406
"4111","Pinsk","A",1,0.942331758815959
"4112","Piracicaba","D",1,0.913350128549506
"4113","PiraiÌ©vs","B",1,0.514405088217839
"4114","Pirapora","C",1,0.777969350556094
"4115","Pirassununga","D",1,0.902143263757897
"4116","Pires do Rio","D",1,0.850657228673241
"4117","Pirgos","C",1,0.744149762492645
"4118","Piripiri","D",1,0.887635297145583
"4119","Pisa","B",1,0.881824692514467
"4120","Pisco","C",1,0.909137496217423
"4121","Pitesti","A",1,0.640349145733112
"4122","Pittsburgh","B",1,0.874760866554274
"4123","Pittsfield","B",1,0.631306161887162
"4124","Piura","C",1,0.905137625625738
"4125","Pizen","A",1,0.748795479392252
"4126","Placetas","D",1,0.904433710502989
"4127","Plast","A",1,0.939287004767874
"4128","Plattsburg","A",1,0.94175193864304
"4129","Play Ku","D",1,0.907498280831626
"4130","Pleven","B",1,0.634916187515164
"4131","Plock","A",1,0.88889061821811
"4132","Ploiesti","A",1,0.821773808494152
"4133","Plovdiv","B",1,0.900556479650196
"4134","Plumtree","C",1,0.908241496435769
"4135","Plymouth","B",1,0.897585643547966
"4136","Pocatello","A",1,0.745596179201382
"4137","Pochutla","D",1,0.817278964351456
"4138","Pocos de Caldas","D",1,0.909491010070499
"4139","Podgorica","B",1,0.862432309126313
"4140","Podolsk","A",1,0.942279987433653
"4141","Poffader","C",1,0.899956121354126
"4142","Pohang","B",1,0.898035281360463
"4143","Pointe-a-Pitre","D",1,0.911513313350045
"4144","Pointe-Noire","D",1,0.882937344800734
"4145","Poitier","B",1,0.897533733243069
"4146","Pokrovsk","A",1,0.943300001631949
"4147","Pol-e Khomri","C",1,0.89209584166807
"4148","Polatli","B",1,0.594457336229806
"4149","Polatsk","A",1,0.943900999560602
"4150","Polevskoy","A",1,0.941931661211552
"4151","Polokwane","C",1,0.907108840682653
"4152","Polson","A",1,0.942661533839377
"4153","Poltava","A",1,0.942543610373941
"4154","Polyarnyy","A",1,0.942898625598003
"4155","Ponca City","A",1,0.735796482346148
"4156","Ponce","D",1,0.904923159125929
"4157","Pondicherry","C",1,0.477904688974528
"4158","Ponta Grossa","B",1,0.754483674669101
"4159","Ponta Pora","D",1,0.902315700181129
"4160","Ponte Nova","D",1,0.900286118745311
"4161","Pontes e Lacerda","D",1,0.897315942281512
"4162","Pontiac","A",1,0.91478377867071
"4163","Pontianak","D",1,0.855573346189857
"4164","Popayan","D",1,0.905021877392496
"4165","Poplar Bluff","B",1,0.894837395095712
"4166","Popondetta","D",1,0.843892066248909
"4167","Porbandar","C",1,0.800234122060669
"4168","Pori","A",1,0.933336237576134
"4169","Porlamar","D",1,0.844635404077449
"4170","Poronaysk","A",1,0.942810124686575
"4171","Port Alfred","B",1,0.8185524619295
"4172","Port Arthur","B",1,0.686650074475636
"4173","Port Augusta","C",1,0.758027024720608
"4174","Port Blair","D",1,0.854819821885284
"4175","Port Charlotte","D",1,0.905247004086387
"4176","Port Douglas","D",1,0.890191967126748
"4177","Port Elizabeth","B",1,0.843738462142873
"4178","Port Harcourt","D",1,0.849103742314295
"4179","Port Hardy","B",1,0.87850021936293
"4180","Port Hedland","C",1,0.899139533002849
"4181","Port Hope Simpson","A",1,0.67914943123015
"4182","Port Lavaca","B",1,0.787011051170051
"4183","Port Lincoln","B",1,0.888485491209559
"4184","Port Louis","D",1,0.899130014269528
"4185","Port Macquarie","D",1,0.609566672545399
"4186","Port Moresby","D",1,0.90363491210393
"4187","Port Pirie","C",1,0.64539428380133
"4188","Port Shepstone","D",1,0.820478173592073
"4189","Port Sudan","C",1,0.906715996484436
"4190","Port-au-Prince","D",1,0.886615175536762
"4191","Port-Gentil","D",1,0.900767416138539
"4192","Port-of-Spain","D",1,0.912856714027047
"4193","Port-Vila","D",1,0.845313873900395
"4194","Portachuelo","D",1,0.901852090027234
"4195","Portel","D",1,0.841595412652819
"4196","Portimao","B",1,0.688533946162078
"4197","Portland1","B",1,0.893989652662293
"4198","Portland2","B",1,0.891970416684786
"4199","Portland3","B",1,0.894451347555167
"4200","Porto","B",1,0.854761585932559
"4201","Porto Alegre","B",1,0.789414044733478
"4202","Porto Nacional","D",1,0.888419136140684
"4203","Porto Santana","D",1,0.847832344358221
"4204","Porto Seguro","D",1,0.858314413666363
"4205","Porto Uniao","B",1,0.798578637641044
"4206","Porto Velho","D",1,0.900442032515009
"4207","Porto-Novo","D",1,0.892229523850177
"4208","Portoviejo","C",1,0.565495808695512
"4209","Portsmouth","B",1,0.892715194713774
"4210","Porvoo","A",1,0.677397398899949
"4211","Posadas","D",1,0.577805165320054
"4212","Poso","D",1,0.848421437663502
"4213","Potchefstroom","C",1,0.872633812368761
"4214","Poti","B",1,0.714782723827907
"4215","Potiskum","C",1,0.901717247061945
"4216","Potosi","A",1,0.536453193708771
"4217","Potsdam","B",1,0.892610775074041
"4218","Poughkeepsie","B",1,0.865862177185603
"4219","Pouso Alegre","D",1,0.904440932011928
"4220","Powell","A",1,0.945303134049975
"4221","Powell River","B",1,0.892794697563789
"4222","Poza Rica de Hidalgo","D",1,0.912794703684119
"4223","Poznan","A",1,0.640135869635863
"4224","Prachin Buri","D",1,0.911414635243506
"4225","Prague","A",1,0.84572653103691
"4226","Praia","C",1,0.804383147672219
"4227","Praya","D",1,0.907782601066823
"4228","Prescott","C",1,0.852017223130861
"4229","Presidencia Roque Saenz Pena","C",1,0.82153281592998
"4230","Presidente Prudente","D",1,0.902241108107424
"4231","Presov","A",1,0.926590650899208
"4232","Pretoria","C",1,0.87693834213952
"4233","Price","A",1,0.818874047108047
"4234","Prieska","C",1,0.909088040351424
"4235","Prijedor","B",1,0.895684032107471
"4236","Prince Albert","A",1,0.940806238294947
"4237","Prince George","A",1,0.908609657838722
"4238","Principe da Beira","D",1,0.885452134827681
"4239","Pristina","B",1,0.891743540221785
"4240","Prizren","B",1,0.891971676796165
"4241","Probolinggo","D",1,0.896203582312066
"4242","Proddatur","C",1,0.903210823605492
"4243","Progreso","C",1,0.526711472843962
"4244","Progress","A",1,0.940354312842872
"4245","Prokopyevsk","A",1,0.942567919419783
"4246","Proserpine","D",1,0.907272699759281
"4247","Providence","B",1,0.898383668761532
"4248","Provideniya","A",1,0.941878697335795
"4249","Provo","A",1,0.637491716304415
"4250","Przemysl","A",1,0.878345386751889
"4251","Pskov","A",1,0.941645622550281
"4252","Pucallpa","D",1,0.903260384575654
"4253","Puebla","C",1,0.852653890097935
"4254","Pueblo","A",1,0.786352855452497
"4255","Puerto Aisen","B",1,0.797555145309022
"4256","Puerto Armuelles","D",1,0.847767585132346
"4257","Puerto Ayacucho","D",1,0.852069095439128
"4258","Puerto Barrios","D",1,0.839930142770317
"4259","Puerto Berrio","D",1,0.849430280174764
"4260","Puerto Cabezas","D",1,0.8393430943291
"4261","Puerto Carreno","D",1,0.841874524547667
"4262","Puerto Deseado","B",1,0.895901235401733
"4263","Puerto Escondido","D",1,0.717685848700022
"4264","Puerto la Cruz","C",1,0.588937798736746
"4265","Puerto Lempira","D",1,0.847210279622722
"4266","Puerto Limon","D",1,0.853422451968666
"4267","Puerto Lopez","D",1,0.836916170064252
"4268","Puerto Madryn","B",1,0.855270361062586
"4269","Puerto Maldonado","D",1,0.848529821652127
"4270","Puerto Montt","B",1,0.789739954794106
"4271","Puerto Natales","B",1,0.897669486746918
"4272","Puerto Princesa","D",1,0.905520461420186
"4273","Puerto San Julian","B",1,0.897909844693218
"4274","Puerto Vallarta","D",1,0.904594946316118
"4275","Puerto Varas","B",1,0.800843696780404
"4276","Pugachev","A",1,0.943233042621583
"4277","Pukatawagan","A",1,0.940106888429797
"4278","Pula","B",1,0.889916438961624
"4279","Punata","B",1,0.566495471847715
"4280","Pune","C",1,0.906338653105819
"4281","Puno","B",1,0.564500804747344
"4282","Punta Alta","B",1,0.878154323346695
"4283","Punta Arenas","B",1,0.895324722067907
"4284","Punta del Este","B",1,0.885467963204161
"4285","Punta Gorda","D",1,0.841136583889619
"4286","Punta Prieta","C",1,0.899894106441897
"4287","Puntarenas","D",1,0.83215767880636
"4288","Punto Fijo","C",1,0.649745624281311
"4289","Puqi","B",1,0.836080649198281
"4290","Puquio","C",1,0.468108634612125
"4291","Puri","D",1,0.85737701665343
"4292","Purnia","D",1,0.873071826440355
"4293","Pursat","D",1,0.879637607805922
"4294","Putian","B",1,0.534470381546863
"4295","Putrajaya","D",1,0.83863319971326
"4296","Puyang","A",1,0.840885706048921
"4297","Pyatigorsk","A",1,0.942134507393682
"4298","Pyay","C",1,0.493957315273746
"4299","Pyongsan","A",1,0.891193862273253
"4300","Pyongyang","A",1,0.941801642322473
"4301","Pyu","D",1,0.886820607501217
"4302","Qaanaq","A",1,0.940138075204886
"4303","Qairouan","C",1,0.908424548148316
"4304","Qal at Bishah","C",1,0.906087674343008
"4305","Qaminis","C",1,0.911443725405095
"4306","Qapshaghay","A",1,0.839194326870438
"4307","Qaraghandy","A",1,0.943086324838073
"4308","Qaratau","A",1,0.450970313543953
"4309","Qarazhal","A",1,0.943251619978578
"4310","Qarqaraly","A",1,0.941224272514953
"4311","Qarshi","C",1,0.883963857316743
"4312","Qasr-e Shirin","C",1,0.901498133140827
"4313","Qasserine","C",1,0.853549671440305
"4314","Qazaly","A",1,0.861942182455004
"4315","Qazvin","C",1,0.635612152702099
"4316","Qena","C",1,0.906812992280757
"4317","Qingan","A",1,0.943534802137829
"4318","Qingdao","A",1,0.942190350359414
"4319","Qinggang","A",1,0.943529805436708
"4320","Qingyuan","D",1,0.907511167928869
"4321","Qinhuangdao","A",1,0.940873075421301
"4322","Qinzhou","D",1,0.905967551676762
"4323","Qiqihar","A",1,0.94114150667724
"4324","Qitaihe","A",1,0.941961410022358
"4325","Qom","C",1,0.889484072414924
"4326","Qomsheh","C",1,0.839630116086041
"4327","Qoqon","C",1,0.775191795248683
"4328","Quang Ngai","D",1,0.841093868698799
"4329","Quang Tri","D",1,0.869757209191067
"4330","Quanzhou","D",1,0.595572084049151
"4331","Quarai","B",1,0.831073386084979
"4332","Quchan","C",1,0.739852529521177
"4333","Queanbeyan","B",1,0.890833900930796
"4334","Quebec","A",1,0.905943928979191
"4335","Queenstown1","C",1,0.787395415556033
"4336","Queenstown2","B",1,0.895028709565067
"4337","Queenstown3","B",1,0.788163837143651
"4338","Quelimane","D",1,0.915984147437947
"4339","Quellon","B",1,0.786856393747116
"4340","Queretaro","C",1,0.901479774608734
"4341","Quesada","D",1,0.853057929835728
"4342","Quetta","C",1,0.871952520610783
"4343","Quetzaltenango","D",1,0.864998742596913
"4344","Quezon City","D",1,0.905741087650605
"4345","Qui Nhon","D",1,0.889665450060564
"4346","Quibala","C",1,0.83901160194995
"4347","Quibdo","D",1,0.827503749823217
"4348","Quiemo","A",1,0.823616077750889
"4349","Quillacollo","B",1,0.569061446402463
"4350","Quillota","C",1,0.895472433245989
"4351","Quilon","D",1,0.836692051876696
"4352","Quime","B",1,0.603628168090377
"4353","Quincy","A",1,0.663588451299453
"4354","Quinhagak","A",1,0.941206134419717
"4355","Quipungo","C",1,0.90407911068467
"4356","Quirihue","B",1,0.756035555056602
"4357","Quissico","D",1,0.91194970712695
"4358","Quito","B",1,0.78413530391592
"4359","Quixada","C",1,0.772232676524215
"4360","Qulan","A",1,0.790127313330102
"4361","Qulsary","A",1,0.912299763929484
"4362","Qunghirot","A",1,0.647286655805877
"4363","Qurghonteppa","C",1,0.895488632060417
"4364","Qusmuryn","A",1,0.941935858169245
"4365","Quzhou","B",1,0.584027574074735
"4366","Qyzylorda","A",1,0.821846835673605
"4367","Raba","D",1,0.895960164664805
"4368","Rabat","C",1,0.888811408039971
"4369","Rabaul","D",1,0.842063479435172
"4370","Rach Gia","D",1,0.898034118269918
"4371","Racine","A",1,0.904579340336813
"4372","Radom","A",1,0.886587774841836
"4373","Rafaela","B",1,0.808356639052131
"4374","Rafha","C",1,0.904055363333302
"4375","Ragusa","B",1,0.77052780219743
"4376","Rahimyar Khan","C",1,0.9112487520222
"4377","Raichur","C",1,0.906393684695767
"4378","Raipur","C",1,0.85964414842691
"4379","Rajahmundry","C",1,0.687207080540653
"4380","Rajapalaiyam","C",1,0.797315085005777
"4381","Rajkot","C",1,0.910622228267154
"4382","Rajshahi","D",1,0.867336304226383
"4383","Raleigh","B",1,0.892718862638884
"4384","Rampur","C",1,0.889484702002435
"4385","Rancagua","C",1,0.855623841846491
"4386","Ranchi","C",1,0.823791500036036
"4387","Rangoon","D",1,0.892020421720897
"4388","Rangpur","D",1,0.926638659470955
"4389","Rankin Inlet","A",1,0.942554715511067
"4390","Rapid City","A",1,0.943107397710017
"4391","Ras al Khaymah","C",1,0.905988012395001
"4392","Rashid","C",1,0.903122683267687
"4393","Rasht","B",1,0.829513794199087
"4394","Ratchaburi","D",1,0.841397556865182
"4395","Ratlam","C",1,0.902627003455962
"4396","Raton","A",1,0.933506883824642
"4397","Raub","D",1,0.854460197612889
"4398","Raurkela","C",1,0.667581243784367
"4399","Ravenna","B",1,0.890716611765683
"4400","Ravensthorpe","B",1,0.861907603195287
"4401","Rawalpindi","C",1,0.902129008230233
"4402","Rawlins","A",1,0.942320204480748
"4403","Rawson","B",1,0.87603491359905
"4404","Rayevskiy","A",1,0.942840995201373
"4405","Rayong","D",1,0.89772756482731
"4406","Reading","B",1,0.894977916948854
"4407","Recife","D",1,0.847472800472248
"4408","Reconquista","B",1,0.794695860529513
"4409","Red Deer","A",1,0.939008054652973
"4410","Red Lake","A",1,0.941884184780238
"4411","Redding","C",1,0.864338401248083
"4412","Regensburg","B",1,0.88686878919869
"4413","Reggane","C",1,0.903388459091071
"4414","Reggio di Calabria","B",1,0.78665001992865
"4415","Regina","A",1,0.941335944580634
"4416","Registro","D",1,0.887914386935097
"4417","Rehoboth","C",1,0.905147706653305
"4418","Reims","B",1,0.896206677667048
"4419","Rennes","B",1,0.889045642402338
"4420","Reno","A",1,0.248586811779299
"4421","Resistencia","D",1,0.658616690058069
"4422","Resita","B",1,0.88299020800895
"4423","Revelstoke","B",1,0.892430032253474
"4424","Reykjavik","B",1,0.901075462123901
"4425","Reynosa","C",1,0.905285445306968
"4426","Rezekne","A",1,0.941016109001081
"4427","Rhinelander","A",1,0.942580929349487
"4428","Ribeirao Preto","D",1,0.912459772080915
"4429","Riberalta","D",1,0.899849308434484
"4430","Richland","C",1,0.618091748250294
"4431","Richmond1","B",1,0.891707367078593
"4432","Richmond2","A",1,0.906092214444155
"4433","Richmond3","B",1,0.868275884842639
"4434","Richmond4","B",1,0.831415139169839
"4435","Richmond5","C",1,0.904355809669969
"4436","Rida","C",1,0.904053623612631
"4437","Ridder","A",1,0.941203141910434
"4438","Riga","A",1,0.914592620605784
"4439","Rigolet","A",1,0.931180741733582
"4440","Rijeka","B",1,0.89390781380098
"4441","Rimouski","A",1,0.678467048345805
"4442","Rio Bueno","B",1,0.890158601998104
"4443","Rio Claro","D",1,0.90290050269987
"4444","Rio Colorado","B",1,0.860398674380388
"4445","Rio Cuarto","B",1,0.592586131931495
"4446","Rio de Janeiro","D",1,0.903023888258339
"4447","Rio Gallegos","B",1,0.899229100846153
"4448","Rio Grande1","B",1,0.851256989021698
"4449","Rio Grande2","B",1,0.885404420767995
"4450","Rio Largo","D",1,0.894570713296389
"4451","Rio Negro","B",1,0.772148290408025
"4452","Rio Tercero","C",1,0.664925637325247
"4453","Rio Verde1","C",1,0.901932235347499
"4454","Rio Verde2","D",1,0.89890828684182
"4455","Riobamba","B",1,0.873337342911618
"4456","Riohacha","D",1,0.833092206046158
"4457","Rivas","D",1,0.897823651945403
"4458","Rivera","B",1,0.816128009355348
"4459","Riverside","C",1,0.906634434387955
"4460","Riverton","A",1,0.933900129951401
"4461","Riviere-du-Loup","A",1,0.922775036631863
"4462","Rivne","A",1,0.940766591440962
"4463","Riyadh","C",1,0.912095754071476
"4464","Rize","B",1,0.882355511625262
"4465","Rizhao","A",1,0.910793449749461
"4466","Roanne","B",1,0.902423362604573
"4467","Roanoke","B",1,0.899960155227496
"4468","Robertsport","D",1,0.842750769072226
"4469","Robore","C",1,0.567300914357651
"4470","Rocha","B",1,0.883852842544314
"4471","Rochester1","B",1,0.594232383535375
"4472","Rochester2","A",1,0.942226630644778
"4473","Rock Hill","B",1,0.890875221184253
"4474","Rock Island","A",1,0.941011976689079
"4475","Rockford","A",1,0.942578140923377
"4476","Rockhampton","C",1,0.699654146213034
"4477","Rocky Mount","B",1,0.891237865720619
"4478","Rodeo","C",1,0.721790146103674
"4479","Rodos","C",1,0.750301878358991
"4480","Roebourne","C",1,0.906233196042334
"4481","Rohtak","C",1,0.907628932235714
"4482","Rolim de Moura","D",1,0.901722435580215
"4483","Roma","C",1,0.910795595389733
"4484","Rome","B",1,0.873941332899141
"4485","Rondonopolis","D",1,0.843114009029269
"4486","Rosario do Sul","B",1,0.764814544037356
"4487","Rosario1","B",1,0.848914656712184
"4488","Rosario2","D",1,0.845351105384101
"4489","Rosario3","D",1,0.908272343039484
"4490","Roseau","D",1,0.893018773274967
"4491","Roseburg","B",1,0.796899365793464
"4492","Rosenheim","B",1,0.886224387434781
"4493","Roskilde","B",1,0.886970914032659
"4494","Roslavl","A",1,0.940964058349745
"4495","Rosso","C",1,0.906486256318951
"4496","Rostock","B",1,0.891521609792239
"4497","Rostov1","B",1,0.745237236743559
"4498","Rostov2","A",1,0.943118670596466
"4499","Roswell","C",1,0.890673648628166
"4500","Rotorua","B",1,0.893322561310117
"4501","Rotterdam","B",1,0.891988850451088
"4502","Rouen","B",1,0.891432445705873
"4503","Roura","D",1,0.841285865779658
"4504","Rouyn-Noranda","A",1,0.942715241788995
"4505","Rovaniemi","A",1,0.942291995788208
"4506","Roxas","D",1,0.849585664552047
"4507","Rubtsovsk","A",1,0.941999802678198
"4508","Rudny","A",1,0.941710549254236
"4509","Ruhengeri","D",1,0.778452364146859
"4510","Rumbek","C",1,0.857274069346365
"4511","Rundu","C",1,0.905015037544645
"4512","Ruse","B",1,0.742774313820218
"4513","Russas","C",1,0.704739846523134
"4514","Rustavi","A",1,0.849023441723245
"4515","Rustenburg","C",1,0.903232754593703
"4516","Ruteng","D",1,0.851434611451883
"4517","Ruzayevka","A",1,0.941718037362661
"4518","Ryazan","A",1,0.942031492534361
"4519","Rybinsk","A",1,0.940946329271988
"4520","Rzeszow","A",1,0.891760642671835
"4521","Rzhev","A",1,0.941570747640768
"4522","Saarbrucken","B",1,0.892873084991963
"4523","Sabanalarga","D",1,0.885021041420392
"4524","Sabha","C",1,0.909150934533388
"4525","Sabinas Hidalgo","C",1,0.91461799403016
"4526","Sabzewar","C",1,0.883935781923874
"4527","Sacramento","C",1,0.898909143359633
"4528","Sadah","C",1,0.906703317690829
"4529","Sadiqabad","C",1,0.90885673646219
"4530","Safford","C",1,0.907252767915347
"4531","Safi","C",1,0.901059327648002
"4532","Safonovo","A",1,0.942658914795114
"4533","Sagar","C",1,0.864746898781548
"4534","Saginaw1","A",1,0.942714328960557
"4535","Saginaw2","A",1,0.94200927904138
"4536","Sagua la Grande","D",1,0.901305979409652
"4537","Saharanpur","C",1,0.906092543029882
"4538","Sahiwal","C",1,0.901207872575285
"4539","Saida1","C",1,0.836921747383872
"4540","Saida2","C",1,0.851906384512729
"4541","Saidpur","D",1,0.904703946601497
"4542","Saidu","B",1,0.725894875679599
"4543","Saint GeorgeÛªs","D",1,0.901180609856982
"4544","Saint John's","D",1,0.905786082669597
"4545","Saint-Etienne","B",1,0.891589307133998
"4546","Saint-Georges1","A",1,0.941373897793942
"4547","Saint-Georges2","D",1,0.865036979936287
"4548","Saint-Laurent-du-Maroni","D",1,0.841761800301845
"4549","Saint-Louis","C",1,0.911016814023536
"4550","Sakata","B",1,0.861980549392204
"4551","Sakhon Nakhon","D",1,0.893064227746916
"4552","Saki","A",1,0.839655174679283
"4553","Salalah","C",1,0.910187639731249
"4554","Salamanca1","C",1,0.903777760195799
"4555","Salamanca2","C",1,0.8906529256304
"4556","Salamanca3","B",1,0.657260863568925
"4557","Salatiga","D",1,0.843978501545746
"4558","Salavat","A",1,0.942532841608669
"4559","Salaverry","C",1,0.881596684455961
"4560","Saldanha","C",1,0.558630684896795
"4561","Sale","B",1,0.89824706489587
"4562","Salekhard","A",1,0.943295144972852
"4563","Salem1","B",1,0.897197237516565
"4564","Salem2","B",1,0.891413669237639
"4565","Salem3","C",1,0.843877656467671
"4566","Salerno","B",1,0.862332343446797
"4567","Salgueiro","C",1,0.887355765283378
"4568","Salima","C",1,0.808154608768842
"4569","Salina","A",1,0.9426220683129
"4570","Salina Cruz","C",1,0.549820444085631
"4571","Salinas1","C",1,0.710927329711992
"4572","Salinas2","C",1,0.738489409577851
"4573","Salinopolis","D",1,0.833305994179145
"4574","Salisbury","B",1,0.896927364377757
"4575","Salluit","A",1,0.94400305892627
"4576","Salmon","A",1,0.942685536620805
"4577","Salsk","A",1,0.942186644727618
"4578","Salt Lake City","A",1,0.565218894290202
"4579","Salta","C",1,0.872616840275124
"4580","Saltillo","C",1,0.895293133568711
"4581","Salto","B",1,0.847392660113611
"4582","Salum","C",1,0.908865475944341
"4583","Salvador","D",1,0.840776459295175
"4584","Salzburg","B",1,0.886212207645357
"4585","Samalut","C",1,0.902485793919922
"4586","Samandagi","C",1,0.831741907222933
"4587","Samara","A",1,0.941728820518234
"4588","Samarinda","D",1,0.851803285273819
"4589","Samarqand","C",1,0.800023220059578
"4590","Sambalpur","C",1,0.549240956535141
"4591","Sambava","D",1,0.839946788639725
"4592","Same","C",1,0.870732480000315
"4593","Sampit","D",1,0.849406408634558
"4594","Samsun","B",1,0.888338503017379
"4595","Samut Prakan","D",1,0.892092842315884
"4596","San","C",1,0.904656474726554
"4597","San Angelo","C",1,0.855280412805485
"4598","San Antonio de los Banos","D",1,0.910931365360145
"4599","San Antonio Oeste","B",1,0.85193231781833
"4600","San Antonio1","C",1,0.589839826470366
"4601","San Antonio2","C",1,0.704846376219196
"4602","San Bernardino","C",1,0.904959987872089
"4603","San Bernardo","C",1,0.86307029054282
"4604","San Carlos","D",1,0.901504975678028
"4605","San Carlos de Bariloche","B",1,0.896766337202129
"4606","San Carlos del Zulia","D",1,0.868968347712688
"4607","San Cristobal","D",1,0.904941230291569
"4608","San Cristobal de Las Casas","B",1,0.607007896038757
"4609","San Diego","C",1,0.904763623858569
"4610","San Felipe1","C",1,0.90443684824459
"4611","San Felipe2","C",1,0.892329387498588
"4612","San Fernando de Apure","D",1,0.885444319653734
"4613","San Fernando1","D",1,0.900834276031339
"4614","San Fernando2","C",1,0.840731242195643
"4615","San Fernando3","C",1,0.878355088003803
"4616","San Francisco de Macoris","D",1,0.877087838882095
"4617","San Francisco1","C",1,0.56402058800284
"4618","San Francisco2","C",1,0.546434539312893
"4619","San Gabriel","B",1,0.87114428505259
"4620","San Ignacio","D",1,0.865561585512312
"4621","San Javier","D",1,0.905012345042761
"4622","San Jose de Mayo","B",1,0.88536080806742
"4623","San Jose del Guaviare","D",1,0.846109240952915
"4624","San Jose1","D",1,0.83891093232549
"4625","San Jose2","D",1,0.894912775734079
"4626","San Jose3","C",1,0.596703476229613
"4627","San Juan Bautista","D",1,0.792686447116342
"4628","San Juan del Rio","C",1,0.907304980956971
"4629","San Juan del Sur","D",1,0.891261910424782
"4630","San Juan1","D",1,0.843721903951776
"4631","San Juan2","C",1,0.897562391678744
"4632","San Justo","B",1,0.815687983608845
"4633","San Lorenzo1","B",1,0.71089968735681
"4634","San Lorenzo2","D",1,0.880652562370248
"4635","San Luis Obispo","C",1,0.87756435979413
"4636","San Luis Potosi","C",1,0.907478888903824
"4637","San Luis1","D",1,0.858589483998946
"4638","San Luis2","C",1,0.723520398669355
"4639","San Marcos","B",1,0.647189686393155
"4640","San Marino","B",1,0.892639873169486
"4641","San Martin1","C",1,0.850738824768569
"4642","San Martin2","D",1,0.845166233819204
"4643","San Mateo","B",1,0.598333767901941
"4644","San Miguel","D",1,0.883216498386867
"4645","San Miguel de Tucuman","C",1,0.643846334563221
"4646","San Nicolas","B",1,0.862027621846107
"4647","San Pablo","D",1,0.903489375117183
"4648","San Pedro de las Colonias","C",1,0.905020381505947
"4649","San Pedro de Macoris","D",1,0.905905789940835
"4650","San Pedro Sula","D",1,0.904951988748699
"4651","San Pedro1","C",1,0.829626680493655
"4652","San Pedro2","D",1,0.901585891933572
"4653","San Rafael1","C",1,0.711569586268339
"4654","San Rafael2","C",1,0.725313799550065
"4655","San Ramon","D",1,0.907542549478531
"4656","San Ramon de la Nueva Oran","C",1,0.824413713104062
"4657","San Salvador","D",1,0.890998023275
"4658","San Salvador de Jujuy","C",1,0.858502247957971
"4659","San SebastiÌÁn","B",1,0.849094245636964
"4660","San-Pedro","D",1,0.902397465051798
"4661","Sanaa","C",1,0.903046000464126
"4662","Sanandaj","C",1,0.79420051147172
"4663","Sancti Spiritus","D",1,0.901546797078941
"4664","Sandakan","D",1,0.856447897260809
"4665","Sandnes","B",1,0.897548644445312
"4666","Sanford","D",1,0.827359058629425
"4667","Sangli","C",1,0.903227275264466
"4668","Sangolqui","B",1,0.715825228702388
"4669","Sanliurfa","C",1,0.894399264676659
"4670","Sanming","B",1,0.438195896461457
"4671","Santa Ana","D",1,0.901261515480569
"4672","Santa Barbara1","C",1,0.906886001361663
"4673","Santa Barbara2","C",1,0.90604424869198
"4674","Santa Barbara3","B",1,0.878926108399409
"4675","Santa Clara","D",1,0.906121749613639
"4676","Santa Cruz Cabralia","D",1,0.833662059406715
"4677","Santa Cruz de Tenerife","B",1,0.72207734410388
"4678","Santa Cruz do Sul","B",1,0.80399560057978
"4679","Santa Cruz1","D",1,0.908082370237536
"4680","Santa Cruz2","C",1,0.852679713320378
"4681","Santa Fe1","A",1,0.94247259961587
"4682","Santa Fe2","B",1,0.817722025355847
"4683","Santa Ines","D",1,0.836580379757416
"4684","Santa Lucia","B",1,0.864501334793135
"4685","Santa Maria da Vitoria","C",1,0.836592629051814
"4686","Santa Maria1","C",1,0.879039483175997
"4687","Santa Maria2","B",1,0.815618995370648
"4688","Santa Marta","D",1,0.885738604506208
"4689","Santa Rita","C",1,0.707806267602002
"4690","Santa Rosa de Copan","D",1,0.902058377565342
"4691","Santa Rosa1","C",1,0.663273970063413
"4692","Santa Rosa2","B",1,0.871150708954668
"4693","Santa Rosa3","B",1,0.654272243811109
"4694","Santa Rosalia","C",1,0.905163054755499
"4695","Santa Vitoria do Palmar","B",1,0.877394529926317
"4696","Santana do Livramento","B",1,0.804729913694264
"4697","Santander","B",1,0.875741497823559
"4698","Santarem","D",1,0.83491708251142
"4699","Santiago de Compostela","B",1,0.851603232459402
"4700","Santiago de Cuba","D",1,0.903163975159171
"4701","Santiago del Estero","C",1,0.908288083748161
"4702","Santiago Ixcuintla","D",1,0.909321459290386
"4703","Santiago Tuxtla","D",1,0.90173744394564
"4704","Santiago1","D",1,0.899405603177822
"4705","Santiago2","D",1,0.901948471540073
"4706","Santiago3","C",1,0.857371762974956
"4707","Santo Andre","D",1,0.907729560684683
"4708","Santo angelo","B",1,0.610664074779156
"4709","Santo Domingo","D",1,0.911274775245667
"4710","Santo Tomas","B",1,0.532801420853738
"4711","Santos","D",1,0.852830507347277
"4712","Sanya","D",1,0.879942976100002
"4713","Sao Borja","D",1,0.546102094915634
"4714","Sao Carlos","D",1,0.909158635769699
"4715","Sao Francisco do Sul","D",1,0.860650238846764
"4716","Sao Gabriel","B",1,0.787800505268724
"4717","Sao Joao da Boa Vista","D",1,0.909594150933288
"4718","Sao Joao del Rei","D",1,0.906760712603077
"4719","Sao Jose de Ribamar","D",1,0.853470157969406
"4720","Sao Jose do Rio Preto","D",1,0.897193087023281
"4721","Sao Jose dos Campos","D",1,0.912550869740253
"4722","Sao Jose dos Pinhais","B",1,0.727776884754328
"4723","Sao Lourenco do Sul","B",1,0.779311038547503
"4724","Sao Luis","D",1,0.84481436336738
"4725","Sao Luiz Gonzaga","B",1,0.521752555515145
"4726","Sao Mateus","D",1,0.911493854389111
"4727","Sao Paolo","D",1,0.907394006718901
"4728","Sao Tome","D",1,0.868665251993151
"4729","Sapele","D",1,0.848374013675322
"4730","Sapporo","B",1,0.892900468164459
"4731","Saraburi","D",1,0.882144826188339
"4732","Sarajevo","B",1,0.895004405973602
"4733","Saransk","A",1,0.939998313196542
"4734","Sarapul","A",1,0.941780462519173
"4735","Sarasota","D",1,0.90784083612865
"4736","Saratoga Springs","B",1,0.609617089386846
"4737","Saratov","A",1,0.943977430463857
"4738","Sargodha","C",1,0.905383060279063
"4739","Sarh","C",1,0.801618644494731
"4740","Sari","B",1,0.672774075273162
"4741","Sarmiento","B",1,0.792989698143055
"4742","Sarnia","A",1,0.857787092900643
"4743","Sarqan","A",1,0.941942779098286
"4744","Saryshaghan","A",1,0.942284173511669
"4745","Saseba","D",1,0.771174570287154
"4746","Saskatoon","A",1,0.942656379712858
"4747","Sasovo","A",1,0.94179151321785
"4748","Sassandra","D",1,0.903884530302644
"4749","Sassari","B",1,0.854300312139856
"4750","Satadougou","C",1,0.859372524848727
"4751","Saudarkrokur","B",1,0.79523124028047
"4752","Sault Ste. Marie","A",1,0.94227913654809
"4753","Saurimo","D",1,0.605187914767527
"4754","Savannah","B",1,0.735111040715092
"4755","Savannakhet","D",1,0.894146076264165
"4756","Saveh","C",1,0.884158657603136
"4757","Savetskaya Gavan","A",1,0.941242669457543
"4758","Savonlinna","A",1,0.939117988341573
"4759","Sawahlunto","D",1,0.835184780099483
"4760","Sayanogorsk","A",1,0.943749353456517
"4761","Saywun","C",1,0.906272935760346
"4762","Scarborough","B",1,0.900759855962735
"4763","Schefferville","A",1,0.941920390580941
"4764","Schenectady","B",1,0.617799152522568
"4765","Scottsbluff","A",1,0.874769661984361
"4766","Scottsdale1","B",1,0.890582631490878
"4767","Scottsdale2","C",1,0.905444043858595
"4768","Scranton","B",1,0.631266061151507
"4769","Seattle","B",1,0.897768786115496
"4770","Sechura","C",1,0.904796561769519
"4771","Sefra","C",1,0.889820877551356
"4772","Segezha","A",1,0.942109940954316
"4773","Segou","C",1,0.902956822522237
"4774","Seguela","D",1,0.832558820937454
"4775","Sekondi","D",1,0.903873267940715
"4776","Selawik","A",1,0.943440119918339
"4777","Selfoss","B",1,0.893654145633437
"4778","Selibaby","C",1,0.908805659873173
"4779","Selkirk","A",1,0.940832648149572
"4780","Selma","B",1,0.863737818446406
"4781","Semarang","D",1,0.854240140840036
"4782","Sembe","D",1,0.902606127522067
"4783","Semey","A",1,0.942545619863445
"4784","Semnan","C",1,0.842204503510231
"4785","Sena Madureira","D",1,0.902786322395916
"4786","Sendai","B",1,0.895925936484135
"4787","Senhor do Bonfim","C",1,0.63850049151558
"4788","Sennar","C",1,0.906889222642523
"4789","Sensuntepeque","D",1,0.900173059103876
"4790","Seoul","A",1,0.779362038511254
"4791","Serang","D",1,0.836349317776781
"4792","Serdobsk","A",1,0.944808533807923
"4793","Seremban","D",1,0.840272273384172
"4794","Seres","B",1,0.811481054129502
"4795","Sergiyev Posad","A",1,0.9409623724141
"4796","Serov","A",1,0.941947758657131
"4797","Serowe","C",1,0.907381883491121
"4798","Serpukhov","A",1,0.941826695116349
"4799","Serrinha","D",1,0.827897194278992
"4800","Sesheke","C",1,0.903364065680718
"4801","Sete Lagoas","D",1,0.899232665964589
"4802","Setif","B",1,0.608100850373214
"4803","Settat","C",1,0.888181942026269
"4804","Setubal","B",1,0.532962828609031
"4805","Sevastapol","B",1,0.895469793566723
"4806","Severnyy","A",1,0.942436153502286
"4807","Severodvinsk","A",1,0.943170030289418
"4808","Severomorsk","A",1,0.94164751593937
"4809","Severouralsk","A",1,0.942188102197085
"4810","Seville","C",1,0.891562334378674
"4811","Seymour","B",1,0.884099474059445
"4812","Sfax","C",1,0.905588954531641
"4813","Shache","A",1,0.81887030846426
"4814","Shadrinsk","A",1,0.942152073854772
"4815","Shahjahanpur","C",1,0.892432831605527
"4816","Shahrisabz","C",1,0.856405438333999
"4817","Shahrud","C",1,0.751071278755697
"4818","Shakhty","A",1,0.47344127718498
"4819","Shalqar","A",1,0.942536086540228
"4820","Shamattawa","A",1,0.944026446906227
"4821","Shamva","C",1,0.899998658735751
"4822","Shangdu","A",1,0.942466410601238
"4823","Shanghai","B",1,0.881635393956491
"4824","Shangqiu","A",1,0.897157258554359
"4825","Shangrao","D",1,0.517881579177703
"4826","Shangzhi","A",1,0.941324196867788
"4827","Shannon","B",1,0.893868131642164
"4828","Shantou","D",1,0.902527003579977
"4829","Shanxian","A",1,0.906610719137725
"4830","Shaoguan","B",1,0.494146576550472
"4831","Shaowu","B",1,0.638058086030143
"4832","Shaoxing","B",1,0.851023559215789
"4833","Shaoyang","B",1,0.854179481524348
"4834","Shar","A",1,0.941422089210156
"4835","Sharbaqty","A",1,0.94046592835288
"4836","Sharjah","C",1,0.901640016695902
"4837","Sharya","A",1,0.94309380264072
"4838","Shashemene","B",1,0.566364444631244
"4839","Shashi","B",1,0.868464085695912
"4840","Shawinigan","A",1,0.941893100310563
"4841","Shawnee","B",1,0.882728138482143
"4842","Shchekino","A",1,0.94331152486661
"4843","Shebekino","A",1,0.941417973977943
"4844","Sheberghan","C",1,0.887327102778392
"4845","Sheboygan","A",1,0.940547841024603
"4846","Sheffield","B",1,0.893515822812927
"4847","Sheikhu Pura","C",1,0.906934043790357
"4848","Shelburne","B",1,0.894388812028246
"4849","Shemonaikha","A",1,0.941153800664218
"4850","Shendi","C",1,0.908623282414739
"4851","Shenyeng","A",1,0.941679498039758
"4852","Shenzhen","D",1,0.903575220160108
"4853","Shepparton","B",1,0.869653041736533
"4854","Sherbrooke","A",1,0.904322576701625
"4855","Sherlovaya Gora","A",1,0.94163342913351
"4856","Sherman","B",1,0.886480424912872
"4857","Shieli","A",1,0.783667852498316
"4858","Shihezi","A",1,0.94403961689647
"4859","Shijianzhuang","A",1,0.846581265705994
"4860","Shilka","A",1,0.942049361608426
"4861","Shillong","D",1,0.853446404132365
"4862","Shimanovsk","A",1,0.942134361023902
"4863","Shimoga","C",1,0.720599856225761
"4864","Shimonoseki","B",1,0.437347418997576
"4865","Shinyanga","C",1,0.852700731960179
"4866","Shira","A",1,0.940874753898974
"4867","Shiraz","C",1,0.897297627894263
"4868","Shishou","B",1,0.869080887792887
"4869","Shiyan","A",1,0.426423854455635
"4870","Shizuishan","A",1,0.859535046512177
"4871","Shizuoka","B",1,0.746628836511598
"4872","Shkoder","B",1,0.867202325873016
"4873","Sholapur","C",1,0.906312274156225
"4874","Shonzhy","A",1,0.94297031929431
"4875","Shostka","A",1,0.94290834394234
"4876","Shouzhou","A",1,0.941960070132946
"4877","Shreveport","B",1,0.849953071891284
"4878","Shu","A",1,0.72444665455531
"4879","Shuangcheng","A",1,0.941381835716267
"4880","Shulan","A",1,0.943355508032543
"4881","Shumen","A",1,0.535528191519615
"4882","Shumerlya","A",1,0.943698423599325
"4883","Shuya","A",1,0.940479109288261
"4884","Shuyang","A",1,0.834715924091407
"4885","Shwebo","C",1,0.855773181712948
"4886","Shymkent","C",1,0.630486144695089
"4887","Si Racha","D",1,0.887358354020694
"4888","Sialkote","C",1,0.911165450440885
"4889","Siauliai","A",1,0.942678446589757
"4890","Sibay","A",1,0.942463954803932
"4891","Sibiti","D",1,0.908518218644718
"4892","Sibiu","A",1,0.934157998133784
"4893","Sibolga","D",1,0.842821815844699
"4894","Sibu","D",1,0.842071586386306
"4895","Sibut","D",1,0.811282822760296
"4896","Sica Sica","A",1,0.415255506853804
"4897","Sicuani","B",1,0.532586088995904
"4898","Sidi bel Abbes","C",1,0.864854696490411
"4899","Sidney","A",1,0.933582504229884
"4900","Siedlce","A",1,0.943897446424257
"4901","Siem Reap","D",1,0.838690664983708
"4902","Siena","B",1,0.878694947934387
"4903","Siguiri","C",1,0.864662364269542
"4904","Sikar","C",1,0.910731028033158
"4905","Sikasso","C",1,0.858644615284326
"4906","Sikonge","C",1,0.837939984235868
"4907","Silchar","D",1,0.837271996864117
"4908","Siliguri","D",1,0.83698641330445
"4909","Simao","D",1,0.863793605806755
"4910","Simferopol","B",1,0.894410769473736
"4911","Sincelejo","D",1,0.911956512062881
"4912","Singapore","D",1,0.85414454141132
"4913","Singaraja","D",1,0.905583685203217
"4914","Singida","C",1,0.898837342206644
"4915","Singkawang","D",1,0.851265795709029
"4916","Singleton","B",1,0.861962895006789
"4917","Sinnamary","D",1,0.836797568188235
"4918","Sinop","D",1,0.906204676230757
"4919","Sinuiju","A",1,0.941704651731452
"4920","Sioux City","A",1,0.941818064375952
"4921","Sioux Falls","A",1,0.94144763216383
"4922","Siping","A",1,0.943014983228069
"4923","Siracusa","C",1,0.740654033904414
"4924","Sirsa","C",1,0.903848795105827
"4925","Sisaket","D",1,0.854528091916049
"4926","Sisophon","D",1,0.86718454289536
"4927","Sitapur","C",1,0.884976636082856
"4928","Sitia","B",1,0.629994798372304
"4929","Sitka","B",1,0.746736298183553
"4930","Sittwe","D",1,0.841043239719778
"4931","Sivas","A",1,0.741130768001439
"4932","Siwa","C",1,0.903122080640706
"4933","Sixaola","D",1,0.848351456641239
"4934","Skagway","A",1,0.922273296905217
"4935","Skelleftea","A",1,0.942764064358305
"4936","Skien","B",1,0.889347066797135
"4937","Skikda","C",1,0.901863345572484
"4938","Skopje","B",1,0.87495154578446
"4939","Skovorodino","A",1,0.94172510572144
"4940","Slantsy","A",1,0.942626483019806
"4941","Slavgorod","A",1,0.941471084563784
"4942","Slavonski Brod","B",1,0.893240810588207
"4943","Slidell","B",1,0.586447223346194
"4944","Sligo","B",1,0.895426502575688
"4945","Sliven","B",1,0.895299027421758
"4946","Slobodskoy","A",1,0.940475971430846
"4947","Slupsk","B",1,0.884907518297926
"4948","Slyudyanka","A",1,0.941395661881985
"4949","Smara","C",1,0.909877403377889
"4950","Smithers","A",1,0.924995402085755
"4951","Smithton","B",1,0.886843020728923
"4952","Smolensk","A",1,0.943432307209149
"4953","Sobral","D",1,0.654437348619658
"4954","Soc Trang","D",1,0.900582091397085
"4955","Sochi","B",1,0.882296458570772
"4956","Socorro1","C",1,0.888743704112984
"4957","Socorro2","D",1,0.906531067977776
"4958","Sodankyla","A",1,0.940257782198666
"4959","Sodo","D",1,0.745952326828061
"4960","Sofia","B",1,0.889766238299377
"4961","Sogamoso","B",1,0.693417970647161
"4962","Sohag","C",1,0.904616797537434
"4963","Sohano","D",1,0.83921483759275
"4964","Sokcho","B",1,0.841005389626867
"4965","Soke","C",1,0.905230576938705
"4966","Sokode","D",1,0.797668496291901
"4967","Sokol","A",1,0.941353455424482
"4968","Sokolo","C",1,0.910395846636914
"4969","Sokoto","C",1,0.90597017051367
"4970","Sol-lletsk","A",1,0.941523952937389
"4971","Soledad","D",1,0.86511499871977
"4972","Solikamsk","A",1,0.94300069082902
"4973","Solnechnogorsk","A",1,0.943217111466696
"4974","Solwezi","C",1,0.836209282891222
"4975","Son Tay","D",1,0.911533321657384
"4976","Sonbong","A",1,0.943041259011977
"4977","Songea","C",1,0.814046303864751
"4978","Songkhla","D",1,0.838744813179756
"4979","Songo","D",1,0.858237017677635
"4980","Sonipat","C",1,0.908609129941034
"4981","Sonson","D",1,0.838280384082716
"4982","Sonsonate","D",1,0.892365443358773
"4983","Sopur","B",1,0.808370360981264
"4984","Sorocaba","D",1,0.906962220050082
"4985","Sorong","D",1,0.849537842032444
"4986","Soroti","D",1,0.901157534869378
"4987","Sosnogorsk","A",1,0.942876656414584
"4988","Sotik","D",1,0.747490103321543
"4989","Soubre","D",1,0.900553714730582
"4990","Souk Ahras","C",1,0.806978234839703
"4991","Sousse","C",1,0.904250395282065
"4992","South Bend","A",1,0.691430124007635
"4993","Southampton","B",1,0.892752771001783
"4994","Southaven","B",1,0.894145585088294
"4995","Southend","B",1,0.890229923334988
"4996","Southern Cross","C",1,0.862947483716999
"4997","Sovetsk1","B",1,0.786621998976395
"4998","Sovetsk2","A",1,0.941728163715713
"4999","Soyo","D",1,0.793677343796501
"5000","Spanish Town","D",1,0.908068564668396
"5001","Spartanburg","B",1,0.90372141017882
"5002","Sparti","C",1,0.720332307818032
"5003","Spassk Dalniy","A",1,0.94399857548771
"5004","Spencer","A",1,0.940203385502519
"5005","Split","B",1,0.892988206216006
"5006","Spokane","B",1,0.790783357182959
"5007","Spring Hill","D",1,0.885078474267021
"5008","Springbok","C",1,0.851882330880483
"5009","Springfield1","B",1,0.892511804354064
"5010","Springfield2","A",1,0.767315879866946
"5011","Springfield3","B",1,0.822079238267981
"5012","Springfield4","B",1,0.874971923063044
"5013","Springfield5","B",1,0.878560187331556
"5014","Springs","C",1,0.841002289030619
"5015","Srinagar","B",1,0.7221665005488
"5016","St. Anthony","B",1,0.668601418946544
"5017","St. Augustine","D",1,0.681744660154373
"5018","St. Charles1","B",1,0.878729259943737
"5019","St. Charles2","B",1,0.896410703773478
"5020","St. Cloud","A",1,0.941313689938749
"5021","St. George","C",1,0.84512441540499
"5022","St. John","B",1,0.886674976868211
"5023","St. JohnÛªs","B",1,0.889135863660067
"5024","St. Joseph","A",1,0.941848409739527
"5025","St. Louis","B",1,0.877642975081182
"5026","St. Paul","A",1,0.940399912353526
"5027","St. Petersburg1","D",1,0.907258044058579
"5028","St. Petersburg2","A",1,0.94159218176985
"5029","St.-Benoit","D",1,0.856216221244517
"5030","St.-Brieuc","B",1,0.895950723712923
"5031","St.-Denis","D",1,0.854141454378792
"5032","St.-Jerome","A",1,0.941393043856472
"5033","Stamford","B",1,0.886299624025682
"5034","Standerton","C",1,0.851364013071919
"5035","Stanley","B",1,0.891312166491094
"5036","Stara Zagora","B",1,0.895272476063819
"5037","Staraya Russa","A",1,0.942750818745292
"5038","Starsy Oskol","A",1,0.941455520904674
"5039","State College","B",1,0.876183803098999
"5040","Stavanger","B",1,0.886034033035627
"5041","Stavropol","A",1,0.940434643646649
"5042","Stawell","B",1,0.88034885152221
"5043","Steinbach","A",1,0.941643574413896
"5044","Steinkjer","B",1,0.885920014145493
"5045","Stepanakert","A",1,0.874311934869159
"5046","Stephenville","B",1,0.871345438546535
"5047","Sterlitamak","A",1,0.941616960707535
"5048","Stettler","A",1,0.942116343526233
"5049","Stillwater","A",1,0.389393116216103
"5050","Stockholm","A",1,0.589672891795132
"5051","Stoke","B",1,0.895583468379414
"5052","Stony Rapids","A",1,0.942018931285168
"5053","Stralsund","B",1,0.889469410059295
"5054","Strasbourg","B",1,0.89119293550679
"5055","Streaky Bay","B",1,0.550595909935933
"5056","Strezhevoy","A",1,0.943998969385956
"5057","Stuttgart","B",1,0.89071542116747
"5058","Subotica","A",1,0.515779354403032
"5059","Suceava","A",1,0.942340902766501
"5060","Sucre","C",1,0.45820195260749
"5061","Sudbury","A",1,0.942696046631147
"5062","Suhar","C",1,0.90502655734433
"5063","Suihua","A",1,0.940893302134599
"5064","Suileng","A",1,0.942023251567128
"5065","Sukabumi","D",1,0.843241020686618
"5066","Sukhothai","C",1,0.72254692600526
"5067","Sukhumi","B",1,0.87860382065219
"5068","Sukkur","C",1,0.904321641909969
"5069","Sullana","C",1,0.908014299323158
"5070","Sumbawanga","C",1,0.899414841721924
"5071","Sumbe","C",1,0.717090232256016
"5072","Sumenep","D",1,0.904105054991899
"5073","Sumqayt","B",1,0.849928886323835
"5074","Sumter","B",1,0.855847965321304
"5075","Sumy","A",1,0.94373486883633
"5076","Sunbury","B",1,0.895025533352785
"5077","Sunchales","B",1,0.647618248508347
"5078","Sunchon","A",1,0.943894100017869
"5079","Sunderland","B",1,0.894831480054024
"5080","Sundsvall","A",1,0.933386708048529
"5081","Sungai Petani","D",1,0.840901882716621
"5082","Sungaipenuh","D",1,0.847168019136038
"5083","Sunshine Coast","D",1,0.914885273262031
"5084","Suntar","A",1,0.94282570104408
"5085","Superior","A",1,0.943003408972787
"5086","Sur","C",1,0.905373877368843
"5087","Surabaya","D",1,0.876529117414216
"5088","Surakarta","D",1,0.848923534612062
"5089","Surat","D",1,0.640137974577241
"5090","Surat Thani","D",1,0.91423415710804
"5091","Surgut","A",1,0.940952020890276
"5092","Surigao","D",1,0.845267972461264
"5093","Surin","D",1,0.822216800115734
"5094","Surt","C",1,0.905364062770606
"5095","Suva","D",1,0.845684965798155
"5096","Suwalki","A",1,0.942482209499462
"5097","Suwon","A",1,0.786388931106884
"5098","Suzhou","B",1,0.876631082236512
"5099","Svendborg","B",1,0.88844471448746
"5100","Svetogorsk","A",1,0.9451529023
"5101","Svobodnyy","A",1,0.943287737309683
"5102","Swakopmund","C",1,0.90485526601973
"5103","Swan Hill","B",1,0.73012992332107
"5104","Swansea","B",1,0.889986332463063
"5105","Swellendam","B",1,0.87483390952531
"5106","Swift Current","A",1,0.942780667779094
"5107","Sydney1","B",1,0.865219956374553
"5108","Sydney2","B",1,0.883661077240389
"5109","Syktyvkar","A",1,0.944214827319228
"5110","Sylhet","D",1,0.851748878813764
"5111","Syracuse","B",1,0.668647342177107
"5112","Syzran","A",1,0.942275929885423
"5113","Szczecin","B",1,0.877054018273345
"5114","Szeged","A",1,0.492867876774322
"5115","Szekesfehervar","B",1,0.66444922648096
"5116","Szolnok","A",1,0.639702213145013
"5117","Szombathely","A",1,0.591749778700657
"5118","Tabora","C",1,0.835529634749617
"5119","Tabriz","A",1,0.387181242918427
"5120","Tabuk","C",1,0.901413194046368
"5121","Tacheng","A",1,0.942062871442612
"5122","Tacloban","D",1,0.842961203752594
"5123","Tacna","C",1,0.906721253492932
"5124","Tacoma","B",1,0.88926205246162
"5125","Tacuarembo","B",1,0.862375383426243
"5126","Tadmur","C",1,0.894350417096947
"5127","Taedong","A",1,0.940984499781253
"5128","Taganrog","B",1,0.646250525137757
"5129","Tagum","D",1,0.861536049484231
"5130","Tahoua","C",1,0.902453502110299
"5131","Taian","A",1,0.924790857479415
"5132","Taichung","D",1,0.905635788979967
"5133","Tailai","A",1,0.942426490480394
"5134","Tainan","D",1,0.902808568654238
"5135","Taipei","D",1,0.841044777193162
"5136","Taiping","D",1,0.848020709307346
"5137","Taitung","D",1,0.893714633335049
"5138","Taiyuan","A",1,0.942845317544118
"5139","Taizhou","B",1,0.870061531156076
"5140","Taizz","C",1,0.906317996363024
"5141","Tak","C",1,0.803442683464968
"5142","Takamatsu","B",1,0.832306479628866
"5143","Takaoka","B",1,0.78835040177327
"5144","Takapuna","B",1,0.886468152914836
"5145","Takeo","D",1,0.878440532262411
"5146","Talara","C",1,0.897714168423565
"5147","Talas","A",1,0.872776973153767
"5148","Talca","C",1,0.841792464833498
"5149","Talcahuano","B",1,0.841700164384049
"5150","Taldyqorghan","A",1,0.940969183007548
"5151","Tall Afar","C",1,0.8916997461755
"5152","Tallahassee","B",1,0.620927640173305
"5153","Tallinn","A",1,0.896254362059018
"5154","Taloyoak","A",1,0.942034511705623
"5155","Taltal","C",1,0.90615420979548
"5156","Tamale","D",1,0.825259926968159
"5157","Tamanrasset","C",1,0.902002950078157
"5158","Tamazunchale","D",1,0.912214845745878
"5159","Tambacounda","C",1,0.910726599342098
"5160","Tambov","A",1,0.9422300457085
"5161","Tame","D",1,0.848336613777104
"5162","Tampa","D",1,0.896176363724385
"5163","Tampere","A",1,0.943043841742012
"5164","Tampico","D",1,0.875473196890211
"5165","Tamuin","D",1,0.801029008865661
"5166","Tamworth","B",1,0.875559448199152
"5167","Tan An","D",1,0.862606292009558
"5168","Tan Tan","C",1,0.908501597595944
"5169","Tandil","B",1,0.899825179283085
"5170","Tanga","D",1,0.899053697057537
"5171","Tangail","D",1,0.905181607341054
"5172","Tangier","C",1,0.76232246165668
"5173","Tangshan","A",1,0.943967854602047
"5174","Tanjungkarang-Telubketung","D",1,0.852682142002285
"5175","Tanjungpandan","D",1,0.835045054044261
"5176","Tanjungpinang","D",1,0.852435210133964
"5177","Tanta","C",1,0.907848492435585
"5178","Taonan","A",1,0.941924790984298
"5179","Tapachula","D",1,0.894901589550013
"5180","Tara","A",1,0.943031827351536
"5181","Tarabuco","B",1,0.541524102197389
"5182","Tarakan","D",1,0.848031103457808
"5183","Taranto","B",1,0.880875574036884
"5184","Tarapoto","D",1,0.90497587895876
"5185","Taraz","A",1,0.644819710607521
"5186","Tarbes","B",1,0.908278456970957
"5187","Taree","B",1,0.790644333114497
"5188","Tarija","C",1,0.866513925506698
"5189","Tarlac","D",1,0.907972740739876
"5190","Tarma","B",1,0.714566475554544
"5191","Tarnow","A",1,0.816465788037345
"5192","Tarragona","B",1,0.769995065134662
"5193","Tarsus","C",1,0.896401382087598
"5194","Tartagal","C",1,0.584312946031806
"5195","Tartu","A",1,0.943843962469621
"5196","Tartus","C",1,0.904765495360503
"5197","Tarutung","D",1,0.843995595816549
"5198","Tash Komur","C",1,0.636206134908314
"5199","Tashkent","C",1,0.796846295680842
"5200","Tashtagol","A",1,0.941396216808541
"5201","Tasikmalaya","D",1,0.843940087214227
"5202","Tatarsk","A",1,0.941440080854944
"5203","Tatui","D",1,0.904738928209244
"5204","Tatvan","A",1,0.641232586951375
"5205","Taubate","D",1,0.903677808900238
"5206","Taungoo","D",1,0.84772364839954
"5207","Taupo","B",1,0.890198753065018
"5208","Tauranga","B",1,0.787580344905832
"5209","Tavda","A",1,0.941197145225161
"5210","Tawau","D",1,0.838056668338365
"5211","Tayshet","A",1,0.941325465317969
"5212","Tayynsha","A",1,0.94175137493497
"5213","Taza","C",1,0.893911519676123
"5214","Tbilisi","A",1,0.855790038886735
"5215","Tebessa","C",1,0.708635692719805
"5216","Tebingtinggi","D",1,0.837305203937115
"5217","Tecoman","C",1,0.800278444071312
"5218","Tecuala","D",1,0.903740478228864
"5219","Tefe","D",1,0.848418355464532
"5220","Tegal","D",1,0.856753111615356
"5221","Tegucigalpa","C",1,0.749008771696644
"5222","Tehran","C",1,0.800501438893458
"5223","Tehuacan","C",1,0.90592024673902
"5224","Tehuantepec","C",1,0.770681031378115
"5225","Tejen","C",1,0.88530097208319
"5226","Tekax","D",1,0.886437438530598
"5227","Tekirdag","B",1,0.820447375691175
"5228","Tel Aviv-Yafo","C",1,0.903971559629155
"5229","Telemaco Borba","D",1,0.675034788607658
"5230","Teller","A",1,0.941547235255607
"5231","Teluk Intan","D",1,0.848597834157609
"5232","Tema","D",1,0.849428431415634
"5233","Temirtau","A",1,0.941995237427404
"5234","Temple","B",1,0.585082405340546
"5235","Temuco","B",1,0.891753520467123
"5236","Tena","D",1,0.857955302479756
"5237","Tengchong","B",1,0.397710323283051
"5238","Tenkodogo","C",1,0.885920389103552
"5239","Tennant Creek","C",1,0.904347019377893
"5240","Tenosique","D",1,0.897002008494748
"5241","Teofilo Otoni","C",1,0.491923813520804
"5242","Tepic","D",1,0.853225585882547
"5243","Teresina","D",1,0.88785958060322
"5244","Termiz","C",1,0.897382221712721
"5245","Ternate","D",1,0.836210608386263
"5246","Ternopil","A",1,0.942820604994961
"5247","Terrace","B",1,0.89229790930212
"5248","Terre Haute","B",1,0.868518106321716
"5249","Tessenei","C",1,0.905027172653652
"5250","Tete","C",1,0.896053724704061
"5251","Tetovo","B",1,0.893023812879187
"5252","Texarkana","B",1,0.853030358286558
"5253","Texas City","B",1,0.77769844865707
"5254","Teziutlan","D",1,0.86691935480746
"5255","Tezpur","D",1,0.900857357828439
"5256","Thai Nguyen","D",1,0.899508946131098
"5257","Thanh Hoa","D",1,0.912326822114076
"5258","Thanjavur","D",1,0.747478926150494
"5259","The Hague","B",1,0.892596462188872
"5260","The Pas","A",1,0.942207621724078
"5261","Theodore","C",1,0.910621162575461
"5262","Thermopolis","A",1,0.933740464798597
"5263","Thessalon","A",1,0.94231884462466
"5264","Thessaloniki","B",1,0.760134748778487
"5265","Thies","C",1,0.83514579244072
"5266","Thika","C",1,0.834875278765328
"5267","Thimphu","A",1,0.497124074810888
"5268","Thohoyandou","C",1,0.833164496993017
"5269","Thompson","A",1,0.942941004386496
"5270","Thongwa","D",1,0.865149168401343
"5271","Thorshavn","B",1,0.891031976688285
"5272","Three Springs","C",1,0.900546875010293
"5273","Thunder Bay","A",1,0.941013344469111
"5274","Thung Song","D",1,0.890064100522557
"5275","Tianjin","A",1,0.902505341426897
"5276","Tianmen","B",1,0.869174988324953
"5277","Tianshui","A",1,0.941987929473387
"5278","Tiarat","C",1,0.786865235237429
"5279","Tibati","D",1,0.895290696596566
"5280","Ticul","D",1,0.872127192573212
"5281","Tidjikdja","C",1,0.90473027252707
"5282","Tidore","D",1,0.844489604202925
"5283","Tieli","A",1,0.941173778177704
"5284","Tieling","A",1,0.94289350968501
"5285","Tijuana","C",1,0.904618437171946
"5286","Tikhoretsk","A",1,0.561914192866773
"5287","Tikhvin","A",1,0.943419702987838
"5288","Tikrit","C",1,0.90561796926305
"5289","Tillaberi","C",1,0.908493319502931
"5290","Tillamook","B",1,0.419598665912697
"5291","Timaru","B",1,0.894103833755318
"5292","Timashevsk","B",1,0.897513414292771
"5293","Timbauba","D",1,0.903085881154159
"5294","Timbedra","C",1,0.902850536109782
"5295","Timbuktu","C",1,0.905525608067614
"5296","Timika","D",1,0.858503120265236
"5297","Timimoun","C",1,0.904052438409582
"5298","Timiryazevskiy","A",1,0.942861131500986
"5299","Timisoara","B",1,0.859983827445106
"5300","Timmins","A",1,0.942880761476027
"5301","Timon","D",1,0.899625124658927
"5302","Tindouf","C",1,0.903602121031018
"5303","Tingo Maria","D",1,0.84810880623545
"5304","Tinogasta","C",1,0.906067060379967
"5305","Tirana","B",1,0.873676632853244
"5306","Tiraspol","A",1,0.934125893695668
"5307","Tirgu Mures","A",1,0.942703382171063
"5308","Tiruchchirappalli","D",1,0.653928666603137
"5309","Tirunelveli","D",1,0.738626797257963
"5310","Tirupati","C",1,0.833632096564792
"5311","Tiruppur","C",1,0.856680332269765
"5312","Tiruvannamalai","C",1,0.832311694524838
"5313","Titusville","D",1,0.888702210983851
"5314","Tizimin","D",1,0.914921377240809
"5315","Tiznit","C",1,0.902363343739666
"5316","Tlaxcala","C",1,0.830707638872196
"5317","Tlaxiaco","C",1,0.852216766881517
"5318","Tlimcen","C",1,0.845887967392294
"5319","Toamasina","D",1,0.832333946104527
"5320","Tobol","A",1,0.942087482066255
"5321","Tobolsk","A",1,0.944830383775011
"5322","Tocache","D",1,0.831243856073219
"5323","Tocantinopolis","D",1,0.903392124300149
"5324","Toconao","C",1,0.79190423021261
"5325","Togiak","A",1,0.943637449811473
"5326","Toguchin","A",1,0.94188770357444
"5327","Tokar","C",1,0.903820121066162
"5328","Tokmak","A",1,0.86554015083188
"5329","Toktogul","A",1,0.690532899495974
"5330","Tokushima","B",1,0.744985489577634
"5331","Tokyo","B",1,0.886159062422304
"5332","Tolanaro","D",1,0.840825515752455
"5333","Toledo1","A",1,0.820860579491902
"5334","Toledo2","C",1,0.740886778520765
"5335","Toliara","C",1,0.857610372913291
"5336","Tolu","D",1,0.904690099878865
"5337","Toluca","C",1,0.705874118182647
"5338","Tolyatti","A",1,0.941580833586103
"5339","Tom Price","C",1,0.906258439963105
"5340","Tomah","A",1,0.942479227637262
"5341","Tomakomai","B",1,0.776347065690826
"5342","Tombstone","C",1,0.904972420518156
"5343","Tomsk","A",1,0.943348647224345
"5344","Tonantins","D",1,0.843265168647873
"5345","Tongchuan","A",1,0.943380554457121
"5346","Tonghua","A",1,0.943148585624835
"5347","Tongliao","A",1,0.942446965997756
"5348","Tongling","B",1,0.868272028474786
"5349","Tongren","B",1,0.831563724979531
"5350","Tonk","C",1,0.899279390550263
"5351","Tonopah","A",1,0.837350923408621
"5352","Toowoomba","B",1,0.853563031139334
"5353","Topeka","A",1,0.942891598984586
"5354","Topki","A",1,0.942038964719156
"5355","Torbat-e Jam","C",1,0.88927746765079
"5356","Toronto","A",1,0.904613907692312
"5357","Tororo","D",1,0.903085614162608
"5358","Torreon","C",1,0.906023396658891
"5359","Torzhok","A",1,0.943429446077769
"5360","Totness","D",1,0.864781262293128
"5361","Tottori","B",1,0.785946740638182
"5362","Touggourt","C",1,0.906249159372043
"5363","Toulon","B",1,0.878542378542664
"5364","Toulouse","B",1,0.889472797717298
"5365","Tournavista","D",1,0.869102698844554
"5366","Tours","B",1,0.894011043704992
"5367","Townsville","D",1,0.875983441484925
"5368","Toyama","B",1,0.81869650544407
"5369","Tozeur","C",1,0.903482152387266
"5370","Trablous","C",1,0.903348355663824
"5371","Trabzon","B",1,0.895538789690052
"5372","Tralee","B",1,0.894787373275057
"5373","Trancas","C",1,0.715693955337446
"5374","Trang","D",1,0.901012226746289
"5375","Tranqueras","B",1,0.842092575065452
"5376","Traralgon","B",1,0.894994325964601
"5377","Traverse City","A",1,0.91564277973462
"5378","Treinta y Tres","B",1,0.869530910964923
"5379","Trelew","B",1,0.850831334567385
"5380","Trento","B",1,0.891282310847532
"5381","Trenton","B",1,0.892919400645976
"5382","Trepassey","B",1,0.889248058933488
"5383","Tres Arroyos","B",1,0.903436200395482
"5384","Tres Lagoas","D",1,0.905659356958176
"5385","Treviso","B",1,0.896302831088729
"5386","Trieste","B",1,0.889250931020676
"5387","Trindade","D",1,0.892652501703464
"5388","Trinidad1","A",1,0.932240278514914
"5389","Trinidad2","D",1,0.896073886201569
"5390","Tripoli1","C",1,0.905702610424014
"5391","Tripoli2","B",1,0.57051390245841
"5392","Trivandrum","D",1,0.832524431045351
"5393","Trnava","A",1,0.533813189641801
"5394","Trois Rivieres","A",1,0.942298937136392
"5395","Troitsk","A",1,0.941228733975059
"5396","Trollhattan","B",1,0.893033305779471
"5397","Tromso","B",1,0.890448920783047
"5398","Trondheim","B",1,0.888248434582274
"5399","Trout River","B",1,0.895021254243689
"5400","Troyes","B",1,0.897079822208186
"5401","Trujillo1","D",1,0.825204297725635
"5402","Trujillo2","D",1,0.834704539472716
"5403","Trujillo3","C",1,0.877264533799342
"5404","Truth or Consequences","C",1,0.903650796497865
"5405","Tsavo","C",1,0.885212658975887
"5406","Tsetserleg","A",1,0.942516213661656
"5407","Tshabong","C",1,0.907360027725952
"5408","Tshela","D",1,0.904618206640131
"5409","Tshikapa","D",1,0.827920234583652
"5410","Tskhinvali","B",1,0.893577844856716
"5411","Tsu","B",1,0.754462313643389
"5412","Tsumeb","C",1,0.907159261317231
"5413","Tsuruoka","B",1,0.900892768350822
"5414","Tuapse","B",1,0.893044319753
"5415","Tuban","D",1,0.901340537691104
"5416","Tubarao","D",1,0.859896746024913
"5417","Tubruq","C",1,0.908561092776005
"5418","Tucano","C",1,0.76977240636517
"5419","Tucson","C",1,0.909512722331696
"5420","Tucumcari","C",1,0.851477161600096
"5421","Tucupita","D",1,0.906230812169065
"5422","Tucurui","D",1,0.845464360602338
"5423","Tukuyu","D",1,0.890936260887088
"5424","Tula1","A",1,0.943601432650144
"5425","Tula2","C",1,0.900434186281434
"5426","Tulare","C",1,0.898564944663678
"5427","Tulcea","A",1,0.500757360675756
"5428","Tulsa","B",1,0.876356851049284
"5429","Tulua","D",1,0.873511827397029
"5430","Tulun","A",1,0.942654054688127
"5431","Tumbes","C",1,0.691269864284663
"5432","Tumen","A",1,0.941085820709685
"5433","Tumkur","C",1,0.903536244985773
"5434","Tumut","B",1,0.88528570883339
"5435","Tunduma","C",1,0.60746422778034
"5436","Tunduru","C",1,0.842542586582522
"5437","Tungkang","D",1,0.899509336398536
"5438","Tunis","C",1,0.723107567068478
"5439","Tunja","B",1,0.80475781593092
"5440","Tununak","A",1,0.941894172965881
"5441","Tunuyan","C",1,0.60351429308837
"5442","Tupa","D",1,0.907529472089631
"5443","Tupelo","B",1,0.889351635419417
"5444","Tupiza","C",1,0.725443197737506
"5445","Tuquerres","B",1,0.849470432502462
"5446","Turbat","C",1,0.905308120725212
"5447","Turbo","D",1,0.847089222619869
"5448","Turin","B",1,0.893240455501825
"5449","Turkistan","A",1,0.259605069565565
"5450","Turkmenabat","C",1,0.879903309172575
"5451","Turkmenbasy","B",1,0.478284386438122
"5452","Turku","A",1,0.735996029126159
"5453","Turnovo","B",1,0.893049739013963
"5454","Turpan","A",1,0.834172227656397
"5455","Tuscaloosa","B",1,0.874578389899844
"5456","Tuticorin","C",1,0.625166418117903
"5457","Tuxpam","D",1,0.913486589703111
"5458","Tuxpan","D",1,0.904680039086716
"5459","Tuxtla Gutierrez","C",1,0.834050437318146
"5460","Tuymazy","A",1,0.94634763268193
"5461","Tuzla","B",1,0.898070925910381
"5462","Tver","A",1,0.942785075744969
"5463","Tweed Heads","D",1,0.873522096788887
"5464","Twin Falls","A",1,0.228875774861687
"5465","Tyler","B",1,0.833844679927854
"5466","Tynda","A",1,0.94169638648118
"5467","Tyumen","A",1,0.943110097710047
"5468","Tzaneen","C",1,0.810766561751157
"5469","Uba","D",1,0.896853569134814
"5470","Ubaitaba","D",1,0.878482553580594
"5471","Uberaba","D",1,0.906969808431429
"5472","Uberlandia","D",1,0.85560740776376
"5473","Ubomba","C",1,0.619245857804776
"5474","Ubon Ratchathani","D",1,0.888783112173618
"5475","Udaipur","C",1,0.907200763073945
"5476","Udine","B",1,0.894083089637566
"5477","Udon Thani","D",1,0.884205234482448
"5478","Ufa","A",1,0.942801439382831
"5479","Uglegorsk","A",1,0.942436688320387
"5480","Uglich","A",1,0.941717971956426
"5481","Uige","D",1,0.87182507778527
"5482","Uitenhage","B",1,0.759463414099008
"5483","Ujjain","C",1,0.903343525690483
"5484","Ujungpandang","D",1,0.854513942510463
"5485","Ukhta","A",1,0.943042747493947
"5486","Ukiah","C",1,0.576176637976787
"5487","Ulaanbaatar","A",1,0.941453312246703
"5488","Ulaangom","A",1,0.941946784801664
"5489","Ulan Ude","A",1,0.94072360321064
"5490","Ulanhot","A",1,0.945196792363501
"5491","Uliastay","A",1,0.942187412553852
"5492","Ulladulla","B",1,0.852212039192187
"5493","Ulm","B",1,0.892765753358034
"5494","Ulsan","B",1,0.879530004869733
"5495","Ulundi","C",1,0.870245205406479
"5496","Ulyanovsk","A",1,0.941596381888248
"5497","Uman","A",1,0.911382805941221
"5498","Umea","A",1,0.941724873789879
"5499","Umm al Qaywayn","C",1,0.901379039063642
"5500","Umm Ruwaba","C",1,0.902142349048901
"5501","Umtata","B",1,0.637229848617222
"5502","Unalakleet","A",1,0.942595582873838
"5503","Unalaska","B",1,0.891954138747902
"5504","Uncia","A",1,0.366844247516679
"5505","Upata","D",1,0.873770061977831
"5506","Upington","C",1,0.904422309437706
"5507","Upper Hutt","B",1,0.896802829589095
"5508","Uppsala","A",1,0.915692691257991
"5509","Uray","A",1,0.942819691241829
"5510","Urbana","A",1,0.766713068033477
"5511","Urgentch","C",1,0.735964393651819
"5512","Urgut","C",1,0.737728323000542
"5513","Uroteppa","A",1,0.319883582719398
"5514","Uruapan","C",1,0.863313182108103
"5515","Urubamba","B",1,0.670386478118837
"5516","Uruguaiana","B",1,0.813326041575495
"5517","Urumqi","A",1,0.94403285254042
"5518","Uryupinsk","A",1,0.941479017560541
"5519","Urzhar","A",1,0.941986978427245
"5520","Usak","B",1,0.514701527267528
"5521","Usakos","C",1,0.910579248690651
"5522","Ushtobe","A",1,0.915027822824165
"5523","Ushuaia","B",1,0.896997386261391
"5524","Usolye Sibirskoye","A",1,0.941076112934373
"5525","Uspallata","A",1,0.748666854598109
"5526","Ussuriysk","A",1,0.940036940442047
"5527","Ust Kut","A",1,0.943160078721123
"5528","Ust-Ulimsk","A",1,0.941990620469727
"5529","Uthai Thani","C",1,0.580972411195231
"5530","Utica","B",1,0.589950569496232
"5531","Utrecht","B",1,0.891633451715726
"5532","Utsunomiya","B",1,0.877640244319902
"5533","Uttaradit","D",1,0.76710247981139
"5534","Uvinza","C",1,0.875336788736326
"5535","Uvira","D",1,0.864481022113186
"5536","Uyar","A",1,0.942594046759958
"5537","Uyuni","A",1,0.59994227146585
"5538","Uzhgorod","B",1,0.855086938330767
"5539","Uzhur","A",1,0.942218973023277
"5540","Vaasa","A",1,0.941915344435971
"5541","Vac","A",1,0.515944703987615
"5542","Vacaria","B",1,0.764940670761741
"5543","Vadodara","C",1,0.908169003367667
"5544","Vaduz","B",1,0.89207820038071
"5545","Val d'Or","A",1,0.943144181760986
"5546","Valdez","B",1,0.894403123865355
"5547","Valdivia","B",1,0.766626705488221
"5548","Valdosta","B",1,0.821000008952614
"5549","Valenca","D",1,0.851019240461173
"5550","Valencia1","D",1,0.879723917089647
"5551","Valencia2","C",1,0.729698727804302
"5552","Valera","D",1,0.900415254396916
"5553","Valladolid1","B",1,0.811723347808372
"5554","Valladolid2","D",1,0.905164586257071
"5555","Valle de la Pascua","D",1,0.561392377900881
"5556","Valledupar","D",1,0.914828267943311
"5557","Vallegrande","B",1,0.566165527677867
"5558","Vallejo","C",1,0.734955165693038
"5559","Vallenar","C",1,0.90499030411473
"5560","Valletta","B",1,0.595493547408527
"5561","Valparai","D",1,0.896015750856195
"5562","Valparaiso1","C",1,0.903958234597682
"5563","Valparaiso2","C",1,0.839432896374909
"5564","Valuyki","A",1,0.942733970841
"5565","Van","A",1,0.751259865932441
"5566","Van Horn","C",1,0.908525347860359
"5567","Vanadzor","A",1,0.941880089624955
"5568","Vancouver1","B",1,0.888320103598034
"5569","Vancouver2","B",1,0.888854248537274
"5570","Vanhynsdorp","C",1,0.906903844662471
"5571","Vanino","A",1,0.943416280197354
"5572","Varamin","C",1,0.897972030302839
"5573","Varanasi","C",1,0.820869293732185
"5574","Varna","B",1,0.895127760216432
"5575","Varzea Grande","D",1,0.878589357599001
"5576","Vasteraas","A",1,0.943475101442116
"5577","Vatican City","B",1,0.855394100745782
"5578","Vaxjo","B",1,0.888822138325686
"5579","Vegreville","A",1,0.942284494621857
"5580","Veinticinco de Mayo","B",1,0.887897714990937
"5581","Velikiy Ustyug","A",1,0.943292689217843
"5582","Velikiye Luki","A",1,0.942699530813187
"5583","Vellore","C",1,0.840147902145563
"5584","Velsk","A",1,0.941974194119009
"5585","Venado Tuerto","B",1,0.884374181603267
"5586","Venice","B",1,0.89244911854939
"5587","Ventspils","B",1,0.819102180019503
"5588","Vera","B",1,0.775065160984526
"5589","Veracruz","D",1,0.903388896262604
"5590","Vereeniging","C",1,0.843187825048198
"5591","Vergara","B",1,0.865943172204357
"5592","Verkhniy Ufaley","A",1,0.942961632484496
"5593","Verkhnyaya Salda","A",1,0.942837359682418
"5594","Vernal","A",1,0.942354469835326
"5595","Vernon","C",1,0.83718644450636
"5596","Vero Beach","D",1,0.904710734177047
"5597","Verona","B",1,0.8953049851407
"5598","Versailles","B",1,0.896275709465757
"5599","Viacha","B",1,0.520057173575133
"5600","Viana","D",1,0.844547350040484
"5601","Vibo Valentia","B",1,0.898367604356997
"5602","Viborg","B",1,0.888055912251219
"5603","Vicente Guerrero","C",1,0.904837671530598
"5604","Vichuga","A",1,0.941211050784976
"5605","Vichy","B",1,0.894736101765654
"5606","Vicksburg","B",1,0.86062476334086
"5607","Victor Harbor","B",1,0.890237437058327
"5608","Victoria Falls","C",1,0.91421184008592
"5609","Victoria1","B",1,0.774538806687834
"5610","Victoria2","B",1,0.889684065540752
"5611","Victoria3","B",1,0.875005978004539
"5612","Victoria5","B",1,0.84390572233116
"5613","Victoriaville","A",1,0.90553087503398
"5614","Victorica","B",1,0.500199253508371
"5615","Viedma","B",1,0.89723940764348
"5616","Vienna","B",1,0.622718692890423
"5617","Vientiane","D",1,0.901119804025947
"5618","Viet Tri","D",1,0.901519354295243
"5619","Vigo","B",1,0.840146104688798
"5620","Vijayawada","C",1,0.836645782542692
"5621","Vikhorevka","A",1,0.943165956119149
"5622","Vila Velha","D",1,0.913354080324104
"5623","Vilanculos","D",1,0.854223769325914
"5624","Vilhena","D",1,0.904384879633448
"5625","Villa Ahumada","C",1,0.905361605287794
"5626","Villa Angela","C",1,0.827971920804228
"5627","Villa Carlos Paz","C",1,0.676174028803735
"5628","Villa Constitucion","B",1,0.862477203717585
"5629","Villa Hayes","D",1,0.877401202046978
"5630","Villa Maria","C",1,0.554949882868871
"5631","Villa Rumipal","C",1,0.736167432030682
"5632","Villa Union","D",1,0.771539730376493
"5633","Villahermosa","D",1,0.863522505830607
"5634","Villanueva","C",1,0.904920252375018
"5635","Villarica","B",1,0.790075597636215
"5636","Villavicencio","D",1,0.846483860767705
"5637","Villazon","A",1,0.581110404764493
"5638","Vilnius","A",1,0.914277776747853
"5639","Vilyuysk","A",1,0.942833960073784
"5640","Vina del Mar","C",1,0.867796574243249
"5641","Vinh","D",1,0.895721864650762
"5642","Vinnytsya","A",1,0.940182907030274
"5643","Virginia Beach","B",1,0.893777562616409
"5644","Visakhapatnam","C",1,0.390832999362022
"5645","Visalia","C",1,0.901700029694406
"5646","Visby","B",1,0.888746662672944
"5647","Viseu","D",1,0.838266322510434
"5648","Vitoria da Conquista","C",1,0.789324381020329
"5649","Vitoria1","D",1,0.909270605064052
"5650","Vitoria2","B",1,0.893078909644294
"5651","Vitsyebsk","A",1,0.941099356594128
"5652","Vizianagaram","C",1,0.758262784012015
"5653","Vladikavkaz","A",1,0.91113032277311
"5654","Vladimir","A",1,0.942614023918118
"5655","Vladivostok","A",1,0.943752867726246
"5656","Vlore","B",1,0.829412649635393
"5657","Voi","C",1,0.865049519663094
"5658","Volgodonsk","A",1,0.942346102339775
"5659","Volgograd","A",1,0.933608251496524
"5660","Volkhov","A",1,0.944117264617852
"5661","Volksrust","C",1,0.608178047045563
"5662","Vologda","A",1,0.942542466565027
"5663","Volos","B",1,0.774088953047306
"5664","Volsk","A",1,0.923752927865239
"5665","Volta Redonda","D",1,0.903157936503309
"5666","Volzhskiy","A",1,0.941212215794855
"5667","Vorkuta","A",1,0.940817858247358
"5668","Voronezh","A",1,0.942485564162139
"5669","Votkinsk","A",1,0.942996564919798
"5670","Voznesensk","A",1,0.86105100464439
"5671","Vratsa","A",1,0.606684617201273
"5672","Vryburg","C",1,0.904883060315154
"5673","Vryheid","C",1,0.659001187622814
"5674","Vung Tau","D",1,0.889863318790457
"5675","Vyazemskiy","A",1,0.942292697632292
"5676","Vyazma","A",1,0.943491184798349
"5677","Vyborg","A",1,0.941519877505955
"5678","Vyshnniy Volochek","A",1,0.941815157164498
"5679","Vyska","A",1,0.940413645689484
"5680","Wa","C",1,0.681976432879042
"5681","Waco","B",1,0.482130631345026
"5682","Wafangdian","A",1,0.941714839590494
"5683","Wagga Wagga","B",1,0.866173562767783
"5684","Wagin","C",1,0.557236001783951
"5685","Wahiawa","D",1,0.75848927963016
"5686","Wailuku","D",1,0.871670146672217
"5687","Waingapu","D",1,0.794395286705151
"5688","Wainwright","A",1,0.942357403181108
"5689","Waitakere","B",1,0.887297519849995
"5690","Wajir","C",1,0.911070262985832
"5691","Wakayama","B",1,0.849727800582306
"5692","Wakema","D",1,0.891099141071286
"5693","Waku Kungo","C",1,0.86429358766213
"5694","Walbrzych","A",1,0.826598647673697
"5695","Walla Walla","B",1,0.733672683637787
"5696","Wallace","B",1,0.788413939284434
"5697","Wallaroo","B",1,0.865230856840286
"5698","Walvis Bay","C",1,0.899797316854319
"5699","Wamba","D",1,0.868728650299198
"5700","Wanganui","B",1,0.88807131093029
"5701","Wangaratta","B",1,0.878722071159313
"5702","Wangqing","A",1,0.94203333327093
"5703","Wanxian","B",1,0.649458241485816
"5704","Warangal","C",1,0.873972356774215
"5705","Warri","D",1,0.839117154776253
"5706","Warrnambool","B",1,0.890825530748839
"5707","Warsaw","A",1,0.907328841261127
"5708","Warwick","B",1,0.823296915090244
"5709","Washington, D.C.","B",1,0.890451732299088
"5710","Watampone","D",1,0.844896478157838
"5711","Waterbury","B",1,0.89206888404738
"5712","Waterford","B",1,0.900460962251456
"5713","Waterloo","A",1,0.942368578207824
"5714","Watertown","B",1,0.80211197461746
"5715","Waterville","B",1,0.596764099713176
"5716","Watsa","D",1,0.868441899747044
"5717","Wau","C",1,0.838105644315534
"5718","Waukegan","A",1,0.933141050715828
"5719","Waukesha","A",1,0.940313531578846
"5720","Wausau","A",1,0.942057212287716
"5721","Wawa","A",1,0.943591277394209
"5722","Waycross","B",1,0.803802776270728
"5723","Weifang","A",1,0.941957307906486
"5724","Weihai","A",1,0.846422038772434
"5725","Weinan","A",1,0.851608996790794
"5726","Welkom","C",1,0.853109726212771
"5727","Wellington","B",1,0.895070206732047
"5728","Wenatchee","B",1,0.654114537045345
"5729","Wenshan","B",1,0.533279477100161
"5730","Wenzhou","B",1,0.754907722891242
"5731","West Bend","A",1,0.942548535975413
"5732","West Palm Beach","D",1,0.899454941741998
"5733","Westport","B",1,0.761898892545704
"5734","Wetaskiwin","A",1,0.942207115751113
"5735","Wewak","D",1,0.85210094254292
"5736","Weyburn","A",1,0.941182709728872
"5737","Whakatane","B",1,0.827158851041793
"5738","Whangarei","B",1,0.858394304582098
"5739","Wheeling","B",1,0.870909798407498
"5740","White Sulphur Springs","B",1,0.88860854916458
"5741","Whitehorse","A",1,0.941949082325277
"5742","Whyalla","C",1,0.50958169739591
"5743","Wiarton","B",1,0.890323847042035
"5744","Wichita","A",1,0.907046582864147
"5745","Wichita Falls","C",1,0.701167992116588
"5746","Wiener","B",1,0.701402824029527
"5747","Wiesbaden","B",1,0.889971249576609
"5748","Wilcannia","C",1,0.891395845600698
"5749","Wilkes Barre","B",1,0.739730916440929
"5750","Willcox","C",1,0.905489921606649
"5751","Willemstad","D",1,0.836231114536821
"5752","Williams Lake","A",1,0.942353626339689
"5753","Williamsport","B",1,0.840621494229783
"5754","Williston","A",1,0.943633664940689
"5755","Willmar","A",1,0.943905115750641
"5756","Wilmington1","B",1,0.72257947026272
"5757","Wilmington2","B",1,0.893217217268768
"5758","Winchester","B",1,0.895225276112715
"5759","Windhoek","C",1,0.903599303516845
"5760","Windsor1","A",1,0.876952689654561
"5761","Windsor2","B",1,0.883854517568463
"5762","Winneba","D",1,0.878855458677566
"5763","Winnemucca","A",1,0.240264574022812
"5764","Winnipeg","A",1,0.941987454951471
"5765","Winona","A",1,0.94174932730668
"5766","Winston-Salem","B",1,0.90029735251656
"5767","Winter Haven","D",1,0.849974548567322
"5768","Winton","C",1,0.904177078512237
"5769","Witu","D",1,0.852863874442642
"5770","Wloclawek","A",1,0.89856546452126
"5771","Wollongong","B",1,0.82585278022634
"5772","Wonju","A",1,0.913172683381568
"5773","Wonsan","A",1,0.876289612587146
"5774","Wonthaggi","B",1,0.890936293314838
"5775","Woodward","A",1,0.746664284590852
"5776","Worcester1","B",1,0.891003462556478
"5777","Worcester2","C",1,0.74366374364865
"5778","Wrangell","B",1,0.893810104232714
"5779","Wroclaw","A",1,0.718102165096315
"5780","Wuchuan","A",1,0.9421457658699
"5781","Wuhan","B",1,0.866224594319966
"5782","Wuhu","B",1,0.872220705148219
"5783","Wukari","D",1,0.762423405305274
"5784","Wum","D",1,0.831065185459551
"5785","Wuppertal","B",1,0.900268728648988
"5786","Wurzburg","B",1,0.889263608409412
"5787","Wuwei","A",1,0.932824356769343
"5788","Wuxi","B",1,0.876906422901753
"5789","Wuyuan","A",1,0.886370208169161
"5790","Wuzhou","D",1,0.725675688582579
"5791","Xai-Xai","D",1,0.873617097187551
"5792","Xalapa","D",1,0.8882427554439
"5793","Xanthi","B",1,0.864290548895768
"5794","Xapeco","B",1,0.689757469651847
"5795","Xiamen","D",1,0.756754249936434
"5796","Xian","A",1,0.886128745869924
"5797","Xiangfan","A",1,0.570938606767698
"5798","Xiangkhoang","D",1,0.906645731042561
"5799","Xiangtai","A",1,0.850753643991007
"5800","Xiangtan","B",1,0.830011021391867
"5801","Xiantao","B",1,0.873403127926382
"5802","Xiaogan","B",1,0.841341074024282
"5803","Xichang","C",1,0.593300284733204
"5804","Xigaze","A",1,0.943910214750867
"5805","Xilinhot","A",1,0.942510574379987
"5806","Xinguara","D",1,0.91076087840855
"5807","Xingyi","B",1,0.607399321838398
"5808","Xining","A",1,0.942233897673437
"5809","Xinqing","A",1,0.944861917437004
"5810","Xinxiang","A",1,0.835796318297477
"5811","Xinyang","B",1,0.773284193270011
"5812","Xinyi","A",1,0.866961626134037
"5813","Xinyu","B",1,0.758822946740773
"5814","Xinzhou","A",1,0.943525983627274
"5815","Xique-Xique","C",1,0.8973674096222
"5816","Xuanhua","A",1,0.94314259990785
"5817","Xuchang","A",1,0.879817753374958
"5818","Xuzhou","A",1,0.875342841118504
"5819","Yaan","D",1,0.854848856169873
"5820","Yacuiba","C",1,0.827362611971466
"5821","Yakeshi","A",1,0.942665530078405
"5822","Yakima","B",1,0.636851103760548
"5823","Yakutat","B",1,0.399882596749717
"5824","Yakutsk","A",1,0.942343644983162
"5825","Yala","D",1,0.852519424150317
"5826","Yalta","B",1,0.902253580930514
"5827","Yalutorovsk","A",1,0.941525336540355
"5828","Yamagata","B",1,0.899765714566329
"5829","Yamba","D",1,0.877917107700736
"5830","Yambio","D",1,0.854655472713843
"5831","Yamoussoukro","D",1,0.867185321942038
"5832","Yanbu al Bahr","C",1,0.903330284855343
"5833","Yandoon","D",1,0.894032705976536
"5834","Yangambi","D",1,0.85281118861079
"5835","Yangjiang","D",1,0.897932953181899
"5836","Yangquan","A",1,0.940254699175379
"5837","Yangzhou","B",1,0.838107246219683
"5838","Yanji","A",1,0.94060854262358
"5839","Yankton","A",1,0.942534896087182
"5840","Yantai","A",1,0.941646540354427
"5841","Yaounde","D",1,0.898638941663683
"5842","Yarmouth","B",1,0.886989153837005
"5843","Yaroslave","A",1,0.94292683688223
"5844","Yaynangyoung","C",1,0.902750844595062
"5845","Yazd","C",1,0.907663307470004
"5846","Ye","D",1,0.844291790918678
"5847","Yefremov","A",1,0.943329477804918
"5848","Yegoryevsk","A",1,0.941329095244537
"5849","Yei","D",1,0.843229846033861
"5850","Yekaterinburg","A",1,0.941855391663466
"5851","Yelets","A",1,0.940992624809671
"5852","Yelimane","C",1,0.903871340164204
"5853","Yellowknife","A",1,0.944535022466942
"5854","Yemanzhelinsk","A",1,0.94440112526214
"5855","Yendi","D",1,0.768885830542256
"5856","Yeniseysk","A",1,0.941044879257392
"5857","Yeosu","B",1,0.799590008577129
"5858","Yeppoon","D",1,0.906599560096393
"5859","Yerevan","A",1,0.684731532319039
"5860","Yevlax","A",1,0.326584417341483
"5861","Yevpatoriya","B",1,0.89082221510684
"5862","Yeysk","A",1,0.542894346773269
"5863","Yian","A",1,0.940641817389245
"5864","Yibin","B",1,0.545989974923185
"5865","Yichang","B",1,0.72445747346688
"5866","Yichun","A",1,0.940992011685715
"5867","Yinchuan","A",1,0.861761273785262
"5868","Yingkow","A",1,0.941043155474416
"5869","Yining","A",1,0.941126534976858
"5870","Yirga Alem","B",1,0.551859485300714
"5871","Yishan","D",1,0.844750345015517
"5872","Yishui","A",1,0.940730938450345
"5873","Yitulihe","A",1,0.942614166419163
"5874","Yiyang","B",1,0.854251132308602
"5875","Yogyakarta","D",1,0.900382220394699
"5876","Yokohama","B",1,0.881721167165152
"5877","Yola","C",1,0.904191775551841
"5878","Yomou","D",1,0.90153993634555
"5879","Yongzhou","B",1,0.835970886391262
"5880","York1","B",1,0.892155362557202
"5881","York2","B",1,0.896681358450803
"5882","Yorkton","A",1,0.944802855764975
"5883","Yoshkar Ola","A",1,0.939601043000446
"5884","Young","B",1,0.874488157867348
"5885","Youngstown","B",1,0.778688884512545
"5886","Ypacarai|Ita","D",1,0.868774189251608
"5887","Yuanlin","D",1,0.90493892169838
"5888","Yuba City","C",1,0.895175064189085
"5889","Yuci","A",1,0.9444139324958
"5890","Yueyang","B",1,0.831398012904365
"5891","Yulara","C",1,0.904865006419974
"5892","Yulin1","D",1,0.901030536127774
"5893","Yulin2","A",1,0.942700329241193
"5894","Yuma","C",1,0.903771085284521
"5895","Yunxian","C",1,0.399090671869062
"5896","Yurga","A",1,0.942663317697891
"5897","Yuxi","C",1,0.548704497157696
"5898","Yuzhno Sakhalinsk","A",1,0.923902401930957
"5899","Zabid","C",1,0.902302254864991
"5900","Zabol","C",1,0.902974694442581
"5901","Zacatecas","C",1,0.875789548138313
"5902","Zadar","B",1,0.891414465120214
"5903","Zagreb","B",1,0.891824071398664
"5904","Zahedan","C",1,0.901088398481873
"5905","Zahle","C",1,0.709702892160427
"5906","Zakho","C",1,0.896471078668147
"5907","Zalantun","A",1,0.942845947355343
"5908","Zambezi","C",1,0.886308956789165
"5909","Zamboanga","D",1,0.904136170647888
"5910","Zamora1","C",1,0.906182670139067
"5911","Zamora2","D",1,0.798163331534219
"5912","Zanesville","B",1,0.868623439582658
"5913","Zanjan","A",1,0.70039270998452
"5914","Zanzibar","D",1,0.902951541030733
"5915","Zaozernyy","A",1,0.941744554880957
"5916","Zaozhuang","A",1,0.904656538271082
"5917","Zapala","B",1,0.58848137821131
"5918","Zaporizhzhya","A",1,0.801695493406856
"5919","Zarafshon","C",1,0.631990997420642
"5920","Zaragoza","C",1,0.638467526745649
"5921","Zarate","B",1,0.873279302921223
"5922","Zaraza","D",1,0.775717421522417
"5923","Zaria","C",1,0.867673534267494
"5924","Zarzis","C",1,0.905792810691226
"5925","Zaysan","A",1,0.942288284867818
"5926","Zelenodolsk","A",1,0.942104521518731
"5927","Zelenokumsk","A",1,0.94369278689802
"5928","Zenica","B",1,0.892780982900747
"5929","Zhaltyr","A",1,0.943717165572769
"5930","Zhangjiakou","A",1,0.940455794535623
"5931","Zhangye","A",1,0.935050646551064
"5932","Zhangzhou","D",1,0.892242791118713
"5933","Zhanibek","A",1,0.941294467645775
"5934","Zhanjiang","D",1,0.902403281967594
"5935","Zhanyi","B",1,0.643319935403219
"5936","Zhaodong","A",1,0.942421313305067
"5937","Zhaoqing","D",1,0.903568103984918
"5938","Zhaotang","A",1,0.543523947134742
"5939","Zharkent","A",1,0.894439379858357
"5940","Zheleznogorsk","A",1,0.942335469937085
"5941","Zheleznogorsk Ilimskiy","A",1,0.942941271330201
"5942","Zhengzhou","A",1,0.88743566959281
"5943","Zhenjiang","B",1,0.860142381861207
"5944","Zhetiqara","A",1,0.945529622386695
"5945","Zhijiang","B",1,0.856246086928024
"5946","Zhob","C",1,0.871655375493025
"5947","Zholymbet","A",1,0.941264739165436
"5948","Zhosaly","A",1,0.875594392000867
"5949","Zhoukou","A",1,0.87107098904443
"5950","Zhuanghe","A",1,0.942142465359557
"5951","Zhucheng","A",1,0.941478626887189
"5952","Zhuzhou","B",1,0.826089456487176
"5953","Zhytomyr","A",1,0.943015278637873
"5954","Zibo","A",1,0.913451084662795
"5955","Zicheng","B",1,0.812635540352838
"5956","Zielona Gora","B",1,0.884654458452475
"5957","Zigong","B",1,0.505728907187796
"5958","Ziguinchor","D",1,0.879400968796531
"5959","Zilina","B",1,0.814953748798826
"5960","Zima","A",1,0.942722844350416
"5961","Zinder","C",1,0.904217190906116
"5962","ZÌùrich","B",1,0.891853746452591
"5963","Zixing","B",1,0.742422129453513
"5964","Zlatoust","A",1,0.942843262429635
"5965","Zlin","A",1,0.702605157567818
"5966","Zmeinogorsk","A",1,0.943122038293241
"5967","Zomba","C",1,0.821684126494708
"5968","Zongo","D",1,0.905288834731361
"5969","Zonguldak","B",1,0.896162021400695
"5970","Zouar","C",1,0.905258347394358
"5971","Zouirat","C",1,0.904561633000974
"5972","Zrenjanin","B",1,0.788241928493891
"5973","Zumpango","C",1,0.844912067648459
"5974","Zunyi","B",1,0.887170304731409
"5975","Zuozhou","A",1,0.883962092285619
"5976","Zuwarah","C",1,0.904677170583562
"5977","Zvishavane","C",1,0.904800775696973
"5978","Zvolen","B",1,0.75816308331021
"5979","Zwedru","D",1,0.907980286059654
"5980","Zyryanovsk","A",1,0.942082830541528
